date,map,team_a,team_b,prior_maps_a,prior_maps_map_a,acs_overall_5_a,acs_map_5_a,acs_overall_10_a,acs_map_10_a,kast_overall_5_a,kast_map_5_a,kast_overall_10_a,kast_map_10_a,fk_fd_diff_overall_5_a,fk_fd_diff_map_5_a,fk_fd_diff_overall_10_a,fk_fd_diff_map_10_a,gun_rate_overall_5_a,gun_rate_map_5_a,gun_rate_overall_10_a,gun_rate_map_10_a,prior_maps_b,prior_maps_map_b,acs_overall_5_b,acs_map_5_b,acs_overall_10_b,acs_map_10_b,kast_overall_5_b,kast_map_5_b,kast_overall_10_b,kast_map_10_b,fk_fd_diff_overall_5_b,fk_fd_diff_map_5_b,fk_fd_diff_overall_10_b,fk_fd_diff_map_10_b,gun_rate_overall_5_b,gun_rate_map_5_b,gun_rate_overall_10_b,gun_rate_map_10_b,prior_maps_diff,prior_maps_map_diff,acs_overall_5_diff,acs_map_5_diff,acs_overall_10_diff,acs_map_10_diff,kast_overall_5_diff,kast_map_5_diff,kast_overall_10_diff,kast_map_10_diff,fk_fd_diff_overall_5_diff,fk_fd_diff_map_5_diff,fk_fd_diff_overall_10_diff,fk_fd_diff_map_10_diff,gun_rate_overall_5_diff,gun_rate_map_5_diff,gun_rate_overall_10_diff,gun_rate_map_10_diff,target
2023-03-25,Lotus,T1,Global Esports,0,0,,,,,,,,,,,,,,,,,0,0,,,,,,,,,,,,,,,,,0,0,,,,,,,,,,,,,,,,,1
2023-03-25,Haven,Global Esports,T1,1,0,164.6,,164.6,,66.0,,66.0,,-4.0,,-4.0,,0.2,,0.2,,1,0,222.0,,222.0,,77.0,,77.0,,4.0,,4.0,,0.3,,0.3,,0,0,-57.4,,-57.4,,-11.0,,-11.0,,-8.0,,-8.0,,-0.1,,-0.1,,1
2023-03-25,Pearl,Global Esports,T1,2,0,192.1,,192.1,,77.0,,77.0,,1.5,,1.5,,0.306,,0.306,,2,0,194.6,,194.6,,70.3,,70.3,,-1.5,,-1.5,,0.179,,0.179,,0,0,-2.5,,-2.5,,6.7,,6.7,,3.0,,3.0,,0.126,,0.126,,0
2023-03-25,Pearl,DRX,ZETA DIVISION,0,0,,,,,,,,,,,,,,,,,0,0,,,,,,,,,,,,,,,,,0,0,,,,,,,,,,,,,,,,,1
2023-03-25,Ascent,ZETA DIVISION,DRX,1,0,163.6,,163.6,,70.0,,70.0,,0.0,,0.0,,0.111,,0.111,,1,0,208.8,,208.8,,77.8,,77.8,,0.0,,0.0,,0.444,,0.444,,0,0,-45.2,,-45.2,,-7.8,,-7.8,,0.0,,0.0,,-0.333,,-0.333,,0
2023-03-26,Fracture,Team Secret,TALON,0,0,,,,,,,,,,,,,,,,,0,0,,,,,,,,,,,,,,,,,0,0,,,,,,,,,,,,,,,,,1
2023-03-26,Icebox,Team Secret,TALON,1,0,230.8,,230.8,,82.4,,82.4,,2.0,,2.0,,0.25,,0.25,,1,0,170.4,,170.4,,61.4,,61.4,,-2.0,,-2.0,,0.125,,0.125,,0,0,60.4,,60.4,,21.0,,21.0,,4.0,,4.0,,0.125,,0.125,,0
2023-03-26,Ascent,TALON,Team Secret,2,0,201.6,,201.6,,70.7,,70.7,,0.5,,0.5,,0.205,,0.205,,2,0,215.7,,215.7,,76.4,,76.4,,-0.5,,-0.5,,0.22,,0.22,,0,0,-14.1,,-14.1,,-5.7,,-5.7,,1.0,,1.0,,-0.015,,-0.015,,0
2023-03-26,Lotus,DetonatioN FocusMe,Paper Rex,0,0,,,,,,,,,,,,,,,,,0,0,,,,,,,,,,,,,,,,,0,0,,,,,,,,,,,,,,,,,0
2023-03-26,Pearl,DetonatioN FocusMe,Paper Rex,1,0,223.2,,223.2,,75.8,,75.8,,2.0,,2.0,,0.25,,0.25,,1,0,198.8,,198.8,,65.8,,65.8,,-2.0,,-2.0,,0.333,,0.333,,0,0,24.4,,24.4,,10.0,,10.0,,4.0,,4.0,,-0.083,,-0.083,,0
2023-03-27,Ascent,KOI,Natus Vincere,0,0,,,,,,,,,,,,,,,,,0,0,,,,,,,,,,,,,,,,,0,0,,,,,,,,,,,,,,,,,1
2023-03-27,Fracture,Gen.G,Rex Regum Qeon,0,0,,,,,,,,,,,,,,,,,0,0,,,,,,,,,,,,,,,,,0,0,,,,,,,,,,,,,,,,,1
2023-03-27,Lotus,Gen.G,Rex Regum Qeon,1,0,225.4,,225.4,,76.4,,76.4,,-4.0,,-4.0,,0.318,,0.318,,1,0,199.2,,199.2,,67.2,,67.2,,4.0,,4.0,,0.136,,0.136,,0,0,26.2,,26.2,,9.2,,9.2,,-8.0,,-8.0,,0.182,,0.182,,1
2023-03-27,Icebox,FNATIC,Giants Gaming,0,0,,,,,,,,,,,,,,,,,0,0,,,,,,,,,,,,,,,,,0,0,,,,,,,,,,,,,,,,,1
2023-03-27,Split,FNATIC,Giants Gaming,1,0,238.0,,238.0,,86.4,,86.4,,4.0,,4.0,,0.375,,0.375,,1,0,182.0,,182.0,,62.8,,62.8,,-4.0,,-4.0,,0.125,,0.125,,0,0,56.0,,56.0,,23.6,,23.6,,8.0,,8.0,,0.25,,0.25,,1
2023-03-27,Lotus,KOI,Natus Vincere,1,0,202.4,,202.4,,68.0,,68.0,,2.0,,2.0,,0.45,,0.45,,1,0,181.2,,181.2,,74.0,,74.0,,-2.0,,-2.0,,0.15,,0.15,,0,0,21.2,,21.2,,-6.0,,-6.0,,4.0,,4.0,,0.3,,0.3,,1
2023-03-28,Lotus,Team Liquid,Team Vitality,0,0,,,,,,,,,,,,,,,,,0,0,,,,,,,,,,,,,,,,,0,0,,,,,,,,,,,,,,,,,0
2023-03-28,Fracture,Team Vitality,Team Liquid,1,0,198.8,,198.8,,67.2,,67.2,,-11.0,,-11.0,,0.261,,0.261,,1,0,206.6,,206.6,,77.4,,77.4,,11.0,,11.0,,0.348,,0.348,,0,0,-7.8,,-7.8,,-10.2,,-10.2,,-22.0,,-22.0,,-0.087,,-0.087,,0
2023-03-28,Lotus,Team Heretics,FUT Esports,0,0,,,,,,,,,,,,,,,,,0,0,,,,,,,,,,,,,,,,,0,0,,,,,,,,,,,,,,,,,0
2023-03-28,Haven,Team Liquid,Team Vitality,2,0,216.7,,216.7,,80.7,,80.7,,9.0,,9.0,,0.374,,0.374,,2,0,172.2,,172.2,,56.9,,56.9,,-9.0,,-9.0,,0.197,,0.197,,0,0,44.5,,44.5,,23.8,,23.8,,18.0,,18.0,,0.177,,0.177,,0
2023-03-28,Pearl,FUT Esports,Team Heretics,1,0,235.2,,235.2,,78.2,,78.2,,8.0,,8.0,,0.273,,0.273,,1,0,198.8,,198.8,,64.6,,64.6,,-8.0,,-8.0,,0.227,,0.227,,0,0,36.4,,36.4,,13.6,,13.6,,16.0,,16.0,,0.045,,0.045,,1
2023-03-29,Pearl,Natus Vincere,Giants Gaming,2,0,187.7,,187.7,,71.6,,71.6,,-3.0,,-3.0,,0.246,,0.246,,2,0,178.8,,178.8,,65.7,,65.7,,-3.0,,-3.0,,0.229,,0.229,,0,0,8.9,,8.9,,5.9,,5.9,,0.0,,0.0,,0.017,,0.017,,1
2023-03-29,Icebox,Karmine Corp,BBL Esports,0,0,,,,,,,,,,,,,,,,,0,0,,,,,,,,,,,,,,,,,0,0,,,,,,,,,,,,,,,,,1
2023-03-29,Split,Karmine Corp,BBL Esports,1,0,213.2,,213.2,,68.8,,68.8,,8.0,,8.0,,0.25,,0.25,,1,0,190.6,,190.6,,66.2,,66.2,,-8.0,,-8.0,,0.306,,0.306,,0,0,22.6,,22.6,,2.6,,2.6,,16.0,,16.0,,-0.056,,-0.056,,1
2023-03-29,Icebox,Natus Vincere,Giants Gaming,3,0,196.0,,196.0,,74.4,,74.4,,-1.333,,-1.333,,0.247,,0.247,,3,1,176.6,182.0,176.6,182.0,63.467,62.8,63.467,62.8,-2.667,-4.0,-2.667,-4.0,0.253,0.125,0.253,0.125,0,-1,19.4,,19.4,,10.933,,10.933,,1.333,,1.333,,-0.005,,-0.005,,0
2023-03-29,Split,Giants Gaming,Natus Vincere,4,1,187.35,175.6,187.35,175.6,66.85,68.6,66.85,68.6,-1.5,-2.0,-1.5,-2.0,0.283,0.333,0.283,0.333,4,0,197.0,,197.0,,73.6,,73.6,,-1.5,,-1.5,,0.279,,0.279,,0,1,-9.65,,-9.65,,-6.75,,-6.75,,-0.0,,-0.0,,0.004,,0.004,,0
2023-03-30,Split,Team Liquid,FUT Esports,3,0,196.533,,196.533,,74.133,,74.133,,5.0,,5.0,,0.319,,0.319,,2,0,233.9,,233.9,,80.1,,80.1,,5.5,,5.5,,0.313,,0.313,,1,0,-37.367,,-37.367,,-5.967,,-5.967,,-0.5,,-0.5,,0.007,,0.007,,1
2023-03-30,Ascent,FUT Esports,Team Liquid,3,0,214.733,,214.733,,73.0,,73.0,,2.667,,2.667,,0.226,,0.226,,4,0,206.2,,206.2,,76.35,,76.35,,4.5,,4.5,,0.332,,0.332,,-1,0,8.533,,8.533,,-3.35,,-3.35,,-1.833,,-1.833,,-0.106,,-0.106,,0
2023-03-30,Split,Team Vitality,KOI,3,0,177.533,,177.533,,63.533,,63.533,,-5.0,,-5.0,,0.272,,0.272,,2,0,210.3,,210.3,,73.1,,73.1,,3.0,,3.0,,0.396,,0.396,,1,0,-32.767,,-32.767,,-9.567,,-9.567,,-8.0,,-8.0,,-0.124,,-0.124,,1
2023-03-30,Lotus,Team Liquid,FUT Esports,5,1,211.56,206.6,211.56,206.6,77.24,77.4,77.24,77.4,4.2,11.0,4.2,11.0,0.307,0.348,0.307,0.348,4,1,207.6,235.2,207.6,235.2,72.4,78.2,72.4,78.2,1.25,8.0,1.25,8.0,0.235,0.273,0.235,0.273,1,0,3.96,-28.6,3.96,-28.6,4.84,-0.8,4.84,-0.8,2.95,3.0,2.95,3.0,0.072,0.075,0.072,0.075,0
2023-03-30,Fracture,Team Vitality,KOI,4,1,185.3,145.6,185.3,145.6,68.3,46.6,68.3,46.6,-2.25,-7.0,-2.25,-7.0,0.295,0.133,0.295,0.133,3,0,207.4,,207.4,,72.467,,72.467,,0.0,,0.0,,0.355,,0.355,,1,1,-22.1,,-22.1,,-4.167,,-4.167,,-2.25,,-2.25,,-0.06,,-0.06,,1
2023-03-31,Haven,FNATIC,BBL Esports,2,0,214.7,,214.7,,82.0,,82.0,,3.0,,3.0,,0.333,,0.333,,2,0,179.2,,179.2,,66.9,,66.9,,-8.5,,-8.5,,0.319,,0.319,,0,0,35.5,,35.5,,15.1,,15.1,,11.5,,11.5,,0.014,,0.014,,1
2023-03-31,Split,Team Heretics,Karmine Corp,2,0,172.8,,172.8,,60.6,,60.6,,-5.5,,-5.5,,0.172,,0.172,,2,1,216.8,220.4,216.8,220.4,77.8,86.8,77.8,86.8,8.5,9.0,8.5,9.0,0.208,0.167,0.208,0.167,0,-1,-44.0,,-44.0,,-17.2,,-17.2,,-14.0,,-14.0,,-0.036,,-0.036,,1
2023-03-31,Icebox,Karmine Corp,Team Heretics,3,1,196.533,213.2,196.533,213.2,69.6,68.8,69.6,68.8,4.667,8.0,4.667,8.0,0.161,0.25,0.161,0.25,3,0,189.4,,189.4,,67.933,,67.933,,-2.667,,-2.667,,0.293,,0.293,,0,1,7.133,,7.133,,1.667,,1.667,,7.333,,7.333,,-0.132,,-0.132,,0
2023-03-31,Split,BBL Esports,FNATIC,3,1,181.867,167.8,181.867,167.8,67.067,67.6,67.067,67.6,-7.0,-9.0,-7.0,-9.0,0.289,0.333,0.289,0.333,3,1,215.867,191.4,215.867,191.4,82.2,77.6,82.2,77.6,3.333,2.0,3.333,2.0,0.328,0.292,0.328,0.292,0,0,-34.0,-23.6,-34.0,-23.6,-15.133,-10.0,-15.133,-10.0,-10.333,-11.0,-10.333,-11.0,-0.04,0.042,-0.04,0.042,0
2023-03-31,Ascent,BBL Esports,FNATIC,4,0,185.6,,185.6,,68.85,,68.85,,-3.25,,-3.25,,0.289,,0.289,,4,0,216.15,,216.15,,80.0,,80.0,,0.5,,0.5,,0.33,,0.33,,0,0,-30.55,,-30.55,,-11.15,,-11.15,,-3.75,,-3.75,,-0.04,,-0.04,,1
2023-04-01,Lotus,ZETA DIVISION,Rex Regum Qeon,2,0,172.0,,172.0,,69.4,,69.4,,0.0,,0.0,,0.111,,0.111,,2,1,191.0,182.8,191.0,182.8,69.4,71.6,69.4,71.6,0.5,-3.0,0.5,-3.0,0.094,0.053,0.094,0.053,0,-1,-19.0,,-19.0,,0.0,,0.0,,-0.5,,-0.5,,0.017,,0.017,,1
2023-04-01,Ascent,ZETA DIVISION,Rex Regum Qeon,3,1,189.0,180.4,189.0,180.4,73.267,68.8,73.267,68.8,0.667,0.0,0.667,0.0,0.204,0.111,0.204,0.111,3,0,184.867,,184.867,,66.267,,66.267,,-0.333,,-0.333,,0.119,,0.119,,0,1,4.133,,4.133,,7.0,,7.0,,1.0,,1.0,,0.085,,0.085,,1
2023-04-01,Haven,Rex Regum Qeon,ZETA DIVISION,4,0,188.0,,188.0,,69.75,,69.75,,-0.75,,-0.75,,0.165,,0.165,,4,0,190.8,,190.8,,73.9,,73.9,,1.0,,1.0,,0.229,,0.229,,0,0,-2.8,,-2.8,,-4.15,,-4.15,,-1.75,,-1.75,,-0.064,,-0.064,,1
2023-04-01,Split,Sentinels,100 Thieves,0,0,,,,,,,,,,,,,,,,,0,0,,,,,,,,,,,,,,,,,0,0,,,,,,,,,,,,,,,,,0
2023-04-01,Ascent,Sentinels,100 Thieves,1,0,218.8,,218.8,,70.6,,70.6,,-8.0,,-8.0,,0.385,,0.385,,1,0,200.0,,200.0,,71.6,,71.6,,8.0,,8.0,,0.231,,0.231,,0,0,18.8,,18.8,,-1.0,,-1.0,,-16.0,,-16.0,,0.154,,0.154,,1
2023-04-01,Haven,TALON,T1,3,0,196.267,,196.267,,69.4,,69.4,,-0.333,,-0.333,,0.211,,0.211,,3,1,205.0,167.2,205.0,167.2,74.8,63.6,74.8,63.6,-1.333,-7.0,-1.333,-7.0,0.247,0.059,0.247,0.059,0,-1,-8.733,,-8.733,,-5.4,,-5.4,,1.0,,1.0,,-0.036,,-0.036,,0
2023-04-01,Ascent,TALON,T1,4,1,197.55,185.6,197.55,185.6,68.35,66.8,68.35,66.8,0.5,-2.0,0.5,-2.0,0.211,0.222,0.211,0.222,4,0,208.65,,208.65,,76.05,,76.05,,-1.75,,-1.75,,0.264,,0.264,,0,1,-11.1,,-11.1,,-7.7,,-7.7,,2.25,,2.25,,-0.053,,-0.053,,0
2023-04-01,Split,FURIA,KRÜ Esports,0,0,,,,,,,,,,,,,,,,,0,0,,,,,,,,,,,,,,,,,0,0,,,,,,,,,,,,,,,,,1
2023-04-01,Ascent,KRÜ Esports,FURIA,1,0,194.2,,194.2,,72.6,,72.6,,2.0,,2.0,,0.25,,0.25,,1,0,191.0,,191.0,,69.2,,69.2,,-2.0,,-2.0,,0.292,,0.292,,0,0,3.2,,3.2,,3.4,,3.4,,4.0,,4.0,,-0.042,,-0.042,,0
2023-04-01,Fracture,100 Thieves,Sentinels,2,0,188.7,,188.7,,67.3,,67.3,,6.0,,6.0,,0.308,,0.308,,2,0,214.2,,214.2,,73.0,,73.0,,-6.0,,-6.0,,0.346,,0.346,,0,0,-25.5,,-25.5,,-5.7,,-5.7,,12.0,,12.0,,-0.038,,-0.038,,0
2023-04-02,Fracture,Evil Geniuses,Cloud9,0,0,,,,,,,,,,,,,,,,,0,0,,,,,,,,,,,,,,,,,0,0,,,,,,,,,,,,,,,,,0
2023-04-02,Haven,MIBR,LOUD,0,0,,,,,,,,,,,,,,,,,0,0,,,,,,,,,,,,,,,,,0,0,,,,,,,,,,,,,,,,,0
2023-04-02,Pearl,Cloud9,Evil Geniuses,1,0,217.4,,217.4,,73.6,,73.6,,4.0,,4.0,,0.227,,0.227,,1,0,215.2,,215.2,,73.6,,73.6,,-4.0,,-4.0,,0.273,,0.273,,0,0,2.2,,2.2,,-0.0,,-0.0,,8.0,,8.0,,-0.045,,-0.045,,1
2023-04-02,Split,Team Secret,Paper Rex,3,0,218.533,,218.533,,75.733,,75.733,,0.333,,0.333,,0.295,,0.295,,2,0,210.1,,210.1,,68.0,,68.0,,-3.0,,-3.0,,0.361,,0.361,,1,0,8.433,,8.433,,7.733,,7.733,,3.333,,3.333,,-0.066,,-0.066,,1
2023-04-02,Fracture,Paper Rex,Team Secret,3,0,199.067,,199.067,,65.4,,65.4,,-4.333,,-4.333,,0.371,,0.371,,4,1,213.3,230.8,213.3,230.8,75.25,82.4,75.25,82.4,2.0,2.0,2.0,2.0,0.297,0.25,0.297,0.25,-1,-1,-14.233,,-14.233,,-9.85,,-9.85,,-6.333,,-6.333,,0.074,,0.074,,0
2023-04-02,Lotus,MIBR,LOUD,1,0,189.2,,189.2,,70.2,,70.2,,4.0,,4.0,,0.292,,0.292,,1,0,200.2,,200.2,,78.6,,78.6,,-4.0,,-4.0,,0.292,,0.292,,0,0,-11.0,,-11.0,,-8.4,,-8.4,,8.0,,8.0,,-0.0,,-0.0,,1
2023-04-02,Lotus,DetonatioN FocusMe,Gen.G,2,1,213.5,223.2,213.5,223.2,76.8,75.8,76.8,75.8,3.0,2.0,3.0,2.0,0.181,0.25,0.181,0.25,2,1,223.8,222.2,223.8,222.2,75.5,74.6,75.5,74.6,-0.5,3.0,-0.5,3.0,0.396,0.474,0.396,0.474,0,0,-10.3,1.0,-10.3,1.0,1.3,1.2,1.3,1.2,3.5,-1.0,3.5,-1.0,-0.215,-0.224,-0.215,-0.224,0
2023-04-02,Fracture,DetonatioN FocusMe,Gen.G,3,0,211.0,,211.0,,77.867,,77.867,,1.0,,1.0,,0.184,,0.184,,3,1,217.2,225.4,217.2,225.4,75.133,76.4,75.133,76.4,0.667,-4.0,0.667,-4.0,0.407,0.318,0.407,0.318,0,-1,-6.2,,-6.2,,2.733,,2.733,,0.333,,0.333,,-0.223,,-0.223,,1
2023-04-02,Pearl,DetonatioN FocusMe,Gen.G,4,1,216.4,203.8,216.4,203.8,81.3,77.8,81.3,77.8,3.0,4.0,3.0,4.0,0.226,0.111,0.226,0.111,4,0,202.6,,202.6,,73.1,,73.1,,-1.75,,-1.75,,0.349,,0.349,,0,1,13.8,,13.8,,8.2,,8.2,,4.75,,4.75,,-0.123,,-0.123,,0
2023-04-02,Haven,Paper Rex,Team Secret,4,0,197.35,,197.35,,66.75,,66.75,,-4.25,,-4.25,,0.341,,0.341,,5,0,211.32,,211.32,,75.36,,75.36,,2.4,,2.4,,0.313,,0.313,,-1,0,-13.97,,-13.97,,-8.61,,-8.61,,-6.65,,-6.65,,0.028,,0.028,,1
2023-04-02,Split,LOUD,MIBR,2,0,209.3,,209.3,,76.4,,76.4,,-2.0,,-2.0,,0.229,,0.229,,2,0,200.0,,200.0,,70.6,,70.6,,2.0,,2.0,,0.312,,0.312,,0,0,9.3,,9.3,,5.8,,5.8,,-4.0,,-4.0,,-0.083,,-0.083,,1
2023-04-03,Haven,Global Esports,DRX,3,1,186.4,219.6,186.4,219.6,74.2,88.0,74.2,88.0,1.333,7.0,1.333,7.0,0.283,0.412,0.283,0.412,2,0,216.8,,216.8,,76.1,,76.1,,0.0,,0.0,,0.389,,0.389,,1,1,-30.4,,-30.4,,-1.9,,-1.9,,1.333,,1.333,,-0.106,,-0.106,,0
2023-04-03,Split,Global Esports,DRX,4,0,188.9,,188.9,,74.85,,74.85,,1.75,,1.75,,0.254,,0.254,,3,0,206.067,,206.067,,73.2,,73.2,,-1.0,,-1.0,,0.412,,0.412,,1,0,-17.167,,-17.167,,1.65,,1.65,,2.75,,2.75,,-0.158,,-0.158,,0
2023-04-03,Lotus,LEVIATÁN,NRG,0,0,,,,,,,,,,,,,,,,,0,0,,,,,,,,,,,,,,,,,0,0,,,,,,,,,,,,,,,,,1
2023-04-03,Pearl,LEVIATÁN,NRG,1,0,223.2,,223.2,,88.0,,88.0,,11.0,,11.0,,0.294,,0.294,,1,0,177.2,,177.2,,66.0,,66.0,,-11.0,,-11.0,,0.176,,0.176,,0,0,46.0,,46.0,,22.0,,22.0,,22.0,,22.0,,0.118,,0.118,,1
2023-04-05,Lotus,Team Vitality,FUT Esports,5,1,190.0,198.8,190.0,198.8,68.68,67.2,68.68,67.2,-0.6,-11.0,-0.6,-11.0,0.329,0.261,0.329,0.261,5,2,204.44,213.5,204.44,213.5,72.04,74.4,72.04,74.4,0.8,3.5,0.8,3.5,0.258,0.31,0.258,0.31,0,-1,-14.44,-14.7,-14.44,-14.7,-3.36,-7.2,-3.36,-7.2,-1.4,-14.5,-1.4,-14.5,0.071,-0.049,0.071,-0.049,0
2023-04-05,Haven,FUT Esports,Team Vitality,6,0,202.84,,208.233,,72.4,,73.367,,-1.0,,0.5,,0.286,,0.284,,6,1,187.28,188.2,189.2,188.2,68.48,76.8,68.267,76.8,1.8,3.0,-0.333,3.0,0.312,0.421,0.303,0.421,0,-1,15.56,,19.033,,3.92,,5.1,,-2.8,,0.833,,-0.026,,-0.02,,1
2023-04-06,Ascent,Natus Vincere,BBL Esports,5,1,196.32,181.2,196.32,181.2,72.96,74.0,72.96,74.0,-1.2,-2.0,-1.2,-2.0,0.309,0.15,0.309,0.15,5,1,190.6,210.6,190.6,210.6,70.24,75.8,70.24,75.8,-2.8,-1.0,-2.8,-1.0,0.305,0.368,0.305,0.368,0,0,5.72,-29.4,5.72,-29.4,2.72,-1.8,2.72,-1.8,1.6,-1.0,1.6,-1.0,0.004,-0.218,0.004,-0.218,1
2023-04-06,Fracture,Natus Vincere,BBL Esports,6,0,200.84,,197.567,,73.32,,73.433,,-0.6,,-0.833,,0.375,,0.337,,6,0,190.72,,190.7,,70.72,,69.967,,-1.4,,-2.5,,0.305,,0.305,,0,0,10.12,,6.867,,2.6,,3.467,,0.8,,1.667,,0.07,,0.032,,1
2023-04-06,Icebox,Team Heretics,FNATIC,4,1,195.6,214.2,195.6,214.2,71.45,82.0,71.45,82.0,-2.5,-2.0,-2.5,-2.0,0.303,0.333,0.303,0.333,5,1,211.24,238.0,211.24,238.0,77.88,86.4,77.88,86.4,0.6,4.0,0.6,4.0,0.285,0.375,0.285,0.375,-1,0,-15.64,-23.8,-15.64,-23.8,-6.43,-4.4,-6.43,-4.4,-3.1,-6.0,-3.1,-6.0,0.018,-0.042,0.018,-0.042,0
2023-04-06,Ascent,FNATIC,Team Heretics,6,1,211.0,191.6,215.5,191.6,78.92,69.4,80.167,69.4,1.8,1.0,2.167,1.0,0.285,0.105,0.3,0.105,5,0,183.96,,183.96,,66.68,,66.68,,-4.0,,-4.0,,0.255,,0.255,,1,1,27.04,,31.54,,12.24,,13.487,,5.8,,6.167,,0.03,,0.045,,1
2023-04-07,Split,Karmine Corp,Team Liquid,4,2,192.15,188.2,192.15,188.2,70.0,70.0,70.0,70.0,4.0,3.0,4.0,3.0,0.162,0.117,0.162,0.117,6,1,211.4,235.2,210.6,235.2,76.92,83.0,77.0,83.0,2.2,3.0,3.667,3.0,0.29,0.368,0.3,0.368,-2,1,-19.25,-47.0,-18.45,-47.0,-6.92,-13.0,-7.0,-13.0,1.8,-0.0,0.333,-0.0,-0.128,-0.252,-0.137,-0.252,0
2023-04-07,Ascent,Team Liquid,Karmine Corp,7,1,216.68,233.0,216.686,233.0,77.72,80.8,78.571,80.8,1.4,3.0,3.571,3.0,0.303,0.211,0.324,0.211,5,0,177.12,,177.12,,65.88,,65.88,,2.6,,2.6,,0.13,,0.13,,2,1,39.56,,39.566,,11.84,,12.691,,-1.2,,0.971,,0.173,,0.194,,1
2023-04-07,Lotus,Giants Gaming,KOI,5,0,190.36,,190.36,,68.92,,68.92,,-1.2,,-1.2,,0.284,,0.284,,4,1,204.25,218.2,204.25,218.2,72.7,78.2,72.7,78.2,-1.5,4.0,-1.5,4.0,0.329,0.342,0.329,0.342,1,-1,-13.89,,-13.89,,-3.78,,-3.78,,0.3,,0.3,,-0.045,,-0.045,,1
2023-04-07,Ascent,Giants Gaming,KOI,6,0,203.84,,200.2,,74.4,,72.467,,1.6,,0.667,,0.345,,0.308,,5,1,192.24,202.4,192.24,202.4,68.44,68.0,68.44,68.0,-3.2,2.0,-3.2,2.0,0.277,0.45,0.277,0.45,1,-1,11.6,,7.96,,5.96,,4.027,,4.8,,3.867,,0.067,,0.031,,1
2023-04-08,Pearl,LEVIATÁN,FURIA,2,1,202.8,182.4,202.8,182.4,78.2,68.4,78.2,68.4,5.0,-1.0,5.0,-1.0,0.397,0.5,0.397,0.5,2,0,213.3,,213.3,,76.8,,76.8,,-1.0,,-1.0,,0.285,,0.285,,0,1,-10.5,,-10.5,,1.4,,1.4,,6.0,,6.0,,0.112,,0.112,,1
2023-04-08,Fracture,T1,Paper Rex,5,0,208.92,,208.92,,76.04,,76.04,,-1.2,,-1.2,,0.268,,0.268,,5,1,199.16,192.2,199.16,192.2,67.76,70.8,67.76,70.8,-3.4,-4.0,-3.4,-4.0,0.339,0.25,0.339,0.25,0,-1,9.76,,9.76,,8.28,,8.28,,2.2,,2.2,,-0.071,,-0.071,,0
2023-04-08,Pearl,Paper Rex,T1,6,1,202.8,221.4,202.133,221.4,71.2,70.2,70.3,70.2,-1.6,-4.0,-1.667,-4.0,0.336,0.389,0.335,0.389,6,1,197.84,225.8,201.867,225.8,72.84,83.8,73.533,83.8,-3.4,-1.0,-2.167,-1.0,0.24,0.381,0.25,0.381,0,0,4.96,-4.4,0.267,-4.4,-1.64,-13.6,-3.233,-13.6,1.8,-3.0,0.5,-3.0,0.096,0.008,0.086,0.008,1
2023-04-08,Pearl,DetonatioN FocusMe,Rex Regum Qeon,5,2,212.2,199.6,212.2,199.6,79.32,74.6,79.32,74.6,0.6,-2.5,0.6,-2.5,0.219,0.151,0.219,0.151,5,0,191.6,,191.6,,70.24,,70.24,,-2.0,,-2.0,,0.184,,0.184,,0,2,20.6,,20.6,,9.08,,9.08,,2.6,,2.6,,0.035,,0.035,,0
2023-04-08,Icebox,FURIA,LEVIATÁN,3,0,204.4,,204.4,,76.2,,76.2,,-1.333,,-1.333,,0.287,,0.287,,3,0,204.267,,204.267,,78.267,,78.267,,4.0,,4.0,,0.348,,0.348,,0,0,0.133,,0.133,,-2.067,,-2.067,,-5.333,,-5.333,,-0.061,,-0.061,,1
2023-04-08,Split,LOUD,Cloud9,3,1,215.067,226.6,215.067,226.6,77.933,81.0,77.933,81.0,2.667,12.0,2.667,12.0,0.227,0.222,0.227,0.222,2,0,217.8,,217.8,,75.5,,75.5,,2.0,,2.0,,0.259,,0.259,,1,1,-2.733,,-2.733,,2.433,,2.433,,0.667,,0.667,,-0.033,,-0.033,,0
2023-04-08,Haven,Rex Regum Qeon,DetonatioN FocusMe,6,1,200.28,206.0,200.1,206.0,73.2,72.2,72.2,72.2,-1.6,-7.0,-0.667,-7.0,0.207,0.261,0.195,0.261,6,0,203.4,,206.7,,78.96,,78.433,,-1.0,,-0.5,,0.219,,0.224,,0,1,-3.12,,-6.6,,-5.76,,-6.233,,-0.6,,-0.167,,-0.012,,-0.029,,1
2023-04-08,Pearl,Cloud9,LOUD,3,1,221.067,218.2,221.067,218.2,76.667,77.4,76.667,77.4,4.0,0.0,4.0,0.0,0.29,0.292,0.29,0.292,4,0,208.85,,208.85,,74.7,,74.7,,0.0,,0.0,,0.208,,0.208,,-1,1,12.217,,12.217,,1.967,,1.967,,4.0,,4.0,,0.082,,0.082,,0
2023-04-08,Ascent,Cloud9,LOUD,4,0,207.05,,207.05,,72.5,,72.5,,2.0,,2.0,,0.28,,0.28,,5,0,212.68,,212.68,,74.76,,74.76,,0.8,,0.8,,0.226,,0.226,,-1,0,-5.63,,-5.63,,-2.26,,-2.26,,1.2,,1.2,,0.054,,0.054,,0
2023-04-08,Ascent,FURIA,LEVIATÁN,4,1,203.9,235.6,203.9,235.6,78.0,84.4,78.0,84.4,0.0,0.0,0.0,0.0,0.285,0.278,0.285,0.278,4,0,196.05,,196.05,,74.3,,74.3,,2.0,,2.0,,0.289,,0.289,,0,1,7.85,,7.85,,3.7,,3.7,,-2.0,,-2.0,,-0.004,,-0.004,,1
2023-04-09,Pearl,KRÜ Esports,MIBR,2,0,190.5,,190.5,,68.6,,68.6,,1.0,,1.0,,0.181,,0.181,,3,0,184.133,,184.133,,65.2,,65.2,,-2.667,,-2.667,,0.301,,0.301,,-1,0,6.367,,6.367,,3.4,,3.4,,3.667,,3.667,,-0.12,,-0.12,,0
2023-04-09,Lotus,MIBR,KRÜ Esports,4,1,191.45,210.8,191.45,210.8,66.55,71.0,66.55,71.0,-2.5,0.0,-2.5,0.0,0.331,0.333,0.331,0.333,3,0,190.2,,190.2,,66.333,,66.333,,1.333,,1.333,,0.159,,0.159,,1,1,1.25,,1.25,,0.217,,0.217,,-3.833,,-3.833,,0.173,,0.173,,1
2023-04-09,Ascent,MIBR,KRÜ Esports,5,0,195.68,,195.68,,69.24,,69.24,,-1.2,,-1.2,,0.332,,0.332,,4,1,191.35,186.8,191.35,186.8,67.7,64.6,67.7,64.6,0.0,0.0,0.0,0.0,0.161,0.111,0.161,0.111,1,-1,4.33,,4.33,,1.54,,1.54,,-1.2,,-1.2,,0.171,,0.171,,0
2023-04-09,Icebox,NRG,Sentinels,2,0,181.2,,181.2,,70.1,,70.1,,-5.0,,-5.0,,0.192,,0.192,,3,0,214.6,,214.6,,74.467,,74.467,,-5.333,,-5.333,,0.356,,0.356,,-1,0,-33.4,,-33.4,,-4.367,,-4.367,,0.333,,0.333,,-0.163,,-0.163,,1
2023-04-09,Lotus,NRG,Sentinels,3,1,203.2,177.2,203.2,177.2,76.067,66.0,76.067,66.0,-1.667,-11.0,-1.667,-11.0,0.284,0.176,0.284,0.176,4,0,205.0,,205.0,,70.25,,70.25,,-5.25,,-5.25,,0.283,,0.283,,-1,1,-1.8,,-1.8,,5.817,,5.817,,3.583,,3.583,,0.0,,0.0,,1
2023-04-09,Pearl,Global Esports,ZETA DIVISION,5,1,191.48,175.0,191.48,175.0,74.64,68.6,74.64,68.6,2.2,1.0,2.2,1.0,0.266,0.238,0.266,0.238,5,1,193.88,163.6,193.88,163.6,75.16,70.0,75.16,70.0,2.2,0.0,2.2,0.0,0.244,0.111,0.244,0.111,0,0,-2.4,11.4,-2.4,11.4,-0.52,-1.4,-0.52,-1.4,-0.0,1.0,-0.0,1.0,0.022,0.127,0.022,0.127,1
2023-04-09,Ascent,Global Esports,ZETA DIVISION,6,0,201.0,,194.933,,76.68,,74.9,,3.0,,1.833,,0.299,,0.282,,6,2,200.36,188.3,194.233,188.3,75.68,72.3,74.733,72.3,2.2,1.0,1.833,1.0,0.267,0.208,0.241,0.208,0,-2,0.64,,0.7,,1.0,,0.167,,0.8,,-0.0,,0.031,,0.041,,0
2023-04-09,Haven,Global Esports,ZETA DIVISION,7,2,195.32,208.0,194.4,208.0,73.68,82.4,74.629,82.4,1.2,5.0,1.286,5.0,0.278,0.289,0.286,0.289,7,1,206.44,206.2,196.6,206.2,78.84,80.2,76.143,80.2,2.6,7.0,1.857,7.0,0.314,0.304,0.256,0.304,0,1,-11.12,1.8,-2.2,1.8,-5.16,2.2,-1.514,2.2,-1.4,-2.0,-0.571,-2.0,-0.036,-0.015,0.03,-0.015,0
2023-04-09,Split,TALON,DRX,5,0,193.96,,193.96,,66.68,,66.68,,0.2,,0.2,,0.216,,0.216,,4,1,206.6,208.2,206.6,208.2,72.6,70.8,72.6,70.8,-1.75,-4.0,-1.75,-4.0,0.403,0.375,0.403,0.375,1,-1,-12.64,,-12.64,,-5.92,,-5.92,,1.95,,1.95,,-0.186,,-0.186,,0
2023-04-09,Pearl,TALON,DRX,6,0,190.44,,187.1,,65.16,,64.533,,-0.2,,-0.5,,0.204,,0.191,,5,1,214.52,208.8,214.52,208.8,75.64,77.8,75.64,77.8,-0.6,0.0,-0.6,0.0,0.41,0.444,0.41,0.444,1,-1,-24.08,,-27.42,,-10.48,,-11.107,,0.4,,0.1,,-0.206,,-0.219,,0
2023-04-10,Haven,100 Thieves,Evil Geniuses,3,0,185.4,,185.4,,68.467,,68.467,,5.333,,5.333,,0.275,,0.275,,2,0,210.8,,210.8,,71.4,,71.4,,-2.0,,-2.0,,0.241,,0.241,,1,0,-25.4,,-25.4,,-2.933,,-2.933,,7.333,,7.333,,0.034,,0.034,,1
2023-04-10,Icebox,100 Thieves,Evil Geniuses,4,0,195.5,,195.5,,70.0,,70.0,,5.0,,5.0,,0.297,,0.297,,3,0,197.133,,197.133,,69.733,,69.733,,-2.667,,-2.667,,0.266,,0.266,,1,0,-1.633,,-1.633,,0.267,,0.267,,7.667,,7.667,,0.03,,0.03,,1
2023-04-10,Fracture,Gen.G,Team Secret,5,2,206.2,192.1,206.2,192.1,73.72,71.7,73.72,71.7,0.4,-6.5,0.4,-6.5,0.346,0.247,0.346,0.247,6,2,203.92,217.1,208.4,217.1,74.4,79.1,75.733,79.1,2.0,3.0,2.0,3.0,0.305,0.312,0.295,0.312,-1,0,2.28,-25.0,-2.2,-25.0,-0.68,-7.4,-2.013,-7.4,-1.6,-9.5,-1.6,-9.5,0.042,-0.065,0.051,-0.065,1
2023-04-10,Haven,Gen.G,Team Secret,6,0,202.16,,206.033,,72.96,,73.533,,2.0,,1.0,,0.357,,0.351,,7,1,201.0,193.8,205.2,193.8,73.68,77.6,74.457,77.6,1.8,0.0,1.143,0.0,0.316,0.208,0.289,0.208,-1,-1,1.16,,0.833,,-0.72,,-0.924,,0.2,,-0.143,,0.041,,0.062,,1
2023-04-12,Ascent,Natus Vincere,Team Heretics,7,2,203.72,192.5,199.143,192.5,74.88,74.9,73.943,74.9,0.4,-0.5,-0.571,-0.5,0.354,0.314,0.323,0.314,6,1,178.52,171.6,181.9,171.6,66.16,62.0,65.9,62.0,-4.2,-9.0,-4.833,-9.0,0.262,0.263,0.256,0.263,1,1,25.2,20.9,17.243,20.9,8.72,12.9,8.043,12.9,4.6,8.5,4.262,8.5,0.092,0.051,0.067,0.051,1
2023-04-12,Pearl,Team Heretics,Natus Vincere,7,1,177.0,146.8,175.8,146.8,64.44,56.6,63.343,56.6,-3.4,-3.0,-4.0,-3.0,0.252,0.118,0.229,0.118,8,1,212.76,212.6,206.475,212.6,75.92,80.0,75.35,80.0,-0.2,2.0,-0.625,2.0,0.371,0.25,0.324,0.25,-1,0,-35.76,-65.8,-30.675,-65.8,-11.48,-23.4,-12.007,-23.4,-3.2,-5.0,-3.375,-5.0,-0.119,-0.132,-0.095,-0.132,0
2023-04-12,Lotus,Natus Vincere,Team Heretics,9,1,219.6,194.2,209.556,194.2,80.44,69.2,77.4,69.2,1.0,-4.0,-0.111,-4.0,0.358,0.342,0.323,0.342,8,1,162.16,198.8,172.375,198.8,58.68,64.6,62.15,64.6,-4.8,-8.0,-4.0,-8.0,0.183,0.227,0.224,0.227,1,0,57.44,-4.6,37.181,-4.6,21.76,4.6,15.25,4.6,5.8,4.0,3.889,4.0,0.176,0.115,0.099,0.115,0
2023-04-13,Ascent,KOI,FUT Esports,6,2,187.52,190.6,190.0,190.6,68.2,67.4,68.167,67.4,-3.6,1.0,-2.667,1.0,0.246,0.371,0.28,0.371,7,1,196.12,186.2,206.914,186.2,71.88,70.6,74.229,70.6,-1.4,-3.0,0.571,-3.0,0.311,0.263,0.311,0.263,-1,1,-8.6,4.4,-16.914,4.4,-3.68,-3.2,-6.062,-3.2,-2.2,4.0,-3.238,4.0,-0.065,0.108,-0.032,0.108,0
2023-04-13,Lotus,Team Liquid,FNATIC,8,2,225.8,206.2,214.825,206.2,80.6,76.6,78.175,76.6,2.8,6.0,3.625,6.0,0.361,0.304,0.346,0.304,7,0,217.72,,216.857,,80.84,,81.171,,3.2,,3.143,,0.29,,0.302,,1,2,8.08,,-2.032,,-0.24,,-2.996,,-0.4,,0.482,,0.072,,0.044,,0
2023-04-13,Haven,Team Liquid,FNATIC,9,1,211.92,156.2,209.378,156.2,75.6,61.0,75.933,61.0,1.2,-3.0,2.667,-3.0,0.319,0.211,0.325,0.211,8,1,221.48,218.2,219.375,218.2,80.92,82.6,81.4,82.6,3.4,4.0,3.375,4.0,0.31,0.318,0.317,0.318,1,0,-9.56,-62.0,-9.997,-62.0,-5.32,-21.6,-5.467,-21.6,-2.2,-7.0,-0.708,-7.0,0.009,-0.108,0.008,-0.108,0
2023-04-14,Icebox,BBL Esports,Giants Gaming,7,1,192.52,190.6,188.714,190.6,69.4,66.2,68.686,66.2,0.2,-8.0,-2.286,-8.0,0.295,0.306,0.302,0.306,7,2,211.6,200.8,202.229,200.8,76.52,69.9,73.429,69.9,2.0,-1.0,0.571,-1.0,0.328,0.25,0.3,0.25,0,-1,-19.08,-10.2,-13.514,-10.2,-7.12,-3.7,-4.743,-3.7,-1.8,-7.0,-2.857,-7.0,-0.032,0.056,0.003,0.056,0
2023-04-14,Split,Giants Gaming,BBL Esports,8,2,218.88,189.0,203.025,189.0,79.88,72.9,73.725,72.9,3.0,-1.0,0.875,-1.0,0.329,0.31,0.3,0.31,8,2,194.24,182.3,189.6,182.3,68.48,70.9,67.95,70.9,0.4,-0.5,-2.375,-0.5,0.311,0.312,0.303,0.312,0,0,24.64,6.7,13.425,6.7,11.4,2.0,5.775,2.0,2.6,-0.5,3.25,-0.5,0.018,-0.003,-0.002,-0.003,1
2023-04-14,Ascent,Karmine Corp,Team Vitality,6,1,164.32,149.2,172.467,149.2,64.36,61.2,65.1,61.2,0.2,-4.0,1.5,-4.0,0.102,0.111,0.127,0.111,7,0,193.88,,187.686,,71.88,,67.6,,3.0,,-0.429,,0.32,,0.285,,-1,1,-29.56,,-15.219,,-7.52,,-2.5,,-2.8,,1.929,,-0.218,,-0.158,,0
2023-04-14,Split,Karmine Corp,Team Vitality,7,3,148.92,164.467,168.314,164.467,57.36,63.133,63.2,63.133,-3.0,1.0,0.286,1.0,0.096,0.078,0.128,0.078,8,1,204.44,208.6,194.35,208.6,74.68,82.6,70.5,82.6,3.8,6.0,0.5,6.0,0.316,0.364,0.299,0.364,-1,2,-55.52,-44.133,-26.036,-44.133,-17.32,-19.467,-7.3,-19.467,-6.8,-5.0,-0.214,-5.0,-0.22,-0.286,-0.171,-0.286,0
2023-04-15,Icebox,NRG,MIBR,4,1,201.35,247.2,201.35,247.2,76.45,88.0,76.45,88.0,2.0,5.0,2.0,5.0,0.311,0.467,0.311,0.467,6,0,198.44,,196.9,,69.56,,69.667,,-1.2,,-0.333,,0.31,,0.307,,-2,1,2.91,,4.45,,6.89,,6.783,,3.2,,2.333,,0.001,,0.004,,0
2023-04-15,Pearl,NRG,MIBR,5,1,198.92,185.2,198.92,185.2,74.92,74.2,74.92,74.2,0.2,1.0,0.2,1.0,0.292,0.208,0.292,0.208,7,1,198.0,213.4,198.571,213.4,70.52,70.6,70.543,70.6,0.2,-2.0,0.714,-2.0,0.33,0.423,0.325,0.423,-2,0,0.92,-28.2,0.349,-28.2,4.4,3.6,4.377,3.6,0.0,3.0,-0.514,3.0,-0.038,-0.215,-0.033,-0.215,1
2023-04-15,Split,Rex Regum Qeon,Team Secret,7,0,211.24,,205.457,,75.28,,73.6,,-0.8,,-0.429,,0.255,,0.209,,8,1,198.28,197.6,205.875,197.6,74.4,73.8,74.9,73.8,1.6,7.0,1.125,7.0,0.275,0.304,0.283,0.304,-1,-1,12.96,,-0.418,,0.88,,-1.3,,-2.4,,-1.554,,-0.02,,-0.073,,1
2023-04-15,Icebox,Team Secret,Rex Regum Qeon,9,1,187.68,200.6,199.067,200.6,72.24,70.4,73.578,70.4,-1.0,-3.0,0.333,-3.0,0.254,0.19,0.273,0.19,8,0,216.76,,204.8,,78.88,,74.15,,0.8,,0.375,,0.302,,0.233,,1,1,-29.08,,-5.733,,-6.64,,-0.572,,-1.8,,-0.042,,-0.048,,0.04,,0
2023-04-15,Split,Paper Rex,DRX,7,1,205.56,177.0,206.857,177.0,72.68,60.2,71.343,60.2,0.4,-7.0,-0.571,-7.0,0.346,0.391,0.35,0.391,6,2,216.68,227.2,215.367,227.2,75.44,79.3,75.833,79.3,0.0,0.0,0.0,0.0,0.382,0.406,0.392,0.406,1,-1,-11.12,-50.2,-8.51,-50.2,-2.76,-19.1,-4.49,-19.1,0.4,-7.0,-0.571,-7.0,-0.036,-0.015,-0.042,-0.015,0
2023-04-15,Ascent,Paper Rex,DRX,8,0,206.92,,203.975,,75.24,,71.55,,2.0,,-0.375,,0.311,,0.333,,7,1,211.84,224.8,213.257,224.8,75.68,74.4,75.8,74.4,-0.2,0.0,-0.143,0.0,0.402,0.333,0.398,0.333,1,-1,-4.92,,-9.282,,-0.44,,-4.25,,2.2,,-0.232,,-0.091,,-0.065,,0
2023-04-15,Split,NRG,MIBR,6,0,203.36,,199.0,,76.4,,74.667,,3.2,,0.833,,0.317,,0.293,,8,1,210.4,152.4,200.55,152.4,74.72,54.4,71.15,54.4,1.8,-12.0,0.125,-12.0,0.341,0.278,0.326,0.278,-2,-1,-7.04,,-1.55,,1.68,,3.517,,1.4,,0.708,,-0.025,,-0.033,,0
2023-04-15,Lotus,100 Thieves,Cloud9,5,0,200.76,,200.76,,72.2,,72.2,,3.6,,3.6,,0.315,,0.315,,5,0,201.52,,201.52,,70.56,,70.56,,1.4,,1.4,,0.252,,0.252,,0,0,-0.76,,-0.76,,1.64,,1.64,,2.2,,2.2,,0.063,,0.063,,0
2023-04-15,Ascent,100 Thieves,Cloud9,6,1,194.48,177.4,195.4,177.4,70.28,63.0,70.5,63.0,0.8,4.0,2.0,4.0,0.319,0.385,0.304,0.385,6,1,200.32,179.4,203.167,179.4,72.24,62.8,72.467,62.8,1.8,-1.0,2.167,-1.0,0.287,0.143,0.277,0.143,0,0,-5.84,-2.0,-7.767,-2.0,-1.96,0.2,-1.967,0.2,-1.0,5.0,-0.167,5.0,0.032,0.242,0.027,0.242,0
2023-04-16,Ascent,DetonatioN FocusMe,ZETA DIVISION,7,0,194.48,,199.914,,75.68,,76.0,,-2.0,,-0.571,,0.232,,0.217,,8,3,207.04,195.8,200.275,195.8,78.2,76.4,76.35,76.4,2.4,1.333,1.75,1.333,0.313,0.254,0.272,0.254,-1,-3,-12.56,,-0.361,,-2.52,,-0.35,,-4.4,,-2.321,,-0.081,,-0.054,,0
2023-04-16,Pearl,Sentinels,LEVIATÁN,5,0,197.88,,197.88,,69.48,,69.48,,-6.8,,-6.8,,0.279,,0.279,,5,2,195.68,194.8,195.68,194.8,73.52,73.4,73.52,73.4,2.2,0.5,2.2,0.5,0.266,0.375,0.266,0.375,0,-2,2.2,,2.2,,-4.04,,-4.04,,-9.0,,-9.0,,0.013,,0.013,,0
2023-04-16,Haven,Gen.G,T1,7,1,201.36,218.2,207.771,218.2,72.88,74.2,73.629,74.2,1.2,-1.0,0.714,-1.0,0.32,0.286,0.342,0.286,7,2,197.96,193.4,197.0,193.4,71.88,71.7,71.429,71.7,-3.2,-5.0,-2.714,-5.0,0.241,0.187,0.223,0.187,0,-1,3.4,24.8,10.771,24.8,1.0,2.5,2.2,2.5,4.4,4.0,3.429,4.0,0.079,0.098,0.118,0.098,1
2023-04-16,Ascent,T1,Gen.G,8,1,184.64,210.0,192.275,210.0,67.4,76.0,70.175,76.0,-3.0,1.0,-2.375,1.0,0.209,0.286,0.223,0.286,8,0,204.0,,208.95,,75.72,,75.5,,0.6,,0.625,,0.301,,0.341,,0,1,-19.36,,-16.675,,-8.32,,-5.325,,-3.6,,-3.0,,-0.092,,-0.118,,0
2023-04-16,Pearl,KRÜ Esports,Evil Geniuses,5,1,194.28,189.6,194.28,189.6,68.56,61.8,68.56,61.8,-0.8,2.0,-0.8,2.0,0.192,0.115,0.192,0.115,4,1,193.4,206.4,193.4,206.4,68.45,69.2,68.45,69.2,-1.5,0.0,-1.5,0.0,0.228,0.208,0.228,0.208,1,0,0.88,-16.8,0.88,-16.8,0.11,-7.4,0.11,-7.4,0.7,2.0,0.7,2.0,-0.035,-0.093,-0.035,-0.093,0
2023-04-16,Haven,DetonatioN FocusMe,ZETA DIVISION,8,1,187.16,159.2,196.1,159.2,74.4,61.4,75.7,61.4,-1.8,-1.0,-0.75,-1.0,0.239,0.176,0.219,0.176,9,2,211.76,216.1,202.444,216.1,79.04,79.0,76.756,79.0,2.4,4.0,1.778,4.0,0.306,0.343,0.272,0.343,-1,-1,-24.6,-56.9,-6.344,-56.9,-4.64,-17.6,-1.056,-17.6,-4.2,-5.0,-2.528,-5.0,-0.067,-0.166,-0.053,-0.166,0
2023-04-16,Fracture,KRÜ Esports,Evil Geniuses,6,0,195.8,,195.533,,69.52,,70.033,,0.4,,0.667,,0.184,,0.195,,5,1,194.16,215.2,194.16,215.2,69.28,73.6,69.28,73.6,-2.8,-4.0,-2.8,-4.0,0.249,0.273,0.249,0.273,1,-1,1.64,,1.373,,0.24,,0.753,,3.2,,3.467,,-0.065,,-0.054,,0
2023-04-16,Ascent,KRÜ Esports,Evil Geniuses,7,2,191.56,196.4,191.257,196.4,69.6,68.3,69.314,68.3,-0.8,-2.0,-0.286,-2.0,0.182,0.215,0.181,0.215,6,0,195.84,,199.067,,72.36,,72.567,,-0.8,,-1.333,,0.274,,0.274,,1,2,-4.28,,-7.81,,-2.76,,-3.252,,-0.0,,1.048,,-0.092,,-0.093,,1
2023-04-16,Ascent,LEVIATÁN,Sentinels,6,1,194.64,194.2,199.4,194.2,71.16,70.4,73.967,70.4,1.8,3.0,3.333,3.0,0.313,0.174,0.31,0.174,6,1,189.16,209.6,194.1,209.6,66.92,75.4,67.533,75.4,-7.0,-4.0,-7.167,-4.0,0.226,0.308,0.252,0.308,0,0,5.48,-15.4,5.3,-15.4,4.24,-5.0,6.433,-5.0,8.8,7.0,10.5,7.0,0.087,-0.134,0.058,-0.134,0
2023-04-16,Split,LEVIATÁN,Sentinels,7,0,196.96,,198.629,,71.64,,73.514,,2.0,,2.857,,0.288,,0.319,,7,1,188.96,218.8,196.171,218.8,67.08,70.6,68.771,70.6,-6.2,-8.0,-6.143,-8.0,0.222,0.385,0.258,0.385,0,-1,8.0,,2.457,,4.56,,4.743,,8.2,,9.0,,0.066,,0.061,,1
2023-04-17,Split,TALON,Global Esports,7,1,179.32,152.8,185.686,152.8,61.36,53.8,64.029,53.8,-1.4,-4.0,-0.857,-4.0,0.19,0.062,0.194,0.062,8,1,196.76,201.8,192.875,201.8,75.56,73.8,75.05,73.8,0.8,4.0,1.0,4.0,0.297,0.312,0.292,0.312,-1,0,-17.44,-49.0,-7.189,-49.0,-14.2,-20.0,-11.021,-20.0,-2.2,-8.0,-1.857,-8.0,-0.107,-0.25,-0.097,-0.25,0
2023-04-17,Split,LOUD,FURIA,6,2,219.36,208.4,216.167,208.4,75.4,73.0,75.933,73.0,1.8,2.0,0.833,2.0,0.244,0.186,0.252,0.186,5,1,204.64,191.0,204.64,191.0,77.56,69.2,77.56,69.2,-0.6,-2.0,-0.6,-2.0,0.297,0.292,0.297,0.292,1,1,14.72,17.4,11.527,17.4,-2.16,3.8,-1.627,3.8,2.4,4.0,1.433,4.0,-0.053,-0.106,-0.045,-0.106,1
2023-04-17,Icebox,Global Esports,TALON,9,0,203.8,,197.178,,75.56,,75.244,,1.8,,1.778,,0.348,,0.306,,8,1,178.4,232.8,185.1,232.8,60.0,80.0,63.525,80.0,-2.6,3.0,-1.75,3.0,0.167,0.286,0.183,0.286,1,-1,25.4,,12.078,,15.56,,11.719,,4.4,,3.528,,0.181,,0.123,,1
2023-04-17,Icebox,FURIA,LOUD,6,1,204.04,202.4,201.867,202.4,76.8,83.4,75.533,83.4,-0.6,4.0,-0.833,4.0,0.303,0.278,0.301,0.278,7,0,219.36,,216.486,,77.24,,77.0,,2.2,,1.0,,0.256,,0.248,,-1,1,-15.32,,-14.619,,-0.44,,-1.467,,-2.8,,-1.833,,0.047,,0.052,,0
2023-04-19,Split,Team Heretics,Team Liquid,9,1,161.32,222.6,176.556,222.6,58.28,82.6,64.133,82.6,-5.2,3.0,-4.0,3.0,0.171,0.533,0.229,0.533,10,2,193.76,244.2,202.66,244.2,70.64,85.5,73.94,85.5,-0.4,3.0,1.9,3.0,0.309,0.418,0.308,0.418,-1,-1,-32.44,-21.6,-26.104,-21.6,-12.36,-2.9,-9.807,-2.9,-4.8,0.0,-5.9,0.0,-0.138,0.116,-0.079,0.116,0
2023-04-19,Fracture,Team Liquid,Team Heretics,11,1,199.28,226.8,205.34,226.8,71.68,84.0,74.3,84.0,0.0,7.0,1.1,7.0,0.314,0.4,0.302,0.4,10,0,170.64,,177.3,,61.32,,64.0,,-3.8,,-3.9,,0.206,,0.23,,1,1,28.64,,28.04,,10.36,,10.3,,3.8,,5.0,,0.108,,0.072,,1
2023-04-20,Icebox,FUT Esports,Giants Gaming,8,0,201.84,,206.675,,75.04,,74.275,,-0.4,,0.75,,0.391,,0.329,,9,3,222.92,203.4,207.111,203.4,81.76,71.867,75.133,71.867,4.2,0.333,1.667,0.333,0.316,0.268,0.302,0.268,-1,-3,-21.08,,-0.436,,-6.72,,-0.858,,-4.6,,-0.917,,0.075,,0.028,,0
2023-04-20,Split,FUT Esports,Giants Gaming,9,1,198.16,176.4,202.356,176.4,73.12,58.8,72.8,58.8,0.2,-3.0,0.667,-3.0,0.361,0.053,0.305,0.053,10,3,228.52,205.933,209.44,205.933,82.08,77.4,75.5,77.4,4.2,2.0,1.5,2.0,0.337,0.311,0.31,0.311,-1,-2,-30.36,-29.533,-7.084,-29.533,-8.96,-18.6,-2.7,-18.6,-4.0,-5.0,-0.833,-5.0,0.024,-0.258,-0.005,-0.258,0
2023-04-21,Pearl,LEVIATÁN,MIBR,8,3,195.52,202.533,198.8,202.533,71.36,74.333,73.95,74.333,1.2,3.333,2.25,3.333,0.323,0.426,0.332,0.426,9,2,209.4,213.9,201.422,213.9,74.84,73.0,71.156,73.0,0.2,-3.0,-1.0,-3.0,0.303,0.378,0.316,0.378,-1,1,-13.88,-11.367,-2.622,-11.367,-3.48,1.333,2.794,1.333,1.0,6.333,3.25,6.333,0.019,0.048,0.016,0.048,1
2023-04-21,Ascent,Karmine Corp,Natus Vincere,8,2,150.88,146.3,168.0,146.3,59.56,56.5,63.325,56.5,-3.0,-5.5,-0.125,-5.5,0.114,0.122,0.132,0.122,10,3,222.04,214.267,209.18,214.267,81.08,78.333,77.02,78.333,1.8,-0.667,0.3,-0.667,0.318,0.321,0.314,0.321,-2,-1,-71.16,-67.967,-41.18,-67.967,-21.52,-21.833,-13.695,-21.833,-4.8,-4.833,-0.425,-4.833,-0.204,-0.198,-0.182,-0.198,0
2023-04-21,Lotus,Natus Vincere,Karmine Corp,11,2,220.32,200.0,210.58,200.0,81.08,71.4,77.2,71.4,1.2,0.0,0.3,0.0,0.281,0.285,0.328,0.285,9,0,154.28,,171.111,,59.52,,64.178,,-3.0,,0.111,,0.147,,0.154,,2,2,66.04,,39.469,,21.56,,13.022,,4.2,,0.189,,0.133,,0.174,,1
2023-04-21,Ascent,BBL Esports,Team Vitality,9,2,184.92,200.9,185.222,200.9,65.4,72.2,66.933,72.2,-2.8,-1.0,-3.0,-1.0,0.265,0.336,0.276,0.336,9,1,201.04,241.0,194.044,241.0,72.68,90.8,70.733,90.8,3.2,7.0,0.778,7.0,0.338,0.4,0.319,0.4,0,1,-16.12,-40.1,-8.822,-40.1,-7.28,-18.6,-3.8,-18.6,-6.0,-8.0,-3.778,-8.0,-0.073,-0.064,-0.043,-0.064,1
2023-04-21,Haven,Team Vitality,BBL Esports,10,2,194.04,183.4,192.02,183.4,70.68,70.2,69.68,70.2,1.4,1.0,0.4,1.0,0.283,0.297,0.306,0.297,10,1,184.36,187.2,187.48,187.2,65.84,67.4,68.04,67.4,-2.0,-4.0,-2.4,-4.0,0.277,0.227,0.291,0.227,0,1,9.68,-3.8,4.54,-3.8,4.84,2.8,1.64,2.8,3.4,5.0,2.8,5.0,0.006,0.07,0.015,0.07,0
2023-04-21,Pearl,Sentinels,LOUD,8,1,184.36,175.2,195.7,175.2,66.04,57.8,69.2,57.8,-5.0,-9.0,-5.125,-9.0,0.209,0.118,0.264,0.118,8,1,217.12,228.0,216.35,228.0,77.96,75.0,77.95,75.0,1.6,4.0,2.0,4.0,0.282,0.3,0.261,0.3,0,0,-32.76,-52.8,-20.65,-52.8,-11.92,-17.2,-8.75,-17.2,-6.6,-13.0,-7.125,-13.0,-0.073,-0.182,0.003,-0.182,1
2023-04-21,Haven,LOUD,Sentinels,9,1,215.0,200.2,212.267,200.2,77.76,78.6,76.4,78.6,3.0,-4.0,1.667,-4.0,0.294,0.292,0.256,0.292,9,0,193.52,,198.622,,69.44,,69.8,,-3.8,,-4.444,,0.28,,0.281,,0,1,21.48,,13.644,,8.32,,6.6,,6.8,,6.111,,0.015,,-0.026,,1
2023-04-21,Ascent,Sentinels,LOUD,10,2,198.48,209.1,198.18,209.1,70.68,75.8,70.08,75.8,-1.6,-2.0,-4.2,-2.0,0.278,0.3,0.278,0.3,10,1,207.88,233.6,210.28,233.6,77.92,81.8,76.34,81.8,2.6,1.0,1.7,1.0,0.318,0.381,0.272,0.381,0,1,-9.4,-24.5,-12.1,-24.5,-7.24,-6.0,-6.26,-6.0,-4.2,-3.0,-5.9,-3.0,-0.04,-0.081,0.006,-0.081,0
2023-04-21,Icebox,MIBR,LEVIATÁN,10,1,197.52,208.6,196.6,208.6,72.48,75.8,70.86,75.8,-1.6,7.0,-1.4,7.0,0.272,0.435,0.302,0.435,9,1,207.96,171.4,202.667,171.4,75.8,62.4,75.133,62.4,3.0,-4.0,2.556,-4.0,0.371,0.111,0.334,0.111,1,0,-10.44,37.2,-6.067,37.2,-3.32,13.4,-4.273,13.4,-4.6,11.0,-3.956,11.0,-0.099,0.324,-0.033,0.324,0
2023-04-22,Icebox,Paper Rex,Global Esports,9,0,206.04,,202.178,,74.04,,70.8,,2.4,,-0.556,,0.294,,0.315,,10,1,206.16,213.6,198.82,213.6,74.84,70.2,74.74,70.2,0.2,-4.0,1.2,-4.0,0.335,0.25,0.3,0.25,-1,-1,-0.12,,3.358,,-0.8,,-3.94,,2.2,,-1.756,,-0.041,,0.014,,0
2023-04-22,Split,Paper Rex,Global Esports,10,2,203.12,180.4,201.14,180.4,72.28,66.6,70.02,66.6,1.6,-3.0,-0.9,-3.0,0.277,0.304,0.308,0.304,11,2,205.68,216.7,203.34,216.7,73.2,75.3,74.94,75.3,1.0,6.0,2.0,6.0,0.322,0.367,0.31,0.367,-1,0,-2.56,-36.3,-2.2,-36.3,-0.92,-8.7,-4.92,-8.7,0.6,-9.0,-2.9,-9.0,-0.045,-0.062,-0.002,-0.062,1
2023-04-22,Pearl,Paper Rex,Global Esports,11,2,207.12,228.3,204.96,228.3,70.2,73.9,70.7,73.9,1.2,1.0,-0.2,1.0,0.267,0.413,0.301,0.413,12,2,206.64,193.6,200.98,193.6,70.8,72.4,72.24,72.4,0.4,0.5,0.8,0.5,0.303,0.301,0.29,0.301,-1,0,0.48,34.7,3.98,34.7,-0.6,1.5,-1.54,1.5,0.8,0.5,-1.0,0.5,-0.036,0.112,0.011,0.112,1
2023-04-22,Haven,Gen.G,DRX,9,2,218.36,217.7,211.356,217.7,77.4,81.4,75.489,81.4,4.0,-0.5,1.444,-0.5,0.354,0.31,0.352,0.31,8,1,217.28,184.6,213.075,184.6,77.72,67.4,76.025,67.4,0.8,-3.0,0.125,-3.0,0.399,0.458,0.404,0.458,1,1,1.08,33.1,-1.719,33.1,-0.32,14.0,-0.536,14.0,3.2,2.5,1.319,2.5,-0.045,-0.149,-0.052,-0.149,0
2023-04-22,Fracture,Gen.G,DRX,10,3,209.68,196.467,207.94,196.467,76.36,72.0,75.04,72.0,3.0,-3.0,1.7,-3.0,0.328,0.29,0.337,0.29,9,0,213.24,,210.289,,75.96,,74.467,,0.8,,-0.333,,0.384,,0.392,,1,3,-3.56,,-2.349,,0.4,,0.573,,2.2,,2.033,,-0.057,,-0.056,,1
2023-04-22,Ascent,100 Thieves,KRÜ Esports,7,2,202.48,197.4,198.543,197.4,72.32,68.1,70.886,68.1,-2.0,-3.0,0.286,-3.0,0.288,0.308,0.294,0.308,8,3,193.52,197.4,192.275,197.4,71.56,69.4,69.6,69.4,-1.2,-1.333,-0.25,-1.333,0.217,0.24,0.195,0.24,-1,-1,8.96,-0.0,6.268,-0.0,0.76,-1.3,1.286,-1.3,-0.8,-1.667,0.536,-1.667,0.071,0.067,0.099,0.067,0
2023-04-22,Fracture,FURIA,Evil Geniuses,7,0,189.84,,196.543,,71.24,,72.829,,-2.4,,-2.0,,0.294,,0.291,,7,2,195.2,219.4,199.657,219.4,72.88,81.3,72.457,81.3,-0.8,1.0,-1.143,1.0,0.283,0.336,0.271,0.336,0,-2,-5.36,,-3.114,,-1.64,,0.371,,-1.6,,-0.857,,0.012,,0.021,,0
2023-04-22,Haven,Evil Geniuses,FURIA,8,1,207.64,169.8,203.7,169.8,75.8,66.4,73.525,66.4,0.4,-4.0,-0.75,-4.0,0.279,0.318,0.274,0.318,8,0,188.28,,194.325,,68.44,,71.35,,-2.4,,-2.0,,0.246,,0.261,,0,1,19.36,,9.375,,7.36,,2.175,,2.8,,1.25,,0.033,,0.013,,0
2023-04-22,Split,KRÜ Esports,100 Thieves,9,1,202.56,194.2,197.578,194.2,74.56,72.6,71.511,72.6,0.2,2.0,0.111,2.0,0.254,0.25,0.213,0.25,8,1,198.56,200.0,193.625,200.0,68.28,71.6,68.35,71.6,-3.4,8.0,-0.125,8.0,0.282,0.231,0.279,0.231,1,0,4.0,-5.8,3.953,-5.8,6.28,1.0,3.161,1.0,3.6,-6.0,0.236,-6.0,-0.028,0.019,-0.066,0.019,0
2023-04-22,Ascent,FURIA,Evil Geniuses,9,2,192.28,221.6,197.444,221.6,66.04,80.1,71.356,80.1,-1.8,-1.5,-1.0,-1.5,0.242,0.313,0.261,0.313,9,1,205.96,203.2,200.378,203.2,75.12,71.8,72.156,71.8,-1.4,0.0,-1.444,0.0,0.309,0.25,0.273,0.25,0,1,-13.68,18.4,-2.933,18.4,-9.08,8.3,-0.8,8.3,-0.4,-1.5,0.444,-1.5,-0.066,0.063,-0.011,0.063,1
2023-04-22,Fracture,KRÜ Esports,100 Thieves,10,1,204.12,165.6,199.2,165.6,76.16,65.0,72.36,65.0,0.6,-6.0,-0.1,-6.0,0.241,0.1,0.216,0.1,9,1,195.12,178.8,195.289,178.8,68.2,70.8,69.0,70.8,-3.8,4.0,0.111,4.0,0.268,0.208,0.281,0.208,1,0,9.0,-13.2,3.911,-13.2,7.96,-5.8,3.36,-5.8,4.4,-10.0,-0.211,-10.0,-0.027,-0.108,-0.064,-0.108,0
2023-04-22,Pearl,Gen.G,DRX,11,1,209.24,220.6,205.7,220.6,77.64,76.2,75.3,76.2,3.2,9.0,2.6,9.0,0.305,0.333,0.331,0.333,10,2,199.84,214.2,207.18,214.2,72.0,77.3,73.82,77.3,-1.0,1.5,-0.8,1.5,0.358,0.374,0.384,0.374,1,-1,9.4,6.4,-1.48,6.4,5.64,-1.1,1.48,-1.1,4.2,7.5,3.4,7.5,-0.053,-0.041,-0.053,-0.041,0
2023-04-23,Haven,T1,Rex Regum Qeon,9,3,179.44,182.0,192.422,182.0,62.76,68.267,68.667,68.267,-4.0,-3.333,-3.0,-3.333,0.168,0.199,0.211,0.199,9,2,219.84,221.8,205.689,221.8,77.32,77.1,73.956,77.1,1.8,-3.0,0.667,-3.0,0.284,0.277,0.231,0.277,0,1,-40.4,-39.8,-13.267,-39.8,-14.56,-8.833,-5.289,-8.833,-5.8,-0.333,-3.667,-0.333,-0.117,-0.079,-0.021,-0.079,1
2023-04-23,Fracture,Rex Regum Qeon,T1,10,1,215.36,199.2,203.48,199.2,77.24,67.2,73.74,67.2,3.2,4.0,0.6,4.0,0.296,0.136,0.24,0.136,10,1,178.4,166.6,193.66,166.6,63.36,61.0,69.7,61.0,-4.2,-7.0,-2.7,-7.0,0.165,0.158,0.217,0.158,0,0,36.96,32.6,9.82,32.6,13.88,6.2,4.04,6.2,7.4,11.0,3.3,11.0,0.131,-0.022,0.023,-0.022,0
2023-04-23,Ascent,Team Secret,DetonatioN FocusMe,10,1,185.12,224.2,198.22,224.2,69.8,74.4,72.58,74.4,-2.4,2.0,0.0,2.0,0.24,0.444,0.277,0.444,9,1,170.96,169.4,191.156,169.4,69.6,73.6,74.8,73.6,-5.2,-2.0,-1.556,-2.0,0.202,0.227,0.213,0.227,1,0,14.16,54.8,7.064,54.8,0.2,0.8,-2.22,0.8,2.8,4.0,1.556,4.0,0.038,0.217,0.064,0.217,1
2023-04-23,Haven,DetonatioN FocusMe,Team Secret,10,2,169.32,155.4,190.76,155.4,69.36,64.5,74.34,64.5,-4.6,-4.5,-2.0,-4.5,0.231,0.172,0.225,0.172,11,2,188.24,202.2,196.08,202.2,69.6,77.8,72.0,77.8,-1.2,0.5,0.4,0.5,0.257,0.223,0.281,0.223,-1,0,-18.92,-46.8,-5.32,-46.8,-0.24,-13.3,2.34,-13.3,-3.4,-5.0,-2.4,-5.0,-0.026,-0.052,-0.056,-0.052,0
2023-04-23,Pearl,Cloud9,NRG,7,2,197.04,191.6,202.971,191.6,71.4,68.7,72.571,68.7,3.8,-2.0,3.286,-2.0,0.305,0.271,0.292,0.271,7,2,208.2,192.3,200.486,192.3,76.84,73.8,74.914,73.8,5.0,2.5,2.143,2.5,0.335,0.254,0.294,0.254,0,0,-11.16,-0.7,2.486,-0.7,-5.44,-5.1,-2.343,-5.1,-1.2,-4.5,1.143,-4.5,-0.03,0.017,-0.002,0.017,1
2023-04-23,Pearl,MIBR,Sentinels,11,3,186.68,193.667,192.56,193.667,68.88,71.4,69.22,71.4,-2.8,-3.667,-2.0,-3.667,0.248,0.311,0.279,0.311,11,2,197.72,198.6,193.44,198.6,70.56,66.2,68.74,66.2,0.0,-4.0,-3.5,-4.0,0.311,0.269,0.268,0.269,0,1,-11.04,-4.933,-0.88,-4.933,-1.68,5.2,0.48,5.2,-2.8,0.333,1.5,0.333,-0.063,0.042,0.011,0.042,0
2023-04-23,Fracture,Sentinels,MIBR,12,1,198.08,215.4,193.52,215.4,71.76,77.4,69.42,77.4,0.4,-4.0,-2.9,-4.0,0.331,0.375,0.277,0.375,12,0,183.4,,190.7,,67.08,,68.8,,-4.6,,-2.2,,0.194,,0.262,,0,1,14.68,,2.82,,4.68,,0.62,,5.0,,-0.7,,0.136,,0.014,,1
2023-04-23,Ascent,NRG,Cloud9,8,0,196.56,,199.05,,74.48,,75.075,,3.6,,1.625,,0.305,,0.297,,8,2,192.88,190.6,203.45,190.6,72.48,68.0,74.05,68.0,2.6,4.5,3.125,4.5,0.299,0.264,0.296,0.264,0,-2,3.68,,-4.4,,2.0,,1.025,,1.0,,-1.5,,0.006,,0.002,,0
2023-04-24,Haven,100 Thieves,LEVIATÁN,10,1,195.68,225.8,198.22,225.8,68.44,74.6,70.32,74.6,-2.6,4.0,0.5,4.0,0.256,0.364,0.286,0.364,10,0,214.36,,205.02,,79.28,,76.4,,2.8,,2.5,,0.411,,0.338,,0,1,-18.68,,-6.8,,-10.84,,-6.08,,-5.4,,-2.0,,-0.155,,-0.053,,1
2023-04-24,Icebox,100 Thieves,LEVIATÁN,11,1,201.72,221.8,198.1,221.8,72.24,81.0,71.26,81.0,-1.0,-2.0,-0.1,-2.0,0.273,0.389,0.296,0.389,11,2,204.12,198.8,199.38,198.8,77.56,75.1,74.36,75.1,0.6,-1.0,1.2,-1.0,0.355,0.243,0.334,0.243,0,-1,-2.4,23.0,-1.28,23.0,-5.32,5.9,-3.1,5.9,-1.6,-1.0,-1.3,-1.0,-0.082,0.146,-0.038,0.146,0
2023-04-24,Split,LOUD,Evil Geniuses,11,3,204.4,211.733,211.88,211.733,78.12,76.467,76.76,76.467,2.6,2.0,2.2,2.0,0.299,0.2,0.271,0.2,10,0,205.64,,199.9,,74.48,,71.88,,-1.4,,-2.1,,0.306,,0.278,,1,3,-1.24,,11.98,,3.64,,4.88,,4.0,,4.3,,-0.008,,-0.006,,0
2023-04-24,Pearl,Evil Geniuses,LOUD,11,2,206.0,201.8,200.92,201.8,73.44,70.9,72.9,70.9,-0.6,-4.0,-0.7,-4.0,0.314,0.271,0.294,0.271,12,2,198.88,203.8,209.12,203.8,75.24,69.5,76.24,69.5,0.2,1.5,1.2,1.5,0.266,0.255,0.261,0.255,-1,0,7.12,-2.0,-8.2,-2.0,-1.8,1.4,-3.34,1.4,-0.8,-5.5,-1.9,-5.5,0.048,0.016,0.033,0.016,0
2023-04-24,Ascent,TALON,ZETA DIVISION,9,2,178.6,182.6,187.022,182.6,60.0,63.4,63.711,63.4,-2.4,-1.5,-1.111,-1.5,0.183,0.23,0.195,0.23,10,4,216.04,201.8,204.96,201.8,80.12,77.3,77.64,77.3,2.6,1.5,2.4,1.5,0.301,0.259,0.272,0.259,-1,-2,-37.44,-19.2,-17.938,-19.2,-20.12,-13.9,-13.929,-13.9,-5.0,-3.0,-3.511,-3.0,-0.118,-0.028,-0.077,-0.028,1
2023-04-24,Haven,ZETA DIVISION,TALON,11,3,217.64,219.933,209.0,219.933,81.2,81.2,78.44,81.2,1.8,5.333,2.0,5.333,0.309,0.321,0.288,0.321,10,1,183.84,201.4,188.9,201.4,63.48,65.2,65.08,65.2,-1.4,3.0,-0.6,3.0,0.222,0.211,0.219,0.211,1,2,33.8,18.533,20.1,18.533,17.72,16.0,13.36,16.0,3.2,2.333,2.6,2.333,0.087,0.11,0.069,0.11,0
2023-04-24,Haven,Evil Geniuses,LOUD,12,2,196.32,171.8,195.76,171.8,70.8,63.8,71.84,63.8,-2.4,-5.5,-1.6,-5.5,0.264,0.29,0.273,0.29,13,2,206.36,196.3,211.74,196.3,77.72,77.2,77.84,77.2,0.2,-1.0,0.9,-1.0,0.272,0.354,0.277,0.354,-1,0,-10.04,-24.5,-15.98,-24.5,-6.92,-13.4,-6.0,-13.4,-2.6,-4.5,-2.5,-4.5,-0.008,-0.065,-0.004,-0.065,0
2023-04-24,Lotus,LEVIATÁN,100 Thieves,12,1,207.0,223.2,201.98,223.2,77.8,88.0,74.72,88.0,1.4,11.0,1.7,11.0,0.366,0.294,0.327,0.294,12,1,198.16,168.6,200.32,168.6,72.6,62.0,72.46,62.0,0.2,-6.0,-0.9,-6.0,0.27,0.25,0.279,0.25,0,0,8.84,54.6,1.66,54.6,5.2,26.0,2.26,26.0,1.2,17.0,2.6,17.0,0.096,0.044,0.048,0.044,0
2023-04-25,Ascent,FURIA,Cloud9,10,3,192.72,217.667,198.68,217.667,66.28,79.067,71.92,79.067,0.4,1.667,-0.1,1.667,0.23,0.304,0.264,0.304,9,3,205.12,202.467,205.978,202.467,75.68,70.667,74.267,70.667,2.6,1.667,2.333,1.667,0.309,0.276,0.296,0.276,1,0,-12.4,15.2,-7.298,15.2,-9.4,8.4,-2.347,8.4,-2.2,-0.0,-2.433,-0.0,-0.079,0.028,-0.032,0.028,0
2023-04-25,Fracture,FURIA,Cloud9,11,1,189.4,178.8,196.72,178.8,66.12,61.0,71.46,61.0,-0.2,-2.0,-0.4,-2.0,0.214,0.05,0.258,0.05,10,1,209.52,217.4,205.52,217.4,78.92,73.6,74.74,73.6,3.8,4.0,2.6,4.0,0.357,0.227,0.305,0.227,1,0,-20.12,-38.6,-8.8,-38.6,-12.8,-12.6,-3.28,-12.6,-4.0,-6.0,-3.0,-6.0,-0.143,-0.177,-0.046,-0.177,0
2023-04-25,Ascent,NRG,KRÜ Esports,9,1,192.56,175.8,196.467,175.8,72.16,66.0,74.067,66.0,1.8,4.0,1.889,4.0,0.267,0.2,0.286,0.2,11,4,198.12,208.05,196.96,208.05,73.12,73.75,71.32,73.75,-1.8,-0.25,-0.7,-0.25,0.232,0.268,0.208,0.268,-2,-3,-5.56,-32.25,-0.493,-32.25,-0.96,-7.75,2.747,-7.75,3.6,4.25,2.589,4.25,0.035,-0.068,0.078,-0.068,1
2023-04-25,Haven,KRÜ Esports,NRG,12,0,193.24,,192.4,,69.76,,69.68,,-2.4,,-1.6,,0.259,,0.221,,10,0,201.28,,200.1,,75.52,,75.22,,5.0,,2.6,,0.282,,0.287,,2,0,-8.04,,-7.7,,-5.76,,-5.54,,-7.4,,-4.2,,-0.023,,-0.067,,0
2023-04-26,Lotus,Giants Gaming,Team Liquid,11,1,223.72,249.4,213.78,249.4,78.04,90.2,76.22,90.2,2.6,10.0,2.1,10.0,0.309,0.429,0.327,0.429,12,3,188.48,192.733,202.58,192.733,67.24,70.4,72.48,70.4,-2.2,2.333,-0.4,2.333,0.283,0.256,0.293,0.256,-1,-2,35.24,56.667,11.2,56.667,10.8,19.8,3.74,19.8,4.8,7.667,2.5,7.667,0.027,0.173,0.034,0.173,0
2023-04-26,Ascent,Team Liquid,Giants Gaming,13,2,190.16,217.4,207.98,217.4,66.28,78.1,73.44,78.1,-3.2,3.5,-0.2,3.5,0.252,0.355,0.307,0.355,12,1,218.76,214.4,215.18,214.4,77.0,79.2,76.76,79.2,2.8,0.0,2.4,0.0,0.312,0.25,0.32,0.25,1,1,-28.6,3.0,-7.2,3.0,-10.72,-1.1,-3.32,-1.1,-6.0,3.5,-2.6,3.5,-0.059,0.105,-0.013,0.105,0
2023-04-26,Icebox,Giants Gaming,Team Liquid,13,4,216.52,210.15,217.7,210.15,76.04,73.6,77.96,73.6,1.4,0.25,2.2,0.25,0.301,0.298,0.315,0.298,14,0,196.48,,204.2,,69.0,,72.3,,-1.4,,-0.1,,0.262,,0.291,,-1,4,20.04,,13.5,,7.04,,5.66,,2.8,,2.3,,0.038,,0.024,,0
2023-04-27,Lotus,Karmine Corp,KOI,10,1,160.76,149.4,168.94,149.4,63.44,69.0,64.66,69.0,-4.4,-10.0,-0.9,-10.0,0.177,0.15,0.154,0.15,7,2,183.88,181.2,191.429,181.2,67.32,64.8,68.971,64.8,-4.8,-3.0,-2.571,-3.0,0.214,0.207,0.266,0.207,3,-1,-23.12,-31.8,-22.489,-31.8,-3.88,4.2,-4.311,4.2,0.4,-7.0,1.671,-7.0,-0.036,-0.057,-0.112,-0.057,1
2023-04-27,Haven,KOI,Karmine Corp,8,0,179.56,,190.0,,66.6,,68.8,,-5.4,,-3.375,,0.191,,0.252,,11,0,172.56,,168.44,,66.32,,65.34,,-1.8,,-0.8,,0.218,,0.16,,-3,0,7.0,,21.56,,0.28,,3.46,,-3.6,,-2.575,,-0.028,,0.092,,0
2023-04-27,Ascent,Karmine Corp,KOI,12,3,186.96,162.867,167.94,162.867,71.12,61.333,64.24,61.333,0.4,-3.0,-1.3,-3.0,0.241,0.193,0.168,0.193,9,3,177.76,193.733,189.533,193.733,67.6,69.533,69.867,69.533,-5.0,0.0,-3.444,0.0,0.199,0.308,0.257,0.308,3,0,9.2,-30.867,-21.593,-30.867,3.52,-8.2,-5.627,-8.2,5.4,-3.0,2.144,-3.0,0.043,-0.115,-0.088,-0.115,0
2023-04-27,Icebox,BBL Esports,Team Heretics,11,2,188.68,193.2,189.7,193.2,67.2,64.5,68.96,64.5,0.0,-5.5,-0.7,-5.5,0.271,0.305,0.288,0.305,11,2,175.36,175.8,176.94,175.8,62.4,64.8,64.28,64.8,-0.4,-6.0,-2.3,-6.0,0.228,0.198,0.245,0.198,0,0,13.32,17.4,12.76,17.4,4.8,-0.3,4.68,-0.3,0.4,0.5,1.6,0.5,0.043,0.107,0.043,0.107,1
2023-04-27,Lotus,BBL Esports,Team Heretics,12,0,201.8,,197.16,,73.12,,71.26,,0.4,,0.3,,0.307,,0.301,,12,2,180.32,204.4,178.66,204.4,64.52,72.3,64.48,72.3,-0.8,-6.0,-2.1,-6.0,0.228,0.25,0.24,0.25,0,-2,21.48,,18.5,,8.6,,6.78,,1.2,,2.4,,0.079,,0.061,,0
2023-04-27,Haven,BBL Esports,Team Heretics,13,2,201.92,200.0,198.08,200.0,75.68,71.4,72.08,71.4,2.0,2.5,1.2,2.5,0.29,0.25,0.3,0.25,13,0,189.44,,175.8,,68.76,,63.72,,-1.0,,-2.9,,0.286,,0.234,,0,2,12.48,,22.28,,6.92,,8.36,,3.0,,4.1,,0.003,,0.066,,1
2023-04-28,Fracture,Natus Vincere,Team Vitality,12,1,219.24,208.6,211.48,208.6,82.28,77.0,78.58,77.0,3.0,1.0,1.7,1.0,0.323,0.238,0.338,0.238,11,2,192.72,177.2,190.0,177.2,70.56,58.4,69.52,58.4,-0.6,-0.5,0.6,-0.5,0.32,0.299,0.316,0.299,1,-1,26.52,31.4,21.48,31.4,11.72,18.6,9.06,18.6,3.6,1.5,1.1,1.5,0.003,-0.061,0.022,-0.061,1
2023-04-28,Icebox,FNATIC,FUT Esports,9,2,222.24,237.4,219.533,237.4,82.64,89.0,81.467,89.0,6.0,7.0,3.556,7.0,0.328,0.375,0.328,0.375,10,1,200.56,167.8,202.5,167.8,71.56,61.0,71.8,61.0,0.0,0.0,0.4,0.0,0.349,0.111,0.304,0.111,-1,1,21.68,69.6,17.033,69.6,11.08,28.0,9.667,28.0,6.0,7.0,3.156,7.0,-0.022,0.264,0.025,0.264,1
2023-04-28,Lotus,FUT Esports,FNATIC,11,3,189.4,218.067,196.12,218.067,68.92,76.267,70.66,76.267,0.6,2.0,-0.2,2.0,0.312,0.344,0.299,0.344,10,1,229.24,237.0,220.24,237.0,84.96,83.0,81.42,83.0,5.4,5.0,3.0,5.0,0.384,0.421,0.335,0.421,1,2,-39.84,-18.933,-24.12,-18.933,-16.04,-6.733,-10.76,-6.733,-4.8,-3.0,-3.2,-3.0,-0.073,-0.077,-0.036,-0.077,0
2023-04-28,Split,Natus Vincere,Team Vitality,13,1,206.52,193.6,209.64,193.6,80.72,70.4,78.32,70.4,3.8,0.0,1.8,0.0,0.343,0.429,0.357,0.429,12,2,190.88,200.1,192.38,200.1,70.0,77.6,70.94,77.6,-1.0,4.5,1.0,4.5,0.329,0.419,0.324,0.419,1,-1,15.64,-6.5,17.26,-6.5,10.72,-7.2,7.38,-7.2,4.8,-4.5,0.8,-4.5,0.014,0.01,0.032,0.01,1
2023-04-29,Fracture,Team Secret,ZETA DIVISION,12,3,192.12,206.733,196.56,206.733,70.68,75.0,72.18,75.0,-0.6,0.667,0.6,0.667,0.283,0.292,0.3,0.292,12,0,216.88,,211.66,,78.76,,78.8,,3.0,,2.8,,0.259,,0.286,,0,3,-24.76,,-15.1,,-8.08,,-6.62,,-3.6,,-2.2,,0.024,,0.013,,0
2023-04-29,Lotus,Team Secret,ZETA DIVISION,13,0,183.88,,191.08,,68.4,,71.4,,-1.4,,0.1,,0.299,,0.287,,13,1,211.96,223.0,209.5,223.0,78.64,81.0,78.42,81.0,3.4,2.0,2.9,2.0,0.237,0.389,0.275,0.389,0,-1,-28.08,,-18.42,,-10.24,,-7.02,,-4.8,,-2.8,,0.062,,0.012,,1
2023-04-29,Split,Team Secret,ZETA DIVISION,14,2,198.52,171.1,193.1,171.1,71.28,68.4,71.76,68.4,0.4,0.5,-0.3,0.5,0.32,0.252,0.287,0.252,14,0,204.96,,208.36,,75.52,,77.28,,2.4,,2.4,,0.235,,0.27,,0,2,-6.44,,-15.26,,-4.24,,-5.52,,-2.0,,-2.7,,0.085,,0.017,,0
2023-04-29,Fracture,T1,DetonatioN FocusMe,11,2,190.72,197.4,194.28,197.4,66.92,69.9,69.88,69.9,-3.4,-5.0,-3.4,-5.0,0.228,0.314,0.234,0.314,11,1,171.12,232.6,187.26,232.6,68.64,91.6,73.8,91.6,-3.2,9.0,-2.1,9.0,0.2,0.353,0.209,0.353,0,1,19.6,-35.2,7.02,-35.2,-1.72,-21.7,-3.92,-21.7,-0.2,-14.0,-1.3,-14.0,0.028,-0.039,0.024,-0.039,1
2023-04-29,Split,T1,DetonatioN FocusMe,12,0,196.24,,197.1,,69.92,,70.9,,-1.2,,-2.2,,0.294,,0.267,,12,0,175.76,,185.12,,70.48,,73.08,,-4.0,,-3.0,,0.208,,0.22,,0,0,20.48,,11.98,,-0.56,,-2.18,,2.8,,0.8,,0.086,,0.047,,0
2023-04-29,Lotus,DetonatioN FocusMe,T1,13,2,184.8,214.6,185.98,214.6,71.2,77.9,72.8,77.9,-3.8,-0.5,-2.8,-0.5,0.226,0.22,0.233,0.22,13,1,202.16,222.0,193.4,222.0,71.28,77.0,69.34,77.0,-1.0,4.0,-2.0,4.0,0.286,0.3,0.247,0.3,0,1,-17.36,-7.4,-7.42,-7.4,-0.08,0.9,3.46,0.9,-2.8,-4.5,-0.8,-4.5,-0.059,-0.08,-0.014,-0.08,0
2023-04-29,Fracture,100 Thieves,NRG,13,2,206.28,201.7,202.42,201.7,76.68,76.5,72.48,76.5,0.8,4.0,-1.3,4.0,0.285,0.271,0.283,0.271,11,0,203.68,,203.52,,75.8,,76.1,,3.6,,3.4,,0.301,,0.309,,2,2,2.6,,-1.1,,0.88,,-3.62,,-2.8,,-4.7,,-0.016,,-0.025,,0
2023-04-29,Bind,100 Thieves,NRG,14,0,198.76,,196.94,,75.08,,71.64,,0.8,,-1.5,,0.239,,0.253,,12,0,205.24,,206.72,,76.28,,76.56,,1.2,,3.1,,0.328,,0.332,,2,0,-6.48,,-9.78,,-1.2,,-4.92,,-0.4,,-4.6,,-0.09,,-0.079,,0
2023-04-29,Split,MIBR,FURIA,13,2,179.76,180.4,195.08,180.4,66.32,62.8,70.52,62.8,-4.4,-11.0,-1.3,-11.0,0.138,0.256,0.24,0.256,12,2,200.16,189.5,195.0,189.5,70.64,67.3,70.94,67.3,2.0,-2.0,-0.2,-2.0,0.212,0.305,0.253,0.305,1,0,-20.4,-9.1,0.08,-9.1,-4.32,-4.5,-0.42,-4.5,-6.4,-9.0,-1.1,-9.0,-0.074,-0.049,-0.013,-0.049,0
2023-04-29,Pearl,MIBR,FURIA,14,4,171.72,193.3,190.56,193.3,65.88,70.25,70.36,70.25,-3.2,-3.25,-1.5,-3.25,0.132,0.275,0.217,0.275,13,1,205.64,186.6,196.96,186.6,74.44,75.0,71.44,75.0,3.2,-2.0,0.4,-2.0,0.282,0.292,0.264,0.292,1,3,-33.92,6.7,-6.4,6.7,-8.56,-4.75,-1.08,-4.75,-6.4,-1.25,-1.9,-1.25,-0.151,-0.017,-0.047,-0.017,0
2023-04-30,Haven,DRX,Rex Regum Qeon,11,2,199.0,186.3,207.84,186.3,73.08,64.7,74.26,64.7,-1.4,-3.5,-0.7,-3.5,0.391,0.379,0.386,0.379,11,3,201.04,209.067,200.66,209.067,75.88,75.333,74.54,75.333,2.6,-2.0,0.5,-2.0,0.258,0.291,0.232,0.291,0,-1,-2.04,-22.767,7.18,-22.767,-2.8,-10.633,-0.28,-10.633,-4.0,-1.5,-1.2,-1.5,0.133,0.088,0.154,0.088,0
2023-04-30,Lotus,Sentinels,Cloud9,13,1,205.04,169.4,194.7,169.4,72.68,66.4,69.36,66.4,0.6,-13.0,-2.2,-13.0,0.343,0.261,0.276,0.261,11,1,209.88,211.4,205.1,211.4,76.88,82.0,74.56,82.0,2.2,6.0,2.0,6.0,0.313,0.4,0.3,0.4,2,0,-4.84,-42.0,-10.4,-42.0,-4.2,-15.6,-5.2,-15.6,-1.6,-19.0,-4.2,-19.0,0.03,-0.139,-0.024,-0.139,0
2023-04-30,Fracture,Sentinels,Cloud9,14,2,196.48,221.3,195.0,221.3,69.8,77.1,69.62,77.1,-0.6,-0.5,-2.2,-0.5,0.282,0.372,0.281,0.372,12,2,214.48,215.3,205.76,215.3,78.44,72.7,74.92,72.7,1.2,1.0,2.5,1.0,0.33,0.205,0.318,0.205,2,0,-18.0,6.0,-10.76,6.0,-8.64,4.4,-5.3,4.4,-1.8,-1.5,-4.7,-1.5,-0.048,0.167,-0.037,0.167,0
2023-04-30,Split,Evil Geniuses,LEVIATÁN,13,1,187.28,225.4,197.46,225.4,67.32,83.8,71.56,83.8,-5.8,10.0,-2.7,10.0,0.256,0.438,0.268,0.438,13,1,206.28,200.0,200.9,200.0,77.72,77.0,74.54,77.0,1.8,-2.0,1.5,-2.0,0.34,0.423,0.331,0.423,0,0,-19.0,25.4,-3.44,25.4,-10.4,6.8,-2.98,6.8,-7.6,12.0,-4.2,12.0,-0.084,0.014,-0.064,0.014,1
2023-04-30,Pearl,Evil Geniuses,LEVIATÁN,14,3,191.04,186.133,198.5,186.133,69.72,66.8,72.42,66.8,-4.2,-5.667,-2.8,-5.667,0.247,0.181,0.278,0.181,14,4,199.64,210.3,203.8,210.3,75.8,76.9,75.8,76.9,0.6,3.75,1.8,3.75,0.33,0.408,0.35,0.408,0,-1,-8.6,-24.167,-5.3,-24.167,-6.08,-10.1,-3.38,-10.1,-4.8,-9.417,-4.6,-9.417,-0.082,-0.228,-0.072,-0.228,0
2023-04-30,Ascent,LEVIATÁN,Evil Geniuses,15,2,196.72,194.1,205.54,194.1,73.76,70.6,76.52,70.6,-0.4,1.5,1.2,1.5,0.298,0.274,0.355,0.274,15,2,187.32,199.4,196.48,199.4,67.72,70.6,71.1,70.6,-2.0,-4.0,-1.7,-4.0,0.253,0.286,0.28,0.286,0,0,9.4,-5.3,9.06,-5.3,6.04,0.0,5.42,0.0,1.6,5.5,2.9,5.5,0.046,-0.011,0.075,-0.011,0
2023-04-30,Split,Rex Regum Qeon,DRX,12,1,197.36,200.2,204.3,200.2,74.0,78.0,74.64,78.0,1.4,6.0,0.3,6.0,0.266,0.4,0.26,0.4,12,3,197.12,218.333,204.48,218.333,71.28,78.067,73.48,78.067,-0.2,-0.333,-0.2,-0.333,0.342,0.416,0.372,0.416,0,-2,0.24,-18.133,-0.18,-18.133,2.72,-0.067,1.16,-0.067,1.6,6.333,0.5,6.333,-0.076,-0.016,-0.112,-0.016,0
2023-04-30,Pearl,DRX,Rex Regum Qeon,13,3,195.32,214.6,206.3,214.6,71.28,78.933,74.5,78.933,-0.2,1.333,0.3,1.333,0.314,0.406,0.357,0.406,13,1,190.32,242.6,203.54,242.6,70.76,82.0,74.82,82.0,-0.2,6.0,0.3,6.0,0.255,0.25,0.278,0.25,0,2,5.0,-28.0,2.76,-28.0,0.52,-3.067,-0.32,-3.067,-0.0,-4.667,-0.0,-4.667,0.059,0.156,0.078,0.156,1
2023-04-30,Pearl,Gen.G,Global Esports,12,2,201.84,200.9,201.6,200.9,76.88,73.3,74.88,73.3,3.2,4.0,2.2,4.0,0.259,0.196,0.29,0.196,13,3,210.76,196.667,203.76,196.667,69.4,71.933,72.48,71.933,-0.2,-1.0,0.3,-1.0,0.286,0.284,0.292,0.284,-1,-1,-8.92,4.233,-2.16,4.233,7.48,1.367,2.4,1.367,3.4,5.0,1.9,5.0,-0.027,-0.088,-0.002,-0.088,0
2023-04-30,Lotus,Global Esports,Gen.G,14,1,207.64,164.6,205.72,164.6,69.04,66.0,72.3,66.0,-0.4,-4.0,0.7,-4.0,0.269,0.2,0.308,0.2,13,2,194.4,213.1,199.2,213.1,72.44,74.5,74.08,74.5,1.8,3.0,1.2,3.0,0.231,0.451,0.266,0.451,1,-1,13.24,-48.5,6.52,-48.5,-3.4,-8.5,-1.78,-8.5,-2.2,-7.0,-0.5,-7.0,0.038,-0.251,0.042,-0.251,1
2023-05-01,Split,LOUD,KRÜ Esports,14,4,214.72,206.5,214.86,206.5,82.32,74.6,80.04,74.6,3.4,-1.0,3.2,-1.0,0.265,0.165,0.28,0.165,13,2,188.04,204.0,190.78,204.0,68.36,76.3,69.96,76.3,-1.8,0.0,-1.5,0.0,0.236,0.25,0.226,0.25,1,2,26.68,2.5,24.08,2.5,13.96,-1.7,10.08,-1.7,5.2,-1.0,4.7,-1.0,0.029,-0.085,0.053,-0.085,1
2023-05-01,Ascent,KRÜ Esports,LOUD,14,5,176.32,194.68,189.44,194.68,64.6,68.64,69.58,68.64,-2.6,-2.0,-1.2,-2.0,0.217,0.262,0.236,0.262,15,2,217.52,224.9,212.7,224.9,82.0,82.3,79.96,82.3,3.2,1.0,2.9,1.0,0.26,0.333,0.289,0.333,-1,3,-41.2,-30.22,-23.26,-30.22,-17.4,-13.66,-10.38,-13.66,-5.8,-3.0,-4.1,-3.0,-0.042,-0.071,-0.053,-0.071,0
2023-05-01,Pearl,LOUD,KRÜ Esports,16,3,215.76,220.133,210.08,220.133,80.64,78.667,79.38,78.667,3.4,4.0,3.0,4.0,0.277,0.298,0.288,0.298,15,2,169.84,195.7,186.98,195.7,61.44,69.6,68.8,69.6,-2.6,5.0,-1.0,5.0,0.217,0.162,0.229,0.162,1,1,45.92,24.433,23.1,24.433,19.2,9.067,10.58,9.067,6.0,-1.0,4.0,-1.0,0.06,0.137,0.059,0.137,0
2023-05-01,Pearl,TALON,Paper Rex,11,1,195.08,177.2,192.76,177.2,67.8,61.0,66.48,61.0,-2.2,-3.0,-1.2,-3.0,0.305,0.217,0.254,0.217,12,3,201.88,221.867,203.72,221.867,68.88,72.933,70.78,72.933,0.8,2.0,0.6,2.0,0.239,0.375,0.293,0.375,-1,-2,-6.8,-44.667,-10.96,-44.667,-1.08,-11.933,-4.3,-11.933,-3.0,-5.0,-1.8,-5.0,0.065,-0.158,-0.038,-0.158,1
2023-05-01,Fracture,Paper Rex,TALON,13,2,204.88,204.6,205.9,204.6,69.28,76.9,72.26,76.9,0.6,1.5,1.3,1.5,0.254,0.283,0.283,0.283,12,1,197.08,170.4,188.2,170.4,68.76,61.4,65.06,61.4,-1.6,-2.0,-1.5,-2.0,0.336,0.125,0.263,0.125,1,1,7.8,34.2,17.7,34.2,0.52,15.5,7.2,15.5,2.2,3.5,2.8,3.5,-0.082,0.158,0.019,0.158,1
2023-05-01,Split,Paper Rex,TALON,14,3,210.48,199.267,208.26,199.267,70.96,68.6,72.5,68.6,3.2,-0.333,2.8,-0.333,0.308,0.291,0.301,0.291,13,2,199.04,166.9,188.72,166.9,70.68,56.9,65.34,56.9,-2.2,-6.0,-2.4,-6.0,0.35,0.084,0.258,0.084,1,1,11.44,32.367,19.54,32.367,0.28,11.7,7.16,11.7,5.4,5.667,5.2,5.667,-0.042,0.207,0.043,0.207,1
2023-05-03,Bind,FNATIC,Team Vitality,11,0,226.6,,218.8,,83.12,,81.02,,5.0,,3.4,,0.376,,0.33,,13,0,180.92,,192.68,,65.4,,70.04,,-2.2,,0.8,,0.301,,0.308,,-2,0,45.68,,26.12,,17.72,,10.98,,7.2,,2.6,,0.075,,0.022,,1
2023-05-03,Haven,Team Vitality,FNATIC,14,3,181.12,181.8,191.08,181.8,65.16,68.667,68.92,68.667,-3.4,-2.333,-0.1,-2.333,0.235,0.32,0.286,0.32,12,2,224.56,219.5,221.14,219.5,81.64,82.3,81.24,82.3,3.8,4.5,3.5,4.5,0.38,0.37,0.335,0.37,2,1,-43.44,-37.7,-30.06,-37.7,-16.48,-13.633,-12.32,-13.633,-7.2,-6.833,-3.6,-6.833,-0.144,-0.05,-0.048,-0.05,0
2023-05-04,Bind,BBL Esports,KOI,14,0,214.88,,199.9,,80.08,,72.74,,4.6,,0.9,,0.362,,0.313,,10,0,188.64,,190.44,,71.4,,69.92,,-3.6,,-3.4,,0.27,,0.274,,4,0,26.24,,9.46,,8.68,,2.82,,8.2,,4.3,,0.091,,0.04,,1
2023-05-04,Haven,FUT Esports,Karmine Corp,12,1,178.96,199.0,187.54,199.0,65.32,79.4,68.6,79.4,-1.2,1.0,-1.3,1.0,0.271,0.478,0.291,0.478,13,1,192.56,215.4,171.72,215.4,71.96,75.8,65.76,75.8,1.6,4.0,-0.7,4.0,0.248,0.25,0.181,0.25,-1,0,-13.6,-16.4,15.82,-16.4,-6.64,3.6,2.84,3.6,-2.8,-3.0,-0.6,-3.0,0.024,0.228,0.11,0.228,1
2023-05-04,Ascent,FUT Esports,Karmine Corp,13,2,180.12,195.6,190.98,195.6,64.48,72.6,69.76,72.6,-3.4,-0.5,-1.9,-0.5,0.247,0.359,0.319,0.359,14,4,189.88,170.6,172.08,170.6,70.68,63.1,65.1,63.1,3.0,-1.5,0.0,-1.5,0.219,0.192,0.183,0.192,-1,-2,-9.76,25.0,18.9,25.0,-6.2,9.5,4.66,9.5,-6.4,1.0,-1.9,1.0,0.028,0.167,0.136,0.167,1
2023-05-04,Pearl,BBL Esports,KOI,15,0,214.64,,199.5,,80.68,,73.26,,5.2,,1.6,,0.387,,0.332,,11,0,183.52,,185.52,,69.84,,69.02,,-4.8,,-4.2,,0.234,,0.24,,4,0,31.12,,13.98,,10.84,,4.24,,10.0,,5.8,,0.153,,0.092,,0
2023-05-04,Ascent,BBL Esports,KOI,16,3,205.4,203.2,197.04,203.2,77.88,74.133,72.54,74.133,1.4,0.333,0.7,0.333,0.37,0.367,0.32,0.367,12,4,189.32,194.95,186.6,194.95,72.88,69.75,70.1,69.75,-2.4,-0.75,-3.6,-0.75,0.285,0.338,0.249,0.338,4,-1,16.08,8.25,10.44,8.25,5.0,4.383,2.44,4.383,3.8,1.083,4.3,1.083,0.085,0.029,0.071,0.029,1
2023-05-05,Lotus,Team Heretics,Giants Gaming,14,3,182.52,200.933,171.92,200.933,66.44,73.2,62.36,73.2,-1.2,-5.667,-3.2,-5.667,0.285,0.326,0.228,0.326,14,2,202.24,219.5,212.58,219.5,70.48,82.1,76.12,82.1,-1.8,5.5,1.2,5.5,0.288,0.345,0.302,0.345,0,1,-19.72,-18.567,-40.66,-18.567,-4.04,-8.9,-13.76,-8.9,0.6,-11.167,-4.4,-11.167,-0.003,-0.019,-0.074,-0.019,1
2023-05-05,Pearl,Team Heretics,Giants Gaming,15,2,186.76,147.6,178.7,147.6,67.6,55.2,64.46,55.2,-2.2,-3.5,-3.0,-3.5,0.331,0.153,0.268,0.153,15,1,197.64,172.2,213.08,172.2,69.4,59.0,75.74,59.0,-0.2,-2.0,2.0,-2.0,0.257,0.3,0.297,0.3,0,1,-10.88,-24.6,-34.38,-24.6,-1.8,-3.8,-11.28,-3.8,-2.0,-1.5,-5.0,-1.5,0.074,-0.147,-0.029,-0.147,1
2023-05-05,Bind,Team Liquid,Natus Vincere,15,0,211.4,,202.58,,73.12,,71.88,,1.2,,0.4,,0.314,,0.311,,14,0,201.24,,210.42,,75.36,,77.9,,2.8,,1.9,,0.342,,0.35,,1,0,10.16,,-7.84,,-2.24,,-6.02,,-1.6,,-1.5,,-0.027,,-0.038,,0
2023-05-05,Fracture,Natus Vincere,Team Liquid,15,2,201.16,201.4,211.6,201.4,74.84,77.2,77.96,77.2,2.4,2.0,2.1,2.0,0.354,0.336,0.336,0.336,16,2,204.0,213.0,201.64,213.0,71.64,74.9,71.66,74.9,0.2,-0.5,0.1,-0.5,0.307,0.356,0.31,0.356,-1,0,-2.84,-11.6,9.96,-11.6,3.2,2.3,6.3,2.3,2.2,2.5,2.0,2.5,0.047,-0.02,0.026,-0.02,1
2023-05-06,Split,ZETA DIVISION,Paper Rex,15,1,203.68,221.2,209.86,221.2,73.16,73.8,76.64,73.8,2.0,6.0,2.3,6.0,0.243,0.318,0.272,0.318,15,4,219.96,209.25,211.54,209.25,75.72,73.15,74.0,73.15,4.6,0.5,3.1,0.5,0.329,0.306,0.303,0.306,0,-3,-16.28,11.95,-1.68,11.95,-2.56,0.65,2.64,0.65,-2.6,5.5,-0.8,5.5,-0.086,0.012,-0.031,0.012,0
2023-05-06,Split,Cloud9,MIBR,13,1,218.6,227.6,205.74,227.6,77.96,79.0,75.22,79.0,0.6,8.0,1.6,8.0,0.351,0.35,0.325,0.35,15,3,177.44,176.333,187.48,176.333,65.64,64.867,69.06,64.867,-3.0,-8.667,-2.3,-8.667,0.146,0.237,0.209,0.237,-2,-2,41.16,51.267,18.26,51.267,12.32,14.133,6.16,14.133,3.6,16.667,3.9,16.667,0.205,0.113,0.116,0.113,1
2023-05-06,Pearl,Evil Geniuses,Sentinels,16,4,182.36,183.85,194.18,183.85,65.4,64.95,69.42,64.95,-3.8,-3.5,-2.2,-3.5,0.226,0.222,0.27,0.222,15,3,189.24,202.533,193.86,202.533,66.84,71.533,68.76,71.533,0.0,-2.0,-0.8,-2.0,0.264,0.309,0.271,0.309,1,1,-6.88,-18.683,0.32,-18.683,-1.44,-6.583,0.66,-6.583,-3.8,-1.5,-1.4,-1.5,-0.038,-0.087,-0.001,-0.087,1
2023-05-06,Ascent,Paper Rex,ZETA DIVISION,16,1,215.52,187.8,211.32,187.8,77.64,64.8,73.92,64.8,5.4,-2.0,3.3,-2.0,0.35,0.167,0.308,0.167,16,5,197.4,202.24,207.52,202.24,70.36,77.44,75.78,77.44,1.0,0.4,1.4,0.4,0.242,0.26,0.275,0.26,0,-4,18.12,-14.44,3.8,-14.44,7.28,-12.64,-1.86,-12.64,4.4,-2.4,1.9,-2.4,0.108,-0.094,0.033,-0.094,1
2023-05-06,Fracture,TALON,Gen.G,14,2,193.92,180.6,186.26,180.6,70.12,65.5,65.06,65.5,-3.6,-6.5,-3.0,-6.5,0.315,0.149,0.249,0.149,14,4,187.16,198.1,202.76,198.1,71.8,73.75,74.6,73.75,-0.8,-1.0,1.6,-1.0,0.19,0.283,0.272,0.283,0,-2,6.76,-17.5,-16.5,-17.5,-1.68,-8.25,-9.54,-8.25,-2.8,-5.5,-4.6,-5.5,0.126,-0.133,-0.023,-0.133,1
2023-05-06,Lotus,Gen.G,TALON,15,3,188.48,206.867,199.08,206.867,70.52,73.733,73.44,73.733,-2.6,0.333,0.2,0.333,0.188,0.38,0.258,0.38,15,0,196.28,,190.06,,70.24,,66.86,,-3.4,,-2.4,,0.295,,0.259,,0,3,-7.8,,9.02,,0.28,,6.58,,0.8,,2.6,,-0.107,,-0.001,,0
2023-05-06,Lotus,MIBR,Cloud9,16,2,179.8,211.7,183.24,211.7,67.12,75.5,68.0,75.5,-3.0,2.0,-2.9,2.0,0.189,0.333,0.219,0.333,14,2,215.6,218.1,210.36,218.1,79.84,81.5,77.76,81.5,1.8,5.5,2.2,5.5,0.335,0.435,0.322,0.435,2,0,-35.8,-6.4,-27.12,-6.4,-12.72,-6.0,-9.76,-6.0,-4.8,-3.5,-5.1,-3.5,-0.146,-0.102,-0.103,-0.102,0
2023-05-06,Fracture,Sentinels,Evil Geniuses,16,3,190.24,200.2,193.98,200.2,67.88,70.667,69.22,70.667,0.2,0.0,0.1,0.0,0.24,0.3,0.276,0.3,17,3,195.4,223.6,195.86,223.6,68.6,81.2,69.7,81.2,-2.0,1.333,-2.2,1.333,0.315,0.324,0.289,0.324,-1,0,-5.16,-23.4,-1.88,-23.4,-0.72,-10.533,-0.48,-10.533,2.2,-1.333,2.3,-1.333,-0.075,-0.024,-0.014,-0.024,0
2023-05-07,Pearl,Global Esports,Rex Regum Qeon,15,4,209.64,201.5,207.9,201.5,71.36,72.7,73.1,72.7,1.4,1.0,0.8,1.0,0.285,0.296,0.31,0.296,14,2,174.72,188.7,197.28,188.7,65.64,64.4,71.48,64.4,-1.8,0.5,0.0,0.5,0.225,0.158,0.255,0.158,1,2,34.92,12.8,10.62,12.8,5.72,8.3,1.62,8.3,3.2,0.5,0.8,0.5,0.06,0.138,0.056,0.138,0
2023-05-07,Fracture,Global Esports,Rex Regum Qeon,16,0,208.32,,207.0,,71.12,,72.16,,-0.6,,0.2,,0.284,,0.303,,15,2,181.04,185.1,198.2,185.1,66.92,71.2,72.08,71.2,-0.6,3.5,1.3,3.5,0.211,0.098,0.254,0.098,1,-2,27.28,,8.8,,4.2,,0.08,,-0.0,,-1.1,,0.072,,0.049,,0
2023-05-07,Lotus,Team Secret,T1,15,1,200.0,217.8,192.56,217.8,72.04,77.4,70.92,77.4,-0.2,3.0,-1.3,3.0,0.304,0.304,0.272,0.304,14,2,205.2,215.4,192.32,215.4,75.44,77.2,69.1,77.2,1.8,5.0,-1.1,5.0,0.318,0.286,0.243,0.286,1,-1,-5.2,2.4,0.24,2.4,-3.4,0.2,1.82,0.2,-2.0,-2.0,-0.2,-2.0,-0.013,0.018,0.029,0.018,0
2023-05-07,Bind,Team Secret,T1,16,0,190.04,,189.14,,68.0,,68.8,,-3.2,,-2.2,,0.281,,0.269,,15,0,209.16,,193.78,,76.28,,69.82,,3.6,,-0.3,,0.322,,0.244,,1,0,-19.12,,-4.64,,-8.28,,-1.02,,-6.8,,-1.9,,-0.041,,0.025,,0
2023-05-07,Ascent,100 Thieves,LOUD,15,3,193.4,184.667,194.54,184.667,73.64,62.267,71.04,62.267,-2.0,-3.0,-2.3,-3.0,0.212,0.264,0.234,0.264,17,3,214.92,219.067,206.9,219.067,80.6,80.2,77.92,80.2,6.0,1.333,3.1,1.333,0.317,0.347,0.291,0.347,-2,0,-21.52,-34.4,-12.36,-34.4,-6.96,-17.933,-6.88,-17.933,-8.0,-4.333,-5.4,-4.333,-0.105,-0.083,-0.057,-0.083,0
2023-05-07,Split,LOUD,100 Thieves,18,5,207.96,206.48,207.16,206.48,76.28,74.52,77.0,74.52,4.6,-0.6,2.4,-0.6,0.307,0.211,0.289,0.211,16,2,187.48,204.3,194.6,204.3,70.8,72.9,71.52,72.9,-2.8,5.0,-1.9,5.0,0.179,0.261,0.226,0.261,2,3,20.48,2.18,12.56,2.18,5.48,1.62,5.48,1.62,7.4,-5.6,4.3,-5.6,0.128,-0.051,0.064,-0.051,1
2023-05-07,Haven,LEVIATÁN,KRÜ Esports,16,1,200.84,166.8,202.48,166.8,73.6,67.6,75.58,67.6,-0.2,-2.0,0.2,-2.0,0.301,0.25,0.328,0.25,16,1,174.96,173.4,186.54,173.4,64.0,64.6,68.56,64.6,-2.4,3.0,-2.1,3.0,0.254,0.174,0.243,0.174,0,0,25.88,-6.6,15.94,-6.6,9.6,3.0,7.02,3.0,2.2,-5.0,2.3,-5.0,0.047,0.076,0.085,0.076,1
2023-05-07,Split,KRÜ Esports,LEVIATÁN,17,3,173.56,196.467,183.4,196.467,66.64,73.533,68.2,73.533,-2.0,-0.333,-2.2,-0.333,0.218,0.254,0.239,0.254,17,2,204.76,200.2,205.88,200.2,76.8,76.0,77.3,76.0,0.4,-1.5,0.9,-1.5,0.285,0.364,0.326,0.364,0,1,-31.2,-3.733,-22.48,-3.733,-10.16,-2.467,-9.1,-2.467,-2.4,1.167,-3.1,1.167,-0.067,-0.11,-0.087,-0.11,0
2023-05-08,Ascent,DRX,DetonatioN FocusMe,14,2,205.64,218.3,209.44,218.3,77.04,76.0,76.5,76.0,1.6,1.0,1.2,1.0,0.334,0.389,0.359,0.389,14,2,192.24,178.3,181.6,178.3,70.56,71.9,70.08,71.9,-3.4,-4.0,-4.3,-4.0,0.256,0.28,0.229,0.28,0,0,13.4,40.0,27.84,40.0,6.48,4.1,6.42,4.1,5.0,5.0,5.5,5.0,0.077,0.109,0.13,0.109,1
2023-05-08,Fracture,DetonatioN FocusMe,DRX,15,2,186.28,207.5,177.8,207.5,67.84,81.1,68.6,81.1,-2.4,2.0,-3.5,2.0,0.225,0.285,0.228,0.285,15,1,213.88,179.2,206.86,179.2,79.84,68.0,75.92,68.0,2.8,-5.0,0.9,-5.0,0.332,0.304,0.345,0.304,0,1,-27.6,28.3,-29.06,28.3,-12.0,13.1,-7.32,13.1,-5.2,7.0,-4.4,7.0,-0.107,-0.019,-0.117,-0.019,0
2023-05-08,Haven,FURIA,NRG,14,1,199.88,222.4,196.08,222.4,75.32,71.4,70.68,71.4,2.6,7.0,0.4,7.0,0.305,0.261,0.274,0.261,13,1,215.16,211.4,205.86,211.4,77.84,74.8,76.16,74.8,3.6,-3.0,3.6,-3.0,0.345,0.391,0.325,0.391,1,0,-15.28,11.0,-9.78,11.0,-2.52,-3.4,-5.48,-3.4,-1.0,10.0,-3.2,10.0,-0.039,-0.13,-0.051,-0.13,1
2023-05-08,Bind,FURIA,NRG,15,0,199.36,,196.04,,74.12,,70.2,,0.6,,0.5,,0.306,,0.268,,14,1,219.48,238.6,206.02,238.6,78.84,84.0,75.5,84.0,3.2,10.0,2.5,10.0,0.338,0.4,0.303,0.4,1,-1,-20.12,,-9.98,,-4.72,,-5.3,,-2.6,,-2.0,,-0.032,,-0.034,,0
2023-05-08,Pearl,NRG,FURIA,15,3,213.28,191.2,207.28,191.2,76.56,74.6,76.04,74.6,0.6,1.0,2.8,1.0,0.337,0.276,0.31,0.276,16,2,204.48,190.1,196.94,190.1,75.4,75.4,70.76,75.4,2.4,1.0,1.1,1.0,0.317,0.333,0.266,0.333,-1,1,8.8,1.1,10.34,1.1,1.16,-0.8,5.28,-0.8,-1.8,0.0,1.7,0.0,0.02,-0.058,0.044,-0.058,1
2023-05-10,Ascent,KOI,FNATIC,13,5,184.56,187.2,182.06,187.2,70.2,66.64,68.4,66.64,-1.6,-1.6,-3.5,-1.6,0.277,0.294,0.234,0.294,13,2,217.6,208.3,219.54,208.3,78.84,78.3,79.88,78.3,4.4,5.0,3.9,5.0,0.357,0.211,0.333,0.211,0,3,-33.04,-21.1,-37.48,-21.1,-8.64,-11.66,-11.48,-11.66,-6.0,-6.6,-7.4,-6.6,-0.08,0.083,-0.1,0.083,0
2023-05-10,Ascent,Team Vitality,Giants Gaming,15,2,180.8,207.4,187.42,207.4,65.16,75.5,67.92,75.5,-4.4,2.0,-1.5,2.0,0.282,0.295,0.282,0.295,16,2,190.68,205.9,207.2,205.9,68.84,75.1,73.44,75.1,-1.4,-2.0,0.6,-2.0,0.244,0.25,0.277,0.25,-1,0,-9.88,1.5,-19.78,1.5,-3.68,0.4,-5.52,0.4,-3.0,4.0,-2.1,4.0,0.037,0.045,0.005,0.045,0
2023-05-10,Split,Giants Gaming,Team Vitality,17,4,194.88,210.8,206.82,210.8,70.2,75.55,73.6,75.55,-1.0,2.0,0.9,2.0,0.244,0.306,0.278,0.306,16,3,185.52,197.133,189.12,197.133,65.6,74.333,68.08,74.333,-3.2,3.333,-1.9,3.333,0.261,0.366,0.291,0.366,1,1,9.36,13.667,17.7,13.667,4.6,1.217,5.52,1.217,2.2,-1.333,2.8,-1.333,-0.017,-0.06,-0.013,-0.06,0
2023-05-10,Lotus,FNATIC,KOI,14,2,213.24,230.3,217.74,230.3,78.04,82.7,80.34,82.7,4.6,6.5,5.3,6.5,0.354,0.377,0.341,0.377,14,3,177.56,180.8,177.66,180.8,66.68,65.733,67.14,65.733,-2.0,-5.0,-3.5,-5.0,0.264,0.19,0.232,0.19,0,-1,35.68,49.5,40.08,49.5,11.36,16.967,13.2,16.967,6.6,11.5,8.8,11.5,0.09,0.187,0.109,0.187,1
2023-05-10,Lotus,Team Vitality,Giants Gaming,17,2,192.92,192.0,191.9,192.0,67.08,66.7,68.54,66.7,-0.8,-5.0,-0.9,-5.0,0.296,0.219,0.312,0.219,18,3,196.56,215.467,206.54,215.467,70.68,79.2,73.36,79.2,-2.0,6.333,-0.3,6.333,0.246,0.308,0.274,0.308,-1,-1,-3.64,-23.467,-14.64,-23.467,-3.6,-12.5,-4.82,-12.5,1.2,-11.333,-0.6,-11.333,0.049,-0.089,0.039,-0.089,0
2023-05-11,Lotus,FNATIC,Karmine Corp,15,3,214.8,231.667,222.02,231.667,78.76,83.333,81.86,83.333,6.8,7.333,6.1,7.333,0.371,0.408,0.378,0.408,15,2,194.56,178.8,177.66,178.8,70.64,72.3,67.04,72.3,2.2,-0.5,-1.1,-0.5,0.223,0.233,0.2,0.233,0,1,20.24,52.867,44.36,52.867,8.12,11.033,14.82,11.033,4.6,7.833,7.2,7.833,0.148,0.175,0.178,0.175,1
2023-05-11,Lotus,FUT Esports,Natus Vincere,14,4,192.32,200.25,195.24,200.25,70.24,72.55,71.68,72.55,-0.6,-0.5,-0.2,-0.5,0.281,0.328,0.321,0.328,16,3,201.84,201.067,211.08,201.067,74.04,75.267,77.56,75.267,4.0,3.333,2.6,3.333,0.363,0.34,0.322,0.34,-2,1,-9.52,-0.817,-15.84,-0.817,-3.8,-2.717,-5.88,-2.717,-4.6,-3.833,-2.8,-3.833,-0.082,-0.012,-0.001,-0.012,0
2023-05-11,Haven,Karmine Corp,FNATIC,16,2,190.36,199.0,181.46,199.0,69.24,70.2,67.78,70.2,0.2,6.5,-0.8,6.5,0.22,0.22,0.219,0.22,16,3,208.16,213.733,217.38,213.733,77.28,77.867,80.2,77.867,5.4,5.667,5.2,5.667,0.382,0.349,0.379,0.349,0,-1,-17.8,-14.733,-35.92,-14.733,-8.04,-7.667,-12.42,-7.667,-5.2,0.833,-6.0,0.833,-0.162,-0.129,-0.16,-0.129,0
2023-05-12,Ascent,Team Liquid,BBL Esports,17,3,204.2,210.733,196.34,210.733,72.36,75.933,69.8,75.933,0.6,3.667,-0.8,3.667,0.303,0.306,0.293,0.306,17,4,205.28,212.85,203.54,212.85,78.08,78.5,75.6,78.5,2.2,1.5,1.3,1.5,0.336,0.349,0.321,0.349,0,-1,-1.08,-2.117,-7.2,-2.117,-5.72,-2.567,-5.8,-2.567,-1.6,2.167,-2.1,2.167,-0.033,-0.043,-0.028,-0.043,0
2023-05-12,Bind,BBL Esports,Team Liquid,18,1,207.96,206.6,204.94,206.6,76.96,81.0,76.32,81.0,1.6,6.0,1.8,6.0,0.372,0.556,0.331,0.556,18,1,201.36,196.4,195.76,196.4,72.64,73.6,69.46,73.6,0.4,-2.0,-1.4,-2.0,0.253,0.25,0.253,0.25,0,0,6.6,10.2,9.18,10.2,4.32,7.4,6.86,7.4,1.2,8.0,3.2,8.0,0.119,0.306,0.078,0.306,0
2023-05-12,Fracture,KOI,Team Heretics,15,1,168.44,194.8,178.54,194.8,63.88,73.4,67.64,73.4,-3.2,-6.0,-3.4,-6.0,0.202,0.25,0.236,0.25,16,1,189.04,195.2,182.2,195.2,69.4,67.4,65.9,67.4,-3.0,8.0,-1.7,8.0,0.329,0.375,0.278,0.375,-1,0,-20.6,-0.4,-3.66,-0.4,-5.52,6.0,1.74,6.0,-0.2,-14.0,-1.7,-14.0,-0.127,-0.125,-0.042,-0.125,1
2023-05-12,Lotus,Team Heretics,KOI,17,4,193.68,202.0,187.0,202.0,70.88,72.05,67.7,72.05,-4.0,-6.25,-2.4,-6.25,0.346,0.361,0.287,0.361,16,4,181.44,173.85,182.48,173.85,68.48,63.4,69.16,63.4,-0.8,-6.0,-2.8,-6.0,0.27,0.172,0.252,0.172,1,0,12.24,28.15,4.52,28.15,2.4,8.65,-1.46,8.65,-3.2,-0.25,0.4,-0.25,0.076,0.189,0.035,0.189,1
2023-05-12,Ascent,Team Heretics,KOI,18,2,194.08,155.4,191.76,155.4,70.6,55.0,69.68,55.0,-3.0,-4.0,-2.0,-4.0,0.332,0.165,0.309,0.165,17,6,173.84,176.88,181.58,181.133,65.76,65.2,69.32,65.667,-2.8,-3.2,-2.6,-2.333,0.237,0.249,0.261,0.283,1,-4,20.24,-21.48,10.18,-25.733,4.84,-10.2,0.36,-10.667,-0.2,-0.8,0.6,-1.667,0.095,-0.084,0.048,-0.118,0
2023-05-12,Fracture,T1,ZETA DIVISION,16,3,208.28,196.733,199.5,196.733,77.84,71.2,72.38,71.2,4.8,-1.667,0.7,-1.667,0.285,0.34,0.256,0.34,17,1,190.44,201.4,203.66,201.4,70.12,77.2,74.44,77.2,-1.4,3.0,0.8,3.0,0.284,0.273,0.271,0.273,-1,2,17.84,-4.667,-4.16,-4.667,7.72,-6.0,-2.06,-6.0,6.2,-4.667,-0.1,-4.667,0.001,0.067,-0.015,0.067,1
2023-05-12,Split,Gen.G,Paper Rex,16,0,187.08,,198.16,,68.92,,73.28,,-4.4,,-0.6,,0.176,,0.24,,17,5,214.04,210.36,207.96,210.36,80.16,74.96,74.52,74.96,5.4,2.2,3.1,2.2,0.377,0.319,0.308,0.319,-1,-5,-26.96,,-9.8,,-11.24,,-1.24,,-9.8,,-3.7,,-0.201,,-0.068,,0
2023-05-12,Ascent,Paper Rex,Gen.G,18,2,212.32,194.7,208.6,194.7,79.96,74.2,74.62,74.2,6.2,1.0,3.4,1.0,0.378,0.301,0.316,0.301,17,1,184.6,230.6,193.22,230.6,68.24,75.4,72.56,75.4,-5.0,8.0,-0.9,8.0,0.204,0.444,0.232,0.444,1,1,27.72,-35.9,15.38,-35.9,11.72,-1.2,2.06,-1.2,11.2,-7.0,4.3,-7.0,0.174,-0.144,0.085,-0.144,1
2023-05-12,Bind,T1,ZETA DIVISION,17,1,208.6,223.8,202.42,223.8,77.28,86.6,73.6,86.6,5.0,3.0,1.9,3.0,0.274,0.286,0.284,0.286,18,0,191.28,,201.62,,68.88,,73.76,,-3.2,,0.1,,0.296,,0.267,,-1,1,17.32,,0.8,,8.4,,-0.16,,8.2,,1.8,,-0.022,,0.017,,1
2023-05-12,Lotus,T1,ZETA DIVISION,18,3,221.0,218.467,211.58,218.467,80.96,79.2,76.12,79.2,6.0,6.333,2.5,6.333,0.312,0.289,0.299,0.289,19,2,187.92,203.9,196.44,203.9,65.76,72.7,70.64,72.7,-3.8,-0.5,-0.7,-0.5,0.269,0.325,0.252,0.325,-1,1,33.08,14.567,15.14,14.567,15.2,6.5,5.48,6.5,9.8,6.833,3.2,6.833,0.043,-0.036,0.047,-0.036,0
2023-05-13,Pearl,Global Esports,DetonatioN FocusMe,17,5,207.48,201.84,207.06,201.84,73.04,71.52,71.92,71.52,-0.2,-0.4,0.1,-0.4,0.294,0.295,0.298,0.295,16,3,188.12,192.8,179.62,192.8,67.84,74.4,68.24,74.4,-1.2,-3.667,-2.2,-3.667,0.235,0.184,0.217,0.184,1,2,19.36,9.04,27.44,9.04,5.2,-2.88,3.68,-2.88,1.0,3.267,2.3,3.267,0.059,0.111,0.081,0.111,1
2023-05-13,Lotus,DetonatioN FocusMe,Global Esports,17,3,186.16,206.0,180.96,206.0,67.16,73.4,68.82,73.4,-0.4,-2.333,-2.2,-2.333,0.223,0.253,0.215,0.253,18,2,207.44,194.1,209.1,194.1,74.56,73.9,71.98,73.9,0.8,0.5,0.3,0.5,0.328,0.267,0.307,0.267,-1,1,-21.28,11.9,-28.14,11.9,-7.4,-0.5,-3.16,-0.5,-1.2,-2.833,-2.5,-2.833,-0.105,-0.014,-0.092,-0.014,0
2023-05-13,Ascent,DRX,Team Secret,16,3,211.84,219.0,205.42,219.0,77.08,78.0,75.08,78.0,1.2,1.0,-0.1,1.0,0.324,0.357,0.357,0.357,17,2,180.92,216.8,186.52,216.8,66.32,75.5,68.5,75.5,-3.6,4.0,-2.1,4.0,0.243,0.368,0.263,0.368,-1,1,30.92,2.2,18.9,2.2,10.76,2.5,6.58,2.5,4.8,-3.0,2.0,-3.0,0.08,-0.011,0.094,-0.011,0
2023-05-13,Haven,DRX,Team Secret,17,3,213.84,187.933,205.48,187.933,77.44,65.333,74.36,65.333,-0.2,-0.667,-0.2,-0.667,0.344,0.316,0.343,0.316,18,3,186.36,203.267,185.12,203.267,67.2,75.933,67.8,75.933,-2.6,0.0,-2.0,0.0,0.246,0.276,0.273,0.276,-1,0,27.48,-15.333,20.36,-15.333,10.24,-10.6,6.56,-10.6,2.4,-0.667,1.8,-0.667,0.097,0.04,0.07,0.04,0
2023-05-13,Fracture,MIBR,Evil Geniuses,17,1,173.04,196.2,178.22,196.2,66.28,71.6,66.68,71.6,-3.6,-3.0,-4.1,-3.0,0.203,0.053,0.199,0.053,18,4,199.52,219.55,193.4,219.55,72.48,81.65,69.9,81.65,2.4,2.75,-1.7,2.75,0.358,0.362,0.307,0.362,-1,-3,-26.48,-23.35,-15.18,-23.35,-6.2,-10.05,-3.22,-10.05,-6.0,-5.75,-2.4,-5.75,-0.154,-0.309,-0.108,-0.309,0
2023-05-13,Lotus,MIBR,Evil Geniuses,18,3,166.64,193.933,173.2,193.933,64.4,71.2,65.36,71.2,-4.0,-0.333,-4.2,-0.333,0.215,0.301,0.177,0.301,19,0,206.48,,198.76,,73.88,,71.8,,3.2,,-0.5,,0.381,,0.314,,-1,3,-39.84,,-25.56,,-9.48,,-6.44,,-7.2,,-3.7,,-0.166,,-0.138,,0
2023-05-13,Haven,FURIA,100 Thieves,17,2,194.16,214.8,197.16,214.8,73.68,71.2,72.16,71.2,1.2,2.5,1.6,2.5,0.303,0.276,0.258,0.276,17,2,184.8,212.3,191.48,212.3,70.56,77.8,71.58,77.8,-1.2,3.0,-0.5,3.0,0.2,0.348,0.235,0.348,0,0,9.36,2.5,5.68,2.5,3.12,-6.6,0.58,-6.6,2.4,-0.5,2.1,-0.5,0.103,-0.072,0.023,-0.072,0
2023-05-13,Pearl,FURIA,100 Thieves,18,3,189.32,182.333,197.48,182.333,71.88,73.8,73.16,73.8,0.4,-0.667,1.8,-0.667,0.307,0.275,0.294,0.275,18,0,186.32,,196.3,,71.84,,74.26,,-1.2,,-0.2,,0.2,,0.242,,0,3,3.0,,1.18,,0.04,,-1.1,,1.6,,2.0,,0.106,,0.052,,1
2023-05-13,Fracture,100 Thieves,FURIA,19,3,189.24,191.467,194.0,191.467,71.84,73.067,73.46,73.067,-1.0,3.333,-0.1,3.333,0.24,0.201,0.239,0.201,19,2,190.76,198.6,195.32,198.6,70.32,70.1,72.82,70.1,-1.0,0.0,0.8,0.0,0.301,0.139,0.303,0.139,0,1,-1.52,-7.133,-1.32,-7.133,1.52,2.967,0.64,2.967,-0.0,3.333,-0.9,3.333,-0.061,0.063,-0.064,0.063,1
2023-05-14,Split,LOUD,NRG,19,6,203.32,200.8,209.02,205.1,73.32,72.76,77.82,74.133,0.8,-3.8,2.1,-1.167,0.329,0.223,0.297,0.223,16,1,209.12,209.4,206.4,209.4,78.24,76.4,77.02,76.4,2.0,10.0,2.8,10.0,0.354,0.3,0.327,0.3,3,5,-5.8,-8.6,2.62,-4.3,-4.92,-3.64,0.8,-2.267,-1.2,-13.8,-0.7,-11.167,-0.025,-0.077,-0.03,-0.077,0
2023-05-14,Haven,Rex Regum Qeon,TALON,16,4,189.48,211.6,195.26,211.6,68.08,74.65,71.98,74.65,-0.6,-2.75,1.0,-2.75,0.26,0.302,0.259,0.302,16,2,198.24,205.2,196.66,205.2,69.76,70.3,68.78,70.3,-1.0,-2.5,-1.6,-2.5,0.29,0.343,0.297,0.343,0,2,-8.76,6.4,-1.4,6.4,-1.68,4.35,3.2,4.35,0.4,-0.25,2.6,-0.25,-0.03,-0.042,-0.038,-0.042,1
2023-05-14,Pearl,LOUD,NRG,20,4,197.12,211.75,207.32,211.75,71.16,76.2,76.58,76.2,-1.0,3.75,1.1,3.75,0.284,0.289,0.272,0.289,17,4,208.44,191.05,206.84,191.05,78.44,76.75,77.36,76.75,4.0,1.75,2.6,1.75,0.355,0.325,0.342,0.325,3,0,-11.32,20.7,0.48,20.7,-7.28,-0.55,-0.78,-0.55,-5.0,2.0,-1.5,2.0,-0.071,-0.036,-0.07,-0.036,0
2023-05-14,Bind,Sentinels,KRÜ Esports,17,0,182.76,,190.42,,63.48,,67.62,,-1.6,,-0.6,,0.194,,0.262,,18,0,172.28,,180.16,,64.8,,66.58,,-4.0,,-2.9,,0.195,,0.216,,-1,0,10.48,,10.26,,-1.32,,1.04,,2.4,,2.3,,-0.002,,0.047,,1
2023-05-14,Lotus,Sentinels,KRÜ Esports,18,2,181.52,174.3,193.28,174.3,64.32,63.3,68.5,63.3,-1.6,-9.0,-0.5,-9.0,0.181,0.189,0.262,0.189,19,1,174.24,194.8,175.28,194.8,65.28,71.8,64.94,71.8,-4.4,-4.0,-3.5,-4.0,0.187,0.167,0.202,0.167,-1,1,7.28,-20.5,18.0,-20.5,-0.96,-8.5,3.56,-8.5,2.8,-5.0,3.0,-5.0,-0.006,0.023,0.06,0.023,1
2023-05-14,Split,Rex Regum Qeon,TALON,17,2,190.28,182.6,193.82,182.6,69.16,69.9,71.58,69.9,2.4,2.0,1.9,2.0,0.244,0.374,0.255,0.374,17,3,197.2,170.2,197.14,170.2,68.8,58.733,68.78,58.733,-3.0,-5.0,-2.3,-5.0,0.255,0.095,0.296,0.095,0,-1,-6.92,12.4,-3.32,12.4,0.36,11.167,2.8,11.167,5.4,7.0,4.2,7.0,-0.011,0.279,-0.041,0.279,0
2023-05-14,Ascent,Rex Regum Qeon,TALON,18,1,190.16,197.4,190.24,197.4,69.32,80.2,70.04,80.2,3.2,-2.0,1.5,-2.0,0.174,0.304,0.215,0.304,18,3,202.96,190.333,201.0,190.333,71.12,68.067,70.9,68.067,-1.2,0.333,-1.7,0.333,0.308,0.298,0.329,0.298,0,-2,-12.8,7.067,-10.76,7.067,-1.8,12.133,-0.86,12.133,4.4,-2.333,3.2,-2.333,-0.133,0.006,-0.114,0.006,1
2023-05-14,Haven,Gen.G,ZETA DIVISION,18,3,179.6,204.2,187.0,204.2,66.72,77.933,69.58,77.933,-4.6,1.0,-1.4,1.0,0.192,0.273,0.212,0.273,20,4,182.76,216.7,193.22,216.7,63.72,79.0,68.44,79.0,-6.4,6.0,-2.2,6.0,0.275,0.265,0.259,0.265,-2,-1,-3.16,-12.5,-6.22,-12.5,3.0,-1.067,1.14,-1.067,1.8,-5.0,0.8,-5.0,-0.082,0.008,-0.047,0.008,0
2023-05-14,Ascent,Gen.G,ZETA DIVISION,19,2,176.84,192.8,182.0,192.8,65.04,67.1,68.42,67.1,-4.6,1.5,-2.7,1.5,0.192,0.289,0.191,0.289,21,6,193.96,200.6,195.68,197.233,66.72,77.92,68.54,76.4,-3.6,-0.4,-1.3,-0.333,0.289,0.299,0.265,0.268,-2,-4,-17.12,-7.8,-13.68,-4.433,-1.68,-10.82,-0.12,-9.3,-1.0,1.9,-1.4,1.833,-0.096,-0.01,-0.074,0.021,1
2023-05-14,Fracture,Gen.G,ZETA DIVISION,20,5,186.36,195.24,187.42,195.24,68.76,71.92,69.64,71.92,-2.6,-1.8,-2.6,-1.8,0.26,0.264,0.224,0.264,22,2,194.4,203.5,192.42,203.5,63.52,74.1,66.82,74.1,-3.8,-1.5,-2.6,-1.5,0.228,0.303,0.256,0.303,-2,3,-8.04,-8.26,-5.0,-8.26,5.24,-2.18,2.82,-2.18,1.2,-0.3,-0.0,-0.3,0.032,-0.039,-0.032,-0.039,0
2023-05-15,Lotus,LEVIATÁN,Cloud9,18,2,213.12,209.8,209.7,209.8,77.2,82.3,77.46,82.3,1.8,5.5,1.8,5.5,0.298,0.293,0.319,0.293,15,3,220.96,221.467,215.24,221.467,80.48,81.733,79.7,81.733,1.8,5.333,2.8,5.333,0.341,0.427,0.349,0.427,3,-1,-7.84,-11.667,-5.54,-11.667,-3.28,0.567,-2.24,0.567,0.0,0.167,-1.0,0.167,-0.044,-0.135,-0.03,-0.135,0
2023-05-15,Pearl,T1,DRX,19,2,219.76,196.8,212.48,196.8,80.28,71.3,77.86,71.3,6.2,-3.5,4.0,-3.5,0.301,0.222,0.309,0.222,18,4,212.4,220.85,203.86,220.85,75.96,81.9,73.62,81.9,-1.2,2.25,-0.7,2.25,0.321,0.405,0.317,0.405,1,-2,7.36,-24.05,8.62,-24.05,4.32,-10.6,4.24,-10.6,7.4,-5.75,4.7,-5.75,-0.02,-0.183,-0.008,-0.183,0
2023-05-15,Haven,Team Secret,Global Esports,19,4,186.8,207.45,192.66,207.45,67.52,76.7,69.4,76.7,-2.6,0.75,-1.1,0.75,0.252,0.29,0.286,0.29,19,3,203.48,199.4,205.56,199.4,74.36,80.933,71.7,80.933,-0.2,3.0,-0.3,3.0,0.351,0.304,0.31,0.304,0,1,-16.68,8.05,-12.9,8.05,-6.84,-4.233,-2.3,-4.233,-2.4,-2.25,-0.8,-2.25,-0.099,-0.014,-0.024,-0.014,1
2023-05-15,Lotus,Global Esports,Team Secret,20,3,194.96,194.8,202.3,194.8,70.2,73.933,70.78,73.933,-2.0,1.0,-0.3,1.0,0.339,0.328,0.312,0.328,20,2,189.16,188.7,194.58,188.7,70.0,66.9,71.02,66.9,-0.6,-3.0,-0.4,-3.0,0.298,0.24,0.301,0.24,0,1,5.8,6.1,7.72,6.1,0.2,7.033,-0.24,7.033,-1.4,4.0,0.1,4.0,0.042,0.087,0.011,0.087,0
2023-05-15,Bind,T1,DRX,20,2,211.68,237.3,210.42,237.3,78.2,86.6,77.24,86.6,4.8,4.5,4.2,4.5,0.279,0.33,0.3,0.33,19,0,202.16,,203.9,,71.96,,74.5,,-2.6,,-0.5,,0.323,,0.328,,1,2,9.52,,6.52,,6.24,,2.74,,7.4,,4.7,,-0.044,,-0.028,,0
2023-05-15,Haven,LEVIATÁN,Cloud9,19,2,210.28,197.4,204.96,197.4,76.6,77.8,76.2,77.8,1.6,2.5,1.1,2.5,0.287,0.301,0.308,0.301,16,0,218.2,,214.04,,81.52,,79.2,,2.6,,2.4,,0.375,,0.344,,3,2,-7.92,,-9.08,,-4.92,,-3.0,,-1.0,,-1.3,,-0.088,,-0.036,,0
2023-05-16,Lotus,DetonatioN FocusMe,TALON,18,4,174.48,193.55,179.64,193.55,63.72,70.05,67.46,70.05,-0.6,-2.25,-2.2,-2.25,0.209,0.252,0.218,0.252,19,1,206.76,218.8,200.34,218.8,72.04,73.0,71.08,73.0,0.0,4.0,-1.8,4.0,0.319,0.45,0.317,0.45,-1,3,-32.28,-25.25,-20.7,-25.25,-8.32,-2.95,-3.62,-2.95,-0.6,-6.25,-0.4,-6.25,-0.11,-0.198,-0.1,-0.198,0
2023-05-16,Bind,TALON,DetonatioN FocusMe,20,0,203.48,,199.88,,70.92,,70.58,,-1.8,,-2.6,,0.336,,0.316,,19,0,177.6,,184.92,,65.68,,68.12,,1.4,,-1.0,,0.195,,0.226,,1,0,25.88,,14.96,,5.24,,2.46,,-3.2,,-1.6,,0.141,,0.09,,1
2023-05-16,Bind,Paper Rex,Rex Regum Qeon,19,0,215.36,,212.92,,82.12,,76.54,,5.0,,4.1,,0.371,,0.34,,19,0,211.0,,192.86,,76.84,,71.24,,3.6,,0.9,,0.243,,0.234,,0,0,4.36,,20.06,,5.28,,5.3,,1.4,,3.2,,0.128,,0.105,,1
2023-05-16,Pearl,Rex Regum Qeon,Paper Rex,20,3,205.72,197.533,193.38,197.533,74.28,69.0,70.6,69.0,1.2,2.333,0.3,2.333,0.275,0.189,0.243,0.189,20,4,209.16,216.1,214.56,216.1,80.04,73.45,77.88,73.45,5.6,1.5,5.1,1.5,0.337,0.355,0.333,0.355,0,-1,-3.44,-18.567,-21.18,-18.567,-5.76,-4.45,-7.28,-4.45,-4.4,0.833,-4.8,0.833,-0.062,-0.166,-0.09,-0.166,0
2023-05-17,Split,FNATIC,Natus Vincere,17,2,211.36,204.2,217.96,204.2,80.24,75.5,80.94,75.5,6.2,-3.0,5.0,-3.0,0.396,0.312,0.388,0.312,17,2,205.24,200.7,212.24,200.7,73.24,68.7,77.76,68.7,2.0,-0.5,2.5,-0.5,0.346,0.366,0.334,0.366,0,0,6.12,3.5,5.72,3.5,7.0,6.8,3.18,6.8,4.2,-2.5,2.5,-2.5,0.05,-0.054,0.053,-0.054,1
2023-05-17,Lotus,Natus Vincere,FNATIC,18,4,199.44,205.85,202.98,205.85,69.52,76.2,75.12,76.2,1.6,2.5,2.7,2.5,0.316,0.346,0.329,0.346,18,4,214.36,221.35,215.98,221.35,81.52,81.25,80.18,81.25,4.4,5.75,4.4,5.75,0.41,0.404,0.384,0.404,0,0,-14.92,-15.5,-13.0,-15.5,-12.0,-5.05,-5.06,-5.05,-2.8,-3.25,-1.7,-3.25,-0.095,-0.058,-0.054,-0.058,0
2023-05-18,Haven,Team Heretics,Team Vitality,19,1,197.28,175.4,189.9,175.4,70.64,68.4,68.54,68.4,-2.8,-5.0,-2.0,-5.0,0.32,0.269,0.302,0.269,18,4,189.56,179.4,185.24,179.4,66.12,66.55,65.76,66.55,-2.0,-3.75,-2.1,-3.75,0.275,0.345,0.288,0.345,1,-3,7.72,-4.0,4.66,-4.0,4.52,1.85,2.78,1.85,-0.8,-1.25,0.1,-1.25,0.044,-0.076,0.014,-0.076,0
2023-05-18,Lotus,Team Heretics,Team Vitality,20,5,192.36,200.8,189.56,200.8,71.0,72.36,69.3,72.36,-0.2,-5.0,-1.2,-5.0,0.27,0.371,0.3,0.371,19,3,192.08,186.133,186.6,186.133,67.68,65.467,66.42,65.467,-2.4,-5.0,-2.9,-5.0,0.316,0.198,0.276,0.198,1,2,0.28,14.667,2.96,14.667,3.32,6.893,2.88,6.893,2.2,0.0,1.7,0.0,-0.047,0.172,0.025,0.172,0
2023-05-18,Lotus,Giants Gaming,Karmine Corp,19,4,207.6,217.5,204.92,217.5,75.16,79.65,72.82,79.65,0.6,6.0,-0.6,6.0,0.281,0.336,0.284,0.336,17,3,170.88,181.6,178.92,181.6,63.68,71.067,67.4,71.067,-2.0,-0.667,-0.8,-0.667,0.197,0.257,0.219,0.257,2,1,36.72,35.9,26.0,35.9,11.48,8.583,5.42,8.583,2.6,6.667,0.2,6.667,0.084,0.079,0.065,0.079,1
2023-05-18,Ascent,Giants Gaming,Karmine Corp,20,3,203.48,207.467,200.56,207.467,74.32,77.0,71.86,77.0,-3.0,-0.333,-1.6,-0.333,0.321,0.254,0.289,0.254,18,5,169.6,171.04,181.08,171.04,64.96,64.24,68.46,64.24,-0.6,-4.0,0.5,-4.0,0.219,0.187,0.233,0.187,2,-2,33.88,36.427,19.48,36.427,9.36,12.76,3.4,12.76,-2.4,3.667,-2.1,3.667,0.102,0.067,0.055,0.067,1
2023-05-18,Split,Sentinels,FURIA,19,2,186.4,205.6,191.44,205.6,67.68,71.4,68.74,71.4,0.2,-3.0,-0.2,-3.0,0.227,0.346,0.254,0.346,20,3,180.32,195.067,189.84,195.067,69.52,71.533,71.82,71.533,-2.2,0.0,-0.8,0.0,0.283,0.337,0.295,0.337,-1,-1,6.08,10.533,1.6,10.533,-1.84,-0.133,-3.08,-0.133,2.4,-3.0,0.6,-3.0,-0.056,0.01,-0.04,0.01,1
2023-05-18,Haven,FURIA,Sentinels,21,3,176.48,203.867,190.48,203.867,68.72,71.133,72.06,71.133,-3.4,1.667,-0.5,1.667,0.244,0.323,0.281,0.323,20,1,196.0,194.2,192.62,194.2,70.52,72.6,68.68,72.6,0.4,-2.0,0.2,-2.0,0.285,0.25,0.274,0.25,1,2,-19.52,9.667,-2.14,9.667,-1.8,-1.467,3.38,-1.467,-3.8,3.667,-0.7,3.667,-0.041,0.073,0.006,0.073,1
2023-05-18,Bind,Sentinels,FURIA,21,1,195.56,221.0,192.9,221.0,73.6,81.0,70.74,81.0,0.0,3.0,0.1,3.0,0.285,0.304,0.262,0.304,22,1,185.64,197.0,189.9,197.0,71.48,71.0,72.58,71.0,-2.2,4.0,-0.5,4.0,0.268,0.292,0.286,0.292,-1,0,9.92,24.0,3.0,24.0,2.12,10.0,-1.84,10.0,2.2,-1.0,0.6,-1.0,0.017,0.013,-0.023,0.013,1
2023-05-18,Bind,NRG,Evil Geniuses,18,2,204.72,220.2,209.94,220.2,78.88,79.1,78.36,79.1,2.4,3.0,3.0,3.0,0.366,0.346,0.355,0.346,20,0,222.24,,204.78,,79.6,,73.66,,4.0,,1.0,,0.378,,0.315,,-2,2,-17.52,,5.16,,-0.72,,4.7,,-1.6,,2.0,,-0.012,,0.04,,1
2023-05-18,Split,Evil Geniuses,NRG,21,2,221.96,209.0,202.16,209.0,78.28,78.5,71.84,78.5,3.4,5.5,-0.2,5.5,0.362,0.327,0.294,0.327,19,2,207.8,211.6,213.64,211.6,79.04,78.1,78.94,78.1,2.4,9.0,2.8,9.0,0.397,0.372,0.367,0.372,2,0,14.16,-2.6,-11.48,-2.6,-0.76,0.4,-7.1,0.4,1.0,-3.5,-3.0,-3.5,-0.034,-0.045,-0.073,-0.045,0
2023-05-19,Ascent,Gen.G,T1,21,3,178.16,205.667,182.62,205.667,67.04,72.467,67.98,72.467,-2.0,2.667,-3.2,2.667,0.255,0.369,0.216,0.369,21,2,205.76,201.8,207.02,201.8,75.0,66.3,76.42,66.3,3.6,-3.5,4.2,-3.5,0.274,0.198,0.279,0.198,0,1,-27.6,3.867,-24.4,3.867,-7.96,6.167,-8.44,6.167,-5.6,6.167,-7.4,6.167,-0.018,0.171,-0.064,0.171,1
2023-05-19,Haven,FUT Esports,BBL Esports,15,2,190.96,204.9,195.76,204.9,71.84,74.9,71.7,74.9,-0.2,-4.0,-0.1,-4.0,0.259,0.406,0.304,0.406,19,3,200.36,205.0,207.62,205.0,75.6,74.533,77.84,74.533,1.8,3.333,3.2,3.333,0.327,0.308,0.345,0.308,-4,-1,-9.4,-0.1,-11.86,-0.1,-3.76,0.367,-6.14,0.367,-2.0,-7.333,-3.3,-7.333,-0.069,0.098,-0.041,0.098,1
2023-05-19,Pearl,FUT Esports,BBL Esports,16,1,195.96,232.6,192.68,232.6,73.68,82.0,71.3,82.0,-1.2,3.0,-0.3,3.0,0.294,0.353,0.303,0.353,20,1,198.6,166.6,206.62,166.6,75.6,61.4,78.14,61.4,1.2,-10.0,3.2,-10.0,0.246,0.188,0.317,0.188,-4,0,-2.64,66.0,-13.94,66.0,-1.92,20.6,-6.84,20.6,-2.4,13.0,-3.5,13.0,0.048,0.165,-0.014,0.165,1
2023-05-19,Lotus,Team Liquid,KOI,19,4,203.76,197.1,200.12,197.1,73.92,70.45,71.46,70.45,-1.6,1.5,-1.5,1.5,0.312,0.279,0.287,0.279,18,5,183.6,177.28,184.08,177.28,69.36,65.8,69.78,65.8,-1.0,-4.8,-1.3,-4.8,0.289,0.192,0.283,0.192,1,-1,20.16,19.82,16.04,19.82,4.56,4.65,1.68,4.65,-0.6,6.3,-0.2,6.3,0.023,0.086,0.004,0.086,1
2023-05-19,Ascent,KRÜ Esports,Cloud9,20,6,176.72,193.6,173.28,192.467,66.56,68.56,64.0,67.9,-4.8,-2.4,-3.7,-2.0,0.206,0.29,0.212,0.26,17,4,214.28,202.2,214.38,202.2,80.4,72.75,79.42,72.75,3.4,2.5,2.3,2.5,0.399,0.302,0.364,0.302,3,2,-37.56,-8.6,-41.1,-9.733,-13.84,-4.19,-15.42,-4.85,-8.2,-4.9,-6.0,-4.5,-0.193,-0.012,-0.153,-0.042,1
2023-05-19,Fracture,T1,Gen.G,22,4,206.04,196.8,207.32,196.8,74.48,71.15,75.88,71.15,4.0,0.25,4.5,0.25,0.257,0.338,0.265,0.338,22,6,183.32,181.16,183.96,188.533,67.64,69.12,67.94,70.333,-2.8,-1.2,-3.9,-1.667,0.274,0.236,0.239,0.25,0,-2,22.72,15.64,23.36,8.267,6.84,2.03,7.94,0.817,6.8,1.45,8.4,1.917,-0.017,0.102,0.026,0.089,1
2023-05-19,Split,KRÜ Esports,Cloud9,21,4,181.44,189.1,178.2,189.1,68.2,69.0,66.1,69.0,-3.2,-2.0,-2.8,-2.0,0.189,0.205,0.221,0.205,18,2,203.48,219.4,211.04,219.4,76.84,82.2,77.4,82.2,2.6,5.0,1.6,5.0,0.346,0.286,0.348,0.286,3,2,-22.04,-30.3,-32.84,-30.3,-8.64,-13.2,-11.3,-13.2,-5.8,-7.0,-4.4,-7.0,-0.157,-0.081,-0.127,-0.081,0
2023-05-19,Haven,LEVIATÁN,LOUD,20,3,206.72,196.2,201.72,196.2,74.72,74.6,74.24,74.6,0.4,-1.333,0.0,-1.333,0.255,0.221,0.277,0.221,21,3,193.08,204.667,204.42,204.667,69.56,80.467,75.1,80.467,-1.8,4.333,0.8,4.333,0.227,0.294,0.252,0.294,-1,0,13.64,-8.467,-2.7,-8.467,5.16,-5.867,-0.86,-5.867,2.2,-5.667,-0.8,-5.667,0.028,-0.073,0.024,-0.073,0
2023-05-19,Ascent,LEVIATÁN,LOUD,21,3,202.2,191.867,201.52,191.867,74.96,69.333,74.28,69.333,0.2,0.667,0.0,0.667,0.233,0.27,0.267,0.27,22,4,193.92,218.8,204.42,218.8,72.6,79.0,76.6,79.0,-2.0,1.5,2.0,1.5,0.255,0.344,0.286,0.344,-1,-1,8.28,-26.933,-2.9,-26.933,2.36,-9.667,-2.32,-9.667,2.2,-0.833,-2.0,-0.833,-0.022,-0.074,-0.019,-0.074,0
2023-05-19,Lotus,T1,Gen.G,23,4,199.76,214.5,210.38,214.5,72.96,77.9,76.96,77.9,5.0,6.5,5.5,6.5,0.249,0.271,0.28,0.271,23,4,191.52,204.15,185.56,204.15,69.44,73.05,68.08,73.05,-4.0,-0.75,-4.3,-0.75,0.295,0.335,0.244,0.335,0,0,8.24,10.35,24.82,10.35,3.52,4.85,8.88,4.85,9.0,7.25,9.8,7.25,-0.046,-0.064,0.037,-0.064,1
2023-05-19,Split,KOI,Team Liquid,19,1,187.8,201.6,182.68,201.6,69.6,71.2,68.14,71.2,-1.6,-6.0,-1.8,-6.0,0.291,0.273,0.278,0.273,20,3,205.84,240.6,208.62,240.6,74.4,84.0,73.76,84.0,-1.4,3.0,-0.1,3.0,0.285,0.374,0.3,0.374,-1,-2,-18.04,-39.0,-25.94,-39.0,-4.8,-12.8,-5.62,-12.8,-0.2,-9.0,-1.7,-9.0,0.005,-0.101,-0.022,-0.101,1
2023-05-19,Fracture,Team Liquid,KOI,21,3,207.56,208.733,205.78,208.733,73.52,73.067,72.58,73.067,-1.8,-2.333,-0.8,-2.333,0.277,0.335,0.292,0.335,20,2,198.52,206.5,183.48,206.5,72.64,77.7,68.26,77.7,1.0,0.0,-1.1,0.0,0.35,0.35,0.276,0.35,1,1,9.04,2.233,22.3,2.233,0.88,-4.633,4.32,-4.633,-2.8,-2.333,0.3,-2.333,-0.073,-0.015,0.016,-0.015,1
2023-05-19,Lotus,KRÜ Esports,Cloud9,22,2,192.72,194.3,183.14,194.3,70.28,71.2,68.46,71.2,-3.0,-4.0,-2.5,-4.0,0.204,0.256,0.211,0.256,19,4,204.8,215.95,210.2,215.95,76.08,80.55,77.96,80.55,3.4,4.5,2.6,4.5,0.365,0.408,0.35,0.408,3,-2,-12.08,-21.65,-27.06,-21.65,-5.8,-9.35,-9.5,-9.35,-6.4,-8.5,-5.1,-8.5,-0.161,-0.152,-0.139,-0.152,0
2023-05-20,Haven,Team Secret,DRX,21,5,198.8,207.92,194.42,207.92,74.6,77.32,71.3,77.32,2.2,1.4,-0.5,1.4,0.341,0.323,0.311,0.323,20,4,196.16,189.85,205.02,189.85,69.28,66.55,74.56,66.55,-2.2,-1.25,0.3,-1.25,0.316,0.285,0.324,0.285,1,1,2.64,18.07,-10.6,18.07,5.32,10.77,-3.26,10.77,4.4,2.65,-0.8,2.65,0.024,0.038,-0.013,0.038,1
2023-05-20,Split,DRX,Team Secret,21,4,195.32,214.45,203.58,214.45,70.48,77.95,73.78,77.95,-0.8,0.25,0.2,0.25,0.285,0.388,0.304,0.388,22,3,209.56,180.067,195.24,180.067,76.0,68.067,71.16,68.067,2.8,-1.667,-0.4,-1.667,0.339,0.244,0.291,0.244,-1,1,-14.24,34.383,8.34,34.383,-5.52,9.883,2.62,9.883,-3.6,1.917,0.6,1.917,-0.054,0.144,0.013,0.144,1
2023-05-20,Fracture,Paper Rex,T1,21,3,210.68,208.333,213.1,208.333,79.44,75.667,78.54,75.667,3.4,4.667,4.4,4.667,0.322,0.334,0.336,0.334,24,5,203.88,201.32,211.82,201.32,73.16,72.72,76.72,72.72,4.0,2.4,5.1,2.4,0.275,0.337,0.288,0.337,-3,-2,6.8,7.013,1.28,7.013,6.28,2.947,1.82,2.947,-0.6,2.267,-0.7,2.267,0.046,-0.004,0.047,-0.004,1
2023-05-20,Lotus,Paper Rex,T1,22,1,213.28,198.8,213.66,198.8,78.24,65.8,79.2,65.8,4.0,-2.0,4.7,-2.0,0.296,0.333,0.336,0.333,25,5,204.12,216.24,207.9,216.24,72.36,77.32,75.28,77.32,2.2,5.6,3.5,5.6,0.274,0.287,0.276,0.287,-3,-4,9.16,-17.44,5.76,-17.44,5.88,-11.52,3.92,-11.52,1.8,-7.6,1.2,-7.6,0.022,0.046,0.06,0.046,1
2023-05-20,Lotus,MIBR,100 Thieves,19,4,161.56,181.15,166.64,181.15,61.52,67.05,63.7,67.05,-4.6,-2.0,-3.9,-2.0,0.202,0.259,0.167,0.259,20,2,190.76,184.2,192.08,184.2,73.24,66.5,73.44,66.5,2.6,-3.0,0.3,-3.0,0.28,0.25,0.246,0.25,-1,2,-29.2,-3.05,-25.44,-3.05,-11.72,0.55,-9.74,0.55,-7.2,1.0,-4.2,1.0,-0.078,0.009,-0.079,0.009,1
2023-05-20,Pearl,100 Thieves,MIBR,21,1,195.72,185.6,191.6,185.6,74.48,66.2,72.64,66.2,3.0,3.0,0.1,3.0,0.286,0.261,0.233,0.261,20,5,167.76,191.0,172.6,191.0,63.12,69.6,64.38,69.6,-3.8,-3.4,-3.4,-3.4,0.222,0.27,0.184,0.27,1,-4,27.96,-5.4,19.0,-5.4,11.36,-3.4,8.26,-3.4,6.8,6.4,3.5,6.4,0.065,-0.009,0.049,-0.009,1
2023-05-20,Fracture,100 Thieves,MIBR,22,4,198.24,194.95,191.52,194.95,74.96,75.3,72.76,75.3,3.0,4.5,0.9,4.5,0.291,0.251,0.246,0.251,21,2,172.52,180.2,176.16,180.2,64.88,66.9,66.0,66.9,-4.2,-4.0,-3.6,-4.0,0.22,0.082,0.205,0.082,1,2,25.72,14.75,15.36,14.75,10.08,8.4,6.76,8.4,7.2,8.5,4.5,8.5,0.072,0.169,0.041,0.169,0
2023-05-20,Bind,Team Secret,DRX,23,1,206.68,159.8,196.52,159.8,74.28,63.8,70.74,63.8,2.0,-3.0,-0.3,-3.0,0.283,0.19,0.265,0.19,22,1,201.84,190.4,207.84,190.4,73.2,68.6,75.32,68.6,0.0,3.0,-0.1,3.0,0.282,0.261,0.313,0.261,1,0,4.84,-30.6,-11.32,-30.6,1.08,-4.8,-4.58,-4.8,2.0,-6.0,-0.2,-6.0,0.001,-0.07,-0.048,-0.07,0
2023-05-21,Haven,Team Secret,Gen.G,24,6,192.2,211.88,189.5,208.867,69.56,75.96,68.54,76.233,0.8,1.4,-0.9,1.167,0.217,0.318,0.234,0.3,24,4,190.96,198.3,183.9,198.3,70.68,74.4,67.86,74.4,-3.4,-0.5,-4.0,-0.5,0.267,0.264,0.23,0.264,0,2,1.24,13.58,5.6,10.567,-1.12,1.56,0.68,1.833,4.2,1.9,3.1,1.667,-0.05,0.053,0.005,0.035,0
2023-05-21,Fracture,ZETA DIVISION,T1,23,3,199.84,213.267,195.56,213.267,66.92,78.733,67.9,78.733,-2.4,-0.667,-2.8,-0.667,0.22,0.3,0.258,0.3,26,6,201.92,205.08,203.84,198.667,70.04,74.28,72.52,72.067,2.6,2.4,3.1,0.833,0.291,0.34,0.282,0.31,-3,-3,-2.08,8.187,-8.28,14.6,-3.12,4.453,-4.62,6.667,-5.0,-3.067,-5.9,-1.5,-0.071,-0.04,-0.024,-0.01,0
2023-05-21,Bind,ZETA DIVISION,T1,24,1,204.84,168.0,196.38,168.0,71.08,48.8,68.42,48.8,-1.0,-6.0,-2.4,-6.0,0.265,0.125,0.267,0.125,27,3,204.4,222.933,205.22,222.933,72.04,81.267,73.26,81.267,0.8,2.0,2.4,2.0,0.276,0.307,0.266,0.307,-3,-2,0.44,-54.933,-8.84,-54.933,-0.96,-32.467,-4.84,-32.467,-1.8,-8.0,-4.8,-8.0,-0.011,-0.182,0.0,-0.182,1
2023-05-21,Haven,ZETA DIVISION,T1,25,5,205.96,219.08,194.36,219.08,73.12,79.0,68.42,79.0,1.2,5.8,-2.6,5.8,0.264,0.278,0.27,0.278,28,4,200.36,187.7,200.06,187.7,70.2,70.95,71.58,70.95,-2.2,-2.5,1.4,-2.5,0.278,0.217,0.264,0.217,-3,1,5.6,31.38,-5.7,31.38,2.92,8.05,-3.16,8.05,3.4,8.3,-4.0,8.3,-0.014,0.061,0.006,0.061,0
2023-05-21,Split,Gen.G,Team Secret,25,1,189.76,168.8,188.06,168.8,71.32,67.0,70.04,67.0,-2.2,-4.0,-2.4,-4.0,0.228,0.2,0.244,0.2,25,4,186.56,180.6,187.86,180.6,66.88,66.65,68.44,66.65,-2.2,-1.75,-1.4,-1.75,0.164,0.197,0.231,0.197,0,-3,3.2,-11.8,0.2,-11.8,4.44,0.35,1.6,0.35,-0.0,-2.25,-1.0,-2.25,0.064,0.003,0.013,0.003,1
2023-05-21,Ascent,Team Secret,Gen.G,26,3,182.44,210.067,190.62,210.067,64.84,74.0,69.72,74.0,-4.4,3.333,-1.1,3.333,0.139,0.356,0.24,0.356,26,4,200.48,202.9,189.32,202.9,73.12,71.85,70.08,71.85,-0.8,0.0,-1.4,0.0,0.254,0.35,0.255,0.35,0,-1,-18.04,7.167,1.3,7.167,-8.28,2.15,-0.36,2.15,-3.6,3.333,0.3,3.333,-0.115,0.007,-0.015,0.007,1
2023-05-22,Ascent,T1,Gen.G,29,3,194.08,200.667,198.98,200.667,69.64,67.0,71.4,67.0,-2.4,0.333,0.8,0.333,0.269,0.216,0.272,0.216,27,5,202.08,202.84,192.7,202.84,73.96,72.32,70.8,72.32,1.4,0.6,-0.7,0.6,0.224,0.308,0.249,0.308,2,-2,-8.0,-2.173,6.28,-2.173,-4.32,-5.32,0.6,-5.32,-3.8,-0.267,1.5,-0.267,0.045,-0.093,0.023,-0.093,1
2023-05-22,Fracture,T1,Gen.G,30,7,201.84,201.6,202.98,200.4,71.88,74.2,72.12,72.971,-1.2,2.8,0.5,0.571,0.287,0.281,0.28,0.291,28,7,199.64,188.6,195.58,189.6,73.76,69.28,71.6,69.971,3.8,-1.6,-0.1,-3.0,0.22,0.248,0.258,0.248,2,0,2.2,13.0,7.4,10.8,-1.88,4.92,0.52,3.0,-5.0,4.4,0.6,3.571,0.066,0.033,0.023,0.043,1
2023-05-22,Bind,Paper Rex,DRX,23,1,218.48,208.2,215.4,208.2,79.24,76.4,79.6,76.4,3.4,6.0,4.8,6.0,0.279,0.182,0.329,0.182,23,2,207.76,207.8,210.08,207.8,74.6,72.9,75.28,72.9,1.2,3.0,0.0,3.0,0.326,0.336,0.324,0.336,0,-1,10.72,0.4,5.32,0.4,4.64,3.5,4.32,3.5,2.2,3.0,4.8,3.0,-0.047,-0.154,0.005,-0.154,1
2023-05-22,Fracture,DRX,Paper Rex,24,2,202.4,192.2,202.28,192.2,72.44,68.2,72.2,68.2,1.4,-6.0,-0.6,-6.0,0.297,0.366,0.31,0.366,24,4,214.88,209.9,215.12,209.9,78.24,76.15,80.18,76.15,2.6,5.25,3.8,5.25,0.273,0.326,0.322,0.326,0,-2,-12.48,-17.7,-12.84,-17.7,-5.8,-7.95,-7.98,-7.95,-1.2,-11.25,-4.4,-11.25,0.025,0.04,-0.012,0.04,0
2023-05-23,Ascent,Team Liquid,Team Vitality,22,4,211.32,207.05,207.76,207.05,75.84,74.95,74.1,74.95,1.4,2.25,1.0,2.25,0.299,0.255,0.301,0.255,20,3,201.24,205.667,191.02,205.667,70.52,72.933,67.84,72.933,-0.8,0.333,-2.6,0.333,0.303,0.284,0.292,0.284,2,1,10.08,1.383,16.74,1.383,5.32,2.017,6.26,2.017,2.2,1.917,3.6,1.917,-0.004,-0.029,0.009,-0.029,1
2023-05-23,Lotus,Team Liquid,Team Vitality,23,5,214.16,203.12,207.76,203.12,76.76,72.16,74.7,72.16,3.0,3.0,1.7,3.0,0.337,0.28,0.295,0.28,21,4,194.72,194.1,190.12,194.1,69.84,67.7,67.72,67.7,-1.4,-3.75,-2.3,-3.75,0.326,0.238,0.293,0.238,2,1,19.44,9.02,17.64,9.02,6.92,4.46,6.98,4.46,4.4,6.75,4.0,6.75,0.011,0.042,0.002,0.042,0
2023-05-23,Bind,Team Liquid,Team Vitality,24,2,209.0,202.9,206.38,202.9,74.24,75.8,74.08,75.8,3.6,-4.0,1.0,-4.0,0.258,0.375,0.285,0.375,22,1,201.12,192.6,197.02,192.6,71.52,71.4,69.3,71.4,-2.6,-3.0,-1.7,-3.0,0.332,0.143,0.314,0.143,2,1,7.88,10.3,9.36,10.3,2.72,4.4,4.78,4.4,6.2,-1.0,2.7,-1.0,-0.074,0.232,-0.029,0.232,1
2023-05-23,Ascent,FUT Esports,Giants Gaming,17,3,209.68,206.667,194.32,206.667,77.84,78.333,71.58,78.333,0.8,4.333,-0.2,4.333,0.327,0.332,0.299,0.332,21,4,209.44,210.7,200.06,210.7,76.2,76.9,72.52,76.9,-2.6,-0.75,-2.0,-0.75,0.364,0.301,0.304,0.301,-4,-1,0.24,-4.033,-5.74,-4.033,1.64,1.433,-0.94,1.433,3.4,5.083,1.8,5.083,-0.037,0.03,-0.005,0.03,1
2023-05-23,Haven,FUT Esports,Giants Gaming,18,3,205.36,202.067,192.74,202.067,77.16,75.267,70.82,75.267,1.4,-3.667,-1.0,-3.667,0.345,0.404,0.296,0.404,22,0,209.28,,202.08,,75.28,,72.74,,-2.0,,-1.5,,0.366,,0.305,,-4,3,-3.92,,-9.34,,1.88,,-1.92,,3.4,,0.5,,-0.02,,-0.009,,1
2023-05-23,Ascent,NRG,Evil Geniuses,20,2,210.2,204.3,211.74,204.3,79.6,75.8,78.08,75.8,2.8,6.5,1.7,6.5,0.398,0.247,0.368,0.247,22,3,218.68,199.8,207.04,199.8,78.36,71.133,73.48,71.133,3.8,-2.333,0.9,-2.333,0.324,0.292,0.319,0.292,-2,-1,-8.48,4.5,4.7,4.5,1.24,4.667,4.6,4.667,-1.0,8.833,0.8,8.833,0.075,-0.045,0.049,-0.045,0
2023-05-23,Haven,NRG,Evil Geniuses,21,2,206.24,204.4,207.68,204.4,76.76,72.9,77.5,72.9,0.8,-0.5,1.4,-0.5,0.323,0.279,0.339,0.279,23,3,219.32,176.8,209.42,176.8,77.36,63.733,74.92,63.733,3.6,-8.667,3.0,-8.667,0.289,0.28,0.323,0.28,-2,-1,-13.08,27.6,-1.74,27.6,-0.6,9.167,2.58,9.167,-2.8,8.167,-1.6,8.167,0.035,-0.001,0.016,-0.001,1
2023-05-23,Pearl,LEVIATÁN,FURIA,22,5,184.56,210.56,194.66,210.56,65.8,77.04,71.3,77.04,-2.8,2.4,-1.2,2.4,0.173,0.37,0.229,0.37,23,4,188.16,186.95,188.74,186.95,71.08,72.35,71.48,72.35,-2.2,-1.25,-0.9,-1.25,0.246,0.293,0.276,0.293,-1,1,-3.6,23.61,5.92,23.61,-5.28,4.69,-0.18,4.69,-0.6,3.65,-0.3,3.65,-0.073,0.077,-0.047,0.077,1
2023-05-23,Split,NRG,Evil Geniuses,22,3,202.6,212.333,205.52,212.333,76.32,77.733,77.38,77.733,-0.8,5.333,1.6,5.333,0.285,0.348,0.32,0.348,24,3,212.4,207.2,209.44,207.2,75.8,77.333,74.84,77.333,2.6,4.333,2.9,4.333,0.289,0.302,0.335,0.302,-2,0,-9.8,5.133,-3.92,5.133,0.52,0.4,2.54,0.4,-3.4,1.0,-1.3,1.0,-0.004,0.047,-0.015,0.047,0
2023-05-23,Ascent,LEVIATÁN,FURIA,23,4,178.92,178.85,196.02,178.85,65.36,62.55,71.28,62.55,-2.2,-1.5,-0.2,-1.5,0.166,0.216,0.232,0.216,24,4,189.84,206.1,190.3,206.1,72.4,75.45,71.36,75.45,-3.6,0.0,-2.3,0.0,0.235,0.287,0.268,0.287,-1,0,-10.92,-27.25,5.72,-27.25,-7.04,-12.9,-0.08,-12.9,1.4,-1.5,2.1,-1.5,-0.069,-0.071,-0.036,-0.071,0
2023-05-23,Bind,LEVIATÁN,FURIA,24,0,172.64,,191.46,,62.92,,69.76,,-1.8,,-0.1,,0.16,,0.224,,25,2,197.48,195.8,188.9,195.8,74.52,70.0,72.02,70.0,-2.0,2.0,-2.1,2.0,0.295,0.299,0.289,0.299,-1,-2,-24.84,,2.56,,-11.6,,-2.26,,0.2,,2.0,,-0.134,,-0.065,,0
2023-05-24,Ascent,LOUD,FURIA,23,5,195.32,220.04,201.64,220.04,74.4,80.08,75.34,80.08,-0.8,2.8,1.9,2.8,0.278,0.364,0.292,0.364,26,5,205.72,203.52,191.1,203.52,77.08,75.88,72.9,75.88,-1.0,0.0,-2.2,0.0,0.359,0.33,0.302,0.33,-3,0,-10.4,16.52,10.54,16.52,-2.68,4.2,2.44,4.2,0.2,2.8,4.1,2.8,-0.081,0.034,-0.009,0.034,1
2023-05-24,Fracture,Evil Geniuses,Cloud9,25,5,204.32,221.12,213.28,221.12,72.68,81.36,76.14,81.36,0.0,3.2,2.0,3.2,0.294,0.356,0.336,0.356,20,3,201.12,219.333,211.04,219.333,73.96,75.8,77.22,75.8,1.2,0.333,1.5,0.333,0.347,0.277,0.344,0.277,5,2,3.2,1.787,2.24,1.787,-1.28,5.56,-1.08,5.56,-1.2,2.867,0.5,2.867,-0.054,0.079,-0.009,0.079,1
2023-05-24,Bind,Evil Geniuses,Cloud9,26,1,209.92,199.2,215.94,199.2,75.12,65.6,76.7,65.6,0.8,-2.0,2.1,-2.0,0.315,0.227,0.339,0.227,21,0,194.0,,206.1,,70.16,,75.84,,0.4,,1.5,,0.322,,0.348,,5,1,15.92,,9.84,,4.96,,0.86,,0.4,,0.6,,-0.007,,-0.01,,1
2023-05-24,Haven,LOUD,FURIA,24,4,199.32,201.2,201.32,201.2,77.32,81.35,75.32,81.35,0.4,3.75,0.6,3.75,0.309,0.321,0.319,0.321,27,4,195.88,206.05,190.76,206.05,72.64,74.45,72.06,74.45,-1.8,1.75,-2.0,1.75,0.314,0.312,0.291,0.312,-3,0,3.44,-4.85,10.56,-4.85,4.68,6.9,3.26,6.9,2.2,2.0,2.6,2.0,-0.005,0.009,0.028,0.009,1
2023-05-24,Split,FNATIC,FUT Esports,19,3,218.08,208.533,215.66,208.533,81.36,75.467,79.7,75.467,2.8,-2.333,3.7,-2.333,0.41,0.335,0.382,0.335,19,2,204.16,190.1,198.24,190.1,75.44,60.8,72.84,60.8,-1.8,-2.5,-1.2,-2.5,0.345,0.172,0.313,0.172,0,1,13.92,18.433,17.42,18.433,5.92,14.667,6.86,14.667,4.6,0.167,4.9,0.167,0.065,0.163,0.069,0.163,1
2023-05-24,Bind,FUT Esports,FNATIC,20,0,192.12,,191.54,,71.92,,71.88,,-3.6,,-1.9,,0.322,,0.29,,20,1,221.12,214.8,217.96,214.8,82.0,79.8,80.38,79.8,2.8,3.0,4.8,3.0,0.396,0.333,0.384,0.333,0,-1,-29.0,,-26.42,,-10.08,,-8.5,,-6.4,,-6.7,,-0.074,,-0.093,,1
2023-05-24,Bind,Team Liquid,Natus Vincere,25,3,202.88,200.8,204.36,200.8,72.6,74.133,73.5,74.133,1.4,-3.333,0.0,-3.333,0.259,0.347,0.272,0.347,19,1,197.48,205.4,199.36,205.4,71.0,71.0,73.18,71.0,2.2,2.0,2.5,2.0,0.3,0.292,0.321,0.292,6,2,5.4,-4.6,5.0,-4.6,1.6,3.133,0.32,3.133,-0.8,-5.333,-2.5,-5.333,-0.041,0.056,-0.049,0.056,1
2023-05-24,Split,Team Liquid,Natus Vincere,26,4,199.16,231.7,203.36,231.7,71.96,80.3,72.74,80.3,1.8,1.25,0.0,1.25,0.284,0.332,0.281,0.332,20,3,194.72,188.867,197.94,188.867,70.48,65.4,72.66,65.4,2.2,0.0,2.3,0.0,0.309,0.34,0.332,0.34,6,1,4.44,42.833,5.42,42.833,1.48,14.9,0.08,14.9,-0.4,1.25,-2.3,1.25,-0.024,-0.007,-0.051,-0.007,1
2023-05-24,Lotus,FUT Esports,FNATIC,21,5,191.32,199.6,193.64,199.6,70.52,72.2,72.1,72.2,-3.0,-0.4,-2.1,-0.4,0.324,0.298,0.309,0.298,21,5,223.68,220.6,215.92,220.6,81.2,80.44,79.24,80.44,2.6,4.2,4.0,4.2,0.363,0.405,0.373,0.405,0,0,-32.36,-21.0,-22.28,-21.0,-10.68,-8.24,-7.14,-8.24,-5.6,-4.6,-6.1,-4.6,-0.039,-0.107,-0.064,-0.107,0
2023-05-25,Ascent,Cloud9,LEVIATÁN,22,5,180.96,196.44,197.62,196.44,65.48,71.04,72.94,71.04,-3.2,1.0,0.1,1.0,0.217,0.273,0.308,0.273,25,5,170.32,174.04,188.52,174.04,63.8,62.0,69.26,62.0,-0.6,-1.2,-0.1,-1.2,0.18,0.218,0.218,0.218,-3,0,10.64,22.4,9.1,22.4,1.68,9.04,3.68,9.04,-2.6,2.2,0.2,2.2,0.037,0.056,0.09,0.056,1
2023-05-25,Split,FUT Esports,Team Vitality,22,3,179.76,172.333,194.72,172.333,64.92,58.267,71.38,58.267,-3.8,-4.667,-1.5,-4.667,0.25,0.137,0.289,0.137,23,4,201.48,199.45,195.52,199.45,72.08,72.8,69.1,72.8,-1.2,4.75,-1.6,4.75,0.375,0.372,0.325,0.372,-1,-1,-21.72,-27.117,-0.8,-27.117,-7.16,-14.533,2.28,-14.533,-2.6,-9.417,0.1,-9.417,-0.126,-0.235,-0.037,-0.235,1
2023-05-25,Haven,LEVIATÁN,Cloud9,26,4,176.08,188.35,189.14,188.35,64.08,72.95,69.52,72.95,-2.0,-1.5,-0.9,-1.5,0.186,0.203,0.209,0.203,23,1,190.96,205.2,197.22,205.2,70.0,75.4,73.42,75.4,-0.4,9.0,1.1,9.0,0.256,0.588,0.301,0.588,3,3,-14.88,-16.85,-8.08,-16.85,-5.92,-2.45,-3.9,-2.45,-1.6,-10.5,-2.0,-10.5,-0.071,-0.385,-0.092,-0.385,0
2023-05-25,Haven,FURIA,NRG,28,5,185.8,193.68,186.98,193.68,70.16,70.88,70.62,70.88,-2.4,0.8,-2.3,0.8,0.289,0.285,0.267,0.285,23,3,198.6,201.467,201.66,201.467,73.8,74.467,76.34,74.467,0.0,-0.333,1.2,-0.333,0.258,0.269,0.312,0.269,5,2,-12.8,-7.787,-14.68,-7.787,-3.64,-3.587,-5.72,-3.587,-2.4,1.133,-3.5,1.133,0.031,0.015,-0.045,0.015,0
2023-05-25,Bind,NRG,FURIA,24,3,195.72,217.733,201.76,217.733,74.56,76.667,76.8,76.667,1.4,2.667,1.9,2.667,0.255,0.337,0.326,0.337,29,3,182.0,203.533,185.92,203.533,69.2,73.267,70.8,73.267,-2.2,2.333,-2.9,2.333,0.283,0.339,0.259,0.339,-5,0,13.72,14.2,15.84,14.2,5.36,3.4,6.0,3.4,3.6,0.333,4.8,0.333,-0.028,-0.003,0.067,-0.003,1
2023-05-25,Haven,Team Vitality,FUT Esports,24,5,195.64,184.56,193.86,184.56,69.68,69.08,68.68,69.08,-1.0,-4.0,-1.7,-4.0,0.351,0.346,0.334,0.346,23,4,181.48,207.25,193.42,207.25,67.32,76.75,72.24,76.75,-1.8,-3.25,-0.2,-3.25,0.238,0.372,0.292,0.372,1,1,14.16,-22.69,0.44,-22.69,2.36,-7.67,-3.56,-7.67,0.8,-0.75,-1.5,-0.75,0.113,-0.026,0.042,-0.026,1
2023-05-25,Lotus,Team Vitality,FUT Esports,25,5,192.76,202.96,197.0,202.96,70.4,69.48,70.46,69.48,-1.4,-2.4,-1.1,-2.4,0.343,0.275,0.323,0.275,24,6,175.44,184.08,189.8,192.6,65.12,67.4,70.28,69.2,-1.0,-2.4,-1.4,-0.667,0.246,0.258,0.296,0.261,1,-1,17.32,18.88,7.2,10.36,5.28,2.08,0.18,0.28,-0.4,-0.0,0.3,-1.733,0.098,0.017,0.028,0.014,0
2023-05-25,Pearl,Natus Vincere,Giants Gaming,21,2,192.72,223.4,197.28,223.4,69.04,86.9,71.54,86.9,1.2,3.0,2.6,3.0,0.303,0.281,0.333,0.281,23,2,202.44,181.4,199.5,181.4,73.08,63.1,71.88,63.1,0.2,-3.0,-0.9,-3.0,0.347,0.264,0.297,0.264,-2,0,-9.72,42.0,-2.22,42.0,-4.04,23.8,-0.34,23.8,1.0,6.0,3.5,6.0,-0.044,0.018,0.036,0.018,1
2023-05-25,Ascent,Giants Gaming,Natus Vincere,24,5,194.4,210.52,201.0,210.52,69.96,76.76,72.56,76.76,-1.6,0.6,-0.5,0.6,0.308,0.295,0.294,0.295,22,4,192.72,209.5,198.98,209.5,69.08,77.7,71.16,77.7,2.0,-1.0,2.0,-1.0,0.294,0.313,0.32,0.313,2,1,1.68,1.02,2.02,1.02,0.88,-0.94,1.4,-0.94,-3.6,1.6,-2.5,1.6,0.014,-0.018,-0.025,-0.018,0
2023-05-25,Lotus,Cloud9,LEVIATÁN,24,5,186.6,214.72,195.7,214.72,67.2,78.76,71.64,78.76,-1.0,2.4,1.2,2.4,0.269,0.391,0.317,0.391,27,3,185.4,201.933,184.98,201.933,68.16,78.867,66.98,78.867,-1.0,3.0,-1.9,3.0,0.203,0.279,0.188,0.279,-3,2,1.2,12.787,10.72,12.787,-0.96,-0.107,4.66,-0.107,0.0,-0.6,3.1,-0.6,0.066,0.112,0.129,0.112,0
2023-05-26,Ascent,Evil Geniuses,LOUD,27,4,219.68,202.5,219.18,202.5,78.24,72.85,78.3,72.85,2.2,-0.25,3.0,-0.25,0.331,0.294,0.327,0.294,25,6,209.36,216.96,203.24,219.733,82.0,81.08,76.58,81.2,2.6,3.0,0.8,2.667,0.347,0.377,0.315,0.377,2,-2,10.32,-14.46,15.94,-17.233,-3.76,-8.23,1.72,-8.35,-0.4,-3.25,2.2,-2.917,-0.015,-0.083,0.012,-0.083,1
2023-05-26,Lotus,FUT Esports,Natus Vincere,25,7,191.56,189.2,191.84,196.143,69.2,68.0,70.56,69.829,1.0,-2.0,-1.3,-0.429,0.317,0.273,0.32,0.283,23,5,203.08,204.28,201.26,204.28,72.4,75.84,70.96,75.84,3.0,2.4,2.3,2.4,0.309,0.322,0.313,0.322,2,2,-11.52,-15.08,-9.42,-8.137,-3.2,-7.84,-0.4,-6.011,-2.0,-4.4,-3.6,-2.829,0.007,-0.049,0.007,-0.039,1
2023-05-26,Bind,FNATIC,Team Liquid,22,2,229.4,209.0,220.38,209.0,79.16,75.4,79.7,75.4,1.6,1.5,3.9,1.5,0.355,0.28,0.375,0.28,27,4,194.8,197.2,203.06,197.2,69.92,72.1,72.88,72.1,-0.4,-3.0,0.5,-3.0,0.274,0.344,0.286,0.344,-5,-2,34.6,11.8,17.32,11.8,9.24,3.3,6.82,3.3,2.0,4.5,3.4,4.5,0.081,-0.063,0.089,-0.063,1
2023-05-26,Lotus,Team Liquid,FNATIC,28,6,188.68,198.52,201.42,199.867,66.76,69.76,71.76,71.033,-2.2,0.2,0.4,2.0,0.258,0.232,0.297,0.251,23,6,229.24,225.08,221.8,227.067,79.84,80.72,80.68,81.1,2.4,3.6,3.4,3.833,0.363,0.392,0.387,0.397,5,0,-40.56,-26.56,-20.38,-27.2,-13.08,-10.96,-8.92,-10.067,-4.6,-3.4,-3.0,-1.833,-0.105,-0.161,-0.089,-0.146,0
2023-05-26,Fracture,FUT Esports,Natus Vincere,26,0,195.72,,193.52,,70.48,,70.5,,2.4,,-0.3,,0.321,,0.322,,24,3,200.52,200.467,199.0,200.467,70.6,75.4,70.8,75.4,1.2,3.333,1.7,3.333,0.302,0.335,0.301,0.335,2,-3,-4.8,,-5.48,,-0.12,,-0.3,,1.2,,-2.0,,0.019,,0.021,,1
2023-05-26,Bind,LOUD,Evil Geniuses,26,0,211.88,,202.48,,82.6,,76.08,,2.6,,0.4,,0.378,,0.303,,28,2,218.08,225.8,218.7,225.8,76.68,78.1,77.02,78.1,1.4,3.5,2.5,3.5,0.346,0.28,0.318,0.28,-2,-2,-6.2,,-16.22,,5.92,,-0.94,,1.2,,-2.1,,0.032,,-0.015,,1
2023-05-26,Fracture,LOUD,Evil Geniuses,27,0,221.72,,207.82,,80.8,,76.7,,2.4,,0.2,,0.361,,0.308,,29,6,215.24,223.52,213.82,222.133,74.48,82.2,75.14,80.767,1.2,4.4,1.9,3.0,0.305,0.368,0.297,0.352,-2,-6,6.48,,-6.0,,6.32,,1.56,,1.2,,-1.7,,0.056,,0.011,,1
2023-05-26,Pearl,Cloud9,NRG,25,3,182.24,196.667,191.68,196.667,68.0,73.933,70.98,73.933,-1.6,-0.667,-0.2,-0.667,0.265,0.287,0.306,0.287,25,5,192.2,196.84,201.2,196.84,74.24,78.64,76.92,78.64,1.8,1.8,2.3,1.8,0.268,0.351,0.333,0.351,0,-2,-9.96,-0.173,-9.52,-0.173,-6.24,-4.707,-5.94,-4.707,-3.4,-2.467,-2.5,-2.467,-0.002,-0.064,-0.027,-0.064,1
2023-05-26,Lotus,Cloud9,NRG,26,6,188.4,210.04,191.2,210.267,70.04,77.48,70.1,78.233,-1.4,-0.6,-0.5,0.5,0.299,0.372,0.31,0.376,26,2,196.56,186.5,201.4,186.5,73.64,71.8,75.2,71.8,3.2,1.0,2.0,1.0,0.291,0.284,0.307,0.284,0,4,-8.16,23.54,-10.2,23.767,-3.6,5.68,-5.1,6.433,-4.6,-1.6,-2.5,-0.5,0.008,0.088,0.003,0.092,0
2023-05-26,Haven,Cloud9,NRG,27,2,199.64,200.6,190.3,200.6,74.2,71.5,69.84,71.5,0.0,6.0,-1.6,6.0,0.331,0.485,0.274,0.485,27,4,196.92,200.7,199.76,200.7,74.08,74.75,75.2,74.75,3.6,2.0,1.4,2.0,0.305,0.278,0.295,0.278,0,-2,2.72,-0.1,-9.46,-0.1,0.12,-3.25,-5.36,-3.25,-3.6,4.0,-3.0,4.0,0.026,0.207,-0.02,0.207,0
2023-05-27,Bind,Team SuperBusS,Team Bunny,0,0,,,,,,,,,,,,,,,,,0,0,,,,,,,,,,,,,,,,,0,0,,,,,,,,,,,,,,,,,0
2023-05-27,Split,Evil Geniuses,NRG,30,4,213.36,209.25,208.84,209.25,74.2,76.1,73.44,76.1,2.8,1.75,1.4,1.75,0.252,0.316,0.273,0.316,28,4,198.76,209.25,198.68,209.25,72.76,76.7,73.28,76.7,1.6,5.5,0.8,5.5,0.302,0.341,0.28,0.341,2,0,14.6,0.0,10.16,0.0,1.44,-0.6,0.16,-0.6,1.2,-3.75,0.6,-3.75,-0.051,-0.026,-0.008,-0.026,0
2023-05-27,Haven,Evil Geniuses,NRG,31,4,202.36,180.8,206.14,180.8,72.08,65.9,73.6,65.9,1.8,-6.5,1.3,-6.5,0.208,0.293,0.262,0.293,29,5,207.44,202.4,201.58,202.4,75.96,73.2,75.26,73.2,0.4,0.8,0.9,0.8,0.335,0.284,0.295,0.284,2,-1,-5.08,-21.6,4.56,-21.6,-3.88,-7.3,-1.66,-7.3,1.4,-7.3,0.4,-7.3,-0.127,0.009,-0.034,0.009,1
2023-05-27,Ascent,T1,DRX,31,4,207.92,206.55,204.92,206.55,76.28,70.25,73.16,70.25,1.6,0.0,2.1,0.0,0.269,0.227,0.28,0.227,25,4,198.48,214.55,197.32,214.55,71.4,75.6,70.34,75.6,0.0,0.25,-1.1,0.25,0.267,0.341,0.292,0.341,6,0,9.44,-8.0,7.6,-8.0,4.88,-5.35,2.82,-5.35,1.6,-0.25,3.2,-0.25,0.002,-0.114,-0.012,-0.114,1
2023-05-27,Fracture,DRX,T1,26,3,195.44,185.067,195.38,185.067,71.04,66.6,70.76,66.6,-0.4,-5.333,-0.6,-5.333,0.254,0.281,0.27,0.281,32,8,208.44,205.24,206.42,202.05,75.96,75.64,74.0,73.975,2.2,4.4,1.5,2.125,0.293,0.255,0.284,0.287,-6,-5,-13.0,-20.173,-11.04,-16.983,-4.92,-9.04,-3.24,-7.375,-2.6,-9.733,-2.1,-7.458,-0.038,0.026,-0.015,-0.006,1
2023-05-27,Haven,T1,DRX,33,5,204.56,188.52,202.46,188.52,76.52,71.2,73.36,71.2,3.2,-1.8,0.5,-1.8,0.282,0.235,0.28,0.235,27,5,187.24,192.08,194.54,192.08,70.12,68.12,71.66,68.12,-1.0,-1.0,-0.5,-1.0,0.257,0.282,0.27,0.282,6,0,17.32,-3.56,7.92,-3.56,6.4,3.08,1.7,3.08,4.2,-0.8,1.0,-0.8,0.025,-0.048,0.01,-0.048,0
2023-05-27,Bind,DRX,T1,28,3,183.6,192.4,195.68,192.4,70.36,68.6,72.48,68.6,-0.4,1.667,0.4,1.667,0.242,0.312,0.284,0.312,34,4,203.32,217.0,198.7,217.0,77.12,78.4,73.38,78.4,1.8,0.5,-0.3,0.5,0.279,0.317,0.274,0.317,-6,-1,-19.72,-24.6,-3.02,-24.6,-6.76,-9.8,-0.9,-9.8,-2.2,1.167,0.7,1.167,-0.038,-0.005,0.01,-0.005,0
2023-05-27,Pearl,DRX,T1,29,5,183.28,214.36,192.84,214.36,71.6,79.68,72.02,79.68,-1.2,1.4,0.1,1.4,0.231,0.406,0.264,0.406,35,3,199.76,192.6,200.8,192.6,77.32,71.8,74.6,71.8,3.0,-1.667,0.9,-1.667,0.332,0.208,0.31,0.208,-6,2,-16.48,21.76,-7.96,21.76,-5.72,7.88,-2.58,7.88,-4.2,3.067,-0.8,3.067,-0.101,0.197,-0.045,0.197,1
2023-05-27,Lotus,NRG,Evil Geniuses,30,3,203.96,190.133,198.08,190.133,75.04,74.467,74.64,74.467,0.0,1.333,0.9,1.333,0.329,0.295,0.299,0.295,32,1,188.24,255.8,203.96,255.8,69.32,88.0,73.78,88.0,0.4,7.0,1.3,7.0,0.208,0.333,0.27,0.333,-2,2,15.72,-65.667,-5.88,-65.667,5.72,-13.533,0.86,-13.533,-0.4,-5.667,-0.4,-5.667,0.121,-0.038,0.029,-0.038,1
2023-05-27,Ascent,NRG,Evil Geniuses,31,3,208.64,193.133,202.6,193.133,78.2,73.533,75.92,73.533,0.4,2.333,1.8,2.333,0.347,0.198,0.319,0.198,33,5,185.28,202.52,201.68,202.52,69.04,72.32,72.86,72.32,-0.6,0.2,0.4,0.2,0.194,0.31,0.27,0.31,-2,-2,23.36,-9.387,0.92,-9.387,9.16,1.213,3.06,1.213,1.0,2.133,1.4,2.133,0.153,-0.112,0.049,-0.112,1
2023-05-27,Ascent,FUT Esports,Team Liquid,27,4,207.12,202.3,193.44,202.3,74.04,75.5,69.48,75.5,0.8,1.75,-1.5,1.75,0.366,0.355,0.308,0.355,29,5,188.12,207.68,198.56,207.68,66.6,75.28,70.42,75.28,-0.4,3.0,1.6,3.0,0.291,0.262,0.274,0.262,-2,-1,19.0,-5.38,-5.12,-5.38,7.44,0.22,-0.94,0.22,1.2,-1.25,-3.1,-1.25,0.076,0.093,0.034,0.093,0
2023-05-27,Lotus,FUT Esports,Team Liquid,28,8,200.32,186.4,190.9,198.275,70.92,67.08,69.12,70.525,0.0,-0.4,-0.9,0.5,0.316,0.276,0.277,0.302,30,7,194.72,193.52,198.8,197.143,69.08,67.52,70.84,70.114,0.0,1.2,0.7,2.571,0.31,0.233,0.285,0.254,-2,1,5.6,-7.12,-7.9,1.132,1.84,-0.44,-1.72,0.411,-0.0,-1.6,-1.6,-2.071,0.006,0.043,-0.008,0.048,0
2023-05-27,Split,FUT Esports,Team Liquid,29,4,202.28,178.7,188.86,178.7,71.76,63.45,68.44,63.45,-0.8,-2.5,-0.9,-2.5,0.315,0.194,0.28,0.194,31,5,199.2,224.8,199.18,224.8,69.8,78.4,70.88,78.4,0.8,0.8,1.3,0.8,0.306,0.335,0.295,0.335,-2,-1,3.08,-46.1,-10.32,-46.1,1.96,-14.95,-2.44,-14.95,-1.6,-3.3,-2.2,-3.3,0.009,-0.142,-0.015,-0.142,0
2023-05-28,Bind,Paper Rex,DRX,25,2,220.88,210.6,215.02,210.6,79.8,77.7,79.92,77.7,2.2,3.5,3.9,3.5,0.314,0.275,0.326,0.275,30,4,189.64,184.3,194.06,184.3,76.12,68.0,73.76,68.0,0.8,0.0,0.4,0.0,0.254,0.287,0.261,0.287,-5,-2,31.24,26.3,20.96,26.3,3.68,9.7,6.16,9.7,1.4,3.5,3.5,3.5,0.06,-0.011,0.065,-0.011,1
2023-05-28,Fracture,Paper Rex,DRX,26,5,221.72,215.56,216.2,215.56,80.56,77.76,80.0,77.76,3.6,5.0,3.5,5.0,0.329,0.339,0.326,0.339,31,4,187.24,187.0,191.34,187.0,75.08,69.3,73.06,69.3,0.2,-4.25,-0.1,-4.25,0.234,0.284,0.244,0.284,-5,1,34.48,28.56,24.86,28.56,5.48,8.46,6.94,8.46,3.4,9.25,3.6,9.25,0.096,0.055,0.082,0.055,0
2023-05-28,Lotus,DRX,Paper Rex,32,0,190.12,,188.68,,76.2,,73.16,,1.4,,0.2,,0.281,,0.269,,27,2,215.64,207.5,214.46,207.5,79.56,72.4,78.9,72.4,1.2,-0.5,2.6,-0.5,0.3,0.275,0.298,0.275,5,-2,-25.52,,-25.78,,-3.36,,-5.74,,0.2,,-2.4,,-0.02,,-0.029,,0
2023-05-28,Lotus,Team Liquid,FNATIC,32,8,205.8,202.12,200.3,198.6,72.52,69.84,71.22,70.05,1.8,2.6,0.7,2.5,0.303,0.264,0.288,0.261,24,7,225.6,220.24,221.84,223.114,79.92,79.76,80.64,80.6,1.6,0.8,2.2,2.429,0.35,0.395,0.38,0.39,8,1,-19.8,-18.12,-21.54,-24.514,-7.4,-9.92,-9.42,-10.55,0.2,1.8,-1.5,0.071,-0.047,-0.131,-0.092,-0.129,0
2023-05-28,Ascent,Team Liquid,FNATIC,33,6,208.56,207.0,198.62,211.333,75.2,75.76,70.98,76.6,2.8,2.4,0.3,2.5,0.327,0.298,0.293,0.283,25,3,211.84,205.2,216.48,205.2,76.2,78.2,79.1,78.2,-0.6,5.333,1.1,5.333,0.337,0.277,0.367,0.277,8,3,-3.28,1.8,-17.86,6.133,-1.0,-2.44,-8.12,-1.6,3.4,-2.933,-0.8,-2.833,-0.01,0.021,-0.074,0.007,1
2023-05-28,Haven,FNATIC,Team Liquid,26,4,210.48,218.0,217.08,218.0,76.48,82.05,78.84,82.05,-0.6,6.0,1.0,6.0,0.345,0.362,0.354,0.362,34,2,211.2,149.2,199.66,149.2,76.0,58.5,71.3,58.5,1.6,-4.0,0.6,-4.0,0.358,0.184,0.324,0.184,-8,2,-0.72,68.8,17.42,68.8,0.48,23.55,7.54,23.55,-2.2,10.0,0.4,10.0,-0.013,0.178,0.03,0.178,0
2023-05-28,Fracture,LOUD,NRG,28,1,218.8,210.4,207.06,210.4,78.84,74.6,76.62,74.6,0.4,-2.0,-0.2,-2.0,0.381,0.545,0.329,0.545,32,1,210.2,217.2,203.56,217.2,78.24,78.8,76.16,78.8,1.8,-2.0,2.7,-2.0,0.35,0.438,0.327,0.438,-4,0,8.6,-6.8,3.5,-6.8,0.6,-4.2,0.46,-4.2,-1.4,0.0,-2.9,0.0,0.031,0.108,0.002,0.108,1
2023-05-28,Bind,NRG,LOUD,33,4,207.0,212.35,202.88,212.35,78.68,76.35,75.72,76.35,2.6,2.0,2.1,2.0,0.347,0.343,0.324,0.343,29,1,217.92,240.0,208.62,240.0,76.32,75.0,76.82,75.0,0.0,1.0,0.2,1.0,0.351,0.312,0.33,0.312,4,3,-10.92,-27.65,-5.74,-27.65,2.36,1.35,-1.1,1.35,2.6,1.0,1.9,1.0,-0.004,0.031,-0.005,0.031,0
2023-05-28,Ascent,LOUD,NRG,30,7,215.2,213.68,212.28,216.886,73.32,78.72,77.66,79.743,1.0,2.4,1.8,2.0,0.338,0.369,0.342,0.359,34,4,198.4,196.15,202.92,196.15,72.56,75.15,74.26,75.15,0.4,4.0,0.4,4.0,0.319,0.232,0.327,0.232,-4,3,16.8,17.53,9.36,20.736,0.76,3.57,3.4,4.593,0.6,-1.6,1.4,-2.0,0.019,0.138,0.015,0.127,1
2023-05-28,Fracture,Team Liquid,FNATIC,35,4,206.92,211.3,200.82,211.3,75.16,75.05,72.12,75.05,2.2,0.75,1.1,0.75,0.354,0.351,0.332,0.351,27,0,196.72,,213.06,,72.84,,76.0,,-1.6,,0.0,,0.337,,0.346,,8,4,10.2,,-12.24,,2.32,,-3.88,,3.8,,1.1,,0.017,,-0.014,,1
2023-05-28,Pearl,DRX,Paper Rex,33,6,179.48,213.12,181.54,212.4,71.56,81.32,70.96,80.733,-1.4,2.6,-0.9,2.167,0.226,0.362,0.234,0.376,28,5,218.84,217.36,218.66,217.36,80.8,74.6,80.02,74.6,2.6,0.8,3.0,0.8,0.369,0.342,0.324,0.342,5,1,-39.36,-4.24,-37.12,-4.96,-9.24,6.72,-9.06,6.133,-4.0,1.8,-3.9,1.367,-0.143,0.02,-0.09,0.034,0
2023-05-28,Ascent,Paper Rex,DRX,29,3,217.08,206.8,215.98,206.8,80.8,77.467,79.52,77.467,3.0,2.333,2.8,2.333,0.353,0.334,0.313,0.334,34,5,184.44,208.8,183.86,208.8,72.44,75.0,72.02,75.0,-1.0,-0.2,-1.1,-0.2,0.241,0.314,0.236,0.314,-5,-2,32.64,-2.0,32.12,-2.0,8.36,2.467,7.5,2.467,4.0,2.533,3.9,2.533,0.111,0.019,0.077,0.019,0
2023-06-01,Bind,Night Wings Gaming,Four Angry Men,0,0,,,,,,,,,,,,,,,,,0,0,,,,,,,,,,,,,,,,,0,0,,,,,,,,,,,,,,,,,0
2023-06-01,Haven,Totoro Gaming,Weibo Gaming,0,0,,,,,,,,,,,,,,,,,0,0,,,,,,,,,,,,,,,,,0,0,,,,,,,,,,,,,,,,,1
2023-06-01,Split,Weibo Gaming,Totoro Gaming,1,0,205.0,,205.0,,70.0,,70.0,,2.0,,2.0,,0.286,,0.286,,1,0,228.8,,228.8,,78.6,,78.6,,-2.0,,-2.0,,0.321,,0.321,,0,0,-23.8,,-23.8,,-8.6,,-8.6,,4.0,,4.0,,-0.036,,-0.036,,0
2023-06-01,Lotus,Douyu Gaming,Number One Player,0,0,,,,,,,,,,,,,,,,,0,0,,,,,,,,,,,,,,,,,0,0,,,,,,,,,,,,,,,,,1
2023-06-01,Split,Douyu Gaming,Number One Player,1,0,239.6,,239.6,,81.0,,81.0,,9.0,,9.0,,0.294,,0.294,,1,0,174.2,,174.2,,57.6,,57.6,,-9.0,,-9.0,,0.118,,0.118,,0,0,65.4,,65.4,,23.4,,23.4,,18.0,,18.0,,0.176,,0.176,,1
2023-06-01,Ascent,Royal Never Give Up,Gank Gaming,0,0,,,,,,,,,,,,,,,,,0,0,,,,,,,,,,,,,,,,,0,0,,,,,,,,,,,,,,,,,1
2023-06-01,Lotus,Gank Gaming,Royal Never Give Up,1,0,180.0,,180.0,,59.0,,59.0,,-7.0,,-7.0,,0.158,,0.158,,1,0,224.0,,224.0,,86.0,,86.0,,7.0,,7.0,,0.421,,0.421,,0,0,-44.0,,-44.0,,-27.0,,-27.0,,-14.0,,-14.0,,-0.263,,-0.263,,1
2023-06-01,Bind,Royal Never Give Up,Gank Gaming,2,0,205.7,,205.7,,78.7,,78.7,,-2.0,,-2.0,,0.319,,0.319,,2,0,197.7,,197.7,,67.4,,67.4,,2.0,,2.0,,0.209,,0.209,,0,0,8.0,,8.0,,11.3,,11.3,,-4.0,,-4.0,,0.11,,0.11,,1
2023-06-01,Pearl,Four Angry Men,Night Wings Gaming,1,0,212.0,,212.0,,74.8,,74.8,,4.0,,4.0,,0.321,,0.321,,1,0,183.2,,183.2,,62.8,,62.8,,-4.0,,-4.0,,0.321,,0.321,,0,0,28.8,,28.8,,12.0,,12.0,,8.0,,8.0,,0.0,,0.0,,0
2023-06-01,Split,Four Angry Men,Night Wings Gaming,2,0,205.5,,205.5,,70.2,,70.2,,2.0,,2.0,,0.321,,0.321,,2,0,197.1,,197.1,,68.2,,68.2,,-2.0,,-2.0,,0.321,,0.321,,0,0,8.4,,8.4,,2.0,,2.0,,4.0,,4.0,,0.0,,0.0,,0
2023-06-02,Ascent,Rare Atom,Dragon Ranger Gaming,0,0,,,,,,,,,,,,,,,,,0,0,,,,,,,,,,,,,,,,,0,0,,,,,,,,,,,,,,,,,0
2023-06-02,Lotus,Dragon Ranger Gaming,Rare Atom,1,0,185.8,,185.8,,75.0,,75.0,,0.0,,0.0,,0.5,,0.5,,1,0,190.8,,190.8,,79.0,,79.0,,0.0,,0.0,,0.208,,0.208,,0,0,-5.0,,-5.0,,-4.0,,-4.0,,0.0,,0.0,,0.292,,0.292,,0
2023-06-02,Haven,Dragon Ranger Gaming,Rare Atom,2,0,195.4,,195.4,,76.7,,76.7,,1.0,,1.0,,0.327,,0.327,,2,0,197.1,,197.1,,74.4,,74.4,,-1.0,,-1.0,,0.258,,0.258,,0,0,-1.7,,-1.7,,2.3,,2.3,,2.0,,2.0,,0.069,,0.069,,1
2023-06-02,Lotus,Kingzone,Shenzhen NTER,0,0,,,,,,,,,,,,,,,,,0,0,,,,,,,,,,,,,,,,,0,0,,,,,,,,,,,,,,,,,0
2023-06-02,Split,Nova Esports,Invincible Gaming,0,0,,,,,,,,,,,,,,,,,0,0,,,,,,,,,,,,,,,,,0,0,,,,,,,,,,,,,,,,,1
2023-06-02,Split,Monarch Effect,TYLOO,0,0,,,,,,,,,,,,,,,,,0,0,,,,,,,,,,,,,,,,,0,0,,,,,,,,,,,,,,,,,0
2023-06-02,Ascent,Monarch Effect,TYLOO,1,0,193.2,,193.2,,71.8,,71.8,,-10.0,,-10.0,,0.333,,0.333,,1,0,210.8,,210.8,,76.8,,76.8,,10.0,,10.0,,0.208,,0.208,,0,0,-17.6,,-17.6,,-5.0,,-5.0,,-20.0,,-20.0,,0.125,,0.125,,1
2023-06-02,Lotus,TYLOO,Monarch Effect,2,0,207.1,,207.1,,73.6,,73.6,,3.5,,3.5,,0.223,,0.223,,2,0,212.0,,212.0,,75.5,,75.5,,-3.5,,-3.5,,0.262,,0.262,,0,0,-4.9,,-4.9,,-1.9,,-1.9,,7.0,,7.0,,-0.039,,-0.039,,1
2023-06-02,Fracture,Shenzhen NTER,Kingzone,1,0,254.0,,254.0,,91.6,,91.6,,10.0,,10.0,,0.5,,0.5,,1,0,114.4,,114.4,,27.0,,27.0,,-10.0,,-10.0,,0.0,,0.0,,0,0,139.6,,139.6,,64.6,,64.6,,20.0,,20.0,,0.5,,0.5,,1
2023-06-02,Fracture,Invincible Gaming,Nova Esports,1,0,205.0,,205.0,,64.6,,64.6,,-2.0,,-2.0,,0.111,,0.111,,1,0,224.8,,224.8,,77.8,,77.8,,2.0,,2.0,,0.444,,0.444,,0,0,-19.8,,-19.8,,-13.2,,-13.2,,-4.0,,-4.0,,-0.333,,-0.333,,0
2023-06-03,Ascent,Douyu Gaming,Night Wings Gaming,2,0,218.0,,218.0,,77.0,,77.0,,7.5,,7.5,,0.32,,0.32,,3,0,201.6,,201.6,,70.733,,70.733,,1.333,,1.333,,0.339,,0.339,,-1,0,16.4,,16.4,,6.267,,6.267,,6.167,,6.167,,-0.019,,-0.019,,1
2023-06-03,Bind,TYLOO,Nova Esports,3,0,208.0,,208.0,,72.667,,72.667,,2.333,,2.333,,0.26,,0.26,,2,0,220.4,,220.4,,76.4,,76.4,,2.5,,2.5,,0.487,,0.487,,1,0,-12.4,,-12.4,,-3.733,,-3.733,,-0.167,,-0.167,,-0.227,,-0.227,,1
2023-06-03,Haven,Douyu Gaming,Night Wings Gaming,3,0,218.2,,218.2,,79.4,,79.4,,5.667,,5.667,,0.362,,0.362,,4,0,196.8,,196.8,,67.5,,67.5,,0.5,,0.5,,0.282,,0.282,,-1,0,21.4,,21.4,,11.9,,11.9,,5.167,,5.167,,0.079,,0.079,,1
2023-06-03,Haven,Royal Never Give Up,Dragon Ranger Gaming,3,0,205.8,,205.8,,78.533,,78.533,,-0.667,,-0.667,,0.324,,0.324,,3,1,203.867,220.8,203.867,220.8,78.8,83.0,78.8,83.0,2.0,4.0,2.0,4.0,0.335,0.35,0.335,0.35,0,-1,1.933,,1.933,,-0.267,,-0.267,,-2.667,,-2.667,,-0.011,,-0.011,,0
2023-06-03,Lotus,Totoro Gaming,Shenzhen NTER,2,0,225.9,,225.9,,76.4,,76.4,,2.0,,2.0,,0.327,,0.327,,2,1,245.9,254.0,245.9,254.0,92.7,91.6,92.7,91.6,9.0,10.0,9.0,10.0,0.438,0.5,0.438,0.5,0,-1,-20.0,,-20.0,,-16.3,,-16.3,,-7.0,,-7.0,,-0.11,,-0.11,,1
2023-06-03,Split,Nova Esports,TYLOO,3,1,200.067,224.8,200.067,224.8,69.533,77.8,69.533,77.8,1.0,2.0,1.0,2.0,0.417,0.444,0.417,0.444,4,1,210.15,210.8,210.15,210.8,72.85,76.8,72.85,76.8,2.25,10.0,2.25,10.0,0.278,0.208,0.278,0.208,-1,0,-10.083,14.0,-10.083,14.0,-3.317,1.0,-3.317,1.0,-1.25,-8.0,-1.25,-8.0,0.139,0.236,0.139,0.236,0
2023-06-03,Split,Dragon Ranger Gaming,Royal Never Give Up,4,0,204.5,,204.5,,77.4,,77.4,,1.75,,1.75,,0.322,,0.322,,4,0,197.75,,197.75,,75.55,,75.55,,-0.75,,-0.75,,0.314,,0.314,,0,0,6.75,,6.75,,1.85,,1.85,,2.5,,2.5,,0.008,,0.008,,1
2023-06-03,Ascent,Shenzhen NTER,Totoro Gaming,3,0,226.933,,226.933,,84.2,,84.2,,4.333,,4.333,,0.331,,0.331,,3,0,230.667,,230.667,,79.067,,79.067,,3.0,,3.0,,0.336,,0.336,,0,0,-3.733,,-3.733,,5.133,,5.133,,1.333,,1.333,,-0.005,,-0.005,,0
2023-06-04,Lotus,Gank Gaming,Invincible Gaming,3,1,198.667,215.4,198.667,215.4,68.267,75.8,68.267,75.8,0.667,11.0,0.667,11.0,0.237,0.261,0.237,0.261,2,0,189.0,,189.0,,64.7,,64.7,,-2.5,,-2.5,,0.085,,0.085,,1,1,9.667,,9.667,,3.567,,3.567,,3.167,,3.167,,0.152,,0.152,,1
2023-06-04,Split,Invincible Gaming,Gank Gaming,3,1,190.6,205.0,190.6,205.0,65.067,64.6,65.067,64.6,-0.333,-2.0,-0.333,-2.0,0.168,0.111,0.168,0.111,4,0,204.35,,204.35,,70.65,,70.65,,-0.5,,-0.5,,0.261,,0.261,,-1,1,-13.75,,-13.75,,-5.583,,-5.583,,0.167,,0.167,,-0.093,,-0.093,,0
2023-06-04,Lotus,Number One Player,Kingzone,2,1,189.1,174.2,189.1,174.2,65.3,57.6,65.3,57.6,-7.5,-9.0,-7.5,-9.0,0.193,0.118,0.193,0.118,2,1,141.7,114.4,141.7,114.4,46.1,27.0,46.1,27.0,-9.0,-10.0,-9.0,-10.0,0.062,0.0,0.062,0.0,0,0,47.4,59.8,47.4,59.8,19.2,30.6,19.2,30.6,1.5,1.0,1.5,1.0,0.131,0.118,0.131,0.118,1
2023-06-04,Fracture,Number One Player,Kingzone,3,0,194.933,,194.933,,66.867,,66.867,,-6.333,,-6.333,,0.229,,0.229,,3,1,154.667,169.0,154.667,169.0,50.733,65.2,50.733,65.2,-4.667,-8.0,-4.667,-8.0,0.125,0.125,0.125,0.125,0,-1,40.267,,40.267,,16.133,,16.133,,-1.667,,-1.667,,0.104,,0.104,,1
2023-06-04,Bind,Weibo Gaming,Four Angry Men,2,0,199.0,,199.0,,66.8,,66.8,,-2.0,,-2.0,,0.247,,0.247,,3,1,197.6,212.0,197.6,212.0,67.667,74.8,67.667,74.8,-1.333,4.0,-1.333,4.0,0.298,0.321,0.298,0.321,-1,-1,1.4,,1.4,,-0.867,,-0.867,,-0.667,,-0.667,,-0.051,,-0.051,,0
2023-06-04,Haven,Four Angry Men,Weibo Gaming,4,0,196.3,,196.3,,67.7,,67.7,,-1.5,,-1.5,,0.307,,0.307,,3,1,197.867,205.0,197.867,205.0,67.333,70.0,67.333,70.0,-0.667,2.0,-0.667,2.0,0.262,0.286,0.262,0.286,1,-1,-1.567,,-1.567,,0.367,,0.367,,-0.833,,-0.833,,0.045,,0.045,,0
2023-06-04,Split,Four Angry Men,Weibo Gaming,5,1,188.4,181.8,188.4,181.8,63.56,62.6,63.56,62.6,-2.2,-8.0,-2.2,-8.0,0.281,0.25,0.281,0.25,4,1,205.55,193.0,205.55,193.0,70.7,63.6,70.7,63.6,0.75,-6.0,0.75,-6.0,0.285,0.208,0.285,0.208,1,0,-17.15,-11.2,-17.15,-11.2,-7.14,-1.0,-7.14,-1.0,-2.95,-2.0,-2.95,-2.0,-0.004,0.042,-0.004,0.042,0
2023-06-04,Lotus,Rare Atom,Monarch Effect,3,1,195.4,203.4,195.4,203.4,72.933,69.8,72.933,69.8,-2.0,-2.0,-2.0,-2.0,0.255,0.308,0.255,0.308,3,1,213.2,215.6,213.2,215.6,74.533,72.6,74.533,72.6,-2.333,0.0,-2.333,0.0,0.275,0.3,0.275,0.3,0,0,-17.8,-12.2,-17.8,-12.2,-1.6,-2.8,-1.6,-2.8,0.333,-2.0,0.333,-2.0,-0.019,0.008,-0.019,0.008,1
2023-06-04,Ascent,Rare Atom,Monarch Effect,4,1,198.2,190.8,198.2,190.8,73.15,79.0,73.15,79.0,0.0,0.0,0.0,0.0,0.268,0.208,0.268,0.208,4,1,209.6,230.8,209.6,230.8,74.5,79.2,74.5,79.2,-3.25,3.0,-3.25,3.0,0.292,0.19,0.292,0.19,0,0,-11.4,-40.0,-11.4,-40.0,-1.35,-0.2,-1.35,-0.2,3.25,-3.0,3.25,-3.0,-0.024,0.018,-0.024,0.018,0
2023-06-04,Bind,Monarch Effect,Rare Atom,5,0,209.52,,209.52,,75.6,,75.6,,-2.0,,-2.0,,0.31,,0.31,,5,0,194.96,,194.96,,71.08,,71.08,,-0.6,,-0.6,,0.272,,0.272,,0,0,14.56,,14.56,,4.52,,4.52,,-1.4,,-1.4,,0.038,,0.038,,1
2023-06-05,Bind,Number One Player,Monarch Effect,4,0,202.2,,202.2,,69.75,,69.75,,-4.25,,-4.25,,0.258,,0.258,,6,1,212.56,208.4,209.333,208.4,76.24,75.0,75.5,75.0,1.2,6.0,-0.667,6.0,0.294,0.25,0.3,0.25,-2,-1,-10.36,,-7.133,,-6.49,,-5.75,,-5.45,,-3.583,,-0.035,,-0.042,,0
2023-06-05,Lotus,Monarch Effect,Number One Player,7,2,210.88,207.2,211.2,207.2,76.0,73.5,75.857,73.5,0.6,-3.0,-0.571,-3.0,0.32,0.323,0.303,0.323,5,2,203.88,190.4,203.88,190.4,69.8,63.8,69.8,63.8,-3.4,-6.5,-3.4,-6.5,0.278,0.209,0.278,0.209,2,0,7.0,16.8,7.32,16.8,6.2,9.7,6.057,9.7,4.0,3.5,2.829,3.5,0.042,0.114,0.025,0.114,1
2023-06-05,Pearl,Monarch Effect,Number One Player,8,0,210.76,,211.675,,77.12,,76.15,,0.4,,-0.625,,0.321,,0.303,,6,0,208.6,,202.867,,72.6,,70.1,,-1.4,,-2.667,,0.315,,0.282,,2,0,2.16,,8.808,,4.52,,6.05,,1.8,,2.042,,0.005,,0.021,,0
2023-06-05,Bind,Night Wings Gaming,Gank Gaming,5,1,197.76,183.2,197.76,183.2,67.96,62.8,67.96,62.8,0.6,-4.0,0.6,-4.0,0.261,0.321,0.261,0.321,5,1,208.52,200.6,208.52,200.6,71.84,70.0,71.84,70.0,-0.2,-2.0,-0.2,-2.0,0.279,0.292,0.279,0.292,0,0,-10.76,-17.4,-10.76,-17.4,-3.88,-7.2,-3.88,-7.2,0.8,-2.0,0.8,-2.0,-0.019,0.03,-0.019,0.03,1
2023-06-05,Ascent,Royal Never Give Up,Nova Esports,5,1,197.4,224.0,197.4,224.0,74.6,86.0,74.6,86.0,0.2,7.0,0.2,7.0,0.31,0.421,0.31,0.421,4,0,194.25,,194.25,,65.65,,65.65,,-0.25,,-0.25,,0.363,,0.363,,1,1,3.15,,3.15,,8.95,,8.95,,0.45,,0.45,,-0.053,,-0.053,,0
2023-06-05,Split,Nova Esports,Royal Never Give Up,5,2,196.8,200.8,196.8,200.8,67.04,65.9,67.04,65.9,-0.2,-1.0,-0.2,-1.0,0.374,0.322,0.374,0.322,6,1,190.0,196.0,195.667,196.0,70.56,70.8,73.133,70.8,-1.2,4.0,0.167,4.0,0.259,0.292,0.286,0.292,-1,1,6.8,4.8,1.133,4.8,-3.52,-4.9,-6.093,-4.9,1.0,-5.0,-0.367,-5.0,0.115,0.031,0.088,0.031,0
2023-06-05,Bind,Royal Never Give Up,Nova Esports,7,1,190.6,206.0,194.914,206.0,70.8,78.2,73.057,78.2,1.4,2.0,0.429,2.0,0.307,0.333,0.311,0.333,6,1,186.04,159.4,192.5,159.4,65.16,55.8,67.267,55.8,-1.0,-2.0,-0.5,-2.0,0.335,0.278,0.353,0.278,1,0,4.56,46.6,2.414,46.6,5.64,22.4,5.79,22.4,2.4,4.0,0.929,4.0,-0.028,0.056,-0.042,0.056,1
2023-06-05,Haven,Weibo Gaming,Shenzhen NTER,5,2,207.64,216.8,207.64,216.8,72.56,75.4,72.56,75.4,1.4,3.5,1.4,3.5,0.298,0.319,0.298,0.319,4,0,224.15,,224.15,,82.45,,82.45,,2.25,,2.25,,0.304,,0.304,,1,2,-16.51,,-16.51,,-9.89,,-9.89,,-0.85,,-0.85,,-0.007,,-0.007,,1
2023-06-05,Split,Gank Gaming,Night Wings Gaming,6,1,213.68,225.2,208.067,225.2,75.72,76.6,72.933,76.6,2.0,1.0,0.5,1.0,0.317,0.353,0.29,0.353,6,1,199.64,210.6,196.9,210.6,69.72,75.8,68.567,75.8,0.6,8.0,-0.167,8.0,0.258,0.375,0.268,0.375,0,0,14.04,14.6,11.167,14.6,6.0,0.8,4.367,0.8,1.4,-7.0,0.667,-7.0,0.059,-0.022,0.022,-0.022,0
2023-06-05,Fracture,Shenzhen NTER,Weibo Gaming,5,1,215.92,237.8,215.92,237.8,78.84,93.8,78.84,93.8,0.2,8.0,0.2,8.0,0.319,0.375,0.319,0.375,6,0,208.64,,208.033,,73.44,,72.867,,2.6,,2.5,,0.282,,0.283,,-1,1,7.28,,7.887,,5.4,,5.973,,-2.4,,-2.3,,0.036,,0.036,,0
2023-06-06,Bind,Rare Atom,Invincible Gaming,6,1,201.24,222.2,199.5,222.2,69.76,72.4,71.3,72.4,-1.8,-6.0,-1.5,-6.0,0.289,0.292,0.275,0.292,4,0,182.4,,182.4,,64.75,,64.75,,-0.5,,-0.5,,0.17,,0.17,,2,1,18.84,,17.1,,5.01,,6.55,,-1.3,,-1.0,,0.119,,0.105,,0
2023-06-06,Ascent,TYLOO,Dragon Ranger Gaming,5,1,213.84,203.4,213.84,203.4,73.88,70.4,73.88,70.4,2.6,-3.0,2.6,-3.0,0.303,0.238,0.303,0.238,5,1,205.52,185.8,205.52,185.8,77.08,75.0,77.08,75.0,0.6,0.0,0.6,0.0,0.316,0.5,0.316,0.5,0,0,8.32,17.6,8.32,17.6,-3.2,-4.6,-3.2,-4.6,2.0,-3.0,2.0,-3.0,-0.014,-0.262,-0.014,-0.262,1
2023-06-06,Bind,Dragon Ranger Gaming,TYLOO,6,0,202.72,,199.9,,74.8,,74.833,,-0.2,,-0.167,,0.253,,0.294,,6,1,216.24,216.6,215.333,216.6,74.36,73.4,74.767,73.4,1.4,2.0,2.833,2.0,0.334,0.333,0.313,0.333,0,-1,-13.52,,-15.433,,0.44,,0.067,,-1.6,,-3.0,,-0.081,,-0.019,,0
2023-06-06,Lotus,Invincible Gaming,Rare Atom,5,1,193.04,193.8,193.04,193.8,68.64,65.8,68.64,65.8,0.6,4.0,0.6,4.0,0.189,0.333,0.189,0.333,7,2,191.6,205.0,193.171,205.0,64.56,71.8,67.371,71.8,-2.4,2.0,-2.0,2.0,0.254,0.308,0.255,0.308,-2,-1,1.44,-11.2,-0.131,-11.2,4.08,-6.0,1.269,-6.0,3.0,2.0,2.6,2.0,-0.064,0.026,-0.066,0.026,1
2023-06-06,Lotus,Four Angry Men,Kingzone,6,0,182.32,,187.267,,59.8,,62.3,,-3.8,,-2.5,,0.246,,0.259,,4,2,166.95,147.5,166.95,147.5,55.7,43.5,55.7,43.5,-4.0,-3.0,-4.0,-3.0,0.151,0.125,0.151,0.125,2,-2,15.37,,20.317,,4.1,,6.6,,0.2,,1.5,,0.095,,0.107,,1
2023-06-06,Pearl,Four Angry Men,Kingzone,7,1,189.64,199.0,194.171,199.0,63.6,65.6,65.486,65.6,-4.0,0.0,-2.286,0.0,0.264,0.321,0.281,0.321,5,0,166.4,,166.4,,57.08,,57.08,,-3.0,,-3.0,,0.133,,0.133,,2,1,23.24,,27.771,,6.52,,8.406,,-1.0,,0.714,,0.131,,0.148,,1
2023-06-06,Ascent,Totoro Gaming,Douyu Gaming,4,1,226.6,214.4,226.6,214.4,77.8,74.0,77.8,74.0,3.25,4.0,3.25,4.0,0.314,0.25,0.314,0.25,4,1,216.55,218.6,216.55,218.6,78.05,84.2,78.05,84.2,4.0,2.0,4.0,2.0,0.347,0.444,0.347,0.444,0,0,10.05,-4.2,10.05,-4.2,-0.25,-10.2,-0.25,-10.2,-0.75,2.0,-0.75,2.0,-0.033,-0.194,-0.033,-0.194,1
2023-06-06,Pearl,Douyu Gaming,Totoro Gaming,5,0,205.52,,205.52,,74.24,,74.24,,2.2,,2.2,,0.29,,0.29,,5,0,229.4,,229.4,,79.6,,79.6,,3.6,,3.6,,0.334,,0.334,,0,0,-23.88,,-23.88,,-5.36,,-5.36,,-1.4,,-1.4,,-0.044,,-0.044,,0
2023-06-07,Lotus,Weibo Gaming,Night Wings Gaming,7,0,213.08,,209.057,,75.48,,73.0,,3.6,,2.0,,0.31,,0.292,,7,0,194.28,,195.086,,68.04,,68.086,,-0.2,,-0.714,,0.269,,0.284,,0,0,18.8,,13.971,,7.44,,4.914,,3.8,,2.714,,0.042,,0.008,,1
2023-06-07,Split,Shenzhen NTER,Number One Player,6,0,206.2,,214.167,,75.48,,78.167,,-1.6,,0.333,,0.253,,0.294,,7,1,208.04,204.0,202.629,204.0,71.64,73.0,69.829,73.0,1.4,-6.0,-1.143,-6.0,0.326,0.269,0.288,0.269,-1,-1,-1.84,,11.538,,3.84,,8.338,,-3.0,,1.476,,-0.073,,0.006,,1
2023-06-07,Lotus,Shenzhen NTER,Number One Player,7,2,179.12,221.5,198.2,221.5,74.12,79.4,79.429,79.4,-2.6,2.5,0.714,2.5,0.204,0.309,0.271,0.309,8,3,185.4,192.867,188.975,192.867,74.68,66.4,71.75,66.4,1.6,-4.0,-1.375,-4.0,0.283,0.241,0.263,0.241,-1,-1,-6.28,28.633,9.225,28.633,-0.56,13.0,7.679,13.0,-4.2,6.5,2.089,6.5,-0.079,0.068,0.008,0.068,1
2023-06-07,Haven,Weibo Gaming,Night Wings Gaming,8,3,220.12,214.533,211.775,214.533,78.88,75.067,74.55,75.067,5.2,5.0,3.0,5.0,0.315,0.282,0.295,0.282,8,1,186.12,201.6,191.925,201.6,64.2,69.8,66.65,69.8,-3.8,1.0,-1.875,1.0,0.23,0.174,0.271,0.174,0,2,34.0,12.933,19.85,12.933,14.68,5.267,7.9,5.267,9.0,4.0,4.875,4.0,0.086,0.108,0.024,0.108,1
2023-06-07,Ascent,Dragon Ranger Gaming,Monarch Effect,7,2,197.4,178.8,196.829,178.8,71.72,69.3,73.143,69.3,-1.0,-2.0,-0.429,-2.0,0.252,0.341,0.273,0.341,9,2,213.88,220.0,211.978,220.0,77.68,79.6,76.267,79.6,0.0,3.0,-1.444,3.0,0.301,0.286,0.297,0.286,-2,0,-16.48,-41.2,-15.149,-41.2,-5.96,-10.3,-3.124,-10.3,-1.0,-5.0,1.016,-5.0,-0.05,0.055,-0.024,0.055,0
2023-06-07,Lotus,Nova Esports,Gank Gaming,7,0,178.04,,190.143,,61.96,,66.086,,-1.8,,-0.571,,0.241,,0.311,,7,2,208.72,218.4,205.571,218.4,75.08,76.8,72.886,76.8,0.6,3.5,1.0,3.5,0.306,0.297,0.279,0.297,0,-2,-30.68,,-15.429,,-13.12,,-6.8,,-2.4,,-1.571,,-0.066,,0.032,,0
2023-06-07,Split,Dragon Ranger Gaming,Monarch Effect,8,1,189.08,209.6,194.625,209.6,68.04,75.8,72.075,75.8,-3.2,-4.0,-1.25,-4.0,0.22,0.292,0.263,0.292,10,1,216.76,193.2,213.14,193.2,78.24,71.8,76.92,71.8,0.8,-10.0,-0.6,-10.0,0.301,0.333,0.306,0.333,-2,0,-27.68,16.4,-18.515,16.4,-10.2,4.0,-4.845,4.0,-4.0,6.0,-0.65,6.0,-0.081,-0.042,-0.043,-0.042,0
2023-06-07,Ascent,Gank Gaming,Nova Esports,8,1,212.6,180.0,207.375,180.0,77.24,59.0,73.875,59.0,1.8,-7.0,1.375,-7.0,0.321,0.158,0.289,0.158,8,1,184.16,207.0,190.125,207.0,65.32,72.6,66.9,72.6,-2.2,0.0,-1.0,0.0,0.249,0.417,0.312,0.417,0,0,28.44,-27.0,17.25,-27.0,11.92,-13.6,6.975,-13.6,4.0,-7.0,2.375,-7.0,0.072,-0.259,-0.023,-0.259,0
2023-06-07,Split,Royal Never Give Up,Douyu Gaming,8,2,194.52,193.2,198.75,193.2,70.92,71.7,73.775,71.7,1.2,3.0,0.5,3.0,0.323,0.375,0.323,0.375,6,1,193.2,196.4,200.933,196.4,70.44,73.0,72.2,73.0,-1.0,6.0,0.667,6.0,0.283,0.346,0.285,0.346,2,1,1.32,-3.2,-2.183,-3.2,0.48,-1.3,1.575,-1.3,2.2,-3.0,-0.167,-3.0,0.04,0.029,0.038,0.029,1
2023-06-07,Bind,Royal Never Give Up,Douyu Gaming,9,2,199.12,215.8,198.511,215.8,71.6,78.5,73.356,78.5,0.6,1.5,0.0,1.5,0.316,0.373,0.315,0.373,7,0,191.84,,199.314,,70.36,,72.257,,-1.4,,1.143,,0.28,,0.292,,2,2,7.28,,-0.803,,1.24,,1.098,,2.0,,-1.143,,0.035,,0.023,,1
2023-06-07,Lotus,Invincible Gaming,Four Angry Men,6,2,195.28,205.0,196.9,205.0,70.28,69.3,69.333,69.3,2.6,6.0,1.833,6.0,0.217,0.292,0.199,0.292,8,1,197.08,235.6,197.275,235.6,67.96,84.6,67.85,84.6,-1.4,-1.0,-1.375,-1.0,0.273,0.412,0.282,0.412,-2,1,-1.8,-30.6,-0.375,-30.6,2.32,-15.3,1.483,-15.3,4.0,7.0,3.208,7.0,-0.056,-0.12,-0.083,-0.12,0
2023-06-07,Bind,Four Angry Men,Invincible Gaming,9,2,206.44,202.2,201.933,202.2,73.6,71.3,70.978,71.3,0.8,1.0,-0.222,1.0,0.273,0.327,0.288,0.327,7,1,185.28,235.6,186.343,235.6,65.6,84.2,65.343,84.2,1.4,5.0,0.286,5.0,0.232,0.267,0.19,0.267,2,1,21.16,-33.4,15.59,-33.4,8.0,-12.9,5.635,-12.9,-0.6,-4.0,-0.508,-4.0,0.041,0.061,0.098,0.061,0
2023-06-07,Pearl,Four Angry Men,Invincible Gaming,10,2,215.28,209.0,201.84,209.0,78.2,75.0,70.88,75.0,2.2,2.5,0.0,2.5,0.301,0.308,0.291,0.308,8,0,190.28,,190.4,,67.88,,66.825,,0.2,,0.0,,0.202,,0.189,,2,2,25.0,,11.44,,10.32,,4.055,,2.0,,0.0,,0.1,,0.102,,1
2023-06-07,Bind,Gank Gaming,Nova Esports,9,2,205.64,203.2,205.067,203.2,75.04,74.2,73.089,74.2,2.4,1.0,1.111,1.0,0.268,0.319,0.265,0.319,9,2,196.92,167.7,195.733,167.7,72.92,57.4,69.689,57.4,-1.2,-1.5,-0.778,-1.5,0.289,0.168,0.322,0.168,0,0,8.72,35.5,9.333,35.5,2.12,16.8,3.4,16.8,3.6,2.5,1.889,2.5,-0.021,0.151,-0.057,0.151,1
2023-06-07,Pearl,Dragon Ranger Gaming,Monarch Effect,9,0,186.84,,194.689,,66.88,,71.556,,-3.4,,-1.111,,0.217,,0.264,,11,1,218.12,214.4,215.34,214.4,79.08,77.2,77.66,77.2,-0.4,-8.0,0.4,-8.0,0.315,0.25,0.304,0.25,-2,-1,-31.28,,-20.651,,-12.2,,-6.104,,-3.0,,-1.511,,-0.098,,-0.04,,1
2023-06-08,Split,Shenzhen NTER,Night Wings Gaming,8,1,186.44,102.4,201.625,102.4,77.08,87.0,79.75,87.0,-0.8,3.0,1.125,3.0,0.261,0.13,0.287,0.13,9,2,185.08,197.4,190.289,197.4,65.72,70.5,66.511,70.5,-4.2,2.0,-2.111,2.0,0.23,0.375,0.253,0.375,-1,-1,1.36,-95.0,11.336,-95.0,11.36,16.5,13.239,16.5,3.4,1.0,3.236,1.0,0.031,-0.245,0.034,-0.245,1
2023-06-08,Haven,Night Wings Gaming,Shenzhen NTER,10,2,184.0,189.4,190.88,189.4,66.04,67.6,67.0,67.6,-4.6,-1.5,-2.0,-1.5,0.224,0.143,0.242,0.143,9,1,187.2,183.0,203.622,183.0,77.24,64.4,79.556,64.4,0.2,-8.0,1.111,-8.0,0.283,0.375,0.292,0.375,1,1,-3.2,6.4,-12.742,6.4,-11.2,3.2,-12.556,3.2,-4.8,6.5,-3.111,6.5,-0.059,-0.232,-0.05,-0.232,1
2023-06-08,Ascent,Shenzhen NTER,Night Wings Gaming,10,1,192.24,215.8,204.08,215.8,78.68,77.2,78.76,77.2,1.0,-4.0,0.6,-4.0,0.253,0.225,0.286,0.225,11,1,187.8,182.4,193.72,182.4,67.52,57.8,68.62,57.8,-3.0,-2.0,-1.2,-2.0,0.226,0.111,0.242,0.111,-1,0,4.44,33.4,10.36,33.4,11.16,19.4,10.14,19.4,4.0,-2.0,1.8,-2.0,0.027,0.114,0.044,0.114,1
2023-06-08,Bind,Gank Gaming,Four Angry Men,10,3,200.72,202.333,204.62,202.333,75.2,75.267,73.52,75.267,3.0,2.0,1.4,2.0,0.264,0.324,0.271,0.324,11,3,225.76,201.8,204.04,201.8,84.08,70.867,71.94,70.867,3.8,1.333,0.0,1.333,0.349,0.324,0.298,0.324,-1,0,-25.04,0.533,0.58,0.533,-8.88,4.4,1.58,4.4,-0.8,0.667,1.4,0.667,-0.086,-0.001,-0.026,-0.001,1
2023-06-08,Haven,Four Angry Men,Gank Gaming,12,1,216.4,156.8,203.02,156.8,81.72,47.0,72.66,47.0,4.8,-5.0,0.4,-5.0,0.3,0.176,0.282,0.176,11,0,203.4,,208.54,,74.68,,75.2,,1.4,,1.7,,0.244,,0.281,,1,1,13.0,,-5.52,,7.04,,-2.54,,3.4,,-1.3,,0.056,,0.002,,1
2023-06-08,Ascent,Four Angry Men,Gank Gaming,13,0,214.72,,205.9,,83.44,,75.7,,5.8,,2.2,,0.37,,0.322,,12,2,196.72,183.3,202.72,183.3,74.48,62.9,74.78,62.9,-1.4,-4.0,-0.4,-4.0,0.203,0.112,0.255,0.112,1,-2,18.0,,3.18,,8.96,,0.92,,7.2,,2.6,,0.167,,0.067,,1
2023-06-08,Haven,Douyu Gaming,Dragon Ranger Gaming,8,1,188.92,211.6,199.9,211.6,66.8,74.0,71.525,74.0,-2.6,-1.0,0.5,-1.0,0.245,0.304,0.289,0.304,10,2,188.76,213.6,197.14,213.6,67.32,78.1,72.2,78.1,-1.0,2.5,-0.2,2.5,0.249,0.318,0.283,0.318,-2,-1,0.16,-2.0,2.76,-2.0,-0.52,-4.1,-0.675,-4.1,-1.6,-3.5,0.7,-3.5,-0.004,-0.014,0.006,-0.014,0
2023-06-08,Lotus,Dragon Ranger Gaming,Douyu Gaming,11,1,194.64,205.0,198.68,205.0,69.12,78.4,71.96,78.4,-0.2,2.0,-0.2,2.0,0.279,0.154,0.266,0.154,9,1,183.56,239.6,198.222,239.6,65.36,81.0,71.0,81.0,-2.4,9.0,0.444,9.0,0.234,0.294,0.285,0.294,2,0,11.08,-34.6,0.458,-34.6,3.76,-2.6,0.96,-2.6,2.2,-7.0,-0.644,-7.0,0.045,-0.14,-0.019,-0.14,1
2023-06-10,Split,Evil Geniuses,FUT Esports,34,5,184.36,201.84,199.8,201.84,69.68,74.32,72.08,74.32,-2.2,0.8,-0.5,0.8,0.217,0.276,0.261,0.276,30,5,190.8,174.96,191.18,174.96,70.36,64.08,69.78,64.08,-1.8,-2.8,-0.4,-2.8,0.253,0.177,0.285,0.177,4,0,-6.44,26.88,8.62,26.88,-0.68,10.24,2.3,10.24,-0.4,3.6,-0.1,3.6,-0.036,0.099,-0.024,0.099,1
2023-06-10,Lotus,Evil Geniuses,FUT Esports,35,2,185.2,221.8,199.28,221.8,70.36,78.4,72.28,78.4,-3.0,2.0,-0.1,2.0,0.265,0.319,0.258,0.319,31,9,180.84,197.52,188.28,198.733,67.32,69.68,68.9,70.956,-2.8,0.8,-0.2,0.222,0.211,0.283,0.266,0.303,4,-7,4.36,24.28,11.0,23.067,3.04,8.72,3.38,7.444,-0.2,1.2,0.1,1.778,0.054,0.036,-0.008,0.016,1
2023-06-11,Lotus,Natus Vincere,NRG,25,6,201.64,202.48,198.18,201.1,70.52,75.08,70.5,74.1,2.8,1.8,2.5,0.833,0.275,0.292,0.292,0.3,35,4,198.76,196.6,201.36,196.6,71.84,76.3,73.44,76.3,1.6,1.75,0.8,1.75,0.298,0.298,0.314,0.298,-10,2,2.88,5.88,-3.18,4.5,-1.32,-1.22,-2.94,-2.2,1.2,0.05,1.7,-0.917,-0.023,-0.006,-0.022,0.003,1
2023-06-11,Fracture,Attacking Soul Esports,DRX,0,0,,,,,,,,,,,,,,,,,35,5,186.32,191.04,187.98,191.04,69.6,72.04,72.86,72.04,-2.6,-2.4,-0.9,-2.4,0.289,0.332,0.272,0.332,-35,-5,,,,,,,,,,,,,,,,,0
2023-06-11,Pearl,Attacking Soul Esports,DRX,1,0,193.0,,193.0,,71.4,,71.4,,5.0,,5.0,,0.261,,0.261,,36,7,194.44,206.16,190.84,208.457,72.12,80.08,73.6,79.286,-2.6,1.4,-1.2,1.429,0.338,0.359,0.286,0.363,-35,-7,-1.44,,2.16,,-0.72,,-2.2,,7.6,,6.2,,-0.077,,-0.025,,0
2023-06-11,Fracture,EDward Gaming,T1,0,0,,,,,,,,,,,,,,,,,36,9,193.16,201.8,200.54,199.578,75.64,75.96,75.96,73.822,-0.8,3.4,0.4,2.0,0.353,0.247,0.311,0.287,-36,-9,,,,,,,,,,,,,,,,,0
2023-06-11,Haven,T1,EDward Gaming,37,6,192.28,192.2,200.36,188.033,74.92,73.52,75.44,71.867,-1.4,-1.6,0.4,-2.5,0.347,0.281,0.32,0.244,1,0,209.4,,209.4,,81.0,,81.0,,1.0,,1.0,,0.261,,0.261,,36,6,-17.12,,-9.04,,-6.08,,-5.56,,-2.4,,-0.6,,0.086,,0.059,,0
2023-06-11,Pearl,T1,EDward Gaming,38,4,191.28,189.6,197.92,189.6,72.6,72.0,74.56,72.0,-2.4,-2.75,0.4,-2.75,0.348,0.247,0.315,0.247,2,0,223.0,,223.0,,83.0,,83.0,,2.5,,2.5,,0.23,,0.23,,36,4,-31.72,,-25.08,,-10.4,,-8.44,,-4.9,,-2.1,,0.118,,0.085,,1
2023-06-11,Ascent,Natus Vincere,NRG,26,5,203.16,211.0,197.94,211.0,71.92,77.24,70.48,77.24,3.0,0.4,2.1,0.4,0.291,0.323,0.297,0.323,36,5,192.96,193.04,200.8,193.04,69.12,73.56,73.66,73.56,0.6,4.0,0.5,4.0,0.291,0.231,0.319,0.231,-10,0,10.2,17.96,-2.86,17.96,2.8,3.68,-3.18,3.68,2.4,-3.6,1.6,-3.6,0.0,0.092,-0.022,0.092,0
2023-06-11,Split,NRG,Natus Vincere,37,5,193.0,215.76,201.6,215.76,68.2,79.68,73.22,79.68,-2.6,5.0,-0.4,5.0,0.32,0.367,0.335,0.367,27,4,195.28,188.8,194.0,188.8,68.8,65.2,68.94,65.2,3.6,0.25,2.8,0.25,0.266,0.331,0.28,0.331,10,1,-2.28,26.96,7.6,26.96,-0.6,14.48,4.28,14.48,-6.2,4.75,-3.2,4.75,0.054,0.037,0.055,0.037,1
2023-06-12,Fracture,DRX,Evil Geniuses,37,6,199.52,198.08,194.82,194.933,71.32,74.44,73.76,73.367,-4.8,-2.4,-1.7,-2.833,0.313,0.341,0.297,0.335,36,7,194.44,220.0,198.4,219.829,71.84,78.6,71.96,79.371,-2.8,3.6,-0.5,2.857,0.311,0.306,0.26,0.315,1,-1,5.08,-21.92,-3.58,-24.895,-0.52,-4.16,1.8,-6.005,-2.0,-6.0,-1.2,-5.69,0.001,0.035,0.037,0.02,0
2023-06-12,Ascent,Evil Geniuses,DRX,37,6,202.8,196.68,195.52,197.767,72.28,70.88,70.8,71.033,-2.4,-1.6,-1.0,-1.333,0.322,0.308,0.265,0.298,38,6,205.32,206.24,192.4,209.333,73.64,74.48,72.6,74.467,-4.0,-0.6,-2.7,-0.5,0.333,0.341,0.28,0.34,-1,0,-2.52,-9.56,3.12,-11.567,-1.36,-3.6,-1.8,-3.433,1.6,-1.0,1.7,-0.833,-0.011,-0.033,-0.015,-0.042,1
2023-06-12,Lotus,T1,NRG,39,6,194.0,208.48,198.66,210.733,71.72,73.72,74.42,74.267,-1.6,4.6,0.1,4.5,0.352,0.296,0.316,0.297,38,5,195.04,194.68,201.02,194.68,70.16,74.68,74.42,74.68,-2.4,1.0,0.1,1.0,0.356,0.292,0.351,0.292,1,1,-1.04,13.8,-2.36,16.053,1.56,-0.96,-0.0,-0.413,0.8,3.6,-0.0,3.5,-0.004,0.005,-0.036,0.005,1
2023-06-12,Bind,NRG,T1,39,5,193.12,209.64,195.76,209.64,71.32,73.28,71.94,73.28,-1.6,0.0,-0.6,0.0,0.356,0.341,0.338,0.341,40,5,194.68,214.88,197.22,214.88,70.52,78.92,73.92,78.92,-1.8,1.4,0.6,1.4,0.313,0.359,0.323,0.359,-1,0,-1.56,-5.24,-1.46,-5.24,0.8,-5.64,-1.98,-5.64,0.2,-1.4,-1.2,-1.4,0.043,-0.017,0.015,-0.017,1
2023-06-12,Pearl,T1,NRG,41,5,197.04,191.52,195.1,191.52,69.0,71.76,72.32,71.76,-1.8,-2.6,-1.3,-2.6,0.28,0.259,0.317,0.259,40,6,202.12,198.32,200.44,196.133,72.48,77.0,72.16,76.533,-1.2,1.8,0.2,1.667,0.38,0.353,0.339,0.329,1,-1,-5.08,-6.8,-5.34,-4.613,-3.48,-5.24,0.16,-4.773,-0.6,-4.4,-1.5,-4.267,-0.1,-0.093,-0.023,-0.069,0
2023-06-13,Fracture,DRX,FUT Esports,39,7,206.44,193.6,195.44,193.2,72.8,74.12,72.62,72.429,-4.2,-1.8,-2.6,-3.0,0.322,0.289,0.282,0.311,32,1,178.48,214.6,192.8,214.6,66.32,72.0,70.18,72.0,-0.4,-10.0,0.2,-10.0,0.213,0.3,0.29,0.3,7,6,27.96,-21.0,2.64,-21.4,6.48,2.12,2.44,0.429,-3.8,8.2,-2.8,7.0,0.109,-0.011,-0.008,0.011,1
2023-06-13,Haven,DRX,FUT Esports,40,6,206.2,196.56,196.26,194.567,73.88,70.32,71.74,69.833,-2.8,0.8,-2.7,0.167,0.285,0.257,0.287,0.291,33,5,183.84,204.32,192.08,204.32,69.04,75.44,69.98,75.44,-1.4,-2.2,-0.7,-2.2,0.238,0.362,0.277,0.362,7,1,22.36,-7.76,4.18,-9.753,4.84,-5.12,1.76,-5.607,-1.4,3.0,-2.0,2.367,0.047,-0.104,0.01,-0.071,1
2023-06-13,Bind,DRX,FUT Esports,41,5,211.28,182.2,202.86,182.2,74.76,67.88,73.44,67.88,-0.8,-1.0,-1.7,-1.0,0.298,0.25,0.318,0.25,34,1,172.24,192.4,187.26,192.4,65.48,69.0,68.62,69.0,-2.0,0.0,-1.4,0.0,0.199,0.409,0.257,0.409,7,4,39.04,-10.2,15.6,-10.2,9.28,-1.12,4.82,-1.12,1.2,-1.0,-0.3,-1.0,0.099,-0.159,0.061,-0.159,0
2023-06-13,Bind,Natus Vincere,EDward Gaming,28,2,186.44,198.5,194.76,198.5,66.96,69.7,69.68,69.7,2.2,2.0,2.6,2.0,0.214,0.312,0.262,0.312,3,0,218.267,,218.267,,81.8,,81.8,,2.333,,2.333,,0.231,,0.231,,25,2,-31.827,,-23.507,,-14.84,,-12.12,,-0.133,,0.267,,-0.016,,0.031,,0
2023-06-13,Pearl,EDward Gaming,Natus Vincere,4,1,215.15,208.8,215.15,208.8,80.6,79.4,80.6,79.4,1.75,2.0,1.75,2.0,0.259,0.231,0.259,0.231,29,3,192.12,222.333,196.32,222.333,69.44,84.333,70.02,84.333,3.6,3.333,2.4,3.333,0.222,0.294,0.262,0.294,-25,-2,23.03,-13.533,18.83,-13.533,11.16,-4.933,10.58,-4.933,-1.85,-1.333,-0.65,-1.333,0.037,-0.063,-0.003,-0.063,1
2023-06-13,Lotus,Attacking Soul Esports,FUT Esports,2,0,191.5,,191.5,,72.7,,72.7,,5.5,,5.5,,0.18,,0.18,,35,10,182.0,198.68,186.4,199.14,68.36,68.92,69.36,70.56,0.0,1.2,-0.9,0.4,0.241,0.308,0.247,0.303,-33,-10,9.5,,5.1,,4.34,,3.34,,5.5,,6.4,,-0.06,,-0.066,,0
2023-06-13,Ascent,FUT Esports,Attacking Soul Esports,36,5,196.84,194.6,188.84,194.6,71.92,73.08,69.62,73.08,1.0,1.4,-0.9,1.4,0.249,0.306,0.23,0.306,3,0,191.8,,191.8,,68.133,,68.133,,1.333,,1.333,,0.208,,0.208,,33,5,5.04,,-2.96,,3.787,,1.487,,-0.333,,-2.233,,0.041,,0.022,,1
2023-06-13,Haven,FUT Esports,Attacking Soul Esports,37,6,200.16,193.4,189.32,194.333,73.84,70.88,70.08,72.3,1.8,-3.4,0.7,-2.667,0.254,0.289,0.234,0.321,4,0,187.9,,187.9,,66.95,,66.95,,-0.5,,-0.5,,0.225,,0.225,,33,6,12.26,,1.42,,6.89,,3.13,,2.3,,1.2,,0.029,,0.008,,0
2023-06-14,Fracture,EDward Gaming,T1,5,1,211.96,209.4,211.96,209.4,77.6,81.0,77.6,81.0,0.2,1.0,0.2,1.0,0.283,0.261,0.283,0.261,42,10,192.04,199.72,192.16,200.52,68.88,74.8,71.9,73.76,-2.8,1.0,-2.1,1.7,0.287,0.232,0.317,0.285,-37,-9,19.92,9.68,19.8,8.88,8.72,6.2,5.7,7.24,3.0,-0.0,2.3,-0.7,-0.004,0.029,-0.034,-0.024,1
2023-06-14,Haven,EDward Gaming,T1,6,1,214.52,236.6,213.667,236.6,79.24,85.0,79.533,85.0,2.2,4.0,2.0,4.0,0.301,0.2,0.294,0.2,43,7,187.08,183.24,189.18,186.143,68.24,69.76,70.42,70.314,-4.2,-1.8,-3.3,-2.714,0.274,0.278,0.311,0.252,-37,-6,27.44,53.36,24.487,50.457,11.0,15.24,9.113,14.686,6.4,5.8,5.3,6.714,0.027,-0.078,-0.017,-0.052,1
2023-06-15,Fracture,LOUD,Evil Geniuses,31,2,212.16,212.1,212.02,212.1,72.92,74.4,77.76,74.4,0.6,-1.0,1.6,-1.0,0.361,0.419,0.37,0.419,38,8,206.2,218.32,195.74,220.3,74.16,78.2,71.6,79.325,-1.0,4.0,-0.8,3.0,0.325,0.324,0.26,0.324,-7,-6,5.96,-6.22,16.28,-8.2,-1.24,-3.8,6.16,-4.925,1.6,-5.0,2.4,-4.0,0.036,0.095,0.11,0.094,0
2023-06-15,Ascent,Evil Geniuses,LOUD,39,7,215.72,198.52,200.04,198.771,76.84,72.64,73.26,72.057,0.8,0.8,-0.7,-0.571,0.347,0.307,0.282,0.301,32,8,198.12,209.12,209.92,212.85,70.12,77.32,75.46,78.4,0.4,1.2,1.4,1.25,0.348,0.367,0.355,0.36,7,-1,17.6,-10.6,-9.88,-14.079,6.72,-4.68,-2.2,-6.343,0.4,-0.4,-2.1,-1.821,-0.001,-0.06,-0.073,-0.059,1
2023-06-16,Bind,NRG,FNATIC,41,6,201.88,207.04,197.42,212.3,73.72,71.08,71.42,73.233,0.4,-0.8,0.5,1.0,0.402,0.331,0.346,0.343,28,3,191.36,211.467,210.3,211.467,71.24,76.533,75.54,76.533,-1.4,2.0,0.5,2.0,0.32,0.327,0.341,0.327,13,3,10.52,-4.427,-12.88,0.833,2.48,-5.453,-4.12,-3.3,1.8,-2.8,-0.0,-1.0,0.082,0.004,0.005,0.016,0
2023-06-16,Fracture,FNATIC,NRG,29,1,199.16,189.6,212.38,189.6,73.56,70.8,76.74,70.8,0.4,4.0,1.0,4.0,0.321,0.333,0.336,0.333,42,2,185.8,205.2,189.4,205.2,68.04,74.0,68.12,74.0,1.2,-1.0,-0.7,-1.0,0.33,0.365,0.325,0.365,-13,-1,13.36,-15.6,22.98,-15.6,5.52,-3.2,8.62,-3.2,-0.8,5.0,1.7,5.0,-0.009,-0.031,0.011,-0.031,1
2023-06-16,Lotus,EDward Gaming,Team Liquid,7,0,210.4,,214.0,,78.64,,79.886,,1.2,,1.571,,0.345,,0.312,,36,9,202.88,198.76,201.04,198.022,73.8,70.56,71.8,70.511,1.0,3.2,0.9,2.444,0.358,0.261,0.332,0.269,-29,-9,7.52,,12.96,,4.84,,8.086,,0.2,,0.671,,-0.013,,-0.02,,0
2023-06-16,Split,EDward Gaming,Team Liquid,8,0,208.76,,212.325,,77.76,,79.275,,2.4,,2.375,,0.357,,0.31,,37,6,197.84,223.8,201.82,225.7,71.44,78.68,71.98,79.4,-1.4,1.0,0.2,1.333,0.342,0.328,0.322,0.335,-29,-6,10.92,,10.505,,6.32,,7.295,,3.8,,2.175,,0.016,,-0.012,,1
2023-06-16,Haven,EDward Gaming,Team Liquid,9,2,207.92,226.3,211.133,226.3,78.16,83.5,79.244,83.5,3.0,1.5,2.444,1.5,0.383,0.311,0.328,0.311,38,3,194.32,168.867,201.44,168.867,70.92,65.333,73.06,65.333,-2.4,-1.667,0.2,-1.667,0.313,0.246,0.32,0.246,-29,-1,13.6,57.433,9.693,57.433,7.24,18.167,6.184,18.167,5.4,3.167,2.244,3.167,0.07,0.065,0.008,0.065,0
2023-06-17,Split,DRX,Paper Rex,42,5,200.64,218.32,200.08,218.32,72.4,78.76,71.86,78.76,-0.8,0.6,-2.8,0.6,0.264,0.366,0.288,0.366,30,6,209.96,213.0,215.42,207.0,78.36,77.72,79.08,74.8,2.6,4.4,2.4,2.5,0.335,0.3,0.325,0.316,12,-1,-9.32,5.32,-15.34,11.32,-5.96,1.04,-7.22,3.96,-3.4,-3.8,-5.2,-1.9,-0.071,0.065,-0.036,0.05,0
2023-06-17,Bind,DRX,Paper Rex,43,6,202.12,180.0,203.72,181.733,72.48,67.6,73.06,67.767,-2.2,-2.8,-3.1,-1.833,0.283,0.244,0.308,0.246,31,3,206.72,215.933,214.22,215.933,77.44,79.467,79.0,79.467,3.8,4.0,3.7,4.0,0.322,0.306,0.326,0.306,12,3,-4.6,-35.933,-10.5,-34.2,-4.96,-11.867,-5.94,-11.7,-6.0,-6.8,-6.8,-5.833,-0.04,-0.063,-0.018,-0.06,0
2023-06-17,Lotus,EDward Gaming,LOUD,10,1,202.6,200.6,207.28,200.6,78.12,75.0,77.86,75.0,4.6,8.0,2.4,8.0,0.345,0.292,0.314,0.292,33,1,193.04,218.4,205.92,218.4,68.36,74.2,73.6,74.2,-0.4,0.0,0.0,0.0,0.284,0.167,0.332,0.167,-23,0,9.56,-17.8,1.36,-17.8,9.76,0.8,4.26,0.8,5.0,8.0,2.4,8.0,0.061,0.125,-0.019,0.125,1
2023-06-17,Fracture,LOUD,EDward Gaming,34,3,184.44,198.0,201.18,198.0,65.96,69.933,71.14,69.933,0.2,-0.667,0.1,-0.667,0.278,0.362,0.314,0.362,11,2,203.04,215.8,208.78,215.8,76.92,85.1,78.08,85.1,1.8,6.0,2.0,6.0,0.337,0.307,0.319,0.307,23,1,-18.6,-17.8,-7.6,-17.8,-10.96,-15.167,-6.94,-15.167,-1.6,-6.667,-1.9,-6.667,-0.059,0.055,-0.005,0.055,0
2023-06-18,Pearl,NRG,DRX,43,7,179.32,195.6,187.18,194.657,65.52,77.2,67.84,76.229,-0.2,2.2,-1.3,2.286,0.281,0.368,0.318,0.335,44,8,200.76,209.6,203.6,211.475,73.84,79.44,73.32,79.25,-1.2,0.0,-2.7,0.5,0.272,0.344,0.297,0.368,-1,-1,-21.44,-14.0,-16.42,-16.818,-8.32,-2.24,-5.48,-3.021,1.0,2.2,1.4,1.786,0.009,0.023,0.021,-0.032,1
2023-06-18,Haven,DRX,NRG,45,7,199.36,206.92,202.78,201.029,73.24,74.8,73.56,71.914,-1.0,2.6,-1.9,0.857,0.256,0.28,0.271,0.308,44,6,180.4,195.88,186.76,198.467,67.68,72.4,69.5,72.8,-0.6,1.0,-1.1,0.333,0.281,0.272,0.318,0.292,1,1,18.96,11.04,16.02,2.562,5.56,2.4,4.06,-0.886,-0.4,1.6,-0.8,0.524,-0.024,0.007,-0.047,0.016,0
2023-06-18,Haven,Team Liquid,Evil Geniuses,39,4,197.4,179.0,204.3,179.0,71.56,66.95,73.78,66.95,-2.8,-1.75,-0.6,-1.75,0.31,0.286,0.334,0.286,40,5,220.84,181.0,203.02,181.0,78.6,68.08,74.48,68.08,2.4,-4.8,-0.3,-4.8,0.347,0.301,0.306,0.301,-1,-1,-23.44,-2.0,1.28,-2.0,-7.04,-1.13,-0.7,-1.13,-5.2,3.05,-0.3,3.05,-0.037,-0.015,0.028,-0.015,0
2023-06-18,Fracture,Team Liquid,Evil Geniuses,40,5,194.76,206.76,200.84,206.76,70.48,72.6,72.82,72.6,-3.8,-0.2,-0.8,-0.2,0.282,0.348,0.318,0.348,41,9,217.12,221.16,205.78,220.444,78.24,77.2,75.04,79.178,3.2,2.6,0.2,2.667,0.351,0.299,0.331,0.327,-1,-4,-22.36,-14.4,-4.94,-13.684,-7.76,-4.6,-2.22,-6.578,-7.0,-2.8,-1.0,-2.867,-0.069,0.048,-0.013,0.021,0
2023-06-19,Bind,FNATIC,Paper Rex,30,4,204.24,218.2,208.04,218.2,76.08,79.7,76.14,79.7,2.0,2.25,0.7,2.25,0.345,0.334,0.341,0.334,32,4,209.96,212.05,212.8,212.05,78.96,79.65,79.26,79.65,4.6,2.75,2.9,2.75,0.369,0.327,0.334,0.327,-2,0,-5.72,6.15,-4.76,6.15,-2.88,0.05,-3.12,0.05,-2.6,-0.5,-2.2,-0.5,-0.024,0.006,0.007,0.006,1
2023-06-19,Haven,NRG,Team Liquid,45,7,181.96,203.08,192.04,203.457,70.4,75.52,71.44,74.771,-2.2,0.2,-1.7,0.0,0.288,0.317,0.334,0.306,41,5,191.24,182.2,197.06,182.2,70.44,68.28,72.12,68.28,-3.6,-1.8,-1.3,-1.8,0.229,0.275,0.294,0.275,4,2,-9.28,20.88,-5.02,21.257,-0.04,7.24,-0.68,6.491,1.4,2.0,-0.4,1.8,0.06,0.042,0.041,0.031,1
2023-06-19,Ascent,Team Liquid,NRG,42,7,190.4,205.44,194.12,208.857,70.68,74.4,71.06,75.457,-0.4,1.6,-0.9,2.143,0.225,0.282,0.283,0.303,46,6,182.32,198.96,192.1,195.1,69.08,75.44,71.4,73.867,-5.0,1.8,-2.3,2.167,0.298,0.286,0.35,0.272,-4,1,8.08,6.48,2.02,13.757,1.6,-1.04,-0.34,1.59,4.6,-0.2,1.4,-0.024,-0.073,-0.004,-0.067,0.031,1
2023-06-19,Split,NRG,Team Liquid,47,6,196.76,214.56,191.28,213.7,74.12,80.2,71.08,79.567,-3.8,3.2,-1.3,4.333,0.322,0.402,0.326,0.385,43,7,197.92,208.32,196.12,218.571,72.36,75.4,71.64,78.286,-0.4,-0.2,-1.4,0.714,0.244,0.273,0.278,0.314,4,-1,-1.16,6.24,-4.84,-4.871,1.76,4.8,-0.56,1.281,-3.4,3.4,0.1,3.619,0.078,0.129,0.048,0.071,1
2023-06-19,Lotus,Paper Rex,FNATIC,33,3,201.84,215.733,210.34,215.733,75.52,76.667,78.16,76.667,2.6,2.333,2.6,2.333,0.316,0.371,0.343,0.371,31,8,207.8,209.52,209.14,217.825,76.4,76.68,76.44,79.175,2.4,-1.4,0.9,1.875,0.361,0.367,0.353,0.383,2,-5,-5.96,6.213,1.2,-2.092,-0.88,-0.013,1.72,-2.508,0.2,3.733,1.7,0.458,-0.045,0.004,-0.011,-0.012,0
2023-06-20,Fracture,Evil Geniuses,FNATIC,42,10,219.16,222.44,210.98,221.78,79.52,78.24,75.9,79.8,3.0,2.2,0.3,2.7,0.353,0.313,0.338,0.334,32,2,216.36,197.9,206.54,197.9,79.36,76.3,76.1,76.3,3.4,5.0,0.9,5.0,0.387,0.394,0.362,0.394,10,8,2.8,24.54,4.44,23.88,0.16,1.94,-0.2,3.5,-0.4,-2.8,-0.6,-2.3,-0.034,-0.081,-0.024,-0.06,1
2023-06-20,Lotus,Evil Geniuses,FNATIC,43,3,217.16,220.667,211.68,220.667,78.6,77.133,76.38,77.133,2.6,0.667,0.8,0.667,0.362,0.328,0.344,0.328,33,9,216.8,218.12,204.08,219.556,78.84,77.88,75.04,79.378,2.2,-1.2,0.4,1.889,0.366,0.378,0.343,0.39,10,-6,0.36,2.547,7.6,1.111,-0.24,-0.747,1.34,-2.244,0.4,1.867,0.4,-1.222,-0.004,-0.05,0.001,-0.062,0
2023-06-20,Lotus,EDward Gaming,Paper Rex,12,2,201.84,212.5,206.12,212.5,75.0,79.1,76.82,79.1,2.6,2.5,1.9,2.5,0.323,0.304,0.334,0.304,34,4,194.44,203.6,205.76,203.6,72.84,73.9,76.82,73.9,1.6,1.25,2.3,1.25,0.281,0.306,0.317,0.306,-22,-2,7.4,8.9,0.36,8.9,2.16,5.2,-0.0,5.2,1.0,1.25,-0.4,1.25,0.041,-0.002,0.017,-0.002,0
2023-06-20,Split,Paper Rex,EDward Gaming,35,7,197.48,218.32,203.72,207.486,74.44,78.8,76.4,75.314,1.4,6.4,2.0,3.714,0.278,0.318,0.307,0.314,13,1,200.88,201.6,204.82,201.6,74.44,79.0,76.1,79.0,0.8,3.0,1.6,3.0,0.312,0.476,0.335,0.476,22,6,-3.4,16.72,-1.1,5.886,0.0,-0.2,0.3,-3.686,0.6,3.4,0.4,0.714,-0.033,-0.158,-0.028,-0.162,0
2023-06-20,Fracture,Paper Rex,EDward Gaming,36,6,192.08,213.96,199.4,210.333,72.24,78.12,74.84,76.9,-0.8,4.8,1.5,3.333,0.254,0.32,0.288,0.309,14,3,202.84,213.867,205.38,213.867,74.64,80.867,76.4,80.867,0.2,5.0,1.6,5.0,0.289,0.321,0.336,0.321,22,3,-10.76,0.093,-5.98,-3.533,-2.4,-2.747,-1.56,-3.967,-1.0,-0.2,-0.1,-1.667,-0.035,-0.0,-0.048,-0.012,1
2023-06-20,Split,FNATIC,Evil Geniuses,34,4,217.68,218.8,208.42,218.8,78.8,78.55,76.18,78.55,3.6,0.5,2.0,0.5,0.358,0.351,0.339,0.351,44,6,199.48,198.8,207.6,203.233,73.0,72.44,74.92,74.333,0.6,-1.6,0.7,0.333,0.317,0.255,0.332,0.286,-10,-2,18.2,20.0,0.82,15.567,5.8,6.11,1.26,4.217,3.0,2.1,1.3,0.167,0.041,0.096,0.007,0.066,1
2023-06-21,Bind,NRG,Paper Rex,48,7,205.32,191.68,192.32,199.829,76.8,65.64,71.16,69.486,-2.6,-0.6,-1.4,0.429,0.343,0.297,0.312,0.311,37,5,196.08,207.96,203.02,207.96,71.72,77.32,75.34,77.32,0.2,1.8,2.4,1.8,0.237,0.322,0.303,0.322,11,2,9.24,-16.28,-10.7,-8.131,5.08,-11.68,-4.18,-7.834,-2.8,-2.4,-3.8,-1.371,0.106,-0.025,0.009,-0.011,0
2023-06-21,Lotus,Paper Rex,NRG,38,5,198.68,206.44,200.26,206.44,72.8,75.12,74.16,75.12,1.0,1.2,1.8,1.2,0.244,0.302,0.28,0.302,49,6,204.52,197.08,192.46,193.767,75.8,74.84,71.74,73.367,-1.8,2.4,-1.2,0.167,0.343,0.323,0.312,0.299,-11,-1,-5.84,9.36,7.8,12.673,-3.0,0.28,2.42,1.753,2.8,-1.2,3.0,1.033,-0.099,-0.021,-0.032,0.003,0
2023-06-21,Pearl,Paper Rex,NRG,39,6,198.92,213.92,196.68,215.167,72.28,76.36,72.56,75.333,0.8,2.2,1.2,1.167,0.253,0.321,0.267,0.333,50,8,202.88,196.72,192.42,194.65,74.84,77.48,72.62,76.4,-0.8,1.4,-1.5,1.25,0.329,0.371,0.309,0.335,-11,-2,-3.96,17.2,4.26,20.517,-2.56,-1.12,-0.06,-1.067,1.6,0.8,2.7,-0.083,-0.075,-0.049,-0.041,-0.002,1
2023-06-23,Lotus,Paper Rex,Evil Geniuses,40,6,197.64,200.36,197.56,200.1,70.68,74.56,72.56,73.1,1.0,1.0,1.2,0.5,0.289,0.267,0.284,0.278,45,4,191.56,198.8,206.2,198.8,70.2,70.35,74.4,70.35,-1.8,-2.0,0.3,-2.0,0.3,0.277,0.324,0.277,-5,2,6.08,1.56,-8.64,1.3,0.48,4.21,-1.84,2.75,2.8,3.0,0.9,2.5,-0.011,-0.01,-0.04,0.001,1
2023-06-23,Fracture,Paper Rex,Evil Geniuses,41,7,202.68,214.64,197.38,211.771,71.32,77.04,71.78,77.0,1.4,4.2,0.3,3.429,0.314,0.319,0.284,0.308,46,11,191.64,215.96,204.38,219.74,69.96,77.4,74.1,79.8,-2.6,2.2,0.3,3.3,0.289,0.319,0.32,0.343,-5,-4,11.04,-1.32,-7.0,-7.969,1.36,-0.36,-2.32,-2.8,4.0,2.0,-0.0,0.129,0.025,0.0,-0.036,-0.035,0
2023-06-23,Pearl,Paper Rex,Evil Geniuses,42,7,195.8,209.16,195.94,214.629,68.8,75.24,70.26,74.857,-0.2,1.4,0.0,1.286,0.283,0.327,0.26,0.351,47,5,188.0,191.08,203.58,191.08,69.08,66.88,74.3,66.88,-2.4,-2.8,0.3,-2.8,0.289,0.267,0.321,0.267,-5,2,7.8,18.08,-7.64,23.549,-0.28,8.36,-4.04,7.977,2.2,4.2,-0.3,4.086,-0.007,0.06,-0.061,0.085,0
2023-06-23,Ascent,Paper Rex,Evil Geniuses,43,4,191.08,205.75,194.88,205.75,67.2,76.1,70.0,76.1,-2.0,2.25,-0.5,2.25,0.248,0.325,0.246,0.325,48,8,193.68,205.56,205.42,203.4,70.36,74.84,74.48,73.45,-1.4,1.8,0.6,0.25,0.29,0.313,0.326,0.305,-5,-4,-2.6,0.19,-10.54,2.35,-3.16,1.26,-4.48,2.65,-0.6,0.45,-1.1,2.0,-0.043,0.012,-0.08,0.02,0
2023-06-23,Split,Paper Rex,Evil Geniuses,44,8,194.84,207.6,196.88,204.475,68.16,77.76,70.22,74.325,-1.6,5.4,-0.4,3.25,0.254,0.302,0.254,0.297,49,7,211.16,199.52,205.32,202.229,75.4,71.64,74.2,73.6,0.8,-3.0,0.7,-0.571,0.313,0.262,0.315,0.28,-5,1,-16.32,8.08,-8.44,2.246,-7.24,6.12,-3.98,0.725,-2.4,8.4,-1.1,3.821,-0.059,0.04,-0.061,0.017,1
2023-06-25,Split,Evil Geniuses,FNATIC,50,8,210.68,197.56,201.12,201.175,75.16,70.24,72.68,72.9,3.8,-1.6,1.0,0.625,0.298,0.246,0.299,0.267,35,5,220.12,218.72,212.18,218.72,76.48,76.88,76.28,76.88,3.6,1.6,2.8,1.6,0.342,0.356,0.344,0.356,15,3,-9.44,-21.16,-11.06,-17.545,-1.32,-6.64,-3.6,-3.98,0.2,-3.2,-1.8,-0.975,-0.044,-0.11,-0.044,-0.089,0
2023-06-25,Lotus,FNATIC,Evil Geniuses,36,10,218.0,223.16,212.9,221.88,76.56,80.24,76.48,80.34,2.4,1.2,2.4,2.7,0.347,0.359,0.354,0.382,51,5,208.56,199.08,200.1,199.08,74.88,70.6,72.42,70.6,5.0,-2.0,1.2,-2.0,0.303,0.283,0.296,0.283,-15,5,9.44,24.08,12.8,22.8,1.68,9.64,4.06,9.74,-2.6,3.2,1.2,4.7,0.044,0.075,0.058,0.099,1
2023-06-25,Bind,FNATIC,Evil Geniuses,37,5,215.12,217.4,215.74,217.4,74.84,78.56,77.1,78.56,1.4,2.2,2.4,2.2,0.325,0.337,0.356,0.337,52,3,201.16,210.067,194.58,210.067,71.64,72.533,70.36,72.533,4.8,2.0,1.2,2.0,0.289,0.229,0.289,0.229,-15,2,13.96,7.333,21.16,7.333,3.2,6.027,6.74,6.027,-3.4,0.2,1.2,0.2,0.035,0.108,0.066,0.108,1
2023-07-15,Bind,MIBR,KRÜ Esports,22,0,185.04,,179.04,,68.16,,67.22,,-1.8,,-2.7,,0.225,,0.214,,23,1,203.8,191.2,188.04,191.2,73.48,70.4,69.14,70.4,-0.4,-3.0,-2.2,-3.0,0.235,0.217,0.215,0.217,-1,-1,-18.76,,-9.0,,-5.32,,-1.92,,-1.4,,-0.5,,-0.01,,-0.001,,0
2023-07-15,Lotus,KRÜ Esports,MIBR,24,3,209.64,203.667,191.94,203.667,74.4,71.267,69.84,71.267,0.2,-0.667,-2.1,-0.667,0.242,0.242,0.214,0.242,23,5,185.88,187.48,176.26,187.48,66.92,68.64,65.66,68.64,-0.8,-1.6,-2.4,-1.6,0.253,0.277,0.234,0.277,1,-2,23.76,16.187,15.68,16.187,7.48,2.627,4.18,2.627,1.0,0.933,0.3,0.933,-0.011,-0.035,-0.02,-0.035,1
2023-07-16,Split,KRÜ Esports,FURIA,25,5,210.32,189.4,193.52,189.4,76.12,69.56,71.34,69.56,1.2,-2.8,-1.8,-2.8,0.23,0.191,0.218,0.191,30,4,178.76,190.75,188.12,190.75,67.36,70.4,70.94,70.4,-2.2,-0.5,-2.1,-0.5,0.228,0.277,0.261,0.277,-5,1,31.56,-1.35,5.4,-1.35,8.76,-0.84,0.4,-0.84,3.4,-2.3,0.3,-2.3,0.002,-0.086,-0.044,-0.086,0
2023-07-16,Ascent,FURIA,KRÜ Esports,31,6,175.24,189.08,190.48,196.833,66.0,71.44,71.54,73.6,-2.8,-0.4,-1.9,-0.333,0.213,0.285,0.286,0.284,26,7,201.2,196.6,191.32,196.543,74.36,70.8,71.28,70.086,0.2,-0.6,-1.5,-1.0,0.231,0.279,0.21,0.26,5,-1,-25.96,-7.52,-0.84,0.29,-8.36,0.64,0.26,3.514,-3.0,0.2,-0.4,0.667,-0.018,0.007,0.076,0.024,0
2023-07-16,Bind,KRÜ Esports,FURIA,27,2,207.96,205.8,200.34,205.8,75.96,72.7,73.12,72.7,2.4,-1.5,-0.3,-1.5,0.263,0.234,0.234,0.234,32,4,176.32,196.9,186.1,196.9,65.6,72.05,69.12,72.05,-3.4,1.75,-2.6,1.75,0.226,0.311,0.27,0.311,-5,-2,31.64,8.9,14.24,8.9,10.36,0.65,4.0,0.65,5.8,-3.25,2.3,-3.25,0.037,-0.078,-0.036,-0.078,1
2023-07-16,Pearl,100 Thieves,Sentinels,23,2,192.68,192.2,189.5,192.2,72.96,71.2,72.4,71.2,1.6,3.5,0.2,3.5,0.294,0.304,0.247,0.304,22,4,202.2,196.0,192.48,196.0,75.32,69.25,69.4,69.25,1.4,-1.5,-0.1,-1.5,0.326,0.274,0.26,0.274,1,-2,-9.52,-3.8,-2.98,-3.8,-2.36,1.95,3.0,1.95,0.2,5.0,0.3,5.0,-0.032,0.03,-0.013,0.03,1
2023-07-16,Split,Sentinels,100 Thieves,23,3,198.24,205.733,189.88,205.733,72.68,71.6,68.5,71.6,0.8,-1.333,-0.4,-1.333,0.311,0.381,0.246,0.381,24,3,197.2,198.267,193.22,198.267,75.44,73.2,73.64,73.2,1.0,4.667,0.0,4.667,0.319,0.281,0.279,0.281,-1,0,1.04,7.467,-3.34,7.467,-2.76,-1.6,-5.14,-1.6,-0.2,-6.0,-0.4,-6.0,-0.008,0.099,-0.033,0.099,1
2023-07-16,Bind,Sentinels,100 Thieves,24,2,200.72,213.6,193.56,213.6,72.48,74.9,70.08,74.9,0.4,1.5,0.3,1.5,0.292,0.333,0.259,0.333,25,1,193.8,197.8,192.28,197.8,71.24,75.0,72.24,75.0,-1.0,-10.0,0.8,-10.0,0.299,0.2,0.289,0.2,-1,1,6.92,15.8,1.28,15.8,1.24,-0.1,-2.16,-0.1,1.4,11.5,-0.5,11.5,-0.007,0.133,-0.03,0.133,1
2023-07-17,Pearl,Sentinels,Cloud9,25,5,199.4,197.04,197.7,197.04,73.68,68.96,72.1,68.96,0.4,-1.2,0.4,-1.2,0.292,0.265,0.288,0.265,28,4,194.84,196.15,192.9,196.15,71.12,72.5,70.56,72.5,-1.0,-0.75,-0.7,-0.75,0.322,0.313,0.289,0.313,-3,1,4.56,0.89,4.8,0.89,2.56,-3.54,1.54,-3.54,1.4,-0.45,1.1,-0.45,-0.031,-0.048,-0.001,-0.048,0
2023-07-17,Fracture,Sentinels,Cloud9,26,4,201.24,193.4,198.4,193.4,71.0,68.05,72.3,68.05,0.2,-1.75,0.1,-1.75,0.325,0.265,0.305,0.265,29,4,197.32,205.45,191.96,205.45,72.68,71.35,69.94,71.35,-1.0,-0.25,-1.0,-0.25,0.284,0.263,0.277,0.263,-3,0,3.92,-12.05,6.44,-12.05,-1.68,-3.3,2.36,-3.3,1.2,-1.5,1.1,-1.5,0.041,0.002,0.028,0.002,1
2023-07-17,Split,Sentinels,Cloud9,27,4,206.28,208.3,204.24,208.3,74.32,72.7,74.82,72.7,1.8,-0.5,1.6,-0.5,0.297,0.348,0.311,0.348,30,3,195.04,218.867,188.64,218.867,70.04,82.0,69.02,82.0,-0.8,5.333,-1.2,5.333,0.268,0.297,0.267,0.297,-3,1,11.24,-10.567,15.6,-10.567,4.28,-9.3,5.8,-9.3,2.6,-5.833,2.8,-5.833,0.029,0.051,0.045,0.051,0
2023-07-17,Split,KRÜ Esports,LEVIATÁN,28,6,205.6,185.64,204.7,187.067,76.16,69.92,74.82,70.367,0.8,-3.2,0.2,-2.333,0.295,0.195,0.265,0.204,28,3,187.0,212.867,182.96,212.867,69.08,76.867,67.22,76.867,-1.2,1.333,-1.7,1.333,0.192,0.36,0.179,0.36,0,3,18.6,-27.227,21.74,-25.8,7.08,-6.947,7.6,-6.5,2.0,-4.533,1.9,-3.667,0.103,-0.165,0.086,-0.156,1
2023-07-17,Lotus,KRÜ Esports,LEVIATÁN,29,4,205.76,202.05,207.7,202.05,77.56,73.25,75.98,73.25,2.8,-0.25,1.5,-0.25,0.323,0.253,0.282,0.253,29,4,193.4,205.95,183.02,205.95,70.0,79.4,66.46,79.4,-3.2,4.5,-2.5,4.5,0.159,0.274,0.16,0.274,0,0,12.36,-3.9,24.68,-3.9,7.56,-6.15,9.52,-6.15,6.0,-4.75,4.0,-4.75,0.164,-0.021,0.123,-0.021,1
2023-07-18,Split,LEVIATÁN,Sentinels,30,4,192.48,206.35,181.4,206.35,68.28,73.75,66.04,73.75,-3.4,-1.5,-2.0,-1.5,0.167,0.284,0.174,0.284,28,5,205.6,206.2,201.92,206.2,75.2,72.6,73.94,72.6,1.2,-1.0,1.0,-1.0,0.289,0.317,0.3,0.317,2,-1,-13.12,0.15,-20.52,0.15,-6.92,1.15,-7.9,1.15,-4.6,-0.5,-3.0,-0.5,-0.122,-0.033,-0.126,-0.033,1
2023-07-18,Fracture,LEVIATÁN,Sentinels,31,0,203.12,,189.6,,71.76,,67.92,,-0.2,,-1.1,,0.214,,0.2,,29,5,198.12,201.0,199.42,201.0,72.24,71.52,72.36,71.52,-0.6,0.2,-0.1,0.2,0.251,0.256,0.271,0.256,2,-5,5.0,,-9.82,,-0.48,,-4.44,,0.4,,-1.0,,-0.037,,-0.071,,1
2023-07-18,Haven,KRÜ Esports,Cloud9,30,2,207.64,153.8,208.98,153.8,77.72,63.0,76.92,63.0,3.4,-2.0,2.3,-2.0,0.355,0.116,0.293,0.116,31,3,199.44,200.2,193.92,200.2,72.56,71.467,71.3,71.467,0.0,5.333,-0.7,5.333,0.256,0.426,0.278,0.426,-1,-1,8.2,-46.4,15.06,-46.4,5.16,-8.467,5.62,-8.467,3.4,-7.333,3.0,-7.333,0.099,-0.309,0.015,-0.309,1
2023-07-18,Fracture,TALON,DetonatioN FocusMe,21,3,206.4,192.933,202.32,192.933,72.96,69.667,71.36,69.667,-2.8,-2.667,-1.9,-2.667,0.34,0.211,0.315,0.211,20,3,180.96,204.133,183.62,204.133,66.84,77.533,67.34,77.533,1.8,3.667,-0.3,3.667,0.184,0.238,0.204,0.238,1,0,25.44,-11.2,18.7,-11.2,6.12,-7.867,4.02,-7.867,-4.6,-6.333,-1.6,-6.333,0.157,-0.027,0.111,-0.027,1
2023-07-18,Ascent,Cloud9,KRÜ Esports,32,6,194.08,205.24,196.86,200.933,71.44,75.84,72.82,73.667,-0.6,3.0,-0.3,2.333,0.232,0.315,0.282,0.287,31,8,217.24,201.6,209.22,200.025,78.6,72.44,76.48,71.3,4.4,0.4,2.3,-0.25,0.396,0.279,0.314,0.265,1,-2,-23.16,3.64,-12.36,0.908,-7.16,3.4,-3.66,2.367,-5.0,2.6,-2.6,2.583,-0.165,0.036,-0.032,0.022,1
2023-07-18,Ascent,TALON,DetonatioN FocusMe,22,4,211.12,191.7,204.16,191.7,75.76,67.8,72.28,67.8,0.0,1.0,-1.5,1.0,0.37,0.268,0.313,0.268,21,3,177.28,171.333,182.7,171.333,65.36,66.8,66.6,66.8,-0.4,-3.0,-0.8,-3.0,0.205,0.246,0.22,0.246,1,1,33.84,20.367,21.46,20.367,10.4,1.0,5.68,1.0,0.4,4.0,-0.7,4.0,0.165,0.022,0.093,0.022,1
2023-07-18,Pearl,KRÜ Esports,Cloud9,32,3,206.4,196.267,207.18,196.267,75.88,71.4,75.92,71.4,2.0,2.333,2.2,2.333,0.361,0.224,0.312,0.224,33,5,201.16,198.6,198.0,198.6,74.04,73.08,72.58,73.08,0.0,0.0,-0.5,0.0,0.241,0.288,0.282,0.288,-1,-2,5.24,-2.333,9.18,-2.333,1.84,-1.68,3.34,-1.68,2.0,2.333,2.7,2.333,0.12,-0.064,0.03,-0.064,1
2023-07-19,Fracture,KOI,Team Heretics,21,3,189.6,195.533,185.52,195.533,69.44,73.8,68.96,73.8,-2.2,-3.333,-1.5,-3.333,0.31,0.317,0.29,0.317,21,2,188.16,191.2,188.6,191.2,68.56,66.7,68.98,66.7,-1.0,1.0,-2.0,1.0,0.254,0.262,0.291,0.262,0,1,1.44,4.333,-3.08,4.333,0.88,7.1,-0.02,7.1,-1.2,-4.333,0.5,-4.333,0.056,0.054,-0.001,0.054,1
2023-07-19,Pearl,KOI,Team Heretics,22,1,193.32,229.0,183.58,229.0,69.6,89.0,67.68,89.0,-0.8,10.0,-1.8,10.0,0.332,0.438,0.285,0.438,22,3,185.96,167.267,189.82,167.267,69.04,62.267,69.96,62.267,-1.2,-1.0,-2.6,-1.0,0.262,0.223,0.304,0.223,0,-2,7.36,61.733,-6.24,61.733,0.56,26.733,-2.28,26.733,0.4,11.0,0.8,11.0,0.07,0.215,-0.019,0.215,0
2023-07-19,Split,Rex Regum Qeon,Global Esports,21,3,203.6,176.533,196.54,176.533,71.28,67.467,69.68,67.467,1.0,2.0,0.2,2.0,0.273,0.249,0.266,0.249,21,3,194.32,209.8,201.32,209.8,69.92,70.533,70.52,70.533,-1.8,2.333,-1.2,2.333,0.333,0.315,0.308,0.315,0,0,9.28,-33.267,-4.78,-33.267,1.36,-3.067,-0.84,-3.067,2.8,-0.333,1.4,-0.333,-0.061,-0.065,-0.042,-0.065,1
2023-07-19,Haven,Team Heretics,KOI,23,2,179.68,178.0,186.88,178.0,68.6,69.4,69.6,69.4,-1.4,0.0,-2.2,0.0,0.241,0.243,0.286,0.243,23,1,191.2,185.8,187.4,185.8,70.68,78.4,70.02,78.4,-1.4,-4.0,-1.2,-4.0,0.335,0.292,0.312,0.292,0,1,-11.52,-7.8,-0.52,-7.8,-2.08,-9.0,-0.42,-9.0,0.0,4.0,-1.0,4.0,-0.094,-0.048,-0.025,-0.048,0
2023-07-19,Bind,BBL Esports,Karmine Corp,21,2,201.32,191.8,203.36,191.8,76.88,77.5,77.38,77.5,2.8,6.0,2.1,6.0,0.231,0.378,0.301,0.378,19,0,166.68,,178.28,,64.24,,67.46,,-2.0,,0.5,,0.203,,0.211,,2,2,34.64,,25.08,,12.64,,9.92,,4.8,,1.6,,0.028,,0.089,,0
2023-07-19,Haven,Gen.G,TALON,29,5,203.24,203.72,197.1,203.72,74.08,76.8,72.38,76.8,1.6,1.8,-0.9,1.8,0.261,0.278,0.264,0.278,23,3,210.84,197.467,206.9,197.467,74.04,67.2,72.58,67.2,1.0,-5.0,-0.1,-5.0,0.359,0.296,0.333,0.296,6,2,-7.6,6.253,-9.8,6.253,0.04,9.6,-0.2,9.6,0.6,6.8,-0.8,6.8,-0.098,-0.017,-0.069,-0.017,1
2023-07-19,Split,TALON,Gen.G,24,4,209.88,182.55,208.32,182.55,74.88,64.35,73.46,64.35,0.0,-4.25,0.0,-4.25,0.395,0.181,0.357,0.181,30,2,199.52,188.7,194.64,188.7,72.08,69.2,71.7,69.2,-0.2,1.0,-1.2,1.0,0.259,0.254,0.243,0.254,-6,2,10.36,-6.15,13.68,-6.15,2.8,-4.85,1.76,-4.85,0.2,-5.25,1.2,-5.25,0.136,-0.073,0.114,-0.073,0
2023-07-19,Pearl,Gen.G,TALON,31,3,199.88,193.933,200.18,193.933,72.24,71.0,72.68,71.0,-1.2,0.333,-1.0,0.333,0.275,0.194,0.265,0.194,25,2,210.08,182.2,206.78,182.2,73.64,63.4,72.28,63.4,0.6,-1.5,-0.6,-1.5,0.355,0.296,0.346,0.296,6,1,-10.2,11.733,-6.6,11.733,-1.4,7.6,0.4,7.6,-1.8,1.833,-0.4,1.833,-0.08,-0.102,-0.081,-0.102,0
2023-07-19,Ascent,Rex Regum Qeon,Global Esports,22,2,201.16,218.2,195.72,218.2,71.2,82.3,70.18,82.3,-1.6,-2.5,0.4,-2.5,0.301,0.358,0.272,0.358,22,1,195.56,191.2,201.52,191.2,70.44,73.0,71.74,73.0,-0.6,-2.0,-0.4,-2.0,0.333,0.308,0.313,0.308,0,1,5.6,27.0,-5.8,27.0,0.76,9.3,-1.56,9.3,-1.0,-0.5,0.8,-0.5,-0.032,0.05,-0.041,0.05,1
2023-07-19,Haven,Karmine Corp,BBL Esports,20,3,174.32,172.0,184.44,172.0,66.2,62.8,68.42,62.8,2.4,2.0,2.3,2.0,0.239,0.191,0.231,0.191,22,4,191.96,203.2,198.62,203.2,72.24,76.15,75.16,76.15,0.2,3.25,1.2,3.25,0.226,0.268,0.281,0.268,-2,-1,-17.64,-31.2,-14.18,-31.2,-6.04,-13.35,-6.74,-13.35,2.2,-1.25,1.1,-1.25,0.013,-0.077,-0.05,-0.077,0
2023-07-19,Lotus,BBL Esports,Karmine Corp,23,1,188.08,196.4,198.02,196.4,71.6,75.6,74.28,75.6,-0.2,5.0,0.7,5.0,0.231,0.217,0.301,0.217,21,4,171.96,183.05,181.16,183.05,65.84,72.0,67.54,72.0,2.6,2.0,1.4,2.0,0.217,0.268,0.218,0.268,2,-3,16.12,13.35,16.86,13.35,5.76,3.6,6.74,3.6,-2.8,3.0,-0.7,3.0,0.014,-0.05,0.083,-0.05,0
2023-07-20,Split,Karmine Corp,Giants Gaming,22,4,190.08,164.8,180.48,164.8,71.32,63.4,67.5,63.4,6.4,0.0,2.2,0.0,0.272,0.098,0.234,0.098,25,5,194.48,209.8,198.98,209.8,69.64,75.12,71.98,75.12,-0.8,-0.2,-1.9,-0.2,0.249,0.297,0.285,0.297,-3,-1,-4.4,-45.0,-18.5,-45.0,1.68,-11.72,-4.48,-11.72,7.2,0.2,4.1,0.2,0.023,-0.199,-0.05,-0.199,0
2023-07-20,Split,KOI,Natus Vincere,24,2,201.64,204.1,194.72,204.1,74.28,71.4,71.94,71.4,0.6,-1.0,-0.5,-1.0,0.34,0.345,0.316,0.345,30,5,194.16,185.6,197.9,185.6,70.72,65.4,70.62,65.4,2.8,0.0,2.8,0.0,0.232,0.286,0.254,0.286,-6,-3,7.48,18.5,-3.18,18.5,3.56,6.0,1.32,6.0,-2.2,-1.0,-3.3,-1.0,0.108,0.059,0.062,0.059,1
2023-07-20,Ascent,Team Secret,Gen.G,27,4,182.68,211.25,196.12,211.25,66.48,75.25,71.24,75.25,-5.0,1.75,-1.1,1.75,0.189,0.375,0.264,0.375,32,6,197.48,193.48,199.78,199.667,71.08,70.6,72.52,71.4,-2.6,-0.8,-0.6,0.667,0.289,0.263,0.256,0.293,-5,-2,-14.8,17.77,-3.66,11.583,-4.6,4.65,-1.28,3.85,-2.4,2.55,-0.5,1.083,-0.1,0.112,0.007,0.081,1
2023-07-20,Haven,Gen.G,Team Secret,33,6,199.04,201.44,199.34,204.233,71.6,77.24,72.68,76.733,-5.0,2.4,-0.6,1.833,0.302,0.285,0.261,0.285,28,7,191.32,206.08,199.0,204.971,70.6,73.64,72.44,74.829,-2.4,-1.0,-0.2,-0.571,0.244,0.308,0.264,0.284,5,-1,7.72,-4.64,0.34,-0.738,1.0,3.6,0.24,1.905,-2.6,3.4,-0.4,2.405,0.058,-0.023,-0.003,0.001,0
2023-07-20,Haven,Rex Regum Qeon,ZETA DIVISION,23,5,207.2,213.92,198.68,213.92,71.4,75.32,70.36,75.32,-3.4,-0.2,-0.1,-0.2,0.37,0.291,0.272,0.291,26,6,198.0,215.6,195.98,214.033,71.08,76.72,68.9,77.3,0.0,4.2,-1.8,4.667,0.258,0.278,0.274,0.283,-3,-1,9.2,-1.68,2.7,-0.113,0.32,-1.4,1.46,-1.98,-3.4,-4.4,1.7,-4.867,0.112,0.013,-0.001,0.009,1
2023-07-20,Split,Rex Regum Qeon,ZETA DIVISION,24,4,207.24,185.15,209.12,185.15,72.36,70.0,74.6,70.0,-1.4,0.75,1.1,0.75,0.368,0.285,0.306,0.285,27,2,190.56,196.9,192.48,196.9,70.96,68.9,67.24,68.9,-0.4,-1.5,-2.1,-1.5,0.272,0.291,0.25,0.291,-3,2,16.68,-11.75,16.64,-11.75,1.4,1.1,7.36,1.1,-1.0,2.25,3.2,2.25,0.096,-0.006,0.056,-0.006,0
2023-07-20,Ascent,ZETA DIVISION,Rex Regum Qeon,28,7,186.88,196.24,193.36,193.971,69.12,73.8,68.02,73.371,0.8,-1.8,-0.8,-1.0,0.289,0.238,0.255,0.229,25,3,205.52,210.333,205.62,210.333,72.2,76.067,73.24,76.067,-1.6,-4.0,-0.2,-4.0,0.334,0.355,0.304,0.355,3,4,-18.64,-14.093,-12.26,-16.362,-3.08,-2.267,-5.22,-2.695,2.4,2.2,-0.6,3.0,-0.045,-0.117,-0.05,-0.125,1
2023-07-20,Pearl,Karmine Corp,Giants Gaming,23,0,186.44,,178.02,,70.36,,67.66,,4.0,,1.7,,0.245,,0.232,,26,3,190.88,182.067,200.16,182.067,70.32,63.867,73.26,63.867,0.0,-3.333,-1.3,-3.333,0.227,0.252,0.295,0.252,-3,-3,-4.44,,-22.14,,0.04,,-5.6,,4.0,,3.0,,0.018,,-0.063,,0
2023-07-20,Lotus,Natus Vincere,KOI,31,7,189.4,200.56,196.28,200.4,68.2,74.68,70.06,73.743,3.0,1.4,3.0,1.0,0.218,0.323,0.255,0.312,25,6,203.56,168.0,201.04,176.367,76.76,62.56,74.7,65.167,-0.8,-7.4,0.1,-5.5,0.32,0.172,0.335,0.2,6,1,-14.16,32.56,-4.76,24.033,-8.56,12.12,-4.64,8.576,3.8,8.8,2.9,6.5,-0.102,0.152,-0.08,0.112,0
2023-07-21,Lotus,Natus Vincere,Karmine Corp,32,8,186.0,192.68,190.64,195.825,69.24,71.84,69.02,73.125,1.6,-0.6,2.6,0.875,0.218,0.271,0.242,0.297,24,5,193.96,188.16,180.32,188.16,71.84,72.68,68.04,72.68,3.6,4.0,0.8,4.0,0.281,0.296,0.242,0.296,8,3,-7.96,4.52,10.32,7.665,-2.6,-0.84,0.98,0.445,-2.0,-4.6,1.8,-3.125,-0.063,-0.025,-0.0,0.001,1
2023-07-21,Pearl,KOI,Giants Gaming,26,2,214.2,211.7,201.9,211.7,79.6,83.3,74.52,83.3,1.2,5.5,-0.5,5.5,0.345,0.414,0.328,0.414,27,4,192.04,190.45,200.66,190.45,70.24,66.85,72.76,66.85,-1.2,-2.5,-1.6,-2.5,0.231,0.262,0.298,0.262,-1,-2,22.16,21.25,1.24,21.25,9.36,16.45,1.76,16.45,2.4,8.0,1.1,8.0,0.114,0.153,0.029,0.153,0
2023-07-21,Ascent,Karmine Corp,Natus Vincere,25,6,183.88,174.8,179.1,170.533,69.2,64.2,67.7,63.7,1.4,-2.8,1.9,-3.0,0.233,0.187,0.236,0.174,33,6,195.0,210.92,190.72,205.967,71.56,75.16,69.26,74.967,2.4,2.2,2.3,1.5,0.281,0.331,0.248,0.301,-8,0,-11.12,-36.12,-11.62,-35.433,-2.36,-10.96,-1.56,-11.267,-1.0,-5.0,-0.4,-4.5,-0.048,-0.144,-0.012,-0.127,1
2023-07-21,Pearl,Natus Vincere,Karmine Corp,34,4,189.64,218.6,190.88,218.6,69.4,81.85,69.42,81.85,1.6,4.0,2.6,4.0,0.275,0.283,0.249,0.283,26,1,193.12,205.6,182.54,205.6,70.64,68.4,68.24,68.4,2.2,0.0,2.4,0.0,0.265,0.292,0.241,0.292,8,3,-3.48,13.0,8.34,13.0,-1.24,13.45,1.18,13.45,-0.6,4.0,0.2,4.0,0.01,-0.009,0.008,-0.009,1
2023-07-21,Lotus,ZETA DIVISION,Team Secret,29,3,191.6,201.067,198.22,201.067,71.28,69.667,71.18,69.667,1.4,-2.667,0.2,-2.667,0.265,0.333,0.265,0.333,29,3,204.8,195.067,198.5,195.067,75.28,71.067,72.42,71.067,-2.4,-0.333,-0.8,-0.333,0.329,0.291,0.273,0.291,0,0,-13.2,6.0,-0.28,6.0,-4.0,-1.4,-1.24,-1.4,3.8,-2.333,1.0,-2.333,-0.064,0.042,-0.008,0.042,1
2023-07-21,Haven,Giants Gaming,KOI,28,1,199.32,171.6,200.88,171.6,74.2,62.4,73.64,62.4,-1.2,2.0,-0.5,2.0,0.276,0.167,0.311,0.167,27,2,203.84,204.9,198.58,204.9,77.04,79.2,73.32,79.2,-0.6,-1.5,-0.7,-1.5,0.291,0.277,0.312,0.277,1,-1,-4.52,-33.3,2.3,-33.3,-2.84,-16.8,0.32,-16.8,-0.6,3.5,0.2,3.5,-0.016,-0.111,-0.0,-0.111,1
2023-07-21,Fracture,ZETA DIVISION,Team Secret,30,4,194.28,208.2,200.12,208.2,71.08,76.45,72.1,76.45,1.0,-0.25,1.1,-0.25,0.25,0.312,0.257,0.312,30,4,204.56,197.4,195.56,197.4,73.84,72.9,70.36,72.9,-0.6,-0.25,-1.4,-0.25,0.336,0.298,0.25,0.298,0,0,-10.28,10.8,4.56,10.8,-2.76,3.55,1.74,3.55,1.6,0.0,2.5,0.0,-0.086,0.014,0.007,0.014,1
2023-07-21,Lotus,Rex Regum Qeon,Gen.G,26,2,207.6,177.7,205.6,177.7,74.16,65.8,72.72,65.8,-2.8,-2.5,-0.9,-2.5,0.33,0.11,0.301,0.11,34,5,193.16,198.88,198.2,198.88,69.04,72.44,71.56,72.44,-1.8,-1.0,-0.1,-1.0,0.283,0.288,0.272,0.288,-8,-3,14.44,-21.18,7.4,-21.18,5.12,-6.64,1.16,-6.64,-1.0,-1.5,-0.8,-1.5,0.047,-0.178,0.029,-0.178,1
2023-07-21,Ascent,Rex Regum Qeon,Gen.G,27,4,213.24,211.0,207.2,211.0,76.52,76.0,73.86,76.0,-1.2,-4.0,-1.4,-4.0,0.332,0.335,0.316,0.335,35,7,179.68,200.8,189.6,198.514,63.6,72.72,67.84,71.114,-3.2,-2.0,-1.7,-1.0,0.246,0.293,0.252,0.292,-8,-3,33.56,10.2,17.6,12.486,12.92,3.28,6.02,4.886,2.0,-2.0,0.3,-3.0,0.086,0.041,0.064,0.043,0
2023-07-21,Haven,Rex Regum Qeon,Gen.G,28,6,209.6,220.56,208.4,218.133,76.8,78.72,74.1,77.633,-1.0,2.6,-2.2,1.0,0.303,0.319,0.336,0.309,36,7,182.08,191.28,190.98,198.829,65.96,71.28,69.1,74.171,-2.2,3.0,-1.7,2.0,0.238,0.261,0.257,0.275,-8,-1,27.52,29.28,17.42,19.305,10.84,7.44,5.0,3.462,1.2,-0.4,-0.5,-1.0,0.065,0.058,0.08,0.035,0
2023-07-22,Ascent,Team Secret,Gen.G,31,5,199.48,214.08,190.96,214.08,71.2,76.8,68.02,76.8,-1.0,3.6,-2.7,3.6,0.292,0.366,0.216,0.366,37,8,188.88,199.0,193.18,201.5,69.72,72.88,70.4,72.725,0.8,-1.8,-0.9,-0.125,0.259,0.258,0.274,0.299,-6,-3,10.6,15.08,-2.22,12.58,1.48,3.92,-2.38,4.075,-1.8,5.4,-1.8,3.725,0.033,0.109,-0.058,0.067,1
2023-07-22,Bind,Cloud9,LEVIATÁN,34,1,192.16,140.0,194.74,140.0,70.52,52.0,71.6,52.0,-2.4,-9.0,-1.7,-9.0,0.215,0.067,0.249,0.067,32,1,206.08,182.2,195.74,182.2,74.32,72.6,71.24,72.6,0.6,-3.0,-0.2,-3.0,0.243,0.158,0.223,0.158,2,0,-13.92,-42.2,-1.0,-42.2,-3.8,-20.6,0.36,-20.6,-3.0,-6.0,-1.5,-6.0,-0.028,-0.091,0.026,-0.091,0
2023-07-22,Haven,LEVIATÁN,Cloud9,33,5,207.28,187.96,197.14,187.96,74.32,70.88,71.7,70.88,-0.4,-1.8,-0.8,-1.8,0.251,0.191,0.221,0.191,35,4,189.44,192.5,192.24,192.5,69.64,70.4,69.84,70.4,-1.6,2.75,-1.2,2.75,0.24,0.346,0.254,0.346,-2,1,17.84,-4.54,4.9,-4.54,4.68,0.48,1.86,0.48,1.2,-4.55,0.4,-4.55,0.011,-0.155,-0.033,-0.155,1
2023-07-22,Split,Cloud9,LEVIATÁN,36,4,182.6,218.3,191.02,218.3,66.2,81.7,69.38,81.7,-2.4,4.75,-1.2,4.75,0.217,0.306,0.237,0.306,34,5,213.64,214.44,203.52,214.44,77.64,76.36,73.82,76.36,1.8,0.2,-0.7,0.2,0.3,0.31,0.23,0.31,2,-1,-31.04,3.86,-12.5,3.86,-11.44,5.34,-4.44,5.34,-4.2,4.55,-0.5,4.55,-0.083,-0.004,0.007,-0.004,0
2023-07-22,Pearl,Cloud9,LEVIATÁN,37,6,185.28,187.64,189.68,192.733,66.8,69.16,69.12,70.533,-3.0,-1.8,-1.8,-1.5,0.254,0.242,0.243,0.25,35,6,219.68,216.08,206.08,210.467,80.04,78.64,74.16,76.933,4.2,4.6,0.4,3.667,0.319,0.333,0.243,0.361,2,0,-34.4,-28.44,-16.4,-17.733,-13.24,-9.48,-5.04,-6.4,-7.2,-6.4,-2.2,-5.167,-0.065,-0.091,0.0,-0.111,1
2023-07-22,Lotus,LEVIATÁN,Cloud9,36,5,214.72,200.28,208.92,200.28,78.68,76.32,75.22,76.32,3.2,2.8,1.5,2.8,0.273,0.259,0.243,0.259,38,7,178.76,204.32,189.96,208.257,64.48,75.84,69.26,77.457,-4.8,-2.0,-2.4,0.143,0.256,0.323,0.249,0.355,-2,-2,35.96,-4.04,18.96,-7.977,14.2,0.48,5.96,-1.137,8.0,4.8,3.9,2.657,0.016,-0.064,-0.005,-0.096,0
2023-07-22,Pearl,Team Secret,Gen.G,32,0,203.8,,193.24,,74.08,,70.28,,1.4,,-1.8,,0.286,,0.238,,38,4,180.84,193.1,189.94,193.1,68.4,70.35,70.0,70.35,1.2,-0.75,-1.9,-0.75,0.229,0.198,0.265,0.198,-6,-4,22.96,,3.3,,5.68,,0.28,,0.2,,0.1,,0.058,,-0.028,,1
2023-07-22,Haven,Gen.G,Team Secret,39,8,184.2,200.76,188.68,202.05,69.48,74.52,69.26,75.8,1.0,4.4,-0.4,3.125,0.228,0.284,0.256,0.28,33,8,199.84,208.0,195.58,206.225,72.8,74.96,71.7,75.325,-1.2,-1.4,-1.8,-0.875,0.295,0.316,0.269,0.301,6,0,-15.64,-7.24,-6.9,-4.175,-3.32,-0.44,-2.44,0.475,2.2,5.8,1.4,4.0,-0.067,-0.032,-0.014,-0.021,1
2023-07-22,Split,KOI,Natus Vincere,28,3,199.56,208.133,195.38,208.133,73.68,75.6,72.18,75.6,-2.4,-1.667,-1.9,-1.667,0.267,0.335,0.301,0.335,35,6,191.32,181.36,192.74,183.4,70.32,63.12,70.52,64.333,0.4,0.6,1.6,0.5,0.275,0.263,0.254,0.291,-7,-3,8.24,26.773,2.64,24.733,3.36,12.48,1.66,11.267,-2.8,-2.267,-3.5,-2.167,-0.008,0.072,0.048,0.044,0
2023-07-22,Pearl,KOI,Natus Vincere,29,3,189.28,193.733,195.46,193.733,70.32,76.667,72.3,76.667,-3.4,3.0,-1.4,3.0,0.268,0.313,0.304,0.313,36,5,198.44,218.04,193.92,218.04,73.48,81.28,70.84,81.28,0.6,3.2,1.8,3.2,0.289,0.276,0.254,0.276,-7,-2,-9.16,-24.307,1.54,-24.307,-3.16,-4.613,1.46,-4.613,-4.0,-0.2,-3.2,-0.2,-0.021,0.037,0.051,0.037,0
2023-07-22,Fracture,KOI,Natus Vincere,30,4,182.6,199.05,193.08,199.05,67.8,74.4,72.28,74.4,-3.0,-0.75,-1.9,-0.75,0.248,0.333,0.284,0.333,37,4,206.96,199.65,196.48,199.65,74.52,73.55,71.88,73.55,0.8,5.0,1.2,5.0,0.321,0.302,0.269,0.302,-7,0,-24.36,-0.6,-3.4,-0.6,-6.72,0.85,0.4,0.85,-3.8,-5.75,-3.1,-5.75,-0.072,0.031,0.015,0.031,0
2023-07-22,Lotus,Team Secret,Gen.G,34,4,190.24,191.4,197.52,191.4,68.2,68.1,71.74,68.1,-0.4,-0.75,-1.4,-0.75,0.263,0.275,0.296,0.275,40,6,198.2,182.32,188.94,188.967,74.76,67.36,69.18,68.567,1.8,-2.6,-0.7,-1.667,0.271,0.22,0.258,0.262,-6,-2,-7.96,9.08,8.58,2.433,-6.56,0.74,2.56,-0.467,-2.2,1.85,-0.7,0.917,-0.008,0.055,0.037,0.013,1
2023-07-23,Haven,Giants Gaming,Natus Vincere,29,2,204.28,189.9,199.34,189.9,77.44,72.0,73.7,72.0,1.2,5.0,-0.2,5.0,0.307,0.276,0.308,0.276,38,0,202.32,,198.66,,73.16,,72.36,,-0.2,,1.1,,0.309,,0.295,,-9,2,1.96,,0.68,,4.28,,1.34,,1.4,,-1.3,,-0.002,,0.012,,1
2023-07-23,Fracture,ZETA DIVISION,Team Secret,31,5,199.92,209.96,198.96,209.96,73.12,76.96,72.1,76.96,2.8,1.4,1.4,1.4,0.269,0.33,0.264,0.33,35,5,195.32,190.28,199.94,190.28,72.56,69.52,73.2,69.52,0.6,-1.8,0.0,-1.8,0.28,0.249,0.308,0.249,-4,0,4.6,19.68,-0.98,19.68,0.56,7.44,-1.1,7.44,2.2,3.2,1.4,3.2,-0.011,0.081,-0.044,0.081,1
2023-07-23,Lotus,ZETA DIVISION,Team Secret,32,4,213.72,204.4,202.14,204.4,77.88,70.45,74.42,70.45,5.0,-1.5,2.3,-1.5,0.31,0.318,0.291,0.318,36,5,203.16,194.28,201.32,194.28,74.92,70.68,73.06,70.68,1.4,0.0,0.2,0.0,0.34,0.283,0.316,0.283,-4,-1,10.56,10.12,0.82,10.12,2.96,-0.23,1.36,-0.23,3.6,-1.5,2.1,-1.5,-0.03,0.035,-0.025,0.035,1
2023-07-23,Split,ZETA DIVISION,Team Secret,33,3,215.0,202.733,200.94,202.733,78.92,72.2,74.02,72.2,4.6,1.333,2.7,1.333,0.297,0.321,0.293,0.321,37,5,190.56,181.92,197.18,181.92,67.6,67.16,70.84,67.16,-1.4,-2.6,0.0,-2.6,0.312,0.211,0.299,0.211,-4,-2,24.44,20.813,3.76,20.813,11.32,5.04,3.18,5.04,6.0,3.933,2.7,3.933,-0.016,0.109,-0.006,0.109,1
2023-07-23,Split,KRÜ Esports,LEVIATÁN,33,7,211.24,187.12,208.42,191.943,78.8,70.32,77.48,72.029,4.2,-0.8,2.5,-0.571,0.357,0.223,0.326,0.231,37,6,213.04,216.0,209.56,213.333,78.6,76.16,76.46,76.3,4.2,2.2,2.4,1.5,0.266,0.283,0.254,0.307,-4,1,-1.8,-28.88,-1.14,-21.39,0.2,-5.84,1.02,-4.271,0.0,-3.0,0.1,-2.071,0.091,-0.06,0.072,-0.076,1
2023-07-23,Pearl,KRÜ Esports,LEVIATÁN,34,4,207.68,205.9,206.72,205.9,79.28,75.3,78.42,75.3,3.8,4.0,3.3,4.0,0.357,0.256,0.34,0.256,38,7,197.16,219.04,202.22,212.114,74.64,78.96,74.48,77.371,1.8,4.6,0.7,3.429,0.239,0.319,0.245,0.335,-4,-3,10.52,-13.14,4.5,-6.214,4.64,-3.66,3.94,-2.071,2.0,-0.6,2.6,0.571,0.118,-0.063,0.095,-0.079,0
2023-07-23,Lotus,KRÜ Esports,LEVIATÁN,35,5,202.04,202.96,204.84,202.96,76.0,74.6,76.86,74.6,2.4,0.6,2.9,0.6,0.324,0.293,0.34,0.293,39,6,193.28,194.2,203.46,199.033,72.12,73.72,74.88,76.1,2.2,1.8,2.0,3.333,0.226,0.251,0.263,0.258,-4,-1,8.76,8.76,1.38,3.927,3.88,0.88,1.98,-1.5,0.2,-1.2,0.9,-2.733,0.098,0.042,0.077,0.035,1
2023-07-23,Ascent,LEVIATÁN,KRÜ Esports,40,6,191.04,173.92,205.36,177.3,73.44,61.8,76.74,63.233,1.6,-3.6,2.9,-2.5,0.219,0.218,0.269,0.211,36,9,194.28,187.64,205.76,196.711,76.28,68.32,77.44,70.733,0.4,-1.6,2.4,-1.0,0.299,0.232,0.347,0.248,4,-3,-3.24,-13.72,-0.4,-19.411,-2.84,-6.52,-0.7,-7.5,1.2,-2.0,0.5,-1.5,-0.079,-0.014,-0.078,-0.038,0
2023-07-23,Lotus,Natus Vincere,Giants Gaming,39,9,201.32,192.2,195.48,198.267,73.96,71.6,71.68,73.644,0.6,0.0,1.1,1.111,0.324,0.282,0.299,0.31,30,5,209.24,211.36,201.86,211.36,79.36,77.56,74.5,77.56,2.4,2.8,0.8,2.8,0.334,0.355,0.292,0.355,9,4,-7.92,-19.16,-6.38,-13.093,-5.4,-5.96,-2.82,-3.916,-1.8,-2.8,0.3,-1.689,-0.01,-0.073,0.008,-0.045,0
2023-07-23,Bind,Giants Gaming,Natus Vincere,31,0,215.04,,202.96,,80.56,,75.44,,2.8,,1.4,,0.348,,0.287,,40,3,192.8,203.533,192.06,203.533,70.36,72.4,70.34,72.4,-0.2,1.333,0.1,1.333,0.304,0.285,0.289,0.285,-9,-3,22.24,,10.9,,10.2,,5.1,,3.0,,1.3,,0.044,,-0.002,,1
2023-07-23,Ascent,Team Secret,ZETA DIVISION,38,6,184.36,216.52,192.1,217.8,65.68,80.6,69.24,79.567,-0.6,5.0,-0.9,4.5,0.277,0.357,0.286,0.372,34,8,216.6,197.4,204.1,196.8,78.84,72.96,75.06,74.25,3.4,-1.4,2.4,-0.375,0.312,0.214,0.288,0.229,4,-2,-32.24,19.12,-12.0,21.0,-13.16,7.64,-5.82,5.317,-4.0,6.4,-3.3,4.875,-0.034,0.144,-0.002,0.143,1
2023-08-06,Fracture,Natus Vincere,Team Liquid,41,5,190.84,198.64,194.64,198.64,69.4,73.04,71.44,73.04,-1.8,3.6,-0.6,3.6,0.269,0.314,0.279,0.314,44,6,186.04,195.6,191.72,200.8,70.0,68.32,70.78,70.933,0.0,-2.2,-1.4,-0.667,0.207,0.281,0.258,0.301,-3,-1,4.8,3.04,2.92,-2.16,-0.6,4.72,0.66,2.107,-1.8,5.8,0.8,4.267,0.062,0.033,0.02,0.013,1
2023-08-06,Ascent,DRX,LOUD,46,7,181.64,201.96,196.46,206.629,67.44,72.24,71.1,73.314,-1.6,-1.8,-1.2,-1.0,0.219,0.298,0.258,0.324,35,9,183.36,202.52,199.28,209.756,65.72,75.4,69.52,77.0,-2.0,-0.4,-0.5,0.444,0.272,0.345,0.305,0.344,11,-2,-1.72,-0.56,-2.82,-3.127,1.72,-3.16,1.58,-3.686,0.4,-1.4,-0.7,-1.444,-0.053,-0.047,-0.047,-0.021,1
2023-08-06,Split,LOUD,DRX,36,7,186.6,197.84,199.38,200.857,65.8,72.44,69.36,72.6,-0.6,-3.8,0.0,-2.143,0.218,0.227,0.29,0.215,47,6,188.84,214.72,194.74,213.633,67.12,78.04,69.76,76.833,-1.0,-0.8,-0.9,-1.333,0.259,0.343,0.261,0.348,-11,1,-2.24,-16.88,4.64,-12.776,-1.32,-5.6,-0.4,-4.233,0.4,-3.0,0.9,-0.81,-0.04,-0.116,0.028,-0.133,0
2023-08-06,Lotus,LOUD,DRX,37,2,189.04,194.6,193.58,194.6,67.28,68.2,68.7,68.2,-1.2,1.5,-0.4,1.5,0.189,0.215,0.269,0.215,48,1,193.92,153.8,198.02,153.8,67.8,55.2,70.14,55.2,1.8,-8.0,-0.2,-8.0,0.27,0.062,0.276,0.062,-11,1,-4.88,40.8,-4.44,40.8,-0.52,13.0,-1.44,13.0,-3.0,9.5,-0.2,9.5,-0.08,0.152,-0.007,0.152,1
2023-08-06,Bind,Team Liquid,Natus Vincere,45,5,182.36,193.68,188.56,193.68,68.16,69.84,69.32,69.84,-0.4,-3.0,-2.1,-3.0,0.203,0.317,0.242,0.317,42,4,186.72,202.2,196.84,202.2,68.92,71.8,71.72,71.8,-1.2,0.0,-0.2,0.0,0.291,0.266,0.306,0.266,3,1,-4.36,-8.52,-8.28,-8.52,-0.76,-1.96,-2.4,-1.96,0.8,-3.0,-1.9,-3.0,-0.088,0.051,-0.063,0.051,0
2023-08-07,Pearl,FUT Esports,T1,38,2,200.16,224.0,192.0,224.0,71.6,82.1,70.32,82.1,1.0,2.5,-0.2,2.5,0.264,0.399,0.251,0.399,44,6,183.68,183.16,188.84,190.267,67.32,69.52,69.52,71.9,-3.6,-3.6,-2.6,-3.167,0.233,0.241,0.292,0.265,-6,-4,16.48,40.84,3.16,33.733,4.28,12.58,0.8,10.2,4.6,6.1,2.4,5.667,0.03,0.157,-0.041,0.134,1
2023-08-07,Split,DRX,Natus Vincere,49,7,194.0,208.6,197.38,213.914,66.28,74.6,70.06,75.943,-0.8,-1.0,-1.0,-0.714,0.306,0.319,0.289,0.344,43,7,187.88,181.4,195.1,186.914,69.0,64.68,71.08,65.829,-1.6,1.6,-0.9,1.0,0.293,0.279,0.301,0.304,6,0,6.12,27.2,2.28,27.0,-2.72,9.92,-1.02,10.114,0.8,-2.6,-0.1,-1.714,0.014,0.04,-0.012,0.04,0
2023-08-07,Ascent,FunPlus Phoenix,Evil Geniuses,0,0,,,,,,,,,,,,,,,,,53,9,190.88,207.56,192.28,205.311,69.04,74.28,69.7,73.644,3.0,0.8,0.8,0.333,0.285,0.301,0.288,0.298,-53,-9,,,,,,,,,,,,,,,,,0
2023-08-07,Pearl,Evil Geniuses,FunPlus Phoenix,54,6,188.4,194.44,199.78,196.433,69.8,69.04,72.6,69.067,5.4,-1.4,3.1,-1.167,0.323,0.299,0.318,0.284,1,0,170.6,,170.6,,61.0,,61.0,,-13.0,,-13.0,,0.19,,0.19,,53,6,17.8,,29.18,,8.8,,11.6,,18.4,,16.1,,0.133,,0.127,,1
2023-08-07,Bind,Natus Vincere,DRX,44,5,191.96,201.84,196.64,201.84,72.4,71.72,73.18,71.72,-1.2,-0.8,-0.3,-0.8,0.293,0.288,0.308,0.288,50,7,183.64,171.68,191.5,182.0,64.88,66.8,69.06,68.543,-2.4,-3.2,-1.7,-1.429,0.337,0.196,0.297,0.236,-6,-2,8.32,30.16,5.14,19.84,7.52,4.92,4.12,3.177,1.2,2.4,1.4,0.629,-0.045,0.092,0.011,0.052,0
2023-08-07,Haven,FUT Esports,T1,39,7,220.16,189.36,196.2,193.8,76.48,69.96,70.98,71.371,3.0,-3.4,0.5,-3.571,0.299,0.28,0.249,0.316,45,8,182.16,187.84,188.42,185.65,64.56,70.72,67.54,69.8,-5.4,-1.6,-3.6,-2.25,0.178,0.255,0.246,0.234,-6,-1,38.0,1.52,7.78,8.15,11.92,-0.76,3.44,1.571,8.4,-1.8,4.1,-1.321,0.121,0.025,0.003,0.082,1
2023-08-07,Lotus,Natus Vincere,DRX,45,10,195.68,187.24,194.24,195.76,73.72,68.92,72.04,72.38,-2.8,-1.2,-1.5,0.6,0.32,0.267,0.312,0.294,51,2,198.88,168.9,190.26,168.9,69.28,60.4,68.36,60.4,-0.4,-10.0,-1.0,-10.0,0.372,0.21,0.295,0.21,-6,8,-3.2,18.34,3.98,26.86,4.44,8.52,3.68,11.98,-2.4,8.8,-0.5,10.6,-0.052,0.057,0.017,0.085,0
2023-08-08,Bind,FUT Esports,Evil Geniuses,40,2,223.08,200.6,202.54,200.6,77.68,75.0,73.02,75.0,2.6,3.0,1.3,3.0,0.315,0.364,0.278,0.364,55,4,191.72,200.5,201.2,200.5,70.28,71.15,72.72,71.15,2.2,1.0,3.0,1.0,0.355,0.258,0.326,0.258,-15,-2,31.36,0.1,1.34,0.1,7.4,3.85,0.3,3.85,0.4,2.0,-1.7,2.0,-0.04,0.106,-0.048,0.106,0
2023-08-08,Pearl,Evil Geniuses,FUT Esports,56,7,195.96,197.08,202.26,198.429,69.92,68.6,72.4,69.257,2.6,-1.2,3.8,-2.0,0.325,0.299,0.314,0.291,41,3,216.44,230.8,206.64,230.8,75.16,81.733,73.54,81.733,0.0,3.333,0.5,3.333,0.326,0.364,0.288,0.364,15,4,-20.48,-33.72,-4.38,-32.371,-5.24,-13.133,-1.14,-12.476,2.6,-4.533,3.3,-5.333,-0.002,-0.065,0.026,-0.073,1
2023-08-08,Haven,FNATIC,ZETA DIVISION,38,5,217.4,212.52,217.1,212.52,76.24,78.88,77.54,78.88,2.2,4.2,2.2,4.2,0.341,0.353,0.353,0.353,35,7,212.32,197.84,203.3,203.057,78.12,72.08,74.6,74.057,1.8,2.6,1.4,3.0,0.312,0.215,0.281,0.252,3,-2,5.08,14.68,13.8,9.463,-1.88,6.8,2.94,4.823,0.4,1.6,0.8,1.2,0.029,0.137,0.073,0.101,1
2023-08-08,Fracture,ZETA DIVISION,FNATIC,36,6,203.08,210.92,201.5,209.333,73.68,77.2,73.4,77.2,0.0,1.6,1.4,1.833,0.274,0.329,0.271,0.32,39,3,214.48,195.867,216.08,195.867,74.88,73.6,76.84,73.6,0.4,2.667,2.0,2.667,0.352,0.338,0.355,0.338,-3,3,-11.4,15.053,-14.58,13.467,-1.2,3.6,-3.44,3.6,-0.4,-1.067,-0.6,-0.833,-0.078,-0.009,-0.083,-0.019,0
2023-08-08,Lotus,NRG,Bilibili Gaming,51,7,205.24,202.96,193.78,198.257,76.44,75.68,72.76,74.571,0.4,0.4,-2.3,0.571,0.287,0.308,0.293,0.301,0,0,,,,,,,,,,,,,,,,,51,7,,,,,,,,,,,,,,,,,0
2023-08-08,Split,NRG,Bilibili Gaming,52,7,208.16,214.56,202.46,213.714,77.24,80.2,75.68,79.6,3.0,1.6,-0.4,3.714,0.293,0.38,0.308,0.378,1,0,202.2,,202.2,,67.0,,67.0,,-16.0,,-16.0,,0.423,,0.423,,51,7,5.96,,0.26,,10.24,,8.68,,19.0,,15.6,,-0.13,,-0.115,,0
2023-08-09,Ascent,Giants Gaming,EDward Gaming,32,6,214.88,205.08,203.46,206.633,78.92,74.44,74.58,75.233,3.6,-0.6,1.2,-0.5,0.348,0.272,0.289,0.268,15,0,209.52,,206.06,,75.68,,76.9,,-1.0,,1.8,,0.284,,0.314,,17,6,5.36,,-2.6,,3.24,,-2.32,,4.6,,-0.6,,0.064,,-0.025,,0
2023-08-09,Split,KRÜ Esports,Paper Rex,37,8,203.52,191.52,204.96,193.375,77.96,73.6,76.92,73.575,3.2,1.0,2.6,0.5,0.37,0.248,0.365,0.25,45,9,193.76,200.96,195.7,204.644,68.04,74.68,69.36,74.0,-3.8,3.0,-1.4,1.889,0.239,0.309,0.264,0.308,-8,-1,9.76,-9.44,9.26,-11.269,9.92,-1.08,7.56,-0.425,7.0,-2.0,4.0,-1.389,0.13,-0.061,0.101,-0.057,0
2023-08-09,Pearl,KRÜ Esports,Paper Rex,38,5,192.2,200.4,201.72,200.4,74.96,72.96,76.88,72.96,1.4,2.6,2.8,2.6,0.329,0.262,0.343,0.262,46,8,192.92,203.56,197.8,210.425,69.32,74.12,70.32,73.675,-4.2,-0.8,-1.4,0.25,0.268,0.298,0.291,0.327,-8,-3,-0.72,-3.16,3.92,-10.025,5.64,-1.16,6.56,-0.715,5.6,3.4,4.2,2.35,0.061,-0.036,0.052,-0.065,0
2023-08-09,Split,Giants Gaming,EDward Gaming,33,6,213.12,215.16,206.22,208.567,76.0,77.4,75.1,75.933,3.0,0.6,0.9,0.167,0.308,0.297,0.292,0.303,16,2,209.28,206.5,206.16,206.5,75.04,79.5,75.98,79.5,-0.2,1.5,0.8,1.5,0.287,0.42,0.312,0.42,17,4,3.84,8.66,0.06,2.067,0.96,-2.1,-0.88,-3.567,3.2,-0.9,0.1,-1.333,0.021,-0.123,-0.021,-0.117,1
2023-08-09,Bind,EDward Gaming,Giants Gaming,17,1,207.56,205.8,204.7,205.8,74.56,77.0,74.78,77.0,-0.8,0.0,0.9,0.0,0.275,0.346,0.299,0.346,34,1,216.44,214.8,210.36,214.8,75.28,67.6,76.36,67.6,1.4,4.0,1.3,4.0,0.302,0.292,0.305,0.292,-17,0,-8.88,-9.0,-5.66,-9.0,-0.72,9.4,-1.58,9.4,-2.2,-4.0,-0.4,-4.0,-0.027,0.054,-0.006,0.054,1
2023-08-09,Haven,FNATIC,Bilibili Gaming,40,6,215.56,214.52,217.84,215.133,77.28,78.8,76.88,79.433,1.6,3.6,2.6,3.667,0.344,0.363,0.343,0.355,2,0,215.4,,215.4,,74.4,,74.4,,-3.5,,-3.5,,0.354,,0.354,,38,6,0.16,,2.44,,2.88,,2.48,,5.1,,6.1,,-0.011,,-0.012,,1
2023-08-09,Lotus,Bilibili Gaming,FNATIC,3,1,198.2,202.2,198.2,202.2,66.933,67.0,66.933,67.0,-2.667,-16.0,-2.667,-16.0,0.258,0.423,0.258,0.423,41,11,223.64,215.08,220.82,220.08,79.72,77.84,78.14,79.28,2.6,0.2,2.5,1.9,0.362,0.354,0.354,0.373,-38,-10,-25.44,-12.88,-22.62,-17.88,-12.787,-10.84,-11.207,-12.28,-5.267,-16.2,-5.167,-17.9,-0.103,0.069,-0.096,0.05,0
2023-08-10,Bind,FunPlus Phoenix,T1,2,0,187.6,,187.6,,66.1,,66.1,,-3.0,,-3.0,,0.214,,0.214,,46,6,177.0,208.6,187.02,211.133,63.36,74.6,66.18,76.6,-5.0,-0.4,-3.4,0.167,0.188,0.342,0.234,0.332,-44,-6,10.6,,0.58,,2.74,,-0.08,,2.0,,0.4,,0.026,,-0.02,,0
2023-08-10,Haven,Team Liquid,LOUD,46,6,188.12,191.12,189.68,185.3,70.2,70.84,70.32,69.2,1.0,0.4,-1.3,-0.167,0.258,0.279,0.243,0.267,38,5,193.24,206.08,193.14,206.08,69.44,82.44,68.9,82.44,2.4,3.6,1.0,3.6,0.209,0.327,0.247,0.327,8,1,-5.12,-14.96,-3.46,-20.78,0.76,-11.6,1.42,-13.24,-1.4,-3.2,-2.3,-3.767,0.049,-0.048,-0.003,-0.06,0
2023-08-10,Split,Team Liquid,LOUD,47,8,180.84,191.64,185.62,210.0,66.92,71.2,68.8,76.0,-0.8,-0.8,-0.6,0.625,0.239,0.26,0.232,0.303,39,8,204.04,190.56,194.24,198.5,73.0,69.44,69.48,72.075,2.0,-4.8,1.1,-2.25,0.237,0.202,0.257,0.201,8,0,-23.2,1.08,-8.62,11.5,-6.08,1.76,-0.68,3.925,-2.8,4.0,-1.7,2.875,0.002,0.058,-0.026,0.102,0
2023-08-10,Lotus,FunPlus Phoenix,T1,3,0,191.0,,191.0,,67.067,,67.067,,-1.333,,-1.333,,0.193,,0.193,,47,7,182.56,208.68,187.3,210.6,63.44,73.24,66.16,74.371,-4.2,4.2,-3.5,4.429,0.21,0.309,0.248,0.302,-44,-7,8.44,,3.7,,3.627,,0.907,,2.867,,2.167,,-0.017,,-0.055,,0
2023-08-10,Fracture,Paper Rex,EDward Gaming,47,8,196.64,208.68,196.22,208.55,72.28,75.4,70.54,75.5,-3.2,1.2,-1.7,2.5,0.314,0.262,0.298,0.289,18,4,207.64,211.9,204.26,211.9,73.8,78.3,74.12,78.3,-1.4,2.75,-0.3,2.75,0.294,0.279,0.303,0.279,29,4,-11.0,-3.22,-8.04,-3.35,-1.52,-2.9,-3.58,-2.8,-1.8,-1.55,-1.4,-0.25,0.02,-0.017,-0.005,0.01,1
2023-08-10,Pearl,Paper Rex,EDward Gaming,48,9,202.92,204.72,197.0,209.778,75.4,75.08,71.3,74.356,-1.0,-0.6,-1.5,0.333,0.343,0.316,0.295,0.333,19,2,202.6,204.0,202.72,204.0,71.2,72.5,72.92,72.5,-2.2,-2.0,-1.0,-2.0,0.291,0.303,0.29,0.303,29,7,0.32,0.72,-5.72,5.778,4.2,2.58,-1.62,1.856,1.2,1.4,-0.5,2.333,0.051,0.013,0.005,0.03,1
2023-08-11,Lotus,KRÜ Esports,Giants Gaming,39,6,186.92,200.92,197.3,199.9,70.28,76.28,74.78,75.533,-0.4,0.4,1.7,-0.333,0.309,0.329,0.333,0.302,35,6,216.28,207.76,212.76,214.7,75.8,76.72,77.58,78.967,2.2,1.6,2.3,3.0,0.306,0.35,0.32,0.363,4,0,-29.36,-6.84,-15.46,-14.8,-5.52,-0.44,-2.8,-3.433,-2.6,-1.2,-0.6,-3.333,0.002,-0.021,0.012,-0.061,0
2023-08-11,Pearl,KRÜ Esports,Giants Gaming,40,6,188.72,197.88,195.38,196.5,70.64,72.8,73.32,70.967,1.2,2.0,1.8,2.0,0.33,0.296,0.327,0.266,36,5,211.12,193.96,213.08,193.96,73.0,69.92,76.78,69.92,0.4,-1.6,1.6,-1.6,0.27,0.287,0.309,0.287,4,1,-22.4,3.92,-17.7,2.54,-2.36,2.88,-3.46,1.047,0.8,3.6,0.2,3.6,0.06,0.009,0.018,-0.021,0
2023-08-11,Haven,NRG,ZETA DIVISION,53,8,204.12,201.48,204.72,201.475,74.8,73.56,75.8,73.9,1.2,-1.4,-0.7,-1.0,0.274,0.351,0.309,0.321,37,8,193.24,186.48,203.48,199.025,70.04,66.32,73.96,71.9,-3.2,0.8,0.9,2.5,0.275,0.202,0.292,0.247,16,0,10.88,15.0,1.24,2.45,4.76,7.24,1.84,2.0,4.4,-2.2,-1.6,-3.5,-0.001,0.149,0.016,0.074,1
2023-08-12,Pearl,T1,FUT Esports,48,7,189.4,190.04,188.24,191.971,65.48,70.0,66.86,70.371,-1.0,-3.4,-2.6,-3.429,0.232,0.241,0.253,0.235,42,4,214.44,225.45,207.3,225.45,74.28,79.35,74.06,79.35,-1.2,2.5,0.3,2.5,0.317,0.344,0.285,0.344,6,3,-25.04,-35.41,-19.06,-33.479,-8.8,-9.35,-7.2,-8.979,0.2,-5.9,-2.9,-5.929,-0.084,-0.104,-0.032,-0.109,0
2023-08-12,Bind,T1,FUT Esports,49,7,190.24,200.8,186.96,211.229,63.8,71.88,65.56,76.086,-2.0,-2.0,-2.8,-0.143,0.257,0.347,0.245,0.342,43,3,218.48,201.867,209.32,201.867,76.36,71.8,73.98,71.8,1.4,0.0,1.2,0.0,0.344,0.348,0.304,0.348,6,4,-28.24,-1.067,-22.36,9.362,-12.56,0.08,-8.42,4.286,-3.4,-2.0,-4.0,-0.143,-0.087,-0.002,-0.059,-0.006,0
2023-08-12,Bind,LOUD,Natus Vincere,40,2,200.88,226.0,192.12,226.0,73.76,73.4,69.74,73.4,3.6,4.5,0.8,4.5,0.27,0.302,0.271,0.302,46,6,193.88,199.12,192.36,200.167,74.52,71.04,71.96,71.033,-1.4,-3.6,-1.6,-2.667,0.348,0.287,0.308,0.287,-6,-4,7.0,26.88,-0.24,25.833,-0.76,2.36,-2.22,2.367,5.0,8.1,2.4,7.167,-0.077,0.015,-0.037,0.015,1
2023-08-12,Ascent,Natus Vincere,LOUD,47,7,194.0,207.52,190.36,203.229,74.76,73.4,71.84,73.829,-1.0,1.2,-1.1,0.714,0.314,0.276,0.302,0.287,41,10,200.12,197.68,193.36,208.86,73.52,72.4,69.66,76.24,1.8,-1.4,0.6,0.7,0.309,0.275,0.264,0.319,6,-3,-6.12,9.84,-3.0,-5.631,1.24,1.0,2.18,-2.411,-2.8,2.6,-1.7,0.014,0.005,0.001,0.039,-0.033,0
2023-08-12,Pearl,Natus Vincere,LOUD,48,6,189.48,216.8,188.68,216.1,71.84,80.08,70.42,80.067,-2.2,3.0,-1.9,2.833,0.281,0.296,0.287,0.288,42,5,206.92,206.84,197.98,206.84,75.0,74.56,71.14,74.56,4.4,2.6,1.6,2.6,0.355,0.249,0.272,0.249,6,1,-17.44,9.96,-9.3,9.26,-3.16,5.52,-0.72,5.507,-6.6,0.4,-3.5,0.233,-0.074,0.046,0.015,0.039,1
2023-08-13,Ascent,NRG,Bilibili Gaming,54,7,211.36,191.84,207.94,195.4,76.92,72.76,76.36,73.629,3.2,0.6,0.7,2.286,0.322,0.275,0.333,0.267,4,0,192.35,,192.35,,67.35,,67.35,,-3.75,,-3.75,,0.253,,0.253,,50,7,19.01,,15.59,,9.57,,9.01,,6.95,,4.45,,0.068,,0.079,,0
2023-08-13,Bind,NRG,Bilibili Gaming,55,8,202.64,187.24,202.76,198.675,73.68,65.8,74.26,69.875,2.6,-1.4,0.9,0.125,0.303,0.3,0.316,0.313,5,0,197.44,,197.44,,68.76,,68.76,,-3.0,,-3.0,,0.269,,0.269,,50,8,5.2,,5.32,,4.92,,5.5,,5.6,,3.9,,0.034,,0.047,,0
2023-08-13,Fracture,Giants Gaming,EDward Gaming,37,0,208.76,,211.82,,73.92,,76.42,,0.8,,2.2,,0.288,,0.318,,20,5,197.36,206.76,203.44,206.76,69.88,76.04,72.78,76.04,-2.6,1.4,-1.8,1.4,0.314,0.293,0.299,0.293,17,-5,11.4,,8.38,,4.04,,3.64,,3.4,,4.0,,-0.026,,0.019,,0
2023-08-13,Split,EDward Gaming,Giants Gaming,21,3,197.68,204.8,203.48,204.8,69.88,76.333,72.46,76.333,-2.4,1.0,-1.3,1.0,0.307,0.375,0.297,0.375,38,7,206.48,219.64,209.8,210.886,74.0,77.56,75.0,76.229,0.6,0.6,1.8,0.143,0.28,0.311,0.294,0.311,-17,-4,-8.8,-14.84,-6.32,-6.086,-4.12,-1.227,-2.54,0.105,-3.0,0.4,-3.1,0.857,0.027,0.064,0.003,0.065,1
2023-08-16,Lotus,FNATIC,LOUD,42,12,219.08,214.44,217.1,217.34,79.84,76.92,77.34,78.34,4.6,2.8,3.0,1.8,0.381,0.37,0.353,0.383,43,3,204.04,198.4,198.64,198.4,74.68,71.0,72.06,71.0,2.4,5.0,2.4,5.0,0.349,0.25,0.279,0.25,-1,9,15.04,16.04,18.46,18.94,5.16,5.92,5.28,7.34,2.2,-2.2,0.6,-3.2,0.032,0.12,0.074,0.132,0
2023-08-16,Ascent,Paper Rex,FUT Esports,49,5,207.16,202.04,201.0,202.04,76.64,74.44,72.4,74.44,0.4,1.6,-0.6,1.6,0.398,0.298,0.326,0.298,44,6,211.28,201.24,215.72,198.733,74.28,74.28,75.38,73.667,1.4,3.2,2.2,2.167,0.338,0.32,0.318,0.311,5,-1,-4.12,0.8,-14.72,3.307,2.36,0.16,-2.98,0.773,-1.0,-1.6,-2.8,-0.567,0.06,-0.022,0.008,-0.012,1
2023-08-16,Pearl,Paper Rex,FUT Esports,50,10,209.24,201.92,201.5,209.64,77.36,74.04,72.7,74.32,2.4,1.0,-0.7,0.9,0.372,0.351,0.306,0.347,45,5,200.8,222.52,211.94,222.52,69.76,78.72,73.72,78.72,0.4,2.8,1.5,2.8,0.318,0.36,0.317,0.36,5,5,8.44,-20.6,-10.44,-12.88,7.6,-4.68,-1.02,-4.4,2.0,-1.8,-2.2,-1.9,0.053,-0.009,-0.011,-0.014,1
2023-08-16,Ascent,LOUD,FNATIC,44,11,196.72,197.24,200.38,207.1,73.4,70.2,73.2,75.64,2.0,0.2,2.0,1.6,0.364,0.253,0.3,0.315,43,4,211.72,203.0,214.56,203.0,77.64,76.75,76.94,76.75,4.4,4.0,3.3,4.0,0.362,0.275,0.351,0.275,1,7,-15.0,-5.76,-14.18,4.1,-4.24,-6.55,-3.74,-1.11,-2.4,-3.8,-1.3,-2.4,0.002,-0.022,-0.051,0.04,1
2023-08-17,Ascent,EDward Gaming,Evil Geniuses,22,1,200.48,223.2,204.02,223.2,71.0,80.0,72.78,80.0,-2.2,1.0,-1.5,1.0,0.313,0.333,0.294,0.333,57,10,201.56,208.68,201.36,205.6,71.28,76.04,71.46,74.18,2.0,3.0,3.4,1.6,0.322,0.311,0.306,0.311,-35,-9,-1.08,14.52,2.66,17.6,-0.28,3.96,1.32,5.82,-4.2,-2.0,-4.9,-0.6,-0.009,0.022,-0.012,0.023,0
2023-08-17,Lotus,DRX,Bilibili Gaming,52,3,194.52,177.133,191.68,177.133,70.0,63.333,68.56,63.333,-0.4,-7.667,-0.7,-7.667,0.347,0.242,0.303,0.242,6,2,199.28,188.5,199.767,188.5,69.64,67.8,69.2,67.8,1.2,-11.5,-1.667,-11.5,0.254,0.331,0.282,0.331,46,1,-4.76,-11.367,-8.087,-11.367,0.36,-4.467,-0.64,-4.467,-1.6,3.833,0.967,3.833,0.093,-0.088,0.021,-0.088,1
2023-08-17,Haven,Bilibili Gaming,DRX,7,1,192.24,163.8,198.857,163.8,67.24,52.0,69.286,52.0,-1.6,-1.0,-2.143,-1.0,0.241,0.067,0.273,0.067,53,8,190.8,198.92,192.36,194.8,70.88,72.56,69.34,69.85,0.0,2.0,0.9,1.0,0.345,0.286,0.307,0.297,-46,-7,1.44,-35.12,6.497,-31.0,-3.64,-20.56,-0.054,-17.85,-1.6,-3.0,-3.043,-2.0,-0.104,-0.219,-0.034,-0.231,0
2023-08-17,Split,EDward Gaming,Evil Geniuses,23,4,194.36,207.45,201.0,207.45,69.76,76.15,71.78,76.15,-3.0,1.0,-2.2,1.0,0.269,0.36,0.281,0.36,58,9,213.72,192.4,202.3,199.889,73.68,69.8,71.36,72.6,4.0,0.4,3.5,1.0,0.331,0.242,0.308,0.274,-35,-5,-19.36,15.05,-1.3,7.561,-3.92,6.35,0.42,3.55,-7.0,0.6,-5.7,-0.0,-0.062,0.119,-0.027,0.086,1
2023-08-17,Pearl,Evil Geniuses,EDward Gaming,59,8,209.76,207.44,199.08,199.45,71.0,71.2,70.4,69.55,2.2,0.6,3.8,-1.75,0.307,0.363,0.315,0.295,24,3,199.32,195.933,200.96,195.933,70.96,69.667,71.08,69.667,-3.0,-3.333,-2.6,-3.333,0.26,0.291,0.276,0.291,35,5,10.44,11.507,-1.88,3.517,0.04,1.533,-0.68,-0.117,5.2,3.933,6.4,1.583,0.046,0.072,0.039,0.004,1
2023-08-18,Split,Bilibili Gaming,EDward Gaming,8,1,197.12,228.6,197.525,228.6,71.04,81.8,69.5,81.8,-2.6,9.0,-2.625,9.0,0.282,0.286,0.273,0.286,25,5,198.32,208.16,197.84,208.16,70.6,75.52,70.24,75.52,-3.4,0.0,-3.0,0.0,0.229,0.35,0.271,0.35,-17,-4,-1.2,20.44,-0.315,20.44,0.44,6.28,-0.74,6.28,0.8,9.0,0.375,9.0,0.053,-0.064,0.002,-0.064,1
2023-08-18,Bind,Bilibili Gaming,EDward Gaming,9,1,205.88,211.4,199.867,211.4,72.32,71.4,70.111,71.4,1.2,5.0,-1.0,5.0,0.299,0.348,0.278,0.348,26,2,194.04,201.0,195.86,201.0,67.44,72.7,68.66,72.7,-6.2,-2.0,-4.3,-2.0,0.219,0.34,0.263,0.34,-17,-1,11.84,10.4,4.007,10.4,4.88,-1.3,1.451,-1.3,7.4,7.0,3.3,7.0,0.079,0.008,0.015,0.008,0
2023-08-18,Haven,Bilibili Gaming,EDward Gaming,10,2,196.4,176.0,196.92,176.0,68.76,61.5,68.76,61.5,0.6,-3.5,-1.2,-3.5,0.232,0.17,0.251,0.17,27,3,195.12,208.4,197.8,208.4,69.92,77.467,70.46,77.467,-5.8,1.667,-4.0,1.667,0.25,0.268,0.282,0.268,-17,-1,1.28,-32.4,-0.88,-32.4,-1.16,-15.967,-1.7,-15.967,6.4,-5.167,2.8,-5.167,-0.018,-0.098,-0.031,-0.098,0
2023-08-18,Split,FNATIC,FUT Esports,44,6,205.2,221.16,209.84,216.2,74.36,76.24,74.62,76.467,4.2,0.4,2.3,0.667,0.363,0.373,0.357,0.359,46,6,196.68,172.36,206.56,173.033,69.88,64.36,72.52,63.433,0.6,-1.8,0.3,-2.0,0.267,0.211,0.296,0.185,-2,0,8.52,48.8,3.28,43.167,4.48,11.88,2.1,13.033,3.6,2.2,2.0,2.667,0.096,0.162,0.061,0.175,1
2023-08-18,Haven,FNATIC,FUT Esports,45,7,202.56,219.16,209.06,219.257,73.24,79.72,75.26,80.457,3.4,2.8,2.5,3.286,0.363,0.372,0.353,0.371,47,8,186.56,194.76,200.5,197.5,66.32,72.16,70.3,73.325,-1.0,-2.0,-1.1,-2.625,0.243,0.28,0.28,0.326,-2,-1,16.0,24.4,8.56,21.757,6.92,7.56,4.96,7.132,4.4,4.8,3.6,5.911,0.12,0.092,0.073,0.045,1
2023-08-19,Lotus,DRX,Evil Geniuses,54,4,196.4,182.1,195.2,182.1,73.2,66.25,69.74,66.25,3.6,-4.5,1.4,-4.5,0.346,0.258,0.326,0.258,60,6,215.72,183.64,203.72,195.667,73.76,65.96,72.02,69.633,5.2,-2.8,3.7,-1.167,0.307,0.283,0.331,0.292,-6,-2,-19.32,-1.54,-8.52,-13.567,-0.56,0.29,-2.28,-3.383,-1.6,-1.7,-2.3,-3.333,0.04,-0.025,-0.004,-0.034,0
2023-08-19,Fracture,DRX,Evil Geniuses,55,8,201.36,201.6,192.5,195.4,72.48,76.88,68.68,73.025,4.6,0.0,1.1,-2.0,0.285,0.324,0.311,0.308,61,12,219.24,217.88,207.6,218.94,76.24,79.4,73.08,79.0,3.4,2.6,3.0,3.1,0.364,0.381,0.345,0.343,-6,-4,-17.88,-16.28,-15.1,-23.54,-3.76,-2.52,-4.4,-5.975,1.2,-2.6,-1.9,-5.1,-0.079,-0.057,-0.033,-0.036,0
2023-08-19,Pearl,Paper Rex,LOUD,51,11,212.48,205.2,202.7,209.56,77.48,73.76,73.4,75.06,3.4,1.4,-0.4,1.8,0.352,0.365,0.31,0.343,45,6,199.08,199.56,199.98,204.3,73.24,74.56,73.5,74.633,1.0,2.2,2.3,2.5,0.336,0.248,0.303,0.256,6,5,13.4,5.64,2.72,5.26,4.24,-0.8,-0.1,0.427,2.4,-0.8,-2.7,-0.7,0.016,0.117,0.007,0.086,1
2023-08-19,Lotus,LOUD,Paper Rex,46,4,199.28,195.85,199.7,195.85,74.2,71.65,73.86,71.65,1.6,3.5,1.7,3.5,0.33,0.306,0.32,0.306,52,7,213.0,198.84,204.82,201.314,75.96,72.88,74.12,72.743,3.8,1.2,0.3,0.714,0.354,0.285,0.334,0.282,-6,-3,-13.72,-2.99,-5.12,-5.464,-1.76,-1.23,-0.26,-1.093,-2.2,2.3,1.4,2.786,-0.024,0.021,-0.014,0.024,0
2023-08-19,Split,Paper Rex,LOUD,53,10,211.88,198.88,207.4,204.62,74.72,73.64,75.06,74.3,2.6,1.2,0.8,1.7,0.373,0.325,0.358,0.322,47,9,197.56,190.56,202.24,197.644,73.6,70.52,74.3,72.333,0.0,-1.8,2.2,-1.444,0.299,0.276,0.327,0.227,6,1,14.32,8.32,5.16,6.976,1.12,3.12,0.76,1.967,2.6,3.0,-1.4,3.144,0.074,0.05,0.031,0.095,0
2023-08-20,Bind,LOUD,EDward Gaming,48,3,206.2,216.333,205.12,216.333,76.2,71.667,75.44,71.667,0.6,1.0,1.5,1.0,0.308,0.299,0.328,0.299,28,3,202.88,207.6,198.62,207.6,72.92,77.8,71.34,77.8,-4.8,-0.333,-3.9,-0.333,0.297,0.383,0.283,0.383,20,0,3.32,8.733,6.5,8.733,3.28,-6.133,4.1,-6.133,5.4,1.333,5.4,1.333,0.01,-0.085,0.045,-0.085,0
2023-08-20,Ascent,EDward Gaming,LOUD,29,2,203.8,194.4,201.56,194.4,73.16,71.1,72.06,71.1,-2.0,-3.5,-2.5,-3.5,0.286,0.222,0.273,0.222,49,12,209.8,197.8,203.26,205.74,74.2,70.72,73.8,74.72,-1.2,0.6,0.4,1.5,0.271,0.261,0.318,0.315,-20,-10,-6.0,-3.4,-1.7,-11.34,-1.04,0.38,-1.74,-3.62,-0.8,-4.1,-2.9,-5.0,0.015,-0.039,-0.044,-0.093,0
2023-08-20,Haven,LOUD,EDward Gaming,50,6,216.44,211.0,207.76,209.2,76.4,82.72,74.82,82.033,1.6,4.6,1.3,3.167,0.291,0.349,0.314,0.339,30,4,201.56,207.4,199.94,207.4,71.8,77.4,71.2,77.4,-3.2,0.5,-3.3,0.5,0.286,0.288,0.258,0.288,20,2,14.88,3.6,7.82,1.8,4.6,5.32,3.62,4.633,4.8,4.1,4.6,2.667,0.005,0.061,0.056,0.052,1
2023-08-20,Bind,DRX,FNATIC,56,8,190.52,184.84,194.7,187.675,70.48,70.28,69.88,69.65,2.6,-0.6,1.1,0.25,0.252,0.222,0.312,0.256,46,6,197.12,215.08,210.38,215.033,71.36,77.64,75.54,78.0,5.2,2.0,3.9,2.167,0.333,0.332,0.348,0.332,10,2,-6.6,-30.24,-15.68,-27.358,-0.88,-7.36,-5.66,-8.35,-2.6,-2.6,-2.8,-1.917,-0.081,-0.11,-0.036,-0.076,1
2023-08-20,Haven,FNATIC,DRX,47,8,185.84,222.08,202.46,218.95,68.72,81.36,74.28,80.05,3.8,3.2,4.2,4.125,0.262,0.374,0.321,0.364,57,9,195.52,202.2,195.02,196.711,72.4,73.96,71.2,70.667,3.2,3.8,1.4,1.556,0.305,0.321,0.326,0.305,-10,-1,-9.68,19.88,7.44,22.239,-3.68,7.4,3.08,9.383,0.6,-0.6,2.8,2.569,-0.043,0.053,-0.005,0.06,1
2023-08-20,Split,FNATIC,DRX,48,7,191.56,219.88,201.64,215.4,70.6,76.88,74.12,76.486,5.2,3.6,4.8,1.714,0.301,0.373,0.331,0.356,58,8,188.84,198.88,189.82,206.175,68.72,72.92,69.8,74.85,0.6,-1.2,0.3,-0.875,0.299,0.304,0.322,0.346,-10,-1,2.72,21.0,11.82,9.225,1.88,3.96,4.32,1.636,4.6,4.8,4.5,2.589,0.003,0.068,0.009,0.009,1
2023-08-24,Ascent,Evil Geniuses,Paper Rex,62,11,219.52,220.4,210.54,208.54,78.28,78.92,74.78,74.9,3.0,6.4,2.5,2.4,0.373,0.341,0.348,0.325,54,6,198.92,207.76,203.04,204.433,71.64,76.48,74.14,74.533,0.4,2.2,0.4,1.5,0.306,0.317,0.352,0.292,8,5,20.6,12.64,7.5,4.107,6.64,2.44,0.64,0.367,2.6,4.2,2.1,0.9,0.067,0.024,-0.004,0.032,1
2023-08-24,Bind,Paper Rex,Evil Geniuses,55,6,197.0,207.24,203.12,207.4,72.12,76.72,74.74,76.667,1.2,1.0,1.8,1.833,0.315,0.352,0.343,0.324,63,5,214.24,202.56,213.98,202.56,76.4,70.6,75.04,70.6,0.4,2.0,2.2,2.0,0.373,0.243,0.352,0.243,-8,1,-17.24,4.68,-10.86,4.84,-4.28,6.12,-0.3,6.067,0.8,-1.0,-0.4,-0.167,-0.058,0.11,-0.009,0.081,1
2023-08-24,Pearl,Paper Rex,Evil Geniuses,56,12,193.48,204.36,202.98,206.76,70.96,73.8,74.22,74.52,-0.6,1.6,1.4,1.5,0.317,0.35,0.335,0.338,64,9,212.48,220.08,211.12,203.978,75.6,76.16,73.3,71.178,0.4,1.6,1.3,-0.667,0.348,0.36,0.327,0.299,-8,3,-19.0,-15.72,-8.14,2.782,-4.64,-2.36,0.92,3.342,-1.0,0.0,0.1,2.167,-0.031,-0.01,0.007,0.039,1
2023-08-24,Split,LOUD,FNATIC,51,10,215.64,196.24,207.46,201.36,76.32,73.28,75.26,73.9,3.8,-1.0,2.7,-0.8,0.297,0.264,0.314,0.237,49,8,197.64,221.64,201.42,216.725,73.44,77.8,73.9,76.925,6.2,4.8,5.2,2.125,0.3,0.37,0.331,0.357,2,2,18.0,-25.4,6.04,-15.365,2.88,-4.52,1.36,-3.025,-2.4,-5.8,-2.5,-2.925,-0.003,-0.106,-0.018,-0.12,1
2023-08-24,Ascent,LOUD,FNATIC,52,13,217.72,208.04,207.64,208.58,77.48,73.84,75.54,75.58,3.2,4.2,1.6,2.7,0.355,0.266,0.327,0.317,50,5,191.56,201.52,197.06,201.52,71.08,74.56,72.16,74.56,4.8,3.2,4.1,3.2,0.245,0.295,0.304,0.295,2,8,26.16,6.52,10.58,7.06,6.4,-0.72,3.38,1.02,-1.6,1.0,-2.5,-0.5,0.11,-0.029,0.023,0.022,0
2023-08-24,Haven,LOUD,FNATIC,53,7,207.12,211.32,206.66,207.029,74.24,82.08,75.22,80.686,4.2,5.8,2.4,3.857,0.352,0.324,0.33,0.332,51,9,189.8,214.92,193.46,216.289,70.32,77.16,70.84,79.333,0.8,3.4,3.0,4.556,0.227,0.376,0.28,0.369,2,-2,17.32,-3.6,13.2,-9.26,3.92,4.92,4.38,1.352,3.4,2.4,-0.6,-0.698,0.125,-0.052,0.05,-0.037,1
2023-08-25,Ascent,LOUD,Evil Geniuses,54,14,210.12,207.4,209.96,204.96,78.32,75.04,76.26,75.22,7.0,7.4,2.9,3.5,0.374,0.285,0.323,0.315,65,12,206.44,220.68,211.08,209.6,74.04,77.2,73.9,74.92,0.4,4.6,2.8,2.7,0.324,0.356,0.315,0.332,-11,2,3.68,-13.28,-1.12,-4.64,4.28,-2.16,2.36,0.3,6.6,2.8,0.1,0.8,0.05,-0.071,0.007,-0.016,0
2023-08-25,Lotus,Evil Geniuses,LOUD,66,7,201.32,191.76,210.28,200.343,72.24,68.36,74.24,71.229,0.2,-2.8,1.8,-1.429,0.299,0.317,0.332,0.317,55,5,204.72,198.16,210.58,198.16,76.32,71.88,76.36,71.88,5.0,3.2,3.3,3.2,0.335,0.281,0.313,0.281,11,2,-3.4,-6.4,-0.3,2.183,-4.08,-3.52,-2.12,-0.651,-4.8,-6.0,-1.5,-4.629,-0.035,0.036,0.019,0.037,1
2023-08-25,Pearl,LOUD,Evil Geniuses,56,7,198.88,203.24,207.26,203.4,73.8,76.36,75.06,74.4,2.8,1.8,3.3,1.714,0.3,0.258,0.298,0.257,67,10,206.68,218.08,213.1,204.58,73.72,76.52,76.0,71.7,1.2,3.2,2.1,0.2,0.286,0.314,0.329,0.29,-11,-3,-7.8,-14.84,-5.84,-1.18,0.08,-0.16,-0.94,2.7,1.6,-1.4,1.2,1.514,0.014,-0.056,-0.031,-0.033,1
2023-08-25,Bind,Evil Geniuses,LOUD,68,6,203.0,198.64,208.62,198.733,73.32,69.8,74.86,69.1,1.2,3.2,0.8,2.333,0.255,0.234,0.314,0.233,57,4,200.32,213.8,209.02,213.8,73.68,69.65,75.58,69.65,4.0,-1.75,3.6,-1.75,0.263,0.297,0.309,0.297,11,2,2.68,-15.16,-0.4,-15.067,-0.36,0.15,-0.72,-0.55,-2.8,4.95,-2.8,4.083,-0.008,-0.063,0.005,-0.064,1
2023-08-25,Split,Evil Geniuses,LOUD,69,10,208.32,195.64,210.4,198.74,76.8,69.48,76.2,71.9,1.8,1.8,1.1,1.3,0.276,0.28,0.312,0.278,58,11,206.76,200.16,206.94,200.48,75.12,74.56,74.68,73.66,0.6,-0.4,2.4,-2.1,0.266,0.301,0.309,0.262,11,-1,1.56,-4.52,3.46,-1.74,1.68,-5.08,1.52,-1.76,1.2,2.2,-1.3,3.4,0.01,-0.021,0.003,0.016,0
2023-08-26,Bind,Paper Rex,Evil Geniuses,57,7,196.0,205.24,204.5,206.771,71.24,75.28,73.6,75.971,-2.8,0.0,0.5,1.0,0.325,0.351,0.339,0.33,70,7,206.08,189.4,206.26,199.8,74.52,67.48,74.28,70.514,-1.0,2.8,-0.3,3.0,0.263,0.224,0.294,0.24,-13,0,-10.08,15.84,-1.76,6.971,-3.28,7.8,-0.68,5.457,-1.8,-2.8,0.8,-2.0,0.062,0.127,0.046,0.089,0
2023-08-26,Lotus,Evil Geniuses,Paper Rex,71,8,210.04,195.04,205.68,204.65,76.16,71.28,74.2,73.475,-0.2,-1.8,0.0,-0.875,0.282,0.306,0.291,0.314,58,8,188.08,193.76,199.98,202.0,68.32,70.8,71.52,73.0,-2.4,-0.8,0.1,0.375,0.268,0.251,0.321,0.296,13,0,21.96,1.28,5.7,2.65,7.84,0.48,2.68,0.475,2.2,-1.0,-0.1,-1.25,0.014,0.055,-0.03,0.018,1
2023-08-26,Split,Paper Rex,Evil Geniuses,59,11,198.56,189.56,198.74,201.28,69.52,70.56,70.58,74.14,-1.6,-0.6,-0.6,1.9,0.302,0.292,0.304,0.296,72,11,206.2,193.36,206.44,196.08,73.28,67.6,73.5,70.02,-0.6,1.0,0.3,-0.3,0.293,0.243,0.289,0.249,-13,0,-7.64,-3.8,-7.7,5.2,-3.76,2.96,-2.92,4.12,-1.0,-1.6,-0.9,2.2,0.009,0.049,0.015,0.047,0
2023-08-26,Ascent,Paper Rex,Evil Geniuses,60,7,197.04,208.8,197.02,204.771,68.32,75.24,70.22,74.943,-3.2,2.4,-1.0,2.0,0.302,0.291,0.309,0.294,73,13,211.32,214.08,207.16,209.82,75.12,74.92,74.22,74.88,1.0,2.6,1.1,2.2,0.306,0.359,0.281,0.336,-13,-6,-14.28,-5.28,-10.14,-5.049,-6.8,0.32,-4.0,0.063,-4.2,-0.2,-2.1,-0.2,-0.004,-0.067,0.028,-0.042,1
2024-03-14,Icebox,FunPlus Phoenix,Karmine Corp,4,0,187.9,,187.9,,68.15,,68.15,,-2.25,,-2.25,,0.199,,0.199,,27,2,183.8,196.1,186.94,196.1,68.16,70.0,69.74,70.0,-0.2,5.0,3.1,5.0,0.213,0.208,0.242,0.208,-23,-2,4.1,,0.96,,-0.01,,-1.59,,-2.05,,-5.35,,-0.014,,-0.043,,0
2024-03-14,Lotus,Karmine Corp,FunPlus Phoenix,28,6,193.04,190.4,189.74,183.567,68.84,71.96,69.6,71.467,-1.2,5.4,1.4,2.833,0.256,0.287,0.25,0.264,5,1,190.44,178.6,190.44,178.6,68.4,71.4,68.4,71.4,-0.4,-5.0,-0.4,-5.0,0.188,0.217,0.188,0.217,23,5,2.6,11.8,-0.7,4.967,0.44,0.56,1.2,0.067,-0.8,10.4,1.8,7.833,0.068,0.07,0.063,0.047,1
2024-03-14,Icebox,LOUD,Gen.G,59,1,208.68,215.4,209.4,215.4,73.72,84.6,76.02,84.6,1.0,9.0,4.0,9.0,0.246,0.353,0.31,0.353,41,0,189.88,,185.98,,70.56,,68.26,,0.0,,-1.1,,0.243,,0.24,,18,1,18.8,,23.42,,3.16,,7.76,,1.0,,5.1,,0.003,,0.069,,0
2024-03-14,Breeze,Gen.G,LOUD,42,0,183.24,,186.06,,65.64,,67.68,,-1.2,,-0.2,,0.23,,0.245,,60,0,208.28,,206.5,,73.12,,74.72,,-0.8,,2.1,,0.266,,0.3,,-18,0,-25.04,,-20.44,,-7.48,,-7.04,,-0.4,,-2.3,,-0.036,,-0.056,,0
2024-03-14,Ascent,Gen.G,LOUD,43,9,187.52,190.36,184.18,195.933,65.12,71.44,66.76,71.622,0.0,-2.0,0.6,-1.111,0.26,0.226,0.245,0.281,61,15,218.84,209.0,208.86,203.34,76.56,76.08,75.18,74.24,0.4,7.6,1.6,3.1,0.28,0.305,0.29,0.29,-18,-6,-31.32,-18.64,-24.68,-7.407,-11.44,-4.64,-8.42,-2.618,-0.4,-9.6,-1.0,-4.211,-0.02,-0.079,-0.045,-0.009,1
2024-03-15,Sunset,Paper Rex,EDward Gaming,61,0,197.52,,195.5,,67.92,,69.44,,-1.2,,-0.9,,0.288,,0.303,,31,0,198.56,,196.3,,72.32,,69.88,,-2.4,,-4.3,,0.311,,0.265,,30,0,-1.04,,-0.8,,-4.4,,-0.44,,1.2,,3.4,,-0.023,,0.038,,1
2024-03-15,Bind,EDward Gaming,Paper Rex,32,4,190.6,209.6,192.86,209.6,67.84,76.9,68.88,76.9,-3.6,2.25,-4.7,2.25,0.255,0.35,0.252,0.35,62,8,196.72,193.36,196.36,201.825,70.16,70.72,70.7,74.0,1.0,-1.0,-0.9,0.875,0.269,0.3,0.297,0.302,-30,-4,-6.12,16.24,-3.5,7.775,-2.32,6.18,-1.82,2.9,-4.6,3.25,-3.8,1.375,-0.014,0.05,-0.044,0.048,1
2024-03-15,Split,EDward Gaming,Paper Rex,33,6,190.48,208.52,196.68,207.367,67.12,72.56,70.02,73.633,-2.0,-3.0,-3.4,-2.0,0.249,0.305,0.273,0.333,63,12,201.6,187.32,194.84,202.82,71.56,69.16,69.94,73.98,0.0,-3.4,-1.2,1.5,0.292,0.292,0.28,0.305,-30,-6,-11.12,21.2,1.84,4.547,-4.44,3.4,0.08,-0.347,-2.0,0.4,-2.2,-3.5,-0.043,0.012,-0.007,0.028,1
2024-03-15,Lotus,Sentinels,Team Heretics,30,3,192.84,184.067,196.12,184.067,70.12,67.867,71.9,67.867,-1.2,-4.667,-0.4,-4.667,0.218,0.242,0.255,0.242,24,6,176.92,198.16,187.1,198.267,68.8,72.28,69.72,71.0,-0.8,-3.4,-1.8,-4.167,0.242,0.382,0.281,0.357,6,-3,15.92,-14.093,9.02,-14.2,1.32,-4.413,2.18,-3.133,-0.4,-1.267,1.4,-0.5,-0.024,-0.141,-0.026,-0.115,1
2024-03-15,Sunset,Sentinels,Team Heretics,31,0,201.32,,201.28,,72.36,,71.68,,-0.2,,0.0,,0.215,,0.27,,25,0,179.8,,186.08,,69.28,,70.14,,-2.2,,-1.2,,0.244,,0.257,,6,0,21.52,,15.2,,3.08,,1.54,,2.0,,1.2,,-0.029,,0.013,,0
2024-03-15,Bind,Team Heretics,Sentinels,26,0,189.16,,188.66,,74.2,,71.38,,-0.6,,-0.8,,0.264,,0.259,,32,3,189.28,208.867,197.78,208.867,67.52,75.933,70.92,75.933,-3.4,1.667,-0.8,1.667,0.193,0.372,0.245,0.372,-6,-3,-0.12,,-9.12,,6.68,,0.46,,2.8,,-0.0,,0.071,,0.014,,0
2024-03-16,Breeze,EDward Gaming,Gen.G,34,0,193.32,,198.56,,67.88,,70.52,,-1.2,,-1.6,,0.263,,0.274,,44,1,193.72,172.8,188.96,172.8,67.36,60.2,68.42,60.2,0.4,-3.0,0.7,-3.0,0.308,0.286,0.268,0.286,-10,-1,-0.4,,9.6,,0.52,,2.1,,-1.6,,-2.3,,-0.045,,0.006,,0
2024-03-16,Split,Gen.G,EDward Gaming,45,3,194.88,195.933,196.54,195.933,67.8,70.2,71.28,70.2,1.2,1.0,1.5,1.0,0.322,0.3,0.297,0.3,35,7,193.24,212.2,197.4,210.571,69.88,72.16,70.84,74.257,1.0,-0.2,-1.1,0.286,0.272,0.295,0.279,0.331,10,-4,1.64,-16.267,-0.86,-14.638,-2.08,-1.96,0.44,-4.057,0.2,1.2,2.6,0.714,0.05,0.004,0.018,-0.031,1
2024-03-16,Lotus,Sentinels,Karmine Corp,33,4,191.28,194.5,198.44,194.5,67.76,69.8,71.48,69.8,-2.4,-3.0,-0.6,-3.0,0.23,0.261,0.259,0.261,29,7,195.44,192.28,194.7,188.429,69.8,71.48,70.82,71.714,-1.8,3.0,0.9,2.0,0.241,0.267,0.261,0.257,4,-3,-4.16,2.22,3.74,6.071,-2.04,-1.68,0.66,-1.914,-0.6,-6.0,-1.5,-5.0,-0.011,-0.007,-0.001,0.003,1
2024-03-16,Split,Karmine Corp,Sentinels,30,5,198.2,165.68,191.04,165.68,69.92,64.72,69.56,64.72,-0.8,-0.4,0.3,-0.4,0.295,0.112,0.264,0.112,34,6,195.44,198.16,196.78,201.6,71.2,70.72,71.72,70.7,-1.4,-0.8,-1.0,-2.0,0.276,0.251,0.264,0.274,-4,-1,2.76,-32.48,-5.74,-35.92,-1.28,-6.0,-2.16,-5.98,0.6,0.4,1.3,1.6,0.018,-0.14,0.0,-0.162,0
2024-03-16,Icebox,Gen.G,EDward Gaming,46,1,206.2,191.4,198.04,191.4,71.6,62.6,71.08,62.6,3.0,5.0,1.5,5.0,0.358,0.25,0.301,0.25,36,0,193.52,,196.04,,70.08,,71.2,,1.4,,-0.5,,0.23,,0.271,,10,1,12.68,,2.0,,1.52,,-0.12,,1.6,,2.0,,0.128,,0.03,,0
2024-03-17,Sunset,LOUD,FunPlus Phoenix,62,0,208.0,,204.16,,74.56,,74.12,,-1.4,,1.3,,0.234,,0.248,,6,0,195.0,,190.933,,69.96,,68.467,,2.8,,0.167,,0.202,,0.2,,56,0,13.0,,13.227,,4.6,,5.653,,-4.2,,1.133,,0.032,,0.049,,1
2024-03-17,Breeze,FunPlus Phoenix,LOUD,7,0,185.48,,186.086,,66.4,,66.314,,1.0,,-0.143,,0.188,,0.195,,63,1,212.16,217.6,209.46,217.6,74.48,77.2,74.8,77.2,0.4,3.0,0.5,3.0,0.256,0.19,0.261,0.19,-56,-1,-26.68,,-23.374,,-8.08,,-8.486,,0.6,,-0.643,,-0.069,,-0.066,,0
2024-03-17,Sunset,Team Heretics,Paper Rex,27,1,191.68,232.4,188.82,232.4,74.88,88.8,71.96,88.8,0.4,8.0,-0.4,8.0,0.293,0.389,0.278,0.389,64,1,198.76,215.8,198.66,215.8,69.52,84.8,69.52,84.8,-2.6,3.0,-2.1,3.0,0.286,0.333,0.294,0.333,-37,0,-7.08,16.6,-9.84,16.6,5.36,4.0,2.44,4.0,3.0,5.0,1.7,5.0,0.007,0.056,-0.017,0.056,0
2024-03-17,Lotus,Team Heretics,Paper Rex,28,7,199.6,195.16,189.64,197.8,75.4,70.84,72.0,71.257,0.4,-3.0,-0.5,-3.857,0.293,0.373,0.267,0.338,65,9,200.88,199.52,198.96,201.333,70.52,70.6,69.42,72.067,-1.8,-0.6,-2.5,0.222,0.277,0.29,0.29,0.297,-37,-2,-1.28,-4.36,-9.32,-3.533,4.88,0.24,2.58,-0.81,2.2,-2.4,2.0,-4.079,0.016,0.084,-0.023,0.041,1
2024-03-17,Split,Paper Rex,Team Heretics,66,13,195.88,187.0,196.7,197.3,69.24,66.56,68.58,72.16,-3.6,-6.2,-2.4,-0.4,0.254,0.31,0.271,0.306,29,2,207.2,203.3,192.06,203.3,76.48,72.7,72.64,72.7,1.2,0.0,0.2,0.0,0.329,0.386,0.285,0.386,37,11,-11.32,-16.3,4.64,-6.0,-7.24,-6.14,-4.06,-0.54,-4.8,-6.2,-2.6,-0.4,-0.075,-0.075,-0.015,-0.08,1
2024-03-18,Icebox,EDward Gaming,LOUD,37,1,202.72,227.0,196.66,227.0,73.92,84.8,70.88,84.8,2.6,3.0,-0.5,3.0,0.268,0.381,0.262,0.381,64,2,207.24,211.1,207.96,211.1,74.08,78.1,73.9,78.1,-1.6,2.0,-0.3,2.0,0.246,0.322,0.246,0.322,-27,-1,-4.52,15.9,-11.3,15.9,-0.16,6.7,-3.02,6.7,4.2,1.0,-0.2,1.0,0.022,0.059,0.016,0.059,0
2024-03-18,Sunset,EDward Gaming,LOUD,38,1,194.92,181.0,192.7,181.0,69.88,65.6,68.5,65.6,0.6,-3.0,-0.7,-3.0,0.218,0.19,0.234,0.19,65,1,210.6,234.8,209.44,234.8,76.24,78.6,74.68,78.6,0.4,2.0,-0.2,2.0,0.281,0.444,0.274,0.444,-27,0,-15.68,-53.8,-16.74,-53.8,-6.36,-13.0,-6.18,-13.0,0.2,-5.0,-0.5,-5.0,-0.063,-0.254,-0.04,-0.254,0
2024-03-18,Bind,Karmine Corp,Paper Rex,31,1,184.0,211.0,188.56,211.0,68.28,78.6,69.46,78.6,-1.8,8.0,0.2,8.0,0.272,0.346,0.268,0.346,67,9,194.6,191.6,195.66,200.689,67.48,68.12,68.82,73.244,-3.8,-1.8,-1.4,0.222,0.257,0.267,0.263,0.294,-36,-8,-10.6,19.4,-7.1,10.311,0.8,10.48,0.64,5.356,2.0,9.8,1.6,7.778,0.015,0.079,0.005,0.052,0
2024-03-18,Lotus,Paper Rex,Karmine Corp,68,10,197.16,192.04,199.38,199.24,69.04,67.28,70.3,71.2,-2.2,-1.4,-1.1,-0.1,0.272,0.267,0.282,0.285,32,8,190.24,189.72,187.02,186.675,69.4,70.96,68.78,71.0,-2.4,3.6,-1.3,2.0,0.277,0.281,0.245,0.272,36,2,6.92,2.32,12.36,12.565,-0.36,-3.68,1.52,0.2,0.2,-5.0,0.2,-2.1,-0.005,-0.014,0.037,0.013,0
2024-03-18,Ascent,Paper Rex,Karmine Corp,69,8,197.16,203.68,197.96,204.85,70.16,72.4,69.84,74.3,-0.4,2.6,-1.5,2.5,0.239,0.269,0.262,0.294,33,7,189.28,190.44,191.16,177.829,70.76,68.64,69.8,65.171,0.0,-0.6,-0.6,-2.0,0.296,0.23,0.276,0.199,36,1,7.88,13.24,6.8,27.021,-0.6,3.76,0.04,9.129,-0.4,3.2,-0.9,4.5,-0.057,0.039,-0.013,0.094,1
2024-03-21,Sunset,Sentinels,LOUD,35,1,202.96,171.2,197.9,171.2,74.24,61.2,72.18,61.2,-1.0,-8.0,-1.1,-8.0,0.295,0.111,0.257,0.111,66,2,212.32,230.5,215.58,230.5,77.56,81.2,77.06,81.2,1.4,5.0,0.9,5.0,0.356,0.503,0.318,0.503,-31,-1,-9.36,-59.3,-17.68,-59.3,-3.32,-20.0,-4.88,-20.0,-2.4,-13.0,-2.0,-13.0,-0.06,-0.392,-0.061,-0.392,1
2024-03-21,Icebox,Sentinels,LOUD,36,1,197.12,176.2,199.22,176.2,72.16,57.6,72.26,57.6,-2.2,-5.0,-1.2,-5.0,0.316,0.067,0.266,0.067,67,3,221.36,215.267,214.68,215.267,79.08,79.533,76.82,79.533,3.0,3.0,0.8,3.0,0.383,0.37,0.309,0.37,-31,-2,-24.24,-39.067,-15.46,-39.067,-6.92,-21.933,-4.56,-21.933,-5.2,-8.0,-2.0,-8.0,-0.067,-0.304,-0.043,-0.304,0
2024-03-21,Split,Paper Rex,Gen.G,70,14,194.56,187.68,197.72,194.32,68.44,67.48,69.48,71.08,-0.6,-4.0,-1.2,-0.5,0.271,0.302,0.274,0.306,47,4,204.64,206.3,193.94,206.3,72.24,73.15,68.94,73.15,1.4,2.25,0.1,2.25,0.356,0.322,0.293,0.322,23,10,-10.08,-18.62,3.78,-11.98,-3.8,-5.67,0.54,-2.07,-2.0,-6.25,-1.3,-2.75,-0.084,-0.02,-0.019,-0.016,0
2024-03-21,Lotus,Paper Rex,Gen.G,71,11,195.8,194.72,195.84,197.54,69.88,66.68,69.56,70.62,-1.4,-1.8,-2.5,-0.4,0.275,0.257,0.264,0.262,48,7,211.68,177.68,199.6,187.8,75.44,65.08,70.28,67.771,3.4,-3.8,1.7,-1.857,0.375,0.176,0.318,0.255,23,4,-15.88,17.04,-3.76,9.74,-5.56,1.6,-0.72,2.849,-4.8,2.0,-4.2,1.457,-0.1,0.08,-0.053,0.007,0
2024-03-21,Split,LOUD,Sentinels,68,12,217.12,211.24,214.64,204.54,78.76,77.28,76.62,74.86,5.0,2.4,2.7,-0.7,0.371,0.328,0.314,0.277,37,7,198.72,201.8,194.0,202.886,72.36,72.8,69.94,72.4,-3.0,-1.0,-3.2,-1.571,0.356,0.266,0.274,0.289,31,5,18.4,9.44,20.64,1.654,6.4,4.48,6.68,2.46,8.0,3.4,5.9,0.871,0.016,0.062,0.04,-0.012,0
2024-03-22,Split,Gen.G,Sentinels,49,5,212.96,206.64,203.34,206.64,76.72,73.76,72.04,73.76,3.4,3.2,1.9,3.2,0.349,0.334,0.329,0.334,38,8,203.76,207.2,197.52,206.65,74.8,75.52,71.28,74.05,-0.8,1.2,-1.6,0.25,0.34,0.235,0.285,0.29,11,-3,9.2,-0.56,5.82,-0.01,1.92,-1.76,0.76,-0.29,4.2,2.0,3.5,2.95,0.01,0.099,0.044,0.044,1
2024-03-22,Lotus,Sentinels,Gen.G,39,5,203.24,195.48,199.34,195.48,72.48,71.52,71.84,71.52,-0.8,-2.8,-1.1,-2.8,0.315,0.267,0.295,0.267,50,8,209.04,182.92,201.96,191.9,74.72,67.0,71.26,69.525,3.2,-2.0,2.2,-1.125,0.354,0.192,0.338,0.263,-11,-3,-5.8,12.56,-2.62,3.58,-2.24,4.52,0.58,1.995,-4.0,-0.8,-3.3,-1.675,-0.04,0.074,-0.043,0.004,1
2024-03-22,Breeze,Gen.G,Sentinels,51,2,196.4,194.0,201.3,194.0,71.92,69.0,71.76,69.0,1.6,0.0,2.3,0.0,0.306,0.353,0.332,0.353,40,0,203.36,,203.16,,71.76,,73.0,,-0.6,,-0.8,,0.328,,0.312,,11,2,-6.96,,-1.86,,0.16,,-1.24,,2.2,,3.1,,-0.022,,0.02,,1
2024-03-22,Ascent,Paper Rex,LOUD,72,9,193.56,202.52,194.08,203.956,68.16,71.56,67.82,73.578,-2.6,2.2,-3.2,2.222,0.25,0.294,0.254,0.308,69,16,212.92,199.96,210.08,198.6,76.72,74.52,75.4,72.36,3.2,4.8,0.8,2.5,0.368,0.249,0.307,0.251,3,-7,-19.36,2.56,-16.0,5.356,-8.56,-2.96,-7.58,1.218,-5.8,-2.6,-4.0,-0.278,-0.118,0.045,-0.054,0.057,1
2024-03-22,Sunset,Paper Rex,LOUD,73,2,192.72,212.8,194.94,212.8,67.48,80.6,68.26,80.6,-1.6,2.0,-1.9,2.0,0.248,0.297,0.26,0.297,70,3,205.96,225.667,208.28,225.667,73.76,79.333,75.0,79.333,0.6,4.667,0.5,4.667,0.333,0.4,0.307,0.4,3,-1,-13.24,-12.867,-13.34,-12.867,-6.28,1.267,-6.74,1.267,-2.2,-2.667,-2.4,-2.667,-0.086,-0.103,-0.047,-0.103,1
2024-03-23,Lotus,Paper Rex,Sentinels,74,12,199.48,192.64,198.32,195.74,70.16,66.04,70.16,69.46,0.4,-3.0,0.0,-0.9,0.274,0.241,0.256,0.263,41,6,195.24,203.84,196.18,198.1,72.24,74.04,72.2,72.767,-0.6,0.2,-1.4,-2.0,0.281,0.305,0.299,0.297,33,6,4.24,-11.2,2.14,-2.36,-2.08,-8.0,-2.04,-3.307,1.0,-3.2,1.4,1.1,-0.007,-0.064,-0.042,-0.035,0
2024-03-23,Ascent,Paper Rex,Sentinels,75,10,196.44,205.12,195.5,203.58,67.68,72.32,68.06,73.38,-0.8,4.0,-0.7,2.8,0.251,0.314,0.261,0.306,42,3,204.8,196.533,201.76,196.533,75.84,69.6,74.1,69.6,3.0,-1.667,0.0,-1.667,0.274,0.295,0.315,0.295,33,7,-8.36,8.587,-6.26,7.047,-8.16,2.72,-6.04,3.78,-3.8,5.667,-0.7,4.467,-0.022,0.019,-0.053,0.011,0
2024-03-23,Split,Paper Rex,Sentinels,76,15,191.28,184.12,193.54,191.5,64.92,66.2,67.4,69.92,-0.4,-5.4,-0.9,-2.1,0.245,0.25,0.26,0.288,43,9,202.16,203.36,202.96,205.556,74.08,73.68,74.44,73.244,1.4,0.4,0.3,0.0,0.299,0.218,0.319,0.276,33,6,-10.88,-19.24,-9.42,-14.056,-9.16,-7.48,-7.04,-3.324,-1.8,-5.8,-1.2,-2.1,-0.054,0.032,-0.06,0.012,1
2024-03-23,Sunset,Sentinels,Paper Rex,44,2,200.32,183.9,201.78,183.9,73.64,63.2,73.06,63.2,-0.2,-6.0,-0.5,-6.0,0.299,0.267,0.307,0.267,77,3,198.64,213.733,196.1,213.733,68.32,78.2,68.24,78.2,2.4,3.0,-0.1,3.0,0.266,0.277,0.258,0.277,-33,-1,1.68,-29.833,5.68,-29.833,5.32,-15.0,4.82,-15.0,-2.6,-9.0,-0.4,-9.0,0.033,-0.01,0.049,-0.01,1
2024-03-24,Split,Sentinels,Gen.G,45,10,208.2,201.32,205.78,203.76,75.88,72.16,73.82,72.38,1.0,-1.0,0.2,-1.0,0.284,0.213,0.306,0.265,52,6,205.52,212.0,205.08,204.8,76.08,73.92,74.16,72.767,3.0,4.4,2.2,3.0,0.334,0.383,0.345,0.352,-7,4,2.68,-10.68,0.7,-1.04,-0.2,-1.76,-0.34,-0.387,-2.0,-5.4,-2.0,-4.0,-0.05,-0.169,-0.039,-0.087,1
2024-03-24,Ascent,Gen.G,Sentinels,53,10,201.28,192.68,206.48,197.76,73.4,71.68,74.42,72.0,1.2,-1.8,2.3,-0.6,0.292,0.286,0.333,0.297,46,4,221.88,202.35,208.56,202.35,79.08,71.4,75.66,71.4,2.2,0.0,0.8,0.0,0.316,0.327,0.299,0.327,7,6,-20.6,-9.67,-2.08,-4.59,-5.68,0.28,-1.24,0.6,-1.0,-1.8,1.5,-0.6,-0.024,-0.04,0.035,-0.029,1
2024-03-24,Icebox,Sentinels,Gen.G,47,2,215.36,177.7,210.08,177.7,77.48,59.9,76.66,59.9,0.8,-8.5,1.9,-8.5,0.3,0.187,0.287,0.187,54,2,198.68,187.5,205.82,187.5,72.84,64.2,74.78,64.2,0.6,1.0,2.0,1.0,0.324,0.244,0.337,0.244,-7,0,16.68,-9.8,4.26,-9.8,4.64,-4.3,1.88,-4.3,0.2,-9.5,-0.1,-9.5,-0.024,-0.057,-0.05,-0.057,1
2024-03-24,Breeze,Gen.G,Sentinels,55,3,196.44,205.733,202.74,205.733,72.76,74.867,73.74,74.867,-0.4,1.333,1.4,1.333,0.267,0.361,0.31,0.361,48,1,216.24,156.0,209.2,156.0,79.56,67.6,76.82,67.6,0.4,-4.0,0.9,-4.0,0.3,0.188,0.3,0.188,7,2,-19.8,49.733,-6.46,49.733,-6.8,7.267,-3.08,7.267,-0.8,5.333,0.5,5.333,-0.034,0.173,0.011,0.173,1
2024-03-24,Bind,Gen.G,Sentinels,56,0,201.28,,198.84,,72.48,,72.2,,-1.8,,-0.1,,0.303,,0.305,,49,4,218.08,208.6,209.2,208.6,80.36,75.3,77.0,75.3,4.2,1.75,2.0,1.75,0.305,0.373,0.302,0.373,7,-4,-16.8,,-10.36,,-7.88,,-4.8,,-6.0,,-2.1,,-0.002,,0.003,,0
2024-04-03,Split,"Movistar KOI						
							(KOI)",Team Liquid,0,0,,,,,,,,,,,,,,,,,48,9,173.04,185.52,185.48,206.044,65.16,71.6,68.76,75.467,-1.2,-1.0,-0.8,0.0,0.229,0.266,0.237,0.296,-48,-9,,,,,,,,,,,,,,,,,0
2024-04-03,Sunset,Karmine Corp,GIANTX,34,0,185.6,,190.52,,71.56,,70.68,,0.6,,-0.6,,0.291,,0.266,,0,0,,,,,,,,,,,,,,,,,34,0,,,,,,,,,,,,,,,,,1
2024-04-03,Breeze,GIANTX,Karmine Corp,1,0,190.2,,190.2,,65.4,,65.4,,2.0,,2.0,,0.273,,0.273,,35,0,192.2,,195.2,,74.16,,72.04,,-0.2,,-0.5,,0.27,,0.282,,-34,0,-2.0,,-5.0,,-8.76,,-6.64,,2.2,,2.5,,0.003,,-0.01,,0
2024-04-03,Ascent,Team Liquid,"Movistar KOI						
							(KOI)",49,8,183.36,208.64,184.7,209.425,68.8,76.08,69.4,76.025,-1.2,0.2,-0.6,1.5,0.257,0.298,0.232,0.301,1,0,177.6,,177.6,,70.0,,70.0,,0.0,,0.0,,0.227,,0.227,,48,8,5.76,,7.1,,-1.2,,-0.6,,-1.2,,-0.6,,0.03,,0.005,,1
2024-04-04,Bind,Team Vitality,Natus Vincere,26,2,190.44,184.4,192.58,184.4,68.68,68.6,69.26,68.6,-0.4,-0.5,-0.9,-0.5,0.3,0.259,0.313,0.259,49,7,188.76,198.08,190.36,198.2,69.08,71.92,70.74,71.286,-3.0,-2.8,-2.1,-1.429,0.285,0.278,0.289,0.288,-23,-5,1.68,-13.68,2.22,-13.8,-0.4,-3.32,-1.48,-2.686,2.6,2.3,1.2,0.929,0.015,-0.019,0.024,-0.029,0
2024-04-04,Lotus,Natus Vincere,Team Vitality,50,11,187.44,188.04,191.56,195.26,70.48,70.64,72.1,72.86,0.2,0.8,-1.3,1.3,0.291,0.298,0.306,0.295,27,6,182.48,194.8,191.8,195.467,68.08,67.2,69.8,67.2,-1.8,-0.4,-2.2,-2.167,0.261,0.254,0.296,0.255,23,5,4.96,-6.76,-0.24,-0.207,2.4,3.44,2.3,5.66,2.0,1.2,0.9,3.467,0.03,0.044,0.009,0.04,1
2024-04-04,Icebox,FNATIC,Team Heretics,52,3,197.76,233.8,191.8,233.8,70.76,86.333,69.74,86.333,0.0,4.0,1.9,4.0,0.253,0.38,0.257,0.38,30,3,202.04,171.867,190.92,171.867,73.72,62.733,71.5,62.733,1.2,-4.333,-0.5,-4.333,0.344,0.154,0.294,0.154,22,0,-4.28,61.933,0.88,61.933,-2.96,23.6,-1.76,23.6,-1.2,8.333,2.4,8.333,-0.091,0.225,-0.036,0.225,0
2024-04-04,Lotus,Team Heretics,FNATIC,31,8,201.28,199.48,195.22,200.025,72.84,70.84,73.52,71.725,1.0,-1.4,0.2,-3.0,0.348,0.356,0.306,0.345,53,13,194.8,211.56,193.18,210.54,68.76,75.92,69.68,76.3,-3.0,3.4,1.1,1.0,0.206,0.346,0.254,0.357,-22,-5,6.48,-12.08,2.04,-10.515,4.08,-5.08,3.84,-4.575,4.0,-4.8,-0.9,-4.0,0.142,0.01,0.052,-0.012,1
2024-04-05,Ascent,Gentle Mates,BBL Esports,0,0,,,,,,,,,,,,,,,,,24,5,187.88,212.24,194.12,212.24,68.8,76.8,72.2,76.8,-3.8,1.6,-1.0,1.6,0.227,0.359,0.277,0.359,-24,-5,,,,,,,,,,,,,,,,,1
2024-04-05,Split,FUT Esports,Team Liquid,48,7,174.6,163.36,196.54,171.0,61.44,62.68,68.9,62.143,-3.8,-3.0,-1.2,-2.857,0.231,0.186,0.288,0.182,50,10,188.92,186.4,185.64,205.6,71.52,73.08,69.84,75.74,0.4,-0.8,0.0,0.0,0.306,0.27,0.254,0.302,-2,-3,-14.32,-23.04,10.9,-34.6,-10.08,-10.4,-0.94,-13.597,-4.2,-2.2,-1.2,-2.857,-0.075,-0.083,0.033,-0.12,1
2024-04-05,Icebox,Team Liquid,FUT Esports,51,1,183.36,216.8,185.74,216.8,70.76,76.6,70.48,76.6,-0.8,8.0,0.1,8.0,0.259,0.417,0.259,0.417,49,2,174.24,169.6,192.76,169.6,62.84,63.9,68.56,63.9,-4.4,1.0,-1.5,1.0,0.256,0.167,0.297,0.167,2,-1,9.12,47.2,-7.02,47.2,7.92,12.7,1.92,12.7,3.6,7.0,1.6,7.0,0.003,0.25,-0.038,0.25,0
2024-04-05,Sunset,Gentle Mates,BBL Esports,1,0,209.8,,209.8,,79.0,,79.0,,-2.0,,-2.0,,0.4,,0.4,,25,0,185.28,,191.94,,65.2,,70.4,,-4.0,,-1.4,,0.247,,0.247,,-24,0,24.52,,17.86,,13.8,,8.6,,2.0,,-0.6,,0.153,,0.153,,1
2024-04-06,Breeze,LOUD,NRG,71,2,200.4,211.9,206.36,211.9,70.52,76.1,74.04,76.1,-2.0,-0.5,-0.3,-0.5,0.268,0.22,0.312,0.22,56,0,203.44,,204.34,,74.04,,75.24,,2.0,,1.2,,0.304,,0.295,,15,2,-3.04,,2.02,,-3.52,,-1.2,,-4.0,,-1.5,,-0.035,,0.017,,0
2024-04-06,Sunset,NRG,LOUD,57,0,201.32,,204.74,,73.28,,75.26,,-0.2,,1.4,,0.319,,0.306,,72,4,198.96,218.85,210.16,218.85,70.4,76.4,74.74,76.4,-3.8,2.25,-0.4,2.25,0.291,0.359,0.337,0.359,-15,-4,2.36,,-5.42,,2.88,,0.52,,3.6,,1.8,,0.029,,-0.031,,1
2024-04-06,Sunset,Global Esports,ZETA DIVISION,23,0,196.08,,201.76,,68.8,,71.68,,0.6,,0.7,,0.301,,0.315,,38,0,177.96,,196.48,,62.96,,70.94,,-5.8,,-0.6,,0.226,,0.262,,-15,0,18.12,,5.28,,5.84,,0.74,,6.4,,1.3,,0.075,,0.053,,0
2024-04-06,Ascent,ZETA DIVISION,Global Esports,39,9,182.44,192.04,199.52,196.378,65.28,70.8,72.06,73.689,-5.0,-3.0,-0.8,-1.0,0.266,0.214,0.289,0.234,24,2,188.92,198.2,196.2,198.2,65.68,71.7,70.02,71.7,-0.2,2.5,-0.2,2.5,0.225,0.284,0.288,0.284,15,7,-6.48,-6.16,3.32,-1.822,-0.4,-0.9,2.04,1.989,-4.8,-5.5,-0.6,-3.5,0.041,-0.071,0.001,-0.051,1
2024-04-06,Sunset,LEVIATÁN,Cloud9,41,0,183.36,,199.04,,70.08,,74.38,,-0.2,,1.5,,0.204,,0.238,,39,0,185.16,,188.66,,68.52,,69.52,,-4.2,,-3.3,,0.315,,0.265,,2,0,-1.8,,10.38,,1.56,,4.86,,4.0,,4.8,,-0.11,,-0.026,,0
2024-04-06,Icebox,LEVIATÁN,Cloud9,42,3,177.8,202.0,195.42,202.0,68.28,74.067,73.44,74.067,-0.6,0.667,1.8,0.667,0.194,0.305,0.23,0.305,40,0,192.76,,191.1,,72.32,,70.98,,-4.2,,-2.9,,0.345,,0.292,,2,3,-14.96,,4.32,,-4.04,,2.46,,3.6,,4.7,,-0.15,,-0.062,,1
2024-04-06,Icebox,ZETA DIVISION,Global Esports,40,0,184.64,,198.48,,65.92,,72.02,,-3.2,,-0.7,,0.288,,0.3,,25,2,191.96,211.7,193.46,211.7,65.88,69.1,68.04,69.1,0.0,0.0,-1.0,0.0,0.218,0.275,0.279,0.275,15,-2,-7.32,,5.02,,0.04,,3.98,,-3.2,,0.3,,0.07,,0.021,,0
2024-04-06,Sunset,DRX,Team Secret,59,0,178.88,,187.64,,65.04,,69.12,,-1.6,,1.0,,0.247,,0.297,,39,0,194.08,,192.16,,70.88,,69.54,,0.4,,0.0,,0.27,,0.267,,20,0,-15.2,,-4.52,,-5.84,,-0.42,,-2.0,,1.0,,-0.023,,0.03,,1
2024-04-06,Lotus,Team Secret,DRX,40,6,188.64,185.4,191.98,190.8,68.2,66.56,70.38,68.367,0.4,-1.6,0.5,-0.833,0.264,0.275,0.272,0.28,60,5,185.96,181.04,193.66,181.04,67.72,65.72,70.1,65.72,-2.8,-3.0,0.9,-3.0,0.302,0.218,0.294,0.218,-20,1,2.68,4.36,-1.68,9.76,0.48,0.84,0.28,2.647,3.2,1.4,-0.4,2.167,-0.038,0.057,-0.021,0.062,0
2024-04-06,Ascent,Cloud9,LEVIATÁN,41,7,192.04,211.84,187.32,205.771,73.0,78.08,69.6,75.2,-4.8,2.4,-3.6,3.0,0.331,0.309,0.274,0.296,43,7,194.28,171.84,195.72,178.2,72.44,60.28,73.54,63.229,1.8,-5.0,1.8,-3.143,0.261,0.164,0.25,0.196,-2,0,-2.24,40.0,-8.4,27.571,0.56,17.8,-3.94,11.971,-6.6,7.4,-5.4,6.143,0.07,0.145,0.024,0.1,1
2024-04-07,Split,Sentinels,100 Thieves,50,11,207.76,210.48,207.98,204.32,77.88,76.64,76.88,73.68,3.8,0.8,2.4,0.0,0.292,0.271,0.288,0.261,26,4,190.0,195.8,192.86,195.8,70.04,70.15,72.26,70.15,-1.4,3.0,0.8,3.0,0.289,0.286,0.288,0.286,24,7,17.76,14.68,15.12,8.52,7.84,6.49,4.62,3.53,5.2,-2.2,1.6,-3.0,0.003,-0.015,0.0,-0.025,1
2024-04-07,Icebox,100 Thieves,Sentinels,27,2,185.16,210.7,191.7,210.7,68.08,78.0,71.52,78.0,-2.8,-3.0,0.1,-3.0,0.251,0.302,0.271,0.302,51,3,208.0,193.2,214.94,193.2,76.72,69.0,77.9,69.0,4.0,-4.667,3.1,-4.667,0.296,0.265,0.306,0.265,-24,-1,-22.84,17.5,-23.24,17.5,-8.64,9.0,-6.38,9.0,-6.8,1.667,-3.0,1.667,-0.044,0.036,-0.035,0.036,0
2024-04-07,Icebox,G2 Esports,Evil Geniuses,0,0,,,,,,,,,,,,,,,,,74,1,210.72,182.2,209.52,182.2,73.36,64.6,75.08,64.6,-1.6,2.0,0.1,2.0,0.316,0.111,0.296,0.111,-74,-1,,,,,,,,,,,,,,,,,1
2024-04-07,Lotus,Evil Geniuses,G2 Esports,75,9,201.52,211.52,203.8,205.867,71.12,76.24,72.82,73.622,-1.6,0.4,-1.3,-0.667,0.323,0.351,0.293,0.318,1,0,237.8,,237.8,,85.0,,85.0,,6.0,,6.0,,0.375,,0.375,,74,9,-36.28,,-34.0,,-13.88,,-12.18,,-7.6,,-7.3,,-0.052,,-0.082,,0
2024-04-07,Bind,Paper Rex,T1,78,10,190.88,194.16,191.8,201.06,64.8,69.52,66.14,73.42,-0.8,-0.8,-1.2,0.5,0.22,0.268,0.234,0.295,50,8,189.04,201.2,185.6,209.35,66.2,72.4,65.38,75.725,-2.0,-2.4,-3.7,-0.75,0.298,0.347,0.238,0.332,28,2,1.84,-7.04,6.2,-8.29,-1.4,-2.88,0.76,-2.305,1.2,1.6,2.5,1.25,-0.078,-0.079,-0.004,-0.037,1
2024-04-07,Icebox,TALON,BLEED,26,2,204.2,217.6,205.3,217.6,71.16,72.6,72.06,72.6,1.6,3.5,-0.6,3.5,0.328,0.289,0.334,0.289,0,0,,,,,,,,,,,,,,,,,26,2,,,,,,,,,,,,,,,,,1
2024-04-07,Bind,BLEED,TALON,1,0,157.0,,157.0,,66.4,,66.4,,-3.0,,-3.0,,0.105,,0.105,,27,1,203.56,233.4,207.34,233.4,71.96,83.2,73.86,83.2,1.4,-1.0,0.7,-1.0,0.374,0.471,0.372,0.471,-26,-1,-46.56,,-50.34,,-5.56,,-7.46,,-4.4,,-3.7,,-0.268,,-0.267,,0
2024-04-07,Lotus,TALON,BLEED,28,2,202.96,210.0,206.9,210.0,72.44,72.7,73.24,72.7,0.8,0.0,0.9,0.0,0.367,0.433,0.363,0.433,2,0,170.0,,170.0,,68.2,,68.2,,-1.5,,-1.5,,0.178,,0.178,,26,2,32.96,,36.9,,4.24,,5.04,,2.3,,2.4,,0.19,,0.186,,0
2024-04-07,Lotus,T1,Paper Rex,51,8,193.04,200.6,185.02,207.3,69.64,70.2,66.5,73.575,-2.0,3.4,-3.5,4.5,0.317,0.319,0.253,0.308,79,13,189.72,187.6,194.6,190.68,67.08,62.16,68.62,66.48,-1.0,-3.8,-0.3,-2.3,0.242,0.224,0.258,0.237,-28,-5,3.32,13.0,-9.58,16.62,2.56,8.04,-2.12,7.095,-1.0,7.2,-3.2,6.8,0.076,0.096,-0.005,0.071,0
2024-04-08,Breeze,Rex Regum Qeon,Team Secret,29,0,194.16,,200.7,,71.0,,71.68,,-4.6,,-3.0,,0.275,,0.322,,41,0,186.32,,194.74,,67.6,,71.26,,1.4,,1.4,,0.224,,0.282,,-12,0,7.84,,5.96,,3.4,,0.42,,-6.0,,-4.4,,0.051,,0.04,,1
2024-04-08,Split,Team Secret,Rex Regum Qeon,42,6,189.12,177.32,189.84,180.7,70.84,65.8,69.22,67.133,3.0,-3.6,0.8,-1.833,0.232,0.19,0.272,0.209,30,5,200.64,184.16,203.08,184.16,73.56,68.92,72.88,68.92,-3.8,-0.8,-2.7,-0.8,0.297,0.275,0.315,0.275,12,1,-11.52,-6.84,-13.24,-3.46,-2.72,-3.12,-3.66,-1.787,6.8,-2.8,3.5,-1.033,-0.065,-0.085,-0.043,-0.066,1
2024-04-08,Icebox,Team Secret,Rex Regum Qeon,43,2,198.84,195.6,191.6,195.6,73.44,67.0,69.56,67.0,2.4,-3.0,0.9,-3.0,0.245,0.247,0.261,0.247,31,1,195.2,212.8,201.4,212.8,72.72,72.4,73.44,72.4,-2.8,3.0,-2.8,3.0,0.274,0.217,0.302,0.217,12,1,3.64,-17.2,-9.8,-17.2,0.72,-5.4,-3.88,-5.4,5.2,-6.0,3.7,-6.0,-0.029,0.03,-0.041,0.03,0
2024-04-08,Ascent,DRX,Global Esports,61,8,195.2,200.96,192.86,207.725,69.44,68.96,69.96,72.35,-3.4,-2.6,-0.4,-1.25,0.333,0.325,0.293,0.337,26,3,193.92,197.533,194.12,197.533,66.96,68.467,68.44,68.467,2.0,0.667,0.1,0.667,0.227,0.269,0.28,0.269,35,5,1.28,3.427,-1.26,10.192,2.48,0.493,1.52,3.883,-5.4,-3.267,-0.5,-1.917,0.106,0.056,0.012,0.068,1
2024-04-08,Lotus,KRÜ Esports,FURIA,41,7,187.36,199.64,190.82,198.114,68.44,75.24,72.36,74.086,1.0,2.2,0.7,0.429,0.322,0.338,0.31,0.315,33,0,190.64,,188.22,,68.96,,69.56,,-2.4,,-2.4,,0.215,,0.252,,8,7,-3.28,,2.6,,-0.52,,2.8,,3.4,,3.1,,0.106,,0.058,,1
2024-04-08,Icebox,KRÜ Esports,FURIA,42,0,186.96,,195.24,,68.92,,73.44,,2.0,,2.6,,0.287,,0.328,,34,2,190.88,183.5,186.44,183.5,68.8,70.0,69.0,70.0,-3.0,-2.5,-2.6,-2.5,0.203,0.257,0.243,0.257,8,-2,-3.92,,8.8,,0.12,,4.44,,5.0,,5.2,,0.084,,0.085,,0
2024-04-08,Lotus,DRX,Global Esports,62,6,190.52,194.16,193.02,187.433,70.6,69.88,71.5,67.433,-3.2,-1.6,0.0,-2.667,0.304,0.282,0.305,0.245,27,4,190.04,196.1,192.8,196.1,66.24,71.8,68.34,71.8,1.2,-0.5,0.3,-0.5,0.204,0.311,0.268,0.311,35,2,0.48,-1.94,0.22,-8.667,4.36,-1.92,3.16,-4.367,-4.4,-1.1,-0.3,-2.167,0.101,-0.029,0.036,-0.066,1
2024-04-08,Breeze,FURIA,KRÜ Esports,35,0,194.08,,186.42,,68.84,,68.1,,-2.2,,-2.2,,0.224,,0.226,,43,0,191.36,,191.78,,68.52,,71.74,,1.2,,1.3,,0.315,,0.322,,-8,0,2.72,,-5.36,,0.32,,-3.64,,-3.4,,-3.5,,-0.091,,-0.096,,0
2024-04-09,Ascent,TALON,Gen.G,29,5,199.2,197.0,204.54,197.0,71.16,68.76,73.02,68.76,0.6,1.4,0.3,1.4,0.378,0.29,0.386,0.29,57,11,194.16,197.44,199.84,195.46,69.16,74.12,72.62,72.36,-3.8,-1.8,-0.4,-1.3,0.274,0.338,0.304,0.3,-28,-6,5.04,-0.44,4.7,1.54,2.0,-5.36,0.4,-3.6,4.4,3.2,0.7,2.7,0.103,-0.048,0.082,-0.01,0
2024-04-09,Ascent,DetonatioN FocusMe,T1,22,4,179.72,174.7,182.94,174.7,65.64,67.25,66.4,67.25,-0.8,-3.0,-0.6,-3.0,0.221,0.244,0.222,0.244,52,5,189.68,207.92,186.12,207.92,68.68,71.56,66.06,71.56,-2.6,0.4,-3.4,0.4,0.289,0.24,0.25,0.24,-30,-1,-9.96,-33.22,-3.18,-33.22,-3.04,-4.31,0.34,-4.31,1.8,-3.4,2.8,-3.4,-0.068,0.004,-0.028,0.004,1
2024-04-09,Lotus,DetonatioN FocusMe,T1,23,5,190.96,195.72,182.72,195.72,69.44,70.88,66.58,70.88,-0.6,-1.0,-0.6,-1.0,0.241,0.252,0.225,0.252,53,9,188.76,199.08,189.08,205.933,69.04,69.04,67.26,72.978,-3.4,1.0,-2.2,3.444,0.263,0.328,0.248,0.303,-30,-4,2.2,-3.36,-6.36,-10.213,0.4,1.84,-0.68,-2.098,2.8,-2.0,1.6,-4.444,-0.022,-0.076,-0.023,-0.051,0
2024-04-09,Sunset,T1,DetonatioN FocusMe,54,0,195.44,,192.84,,72.8,,68.3,,-1.0,,-1.5,,0.273,,0.265,,24,0,188.08,,182.84,,67.52,,66.6,,-3.0,,-0.8,,0.235,,0.215,,30,0,7.36,,10.0,,5.28,,1.7,,2.0,,-0.7,,0.037,,0.05,,0
2024-04-09,Lotus,Gen.G,TALON,58,9,195.24,178.56,198.26,189.933,70.48,66.4,71.94,69.356,-3.6,-1.6,-1.2,-1.222,0.316,0.182,0.304,0.25,30,3,191.68,197.4,200.88,197.4,69.92,70.067,71.78,70.067,1.0,-1.0,0.8,-1.0,0.372,0.425,0.364,0.425,28,6,3.56,-18.84,-2.62,-7.467,0.56,-3.667,0.16,-0.711,-4.6,-0.6,-2.0,-0.222,-0.057,-0.243,-0.06,-0.175,1
2024-04-10,Icebox,Team Vitality,Team Heretics,28,0,179.96,,190.72,,67.4,,69.74,,-3.2,,-2.2,,0.198,,0.287,,32,4,202.44,186.05,197.06,186.05,72.64,68.15,73.76,68.15,0.2,-1.5,0.3,-1.5,0.35,0.219,0.322,0.219,-4,-4,-22.48,,-6.34,,-5.24,,-4.02,,-3.4,,-2.5,,-0.152,,-0.035,,1
2024-04-10,Bind,FUT Esports,Karmine Corp,50,4,182.16,203.5,191.48,203.5,65.0,71.5,67.38,71.5,-3.6,1.25,-1.6,1.25,0.272,0.327,0.295,0.327,36,2,205.56,202.1,194.78,202.1,78.84,73.6,73.56,73.6,0.8,2.5,-0.5,2.5,0.305,0.26,0.289,0.26,14,2,-23.4,1.4,-3.3,1.4,-13.84,-2.1,-6.18,-2.1,-4.4,-1.25,-1.1,-1.25,-0.033,0.067,0.007,0.067,0
2024-04-10,Lotus,FUT Esports,Karmine Corp,51,11,182.76,214.68,189.72,199.38,66.12,73.68,68.0,70.54,-3.0,3.0,-1.2,0.3,0.302,0.347,0.284,0.302,37,9,206.4,194.36,198.32,189.333,80.12,72.04,74.76,72.022,1.8,2.6,-0.3,2.333,0.353,0.316,0.315,0.295,14,2,-23.64,20.32,-8.6,10.047,-14.0,1.64,-6.76,-1.482,-4.8,0.4,-0.9,-2.033,-0.052,0.031,-0.031,0.008,1
2024-04-10,Breeze,Karmine Corp,FUT Esports,38,1,198.6,217.4,193.94,217.4,76.28,89.2,73.52,89.2,-0.6,4.0,-0.3,4.0,0.306,0.412,0.301,0.412,52,0,194.92,,190.74,,70.88,,68.6,,0.0,,-0.5,,0.326,,0.284,,-14,1,3.68,,3.2,,5.4,,4.92,,-0.6,,0.2,,-0.019,,0.017,,0
2024-04-10,Breeze,Team Vitality,Team Heretics,29,0,191.32,,193.48,,69.96,,69.82,,-2.8,,-1.9,,0.207,,0.279,,33,0,199.88,,199.74,,70.92,,73.16,,0.8,,0.6,,0.335,,0.314,,-4,0,-8.56,,-6.26,,-0.96,,-3.34,,-3.6,,-2.5,,-0.128,,-0.035,,1
2024-04-10,Sunset,Team Heretics,Team Vitality,34,2,196.96,218.3,202.08,218.3,70.84,81.4,73.66,81.4,1.4,3.5,1.3,3.5,0.293,0.347,0.311,0.347,30,0,192.4,,192.58,,69.08,,69.74,,-3.6,,-2.5,,0.198,,0.271,,4,2,4.56,,9.5,,1.76,,3.92,,5.0,,3.8,,0.095,,0.04,,1
2024-04-11,Breeze,BBL Esports,"Movistar KOI						
							(KOI)",26,0,187.32,,194.32,,65.48,,71.18,,-3.6,,-0.4,,0.283,,0.257,,2,0,176.4,,176.4,,69.5,,69.5,,-2.0,,-2.0,,0.164,,0.164,,24,0,10.92,,17.92,,-4.02,,1.68,,-1.6,,1.6,,0.12,,0.093,,1
2024-04-11,Ascent,Natus Vincere,Team Liquid,51,8,191.12,191.52,192.5,200.05,71.64,67.72,73.08,71.7,0.6,-0.6,-0.4,-0.625,0.328,0.251,0.338,0.277,52,9,190.56,210.32,185.7,208.867,72.6,77.28,69.76,76.244,-1.2,1.4,-1.0,1.778,0.261,0.368,0.25,0.318,-1,-1,0.56,-18.8,6.8,-8.817,-0.96,-9.56,3.32,-4.544,1.8,-2.0,0.6,-2.403,0.067,-0.117,0.088,-0.041,1
2024-04-11,Icebox,"Movistar KOI						
							(KOI)",BBL Esports,3,0,169.933,,169.933,,65.133,,65.133,,-3.0,,-3.0,,0.148,,0.148,,27,3,189.04,209.6,190.5,209.6,66.4,73.2,69.32,73.2,-1.0,-3.333,-0.4,-3.333,0.335,0.359,0.281,0.359,-24,-3,-19.107,,-20.567,,-1.267,,-4.187,,-2.0,,-2.6,,-0.187,,-0.132,,0
2024-04-11,Lotus,Natus Vincere,Team Liquid,52,12,199.08,190.32,196.54,195.44,72.6,72.28,73.68,73.48,-0.6,1.4,-0.8,1.4,0.347,0.327,0.331,0.325,53,10,192.8,194.32,182.92,198.72,70.64,69.28,67.9,70.72,-0.2,-0.2,-0.7,1.4,0.247,0.254,0.238,0.267,-1,2,6.28,-4.0,13.62,-3.28,1.96,3.0,5.78,2.76,-0.4,1.6,-0.1,-0.0,0.1,0.073,0.093,0.058,0
2024-04-11,Split,Team Liquid,Natus Vincere,54,11,194.16,174.76,188.76,199.28,71.2,70.0,70.0,74.34,1.2,-2.0,0.0,-0.5,0.244,0.225,0.251,0.277,53,8,200.36,188.8,194.92,188.825,75.68,70.52,73.76,68.6,0.0,1.8,-1.1,1.125,0.358,0.277,0.319,0.3,1,3,-6.2,-14.04,-6.16,10.455,-4.48,-0.52,-3.76,5.74,1.2,-3.8,1.1,-1.625,-0.114,-0.051,-0.069,-0.023,0
2024-04-12,Bind,GIANTX,FNATIC,2,0,173.6,,173.6,,64.4,,64.4,,-1.0,,-1.0,,0.225,,0.225,,54,7,189.08,202.4,193.36,204.286,68.12,75.4,70.78,75.4,-2.8,2.0,1.7,1.857,0.201,0.301,0.251,0.295,-52,-7,-15.48,,-19.76,,-3.72,,-6.38,,1.8,,-2.7,,0.023,,-0.026,,0
2024-04-12,Breeze,GIANTX,FNATIC,3,1,171.2,157.0,171.2,157.0,64.8,63.4,64.8,63.4,0.0,-4.0,0.0,-4.0,0.187,0.176,0.187,0.176,55,0,197.28,,194.42,,72.0,,71.54,,-3.4,,0.7,,0.278,,0.262,,-52,1,-26.08,,-23.22,,-7.2,,-6.74,,3.4,,-0.7,,-0.092,,-0.075,,1
2024-04-12,Split,GIANTX,FNATIC,4,0,183.75,,183.75,,69.75,,69.75,,1.75,,1.75,,0.223,,0.223,,56,9,188.24,207.76,189.02,212.667,68.64,73.2,69.48,75.578,-2.8,3.2,-1.0,2.0,0.266,0.302,0.247,0.324,-52,-9,-4.49,,-5.27,,1.11,,0.27,,4.55,,2.75,,-0.043,,-0.023,,0
2024-04-12,Split,Gentle Mates,Karmine Corp,2,0,210.1,,210.1,,78.3,,78.3,,-1.0,,-1.0,,0.346,,0.346,,39,6,193.24,151.72,189.42,163.167,73.84,60.52,72.7,64.9,-1.4,-2.4,-0.4,-0.5,0.298,0.126,0.294,0.133,-37,-6,16.86,,20.68,,4.46,,5.6,,0.4,,-0.6,,0.048,,0.052,,0
2024-04-12,Icebox,Gentle Mates,Karmine Corp,3,0,195.867,,195.867,,72.533,,72.533,,-1.667,,-1.667,,0.301,,0.301,,40,3,197.28,202.533,194.74,202.533,73.84,71.133,74.0,71.133,-0.4,1.0,-0.3,1.0,0.317,0.266,0.294,0.266,-37,-3,-1.413,,1.127,,-1.307,,-1.467,,-1.267,,-1.367,,-0.016,,0.007,,0
2024-04-13,Icebox,Paper Rex,Gen.G,80,1,196.72,191.8,196.58,191.8,70.8,63.0,69.24,63.0,1.2,-4.0,0.2,-4.0,0.241,0.25,0.246,0.25,59,3,196.6,186.467,197.64,186.467,71.2,65.267,72.02,65.267,-3.0,-0.333,-1.2,-0.333,0.266,0.215,0.295,0.215,21,-2,0.12,5.333,-1.06,5.333,-0.4,-2.267,-2.78,-2.267,4.2,-3.667,1.4,-3.667,-0.025,0.035,-0.049,0.035,1
2024-04-13,Lotus,Gen.G,Paper Rex,60,10,199.6,185.88,198.02,192.38,71.04,68.92,71.9,70.68,-4.0,-0.4,-2.2,-0.7,0.284,0.208,0.276,0.248,81,14,205.08,191.72,198.18,195.62,75.28,64.04,70.1,67.32,3.8,-2.6,1.7,-1.6,0.268,0.224,0.256,0.257,-21,-4,-5.48,-5.84,-0.16,-3.24,-4.24,4.88,1.8,3.36,-7.8,2.2,-3.9,0.9,0.017,-0.016,0.019,-0.009,1
2024-04-13,Bind,Paper Rex,Gen.G,82,11,201.24,195.2,199.94,201.22,74.6,71.8,71.46,74.26,1.8,-0.4,2.1,0.3,0.251,0.271,0.258,0.311,61,1,198.32,193.6,199.8,193.6,72.56,70.0,72.52,70.0,-2.2,-6.0,-2.0,-6.0,0.284,0.231,0.294,0.231,21,10,2.92,1.6,0.14,7.62,2.04,1.8,-1.06,4.26,4.0,5.6,4.1,6.3,-0.034,0.04,-0.036,0.081,1
2024-04-13,Bind,100 Thieves,G2 Esports,28,2,185.24,186.4,188.96,186.4,68.2,71.0,70.58,71.0,-0.4,-6.0,0.6,-6.0,0.268,0.175,0.281,0.175,2,0,227.2,,227.2,,79.6,,79.6,,5.5,,5.5,,0.307,,0.307,,26,2,-41.96,,-38.24,,-11.4,,-9.02,,-5.9,,-4.9,,-0.038,,-0.025,,1
2024-04-13,Split,T1,DRX,55,1,192.04,188.8,190.54,188.8,72.36,68.2,69.28,68.2,0.4,1.0,-0.8,1.0,0.262,0.182,0.28,0.182,63,9,200.4,190.76,194.62,201.289,75.08,69.16,71.9,73.067,-2.2,-2.6,-0.8,-1.333,0.323,0.265,0.311,0.319,-8,-8,-8.36,-1.96,-4.08,-12.489,-2.72,-0.96,-2.62,-4.867,2.6,3.6,0.0,2.333,-0.061,-0.083,-0.031,-0.138,0
2024-04-13,Bind,DRX,T1,64,9,214.84,196.56,196.86,191.111,80.4,72.8,72.72,70.667,0.8,0.4,-0.4,0.222,0.38,0.294,0.314,0.291,56,9,183.08,198.68,188.06,206.822,68.2,73.68,68.92,75.778,-0.8,-2.4,-1.4,-1.111,0.215,0.347,0.266,0.333,8,0,31.76,-2.12,8.8,-15.711,12.2,-0.88,3.8,-5.111,1.6,2.8,1.0,1.333,0.165,-0.053,0.047,-0.043,1
2024-04-13,Icebox,LEVIATÁN,Sentinels,44,4,195.52,208.25,194.4,208.25,73.36,76.05,72.74,76.05,1.2,1.5,1.7,1.5,0.278,0.354,0.252,0.354,52,4,209.2,195.0,212.28,195.0,76.76,69.85,77.12,69.85,3.2,-4.75,2.0,-4.75,0.327,0.286,0.314,0.286,-8,0,-13.68,13.25,-17.88,13.25,-3.4,6.2,-4.38,6.2,-2.0,6.25,-0.3,6.25,-0.049,0.068,-0.062,0.068,1
2024-04-13,Lotus,LEVIATÁN,Sentinels,45,7,193.48,194.24,192.26,198.686,70.68,74.92,72.06,77.029,-0.4,2.8,0.6,3.571,0.301,0.244,0.26,0.258,53,7,198.84,213.4,207.54,202.229,73.84,78.04,76.7,73.829,3.2,2.4,1.8,-0.857,0.31,0.335,0.305,0.293,-8,0,-5.36,-19.16,-15.28,-3.543,-3.16,-3.12,-4.64,3.2,-3.6,0.4,-1.2,4.429,-0.009,-0.091,-0.045,-0.035,1
2024-04-13,Split,G2 Esports,100 Thieves,3,0,219.4,,219.4,,78.2,,78.2,,4.333,,4.333,,0.28,,0.28,,29,5,182.96,191.56,190.08,191.56,66.44,69.4,70.94,69.4,-0.8,1.8,0.1,1.8,0.273,0.26,0.296,0.26,-26,-5,36.44,,29.32,,11.76,,7.26,,5.133,,4.233,,0.007,,-0.016,,0
2024-04-13,Breeze,T1,DRX,57,0,174.76,,182.22,,66.76,,67.72,,-0.8,,-1.7,,0.195,,0.242,,65,0,217.6,,201.78,,82.28,,75.0,,2.4,,-0.2,,0.398,,0.35,,-8,0,-42.84,,-19.56,,-15.52,,-7.28,,-3.2,,-1.5,,-0.203,,-0.108,,1
2024-04-14,Sunset,MIBR,KRÜ Esports,24,0,196.84,,179.2,,71.44,,66.48,,0.4,,-2.1,,0.274,,0.238,,44,0,199.12,,193.02,,73.12,,71.7,,2.2,,0.9,,0.348,,0.328,,-20,0,-2.28,,-13.82,,-1.68,,-5.22,,-1.8,,-3.0,,-0.074,,-0.091,,0
2024-04-14,Icebox,MIBR,KRÜ Esports,25,2,192.8,178.7,180.28,178.7,69.96,64.8,66.54,64.8,0.2,2.5,-1.8,2.5,0.233,0.249,0.227,0.249,45,1,203.56,200.2,196.14,200.2,73.96,70.0,72.3,70.0,1.4,-4.0,1.3,-4.0,0.346,0.292,0.338,0.292,-20,1,-10.76,-21.5,-15.86,-21.5,-4.0,-5.2,-5.76,-5.2,-1.2,6.5,-3.1,6.5,-0.113,-0.043,-0.111,-0.043,0
2024-04-14,Breeze,NRG,FURIA,58,1,211.24,201.2,207.68,201.2,76.56,72.4,75.68,72.4,2.2,5.0,1.7,5.0,0.338,0.348,0.306,0.348,36,1,184.32,152.6,179.78,152.6,65.44,56.0,65.72,56.0,-3.0,-4.0,-2.9,-4.0,0.175,0.1,0.194,0.1,22,0,26.92,48.6,27.9,48.6,11.12,16.4,9.96,16.4,5.2,9.0,4.6,9.0,0.163,0.248,0.112,0.248,1
2024-04-14,Split,FURIA,NRG,37,5,187.6,192.88,181.96,192.88,66.72,70.92,66.16,70.92,-2.2,-0.4,-2.8,-0.4,0.18,0.291,0.203,0.291,59,8,207.08,210.52,209.22,211.2,74.72,78.32,75.82,78.1,0.8,0.2,2.0,2.125,0.319,0.367,0.321,0.36,-22,-3,-19.48,-17.64,-27.26,-18.32,-8.0,-7.4,-9.66,-7.18,-3.0,-0.6,-4.8,-2.525,-0.139,-0.076,-0.118,-0.069,0
2024-04-14,Lotus,ZETA DIVISION,Team Secret,41,5,191.64,207.68,197.36,207.68,68.0,73.16,70.84,73.16,-4.0,-0.2,-2.0,-0.2,0.298,0.317,0.286,0.317,44,7,196.32,191.36,195.2,190.6,71.68,68.24,71.28,67.857,2.4,0.4,1.4,-0.571,0.253,0.268,0.262,0.26,-3,-2,-4.68,16.32,2.16,17.08,-3.68,4.92,-0.44,5.303,-6.4,-0.6,-3.4,0.371,0.045,0.049,0.024,0.057,1
2024-04-14,Icebox,Rex Regum Qeon,BLEED,32,2,186.64,204.6,199.94,204.6,68.24,69.7,72.38,69.7,-5.0,-1.5,-3.1,-1.5,0.263,0.282,0.298,0.282,3,1,178.133,157.0,178.133,157.0,71.8,66.4,71.8,66.4,0.0,-3.0,0.0,-3.0,0.224,0.105,0.224,0.105,29,1,8.507,47.6,21.807,47.6,-3.56,3.3,0.58,3.3,-5.0,1.5,-3.1,1.5,0.039,0.177,0.073,0.177,1
2024-04-14,Icebox,ZETA DIVISION,Team Secret,42,1,207.6,205.8,200.42,205.8,73.44,67.2,71.74,67.2,-1.0,-5.0,-2.1,-5.0,0.306,0.261,0.291,0.261,45,3,195.2,198.067,191.92,198.067,69.52,69.0,68.86,69.0,1.2,0.0,0.8,0.0,0.238,0.255,0.251,0.255,-3,-2,12.4,7.733,8.5,7.733,3.92,-1.8,2.88,-1.8,-2.2,-5.0,-2.9,-5.0,0.068,0.006,0.039,0.006,0
2024-04-14,Sunset,Team Secret,ZETA DIVISION,46,1,202.24,178.6,194.28,178.6,72.36,67.6,69.98,67.6,2.4,3.0,1.9,3.0,0.276,0.286,0.25,0.286,43,1,219.52,247.0,198.74,247.0,77.4,91.6,70.18,91.6,-0.8,2.0,-3.3,2.0,0.33,0.5,0.278,0.5,3,0,-17.28,-68.4,-4.46,-68.4,-5.04,-24.0,-0.2,-24.0,3.2,1.0,5.2,1.0,-0.053,-0.214,-0.028,-0.214,1
2024-04-14,Lotus,BLEED,Rex Regum Qeon,4,1,177.95,194.4,177.95,194.4,70.2,79.0,70.2,79.0,0.0,3.0,0.0,3.0,0.21,0.318,0.21,0.318,33,3,196.56,198.2,203.08,198.2,71.48,73.667,74.14,73.667,-3.8,0.0,-2.4,0.0,0.301,0.206,0.302,0.206,-29,-2,-18.61,-3.8,-25.13,-3.8,-1.28,5.333,-3.94,5.333,3.8,3.0,2.4,3.0,-0.091,0.112,-0.092,0.112,0
2024-04-15,Lotus,Cloud9,Evil Geniuses,42,8,196.4,197.76,190.84,206.65,73.6,75.0,70.2,77.525,-3.2,-4.2,-3.1,-0.625,0.337,0.311,0.296,0.354,76,10,196.92,211.4,203.48,205.24,68.96,75.76,72.56,73.18,-2.6,-0.2,-1.4,-1.1,0.282,0.337,0.282,0.31,-34,-2,-0.52,-13.64,-12.64,1.41,4.64,-0.76,-2.36,4.345,-0.6,-4.0,-1.7,0.475,0.055,-0.026,0.013,0.044,0
2024-04-15,Sunset,Evil Geniuses,Cloud9,77,0,196.4,,201.3,,69.44,,71.36,,-2.0,,-1.3,,0.285,,0.289,,43,1,192.76,201.0,185.76,201.0,72.32,77.0,68.4,77.0,-3.6,-4.0,-4.2,-4.0,0.301,0.5,0.279,0.5,34,-1,3.64,,15.54,,-2.88,,2.96,,1.6,,2.9,,-0.016,,0.011,,0
2024-04-15,Lotus,Global Esports,TALON,28,5,185.8,193.68,190.94,193.68,65.24,70.52,67.02,70.52,0.4,0.2,0.5,0.2,0.193,0.291,0.247,0.291,31,4,185.0,190.7,194.6,190.7,68.48,68.45,69.82,68.45,-0.6,-1.75,0.5,-1.75,0.369,0.398,0.349,0.398,-3,1,0.8,2.98,-3.66,2.98,-3.24,2.07,-2.8,2.07,1.0,1.95,0.0,1.95,-0.176,-0.108,-0.101,-0.108,0
2024-04-15,Split,Cloud9,Evil Geniuses,44,5,199.24,211.2,192.2,211.2,72.56,79.4,70.54,79.4,-3.0,2.2,-3.6,2.2,0.279,0.303,0.297,0.303,78,12,190.04,196.8,200.68,198.16,66.24,69.12,70.68,70.38,-2.0,2.8,-0.5,-0.1,0.291,0.254,0.299,0.258,-34,-7,9.2,14.4,-8.48,13.04,6.32,10.28,-0.14,9.02,-1.0,-0.6,-3.1,2.3,-0.012,0.049,-0.002,0.045,1
2024-04-15,Split,Gen.G,DetonatioN FocusMe,62,7,194.84,207.64,194.5,202.229,71.24,72.2,70.2,71.343,-1.6,2.8,-2.7,2.286,0.28,0.356,0.277,0.327,25,1,191.68,214.6,186.32,214.6,71.92,77.2,69.38,77.2,-3.6,-1.0,-0.9,-1.0,0.295,0.318,0.239,0.318,37,6,3.16,-6.96,8.18,-12.371,-0.68,-5.0,0.82,-5.857,2.0,3.8,-1.8,3.286,-0.015,0.038,0.038,0.009,1
2024-04-15,Lotus,DetonatioN FocusMe,Gen.G,26,6,186.84,189.08,182.06,194.767,72.48,68.64,68.92,69.833,-3.6,-3.0,-2.0,-2.167,0.302,0.246,0.254,0.247,63,11,193.76,196.4,194.5,189.36,73.56,73.92,72.02,70.64,-0.6,0.6,-2.1,-1.0,0.28,0.248,0.298,0.234,-37,-5,-6.92,-7.32,-12.44,5.407,-1.08,-5.28,-3.1,-0.807,-3.0,-3.6,0.1,-1.167,0.022,-0.002,-0.045,0.013,0
2024-04-15,Breeze,TALON,Global Esports,32,0,182.04,,192.8,,67.24,,69.6,,-1.0,,0.2,,0.338,,0.356,,29,0,184.84,,186.88,,67.24,,66.46,,0.6,,0.2,,0.232,,0.229,,3,0,-2.8,,5.92,,-0.0,,3.14,,-1.6,,-0.0,,0.106,,0.127,,1
2024-04-15,Icebox,Global Esports,TALON,30,3,185.36,211.067,188.66,211.067,68.96,69.667,67.42,69.667,1.6,1.667,0.8,1.667,0.246,0.285,0.232,0.285,33,3,181.48,212.533,192.22,212.533,66.4,74.733,69.42,74.733,-1.4,3.333,-0.3,3.333,0.329,0.385,0.348,0.385,-3,0,3.88,-1.467,-3.56,-1.467,2.56,-5.067,-2.0,-5.067,3.0,-1.667,1.1,-1.667,-0.084,-0.101,-0.116,-0.101,1
2024-04-16,Ascent,T1,Rex Regum Qeon,58,6,178.84,201.84,183.8,203.2,66.8,70.32,67.92,71.267,-0.6,0.4,-2.0,0.5,0.215,0.226,0.239,0.236,34,5,207.88,204.08,201.02,204.08,77.04,73.8,74.02,73.8,-0.2,-4.4,-2.4,-4.4,0.315,0.308,0.295,0.308,24,1,-29.04,-2.24,-17.22,-0.88,-10.24,-3.48,-6.1,-2.533,-0.4,4.8,0.4,4.9,-0.1,-0.082,-0.056,-0.072,1
2024-04-16,Lotus,Rex Regum Qeon,T1,35,4,195.24,203.3,197.94,203.3,73.76,77.25,73.66,77.25,-1.0,1.75,-2.4,1.75,0.287,0.238,0.292,0.238,59,10,175.96,198.4,185.7,207.32,67.68,69.36,70.24,73.34,-0.8,2.2,-0.9,3.9,0.264,0.314,0.268,0.3,-24,-6,19.28,4.9,12.24,-4.02,6.08,7.89,3.42,3.91,-0.2,-0.45,-1.5,-2.15,0.023,-0.075,0.024,-0.062,0
2024-04-16,Sunset,BLEED,ZETA DIVISION,5,0,173.04,,173.04,,67.92,,67.92,,-1.4,,-1.4,,0.195,,0.195,,44,2,208.4,219.2,195.42,219.2,73.48,81.8,69.38,81.8,-1.2,1.0,-3.1,1.0,0.25,0.3,0.258,0.3,-39,-2,-35.36,,-22.38,,-5.56,,-1.46,,-0.2,,1.7,,-0.055,,-0.063,,0
2024-04-16,Ascent,BLEED,ZETA DIVISION,6,0,179.36,,175.633,,68.68,,68.3,,-1.6,,-1.833,,0.21,,0.193,,45,10,208.84,192.04,196.74,197.14,74.08,69.68,70.0,73.56,-1.0,-1.6,-2.1,-0.6,0.255,0.237,0.272,0.248,-39,-10,-29.48,,-21.107,,-5.4,,-1.7,,-0.6,,0.267,,-0.045,,-0.079,,1
2024-04-16,Lotus,BLEED,ZETA DIVISION,7,2,187.28,173.9,182.343,173.9,70.32,68.9,69.714,68.9,0.0,-2.0,-0.429,-2.0,0.224,0.226,0.21,0.226,46,6,204.56,210.44,198.1,212.533,72.84,74.44,70.42,75.533,-1.6,0.0,-2.8,0.333,0.239,0.303,0.269,0.317,-39,-4,-17.28,-36.54,-15.757,-38.633,-2.52,-5.54,-0.706,-6.633,1.6,-2.0,2.371,-2.333,-0.016,-0.077,-0.058,-0.091,0
2024-04-17,Split,Karmine Corp,Natus Vincere,41,7,199.28,166.04,202.42,172.371,71.56,65.68,75.2,66.914,-1.8,-1.2,-0.5,0.0,0.308,0.186,0.307,0.166,54,9,201.68,192.12,195.22,190.644,75.36,72.12,72.22,69.044,0.8,2.0,-1.1,1.222,0.374,0.291,0.33,0.308,-13,-2,-2.4,-26.08,7.2,-18.273,-3.8,-6.44,2.98,-2.13,-2.6,-3.2,0.6,-1.222,-0.066,-0.104,-0.023,-0.142,0
2024-04-17,Bind,Karmine Corp,Natus Vincere,42,3,198.56,200.533,202.48,200.533,71.72,74.067,75.92,74.067,-2.0,2.333,-0.1,2.333,0.267,0.312,0.31,0.312,55,8,208.04,192.4,197.74,196.575,74.92,71.28,72.7,71.7,-0.2,-2.0,0.0,-0.75,0.385,0.296,0.338,0.292,-13,-5,-9.48,8.133,4.74,3.958,-3.2,2.787,3.22,2.367,-1.8,4.333,-0.1,3.083,-0.117,0.016,-0.028,0.02,1
2024-04-17,Lotus,Gentle Mates,FNATIC,4,0,191.5,,191.5,,69.1,,69.1,,-0.5,,-0.5,,0.265,,0.265,,57,14,192.96,204.36,195.36,211.24,72.04,75.08,71.4,76.48,-2.8,4.2,-1.4,1.5,0.326,0.326,0.289,0.352,-53,-14,-1.46,,-3.86,,-2.94,,-2.3,,2.3,,0.9,,-0.061,,-0.024,,0
2024-04-17,Breeze,Gentle Mates,FNATIC,5,0,182.0,,182.0,,65.16,,65.16,,-2.2,,-2.2,,0.224,,0.224,,58,1,202.64,162.8,198.72,162.8,75.48,56.6,72.12,56.6,0.4,-7.0,-1.3,-7.0,0.385,0.167,0.296,0.167,-53,-1,-20.64,,-16.72,,-10.32,,-6.96,,-2.6,,-0.9,,-0.161,,-0.072,,0
2024-04-17,Sunset,Natus Vincere,Karmine Corp,56,0,201.4,,196.26,,71.56,,71.6,,-0.8,,-0.1,,0.319,,0.323,,43,1,202.72,207.4,200.66,207.4,74.32,79.0,75.3,79.0,-1.0,-2.0,-0.8,-2.0,0.309,0.273,0.308,0.273,13,-1,-1.32,,-4.4,,-2.76,,-3.7,,0.2,,0.7,,0.009,,0.015,,1
2024-04-18,Split,BBL Esports,Team Heretics,28,3,193.96,171.6,191.02,171.6,68.32,66.867,69.96,66.867,-1.0,-3.0,-0.6,-3.0,0.338,0.229,0.284,0.229,35,3,204.84,191.933,203.44,191.933,73.84,68.133,73.78,68.133,1.8,-0.667,1.5,-0.667,0.308,0.357,0.326,0.357,-7,0,-10.88,-20.333,-12.42,-20.333,-5.52,-1.267,-3.82,-1.267,-2.8,-2.333,-2.1,-2.333,0.03,-0.128,-0.041,-0.128,1
2024-04-18,Sunset,Team Heretics,BBL Esports,36,3,193.2,215.067,197.24,215.067,70.16,78.933,71.5,78.933,0.0,2.333,0.5,2.333,0.256,0.356,0.302,0.356,29,1,202.68,190.4,195.28,190.4,71.32,69.2,70.06,69.2,1.8,0.0,-1.0,0.0,0.382,0.292,0.304,0.292,7,2,-9.48,24.667,1.96,24.667,-1.16,9.733,1.44,9.733,-1.8,2.333,1.5,2.333,-0.126,0.064,-0.003,0.064,0
2024-04-18,Icebox,FUT Esports,Team Vitality,53,3,206.48,183.267,190.54,183.267,75.12,67.667,68.28,67.667,2.8,1.667,-0.5,1.667,0.333,0.238,0.282,0.238,31,1,199.64,232.8,195.04,232.8,72.76,80.0,70.72,80.0,-3.4,-2.0,-1.9,-2.0,0.2,0.273,0.25,0.273,22,2,6.84,-49.533,-4.5,-49.533,2.36,-12.333,-2.44,-12.333,6.2,3.667,1.4,3.667,0.133,-0.035,0.032,-0.035,0
2024-04-18,Sunset,Team Vitality,FUT Esports,32,1,202.2,194.2,192.34,194.2,72.4,74.2,70.24,74.2,-2.2,0.0,-2.0,0.0,0.209,0.167,0.235,0.167,54,0,203.76,,189.0,,73.08,,67.96,,2.0,,-1.2,,0.31,,0.283,,-22,1,-1.56,,3.34,,-0.68,,2.28,,-4.2,,-0.8,,-0.101,,-0.048,,1
2024-04-18,Ascent,FUT Esports,Team Vitality,55,7,197.12,194.44,189.64,194.771,71.48,72.24,68.24,72.343,0.6,2.6,-1.5,1.714,0.297,0.29,0.284,0.31,33,4,211.28,196.65,195.62,196.65,76.8,70.8,72.1,70.8,-0.4,-1.25,-1.8,-1.25,0.252,0.307,0.225,0.307,22,3,-14.16,-2.21,-5.98,-1.879,-5.32,1.44,-3.86,1.543,1.0,3.85,0.3,2.964,0.045,-0.017,0.06,0.003,1
2024-04-19,Lotus,Team Liquid,GIANTX,55,11,193.36,199.28,191.14,198.9,70.28,72.4,70.9,71.08,0.0,1.8,0.2,1.0,0.204,0.303,0.255,0.267,5,0,176.04,,176.04,,70.0,,70.0,,2.2,,2.2,,0.229,,0.229,,50,11,17.32,,15.1,,0.28,,0.9,,-2.2,,-2.0,,-0.025,,0.026,,0
2024-04-19,Icebox,GIANTX,Team Liquid,6,0,175.8,,178.2,,71.08,,70.133,,2.2,,2.167,,0.241,,0.246,,56,2,196.6,208.6,189.98,208.6,69.8,71.6,70.28,71.6,0.0,2.5,-0.4,2.5,0.255,0.28,0.257,0.28,-50,-2,-20.8,,-11.78,,1.28,,-0.147,,2.2,,2.567,,-0.014,,-0.011,,0
2024-04-19,Ascent,Team Liquid,GIANTX,57,10,196.28,205.4,193.42,206.54,71.88,74.24,72.24,74.76,0.4,0.2,-0.4,1.6,0.296,0.343,0.279,0.302,7,0,179.0,,177.457,,71.4,,69.4,,3.2,,2.0,,0.246,,0.24,,50,10,17.28,,15.963,,0.48,,2.84,,-2.8,,-2.4,,0.051,,0.039,,1
2024-04-19,Bind,FNATIC,"Movistar KOI						
							(KOI)",59,8,207.04,203.36,198.06,206.4,76.08,76.48,72.1,76.5,0.2,1.0,-1.3,1.375,0.39,0.305,0.296,0.314,4,0,169.65,,169.65,,64.2,,64.2,,-2.25,,-2.25,,0.158,,0.158,,55,8,37.39,,28.41,,11.88,,7.9,,2.45,,0.95,,0.232,,0.138,,1
2024-04-19,Icebox,FNATIC,"Movistar KOI						
							(KOI)",60,4,202.44,220.4,199.86,220.4,73.92,80.65,72.96,80.65,1.4,1.25,-1.0,1.25,0.368,0.329,0.323,0.329,5,1,172.0,168.8,172.0,168.8,65.48,61.4,65.48,61.4,-2.6,0.0,-2.6,0.0,0.168,0.188,0.168,0.188,55,3,30.44,51.6,27.86,51.6,8.44,19.25,7.48,19.25,4.0,1.25,1.6,1.25,0.2,0.141,0.155,0.141,1
2024-04-20,Lotus,LOUD,Cloud9,73,6,190.28,187.44,203.7,192.6,66.48,69.04,72.62,69.9,-6.8,2.6,-0.9,2.167,0.227,0.271,0.299,0.254,45,9,206.68,194.68,199.72,204.133,73.8,72.88,73.06,76.289,-0.8,-5.4,-2.5,-1.0,0.238,0.277,0.291,0.335,28,-3,-16.4,-7.24,3.98,-11.533,-7.32,-3.84,-0.44,-6.389,-6.0,8.0,1.6,3.167,-0.01,-0.006,0.008,-0.082,0
2024-04-20,Icebox,LOUD,Cloud9,74,4,190.12,214.85,201.52,214.85,67.16,78.9,71.94,78.9,-4.6,5.25,-0.7,5.25,0.226,0.374,0.297,0.374,46,1,210.16,178.8,201.1,178.8,77.32,67.0,75.16,67.0,0.4,-4.0,-2.2,-4.0,0.298,0.15,0.315,0.15,28,3,-20.04,36.05,0.42,36.05,-10.16,11.9,-3.22,11.9,-5.0,9.25,1.5,9.25,-0.073,0.224,-0.018,0.224,0
2024-04-20,Bind,LOUD,Cloud9,75,5,187.0,213.84,196.48,213.84,65.16,71.52,69.46,71.52,-4.8,-2.8,-2.1,-2.8,0.203,0.304,0.268,0.304,47,2,212.16,151.5,204.28,151.5,79.12,55.0,76.36,55.0,2.2,-6.5,-0.5,-6.5,0.293,0.208,0.315,0.208,28,3,-25.16,62.34,-7.8,62.34,-13.96,16.52,-6.9,16.52,-7.0,3.7,-1.6,3.7,-0.09,0.096,-0.047,0.096,1
2024-04-20,Bind,Sentinels,MIBR,54,5,196.32,206.68,207.2,206.68,73.56,75.8,76.96,75.8,0.2,2.6,2.2,2.6,0.338,0.36,0.322,0.36,26,1,189.24,168.4,180.88,168.4,69.24,56.0,67.06,56.0,1.2,0.0,-1.5,0.0,0.242,0.25,0.231,0.25,28,4,7.08,38.28,26.32,38.28,4.32,19.8,9.9,19.8,-1.0,2.6,3.7,2.6,0.096,0.11,0.091,0.11,1
2024-04-20,Ascent,DetonatioN FocusMe,BLEED,27,5,184.28,182.24,182.0,182.24,70.36,69.6,68.0,69.6,-4.2,-2.6,-2.5,-2.6,0.284,0.265,0.253,0.265,8,1,184.88,222.6,182.35,222.6,69.6,78.2,70.425,78.2,-2.4,8.0,-1.5,8.0,0.198,0.318,0.208,0.318,19,4,-0.6,-40.36,-0.35,-40.36,0.76,-8.6,-2.425,-8.6,-1.8,-10.6,-1.0,-10.6,0.086,-0.054,0.045,-0.054,0
2024-04-20,Lotus,BLEED,DetonatioN FocusMe,9,3,193.08,176.733,186.356,176.733,73.4,71.067,71.978,71.067,-1.4,-4.333,-0.778,-4.333,0.247,0.214,0.231,0.214,28,7,169.76,182.28,180.36,191.514,67.0,64.24,68.22,68.143,-5.0,-3.6,-2.8,-2.714,0.238,0.238,0.24,0.233,-19,-4,23.32,-5.547,5.996,-14.781,6.4,6.827,3.758,2.924,3.6,-0.733,2.022,-1.619,0.009,-0.024,-0.009,-0.019,0
2024-04-20,Split,DetonatioN FocusMe,BLEED,29,2,168.76,184.7,178.42,184.7,68.24,71.5,67.88,71.5,-3.4,-2.5,-3.2,-2.5,0.267,0.302,0.251,0.302,10,0,199.88,,186.46,,76.04,,71.98,,0.0,,-0.7,,0.266,,0.23,,19,2,-31.12,,-8.04,,-7.8,,-4.1,,-3.4,,-2.5,,0.001,,0.021,,0
2024-04-20,Ascent,Gen.G,DRX,64,12,192.2,197.56,194.4,199.18,72.24,74.12,71.72,73.42,-0.2,0.2,-1.6,-0.9,0.305,0.357,0.286,0.325,66,9,212.88,199.76,204.04,206.333,82.32,72.2,75.88,73.711,2.2,-2.0,-0.6,-1.0,0.376,0.352,0.354,0.347,-2,3,-20.68,-2.2,-9.64,-7.153,-10.08,1.92,-4.16,-0.291,-2.4,2.2,-1.0,0.1,-0.071,0.005,-0.069,-0.022,1
2024-04-20,Bind,Gen.G,DRX,65,2,191.8,184.9,195.7,184.9,73.6,66.7,72.32,66.7,1.8,-4.5,-1.1,-4.5,0.3,0.221,0.292,0.221,67,10,211.28,207.0,200.9,194.6,80.68,76.6,75.64,72.24,1.6,2.4,-0.8,0.7,0.354,0.357,0.329,0.304,-2,-8,-19.48,-22.1,-5.2,-9.7,-7.08,-9.9,-3.32,-5.54,0.2,-6.9,-0.3,-5.2,-0.053,-0.137,-0.037,-0.083,0
2024-04-20,Split,Gen.G,DRX,66,8,191.44,202.92,194.88,200.3,72.72,73.96,72.64,72.55,1.2,3.4,-0.5,2.5,0.286,0.354,0.285,0.334,68,10,211.32,190.88,205.86,204.6,80.56,69.84,77.82,74.3,2.8,-1.0,0.3,-0.2,0.332,0.287,0.328,0.326,-2,-2,-19.88,12.04,-10.98,-4.3,-7.84,4.12,-5.18,-1.75,-1.6,4.4,-0.8,2.7,-0.046,0.067,-0.043,0.007,0
2024-04-20,Lotus,Sentinels,MIBR,55,8,198.76,209.52,203.26,199.975,74.6,76.08,76.24,73.0,-0.2,0.4,1.8,-1.5,0.357,0.332,0.324,0.298,27,6,177.48,184.84,181.26,189.167,64.64,69.88,66.4,70.067,-1.0,-1.8,-1.4,-1.5,0.229,0.258,0.227,0.271,28,2,21.28,24.68,22.0,10.808,9.96,6.2,9.84,2.933,0.8,2.2,3.2,0.0,0.127,0.074,0.097,0.028,1
2024-04-21,Lotus,Evil Geniuses,KRÜ Esports,79,11,183.72,218.28,197.22,200.96,63.76,78.24,68.56,72.1,-2.2,0.0,-1.9,-1.4,0.248,0.343,0.282,0.313,46,8,208.32,198.04,197.84,200.15,76.76,76.36,72.6,74.45,2.4,3.4,1.7,1.875,0.337,0.355,0.329,0.313,33,3,-24.6,20.24,-0.62,0.81,-13.0,1.88,-4.04,-2.35,-4.6,-3.4,-3.6,-3.275,-0.089,-0.012,-0.047,0.0,0
2024-04-21,Breeze,KRÜ Esports,Evil Geniuses,47,1,210.96,215.8,198.96,215.8,77.12,84.0,73.02,84.0,0.8,4.0,1.4,4.0,0.355,0.45,0.321,0.45,80,0,187.84,,194.68,,65.0,,68.06,,-1.8,,-1.7,,0.233,,0.278,,-33,1,23.12,,4.28,,12.12,,4.96,,2.6,,3.1,,0.122,,0.043,,1
2024-04-21,Sunset,LEVIATÁN,NRG,46,1,199.32,165.0,191.34,165.0,74.24,66.0,72.16,66.0,2.2,4.0,1.0,4.0,0.346,0.2,0.275,0.2,60,1,219.68,243.2,211.16,243.2,79.24,84.0,76.46,84.0,1.8,3.0,2.2,3.0,0.355,0.333,0.329,0.333,-14,0,-20.36,-78.2,-19.82,-78.2,-5.0,-18.0,-4.3,-18.0,0.4,1.0,-1.2,1.0,-0.009,-0.133,-0.054,-0.133,1
2024-04-21,Bind,NRG,LEVIATÁN,61,9,210.56,188.68,207.0,199.2,73.84,66.24,73.94,70.733,1.0,-2.4,1.5,-0.444,0.323,0.27,0.313,0.303,47,2,212.6,203.1,195.2,203.1,78.4,76.8,73.34,76.8,3.2,0.5,1.3,0.5,0.389,0.229,0.291,0.229,14,7,-2.04,-14.42,11.8,-3.9,-4.56,-10.56,0.6,-6.067,-2.2,-2.9,0.2,-0.944,-0.065,0.041,0.022,0.074,0
2024-04-21,Lotus,Rex Regum Qeon,Global Esports,36,5,197.8,202.36,196.5,202.36,72.76,75.12,72.74,75.12,-1.4,1.2,-2.1,1.2,0.322,0.257,0.298,0.257,31,6,188.68,191.88,191.3,187.333,71.24,71.0,69.1,70.167,-0.8,0.8,0.6,0.0,0.255,0.304,0.241,0.286,5,-1,9.12,10.48,5.2,15.027,1.52,4.12,3.64,4.953,-0.6,0.4,-2.7,1.2,0.067,-0.046,0.057,-0.029,0
2024-04-21,Icebox,Global Esports,Rex Regum Qeon,32,4,193.28,214.9,191.66,214.9,71.92,72.8,69.08,72.8,1.2,-0.5,1.2,-0.5,0.279,0.302,0.241,0.302,37,3,189.64,211.733,188.14,211.733,71.72,73.533,69.98,73.533,-2.0,-1.0,-3.5,-1.0,0.331,0.317,0.297,0.317,-5,1,3.64,3.167,3.52,3.167,0.2,-0.733,-0.9,-0.733,3.2,0.5,4.7,0.5,-0.052,-0.016,-0.056,-0.016,1
2024-04-21,Icebox,Team Secret,Paper Rex,47,4,206.6,204.7,197.86,204.7,71.96,71.5,71.4,71.5,1.8,1.75,2.4,1.75,0.295,0.274,0.264,0.274,83,2,213.08,197.2,201.98,197.2,79.36,71.1,72.08,71.1,4.0,2.0,1.6,2.0,0.312,0.271,0.266,0.271,-36,2,-6.48,7.5,-4.12,7.5,-7.4,0.4,-0.68,0.4,-2.2,-0.25,0.8,-0.25,-0.017,0.004,-0.002,0.004,1
2024-04-21,Sunset,Paper Rex,Team Secret,84,4,207.84,200.65,198.78,200.65,76.04,72.15,71.56,72.15,2.4,0.25,0.7,0.25,0.279,0.224,0.26,0.224,48,2,206.8,193.9,202.82,193.9,71.92,69.3,72.68,69.3,2.8,1.5,2.6,1.5,0.315,0.343,0.28,0.343,36,2,1.04,6.75,-4.04,6.75,4.12,2.85,-1.12,2.85,-0.4,-1.25,-1.9,-1.25,-0.036,-0.119,-0.02,-0.119,0
2024-04-22,Split,Gen.G,ZETA DIVISION,67,9,187.12,186.36,190.98,195.222,72.24,69.76,71.74,71.267,1.0,1.4,-0.3,1.778,0.294,0.326,0.287,0.324,47,4,196.84,208.2,202.22,208.2,71.16,74.15,72.3,74.15,-0.4,0.5,-0.7,0.5,0.233,0.316,0.27,0.316,20,5,-9.72,-21.84,-11.24,-12.978,1.08,-4.39,-0.56,-2.883,1.4,0.9,0.4,1.278,0.06,0.01,0.018,0.009,1
2024-04-22,Lotus,T1,TALON,60,11,182.28,203.92,187.16,206.2,69.08,73.16,70.72,73.44,-1.0,2.6,-0.3,3.6,0.28,0.301,0.271,0.299,34,5,180.12,190.08,189.66,190.08,64.48,69.32,67.82,69.32,0.6,-1.2,0.6,-1.2,0.283,0.403,0.33,0.403,26,6,2.16,13.84,-2.5,16.12,4.6,3.84,2.9,4.12,-1.6,3.8,-0.9,4.8,-0.003,-0.102,-0.059,-0.104,0
2024-04-22,Bind,TALON,T1,35,2,185.52,224.3,188.6,224.3,66.0,79.1,67.96,79.1,-0.8,-0.5,0.1,-0.5,0.32,0.41,0.346,0.41,61,10,190.68,188.08,186.88,201.48,73.0,69.68,70.6,74.3,2.2,-4.4,0.7,-1.5,0.308,0.273,0.261,0.316,-26,-8,-5.16,36.22,1.72,22.82,-7.0,9.42,-2.64,4.8,-3.0,3.9,-0.6,1.0,0.012,0.137,0.085,0.094,1
2024-04-22,Ascent,ZETA DIVISION,Gen.G,48,11,188.88,194.48,204.2,197.54,70.44,67.64,73.92,72.78,2.0,-2.4,0.6,-1.4,0.233,0.212,0.282,0.255,68,13,190.8,192.56,192.28,195.78,70.84,72.0,72.2,72.44,-0.8,-0.6,-0.7,-1.2,0.294,0.332,0.287,0.295,-20,-2,-1.92,1.92,11.92,1.76,-0.4,-4.36,1.72,0.34,2.8,-1.8,1.3,-0.2,-0.06,-0.12,-0.006,-0.04,0
2024-04-22,Lotus,G2 Esports,FURIA,4,1,207.05,216.6,207.05,216.6,75.55,74.2,75.55,74.2,2.0,5.0,2.0,5.0,0.234,0.238,0.234,0.238,38,1,176.32,191.4,183.48,191.4,64.04,69.0,66.5,69.0,-3.6,-12.0,-3.0,-12.0,0.155,0.2,0.185,0.2,-34,0,30.73,25.2,23.57,25.2,11.51,5.2,9.05,5.2,5.6,17.0,5.0,17.0,0.079,0.038,0.049,0.038,1
2024-04-22,Ascent,Cloud9,100 Thieves,48,8,214.28,207.52,203.52,205.625,81.36,77.52,76.84,74.95,3.4,3.2,-0.1,2.625,0.306,0.314,0.304,0.299,30,4,186.52,180.8,190.16,180.8,68.88,63.4,70.06,63.4,0.6,-2.75,-0.2,-2.75,0.318,0.24,0.308,0.24,18,4,27.76,26.72,13.36,24.825,12.48,14.12,6.78,11.55,2.8,5.95,0.1,5.375,-0.012,0.074,-0.005,0.06,0
2024-04-22,Bind,100 Thieves,Cloud9,31,3,199.08,189.867,194.54,189.867,72.72,70.6,71.38,70.6,1.6,-4.667,0.1,-4.667,0.351,0.253,0.32,0.253,49,3,200.52,165.867,199.88,165.867,76.88,62.533,74.72,62.533,3.4,-3.667,0.2,-3.667,0.29,0.222,0.284,0.222,-18,0,-1.44,24.0,-5.34,24.0,-4.16,8.067,-3.34,8.067,-1.8,-1.0,-0.1,-1.0,0.061,0.031,0.035,0.031,1
2024-04-22,Icebox,G2 Esports,FURIA,5,1,209.76,237.8,209.76,237.8,78.52,85.0,78.52,85.0,3.6,6.0,3.6,6.0,0.275,0.375,0.275,0.375,39,3,167.44,186.667,179.16,186.667,61.52,69.533,65.16,69.533,-3.2,-0.333,-3.1,-0.333,0.128,0.282,0.165,0.282,-34,-2,42.32,51.133,30.6,51.133,17.0,15.467,13.36,15.467,6.8,6.333,6.7,6.333,0.147,0.093,0.109,0.093,1
2024-04-23,Icebox,Global Esports,Paper Rex,33,5,197.32,212.76,191.56,212.76,72.96,72.36,69.1,72.36,0.4,-0.6,0.4,-0.6,0.308,0.312,0.25,0.312,85,3,202.68,192.667,199.7,192.667,75.16,70.133,72.98,70.133,-1.0,0.0,0.1,0.0,0.285,0.241,0.263,0.241,-52,2,-5.36,20.093,-8.14,20.093,-2.2,2.227,-3.88,2.227,1.4,-0.6,0.3,-0.6,0.022,0.071,-0.012,0.071,0
2024-04-23,Sunset,Team Secret,DetonatioN FocusMe,49,3,212.0,205.6,204.16,205.6,74.28,74.467,72.98,74.467,4.0,5.0,3.2,5.0,0.29,0.276,0.272,0.276,30,1,165.6,192.2,178.64,192.2,66.56,84.4,69.24,84.4,-2.6,-2.0,-3.1,-2.0,0.203,0.417,0.249,0.417,19,2,46.4,13.4,25.52,13.4,7.72,-9.933,3.74,-9.933,6.6,7.0,6.3,7.0,0.087,-0.14,0.022,-0.14,1
2024-04-23,Breeze,DetonatioN FocusMe,Team Secret,31,0,163.12,,174.98,,65.4,,68.94,,-2.8,,-3.2,,0.146,,0.224,,50,1,228.76,187.4,211.98,187.4,81.32,73.0,75.42,73.0,5.6,3.0,3.4,3.0,0.341,0.304,0.29,0.304,-19,-1,-65.64,,-37.0,,-15.92,,-6.48,,-8.4,,-6.6,,-0.195,,-0.065,,1
2024-04-23,Lotus,DetonatioN FocusMe,Team Secret,32,8,171.0,181.52,177.64,190.7,68.32,65.52,69.34,68.475,-0.8,-2.4,-2.5,-2.375,0.198,0.247,0.241,0.249,51,8,223.12,184.4,212.68,188.4,79.0,63.72,75.68,66.475,3.4,-1.2,2.9,-0.875,0.32,0.232,0.298,0.254,-19,0,-52.12,-2.88,-35.04,2.3,-10.68,1.8,-6.34,2.0,-4.2,-1.2,-5.4,-1.5,-0.122,0.015,-0.057,-0.005,0
2024-04-23,Breeze,NRG,MIBR,62,2,201.52,203.6,201.42,203.6,69.72,73.2,71.5,73.2,-1.0,3.0,-0.6,3.0,0.265,0.412,0.292,0.412,28,0,174.4,,180.14,,63.44,,65.18,,-1.8,,-1.3,,0.217,,0.235,,34,2,27.12,,21.28,,6.28,,6.32,,0.8,,0.7,,0.049,,0.057,,1
2024-04-23,Lotus,Sentinels,Evil Geniuses,56,9,203.56,214.28,205.78,205.489,76.84,78.76,76.78,74.778,0.0,0.8,2.0,-0.889,0.358,0.344,0.327,0.307,81,12,179.88,207.28,188.4,199.52,61.52,74.08,65.24,71.22,-0.4,-0.2,-1.5,-1.5,0.231,0.271,0.256,0.294,-25,-3,23.68,7.0,17.38,5.969,15.32,4.68,11.54,3.558,0.4,1.0,3.5,0.611,0.127,0.073,0.07,0.013,1
2024-04-23,Bind,Sentinels,Evil Geniuses,57,6,206.36,204.72,207.78,207.433,77.0,76.2,76.88,77.0,1.2,2.8,2.2,2.833,0.349,0.379,0.338,0.366,82,8,177.72,198.2,187.06,202.65,58.44,71.2,63.94,71.7,-1.4,3.0,-1.7,2.625,0.201,0.288,0.243,0.266,-25,-2,28.64,6.52,20.72,4.783,18.56,5.0,12.94,5.3,2.6,-0.2,3.9,0.208,0.148,0.091,0.095,0.101,0
2024-04-23,Sunset,Evil Geniuses,Sentinels,83,1,181.48,181.6,185.76,181.6,59.96,60.8,63.1,60.8,-2.8,3.0,-2.4,3.0,0.21,0.333,0.25,0.333,58,3,210.52,206.133,204.68,206.133,75.0,72.2,74.42,72.2,1.4,-1.333,2.3,-1.333,0.341,0.303,0.325,0.303,25,-2,-29.04,-24.533,-18.92,-24.533,-15.04,-11.4,-11.32,-11.4,-4.2,4.333,-4.7,4.333,-0.131,0.03,-0.075,0.03,1
2024-04-23,Split,NRG,MIBR,63,9,199.48,219.44,205.36,214.911,69.92,81.24,73.24,79.222,-0.4,0.0,0.9,2.444,0.286,0.383,0.312,0.365,29,4,160.4,172.4,178.62,172.4,56.76,63.95,64.1,63.95,-2.8,-7.0,-1.2,-7.0,0.194,0.247,0.234,0.247,34,5,39.08,47.04,26.74,42.511,13.16,17.29,9.14,15.272,2.4,7.0,2.1,9.444,0.092,0.136,0.078,0.117,1
2024-04-23,Sunset,Global Esports,Paper Rex,34,1,207.84,160.4,196.34,160.4,74.28,58.4,70.76,58.4,1.0,-2.0,0.8,-2.0,0.275,0.071,0.253,0.071,86,5,207.64,198.68,206.36,198.68,75.72,71.64,75.5,71.64,-3.0,-2.2,0.4,-2.2,0.317,0.246,0.292,0.246,-52,-4,0.2,-38.28,-10.02,-38.28,-1.44,-13.24,-4.74,-13.24,4.0,0.2,0.4,0.2,-0.042,-0.174,-0.039,-0.174,0
2024-04-24,Bind,Team Heretics,Team Liquid,37,1,191.64,188.8,197.04,188.8,70.12,71.8,71.38,71.8,-0.6,-2.0,-0.2,-2.0,0.222,0.333,0.286,0.333,58,6,198.48,194.36,195.64,194.7,73.96,69.68,72.3,70.333,0.0,-1.8,-0.1,-1.833,0.313,0.336,0.28,0.322,-21,-5,-6.84,-5.56,1.4,-5.9,-3.84,2.12,-0.92,1.467,-0.6,-0.2,-0.1,-0.167,-0.091,-0.003,0.006,0.012,1
2024-04-24,Icebox,Team Vitality,Gentle Mates,34,2,200.36,222.1,195.84,222.1,73.6,75.9,71.78,75.9,-0.4,0.0,-1.6,0.0,0.247,0.273,0.227,0.273,6,1,171.2,178.4,177.633,178.4,60.28,58.8,63.4,58.8,-2.8,3.0,-2.667,3.0,0.196,0.158,0.23,0.158,28,1,29.16,43.7,18.207,43.7,13.32,17.1,8.38,17.1,2.4,-3.0,1.067,-3.0,0.051,0.115,-0.003,0.115,0
2024-04-24,Sunset,Team Heretics,Team Liquid,38,4,195.28,208.0,197.58,208.0,73.44,76.85,72.18,76.85,0.2,-0.5,0.5,-0.5,0.256,0.311,0.295,0.311,59,0,191.96,,193.06,,70.96,,71.08,,-2.6,,-0.7,,0.293,,0.269,,-21,4,3.32,,4.52,,2.48,,1.1,,2.8,,1.2,,-0.037,,0.027,,1
2024-04-24,Sunset,Team Vitality,Gentle Mates,35,2,192.2,201.6,192.3,201.6,70.92,79.3,70.0,79.3,0.0,2.0,-1.8,2.0,0.226,0.22,0.212,0.22,7,1,170.76,210.4,182.0,210.4,59.4,77.6,64.8,77.6,-2.0,0.0,-1.714,0.0,0.227,0.292,0.261,0.292,28,1,21.44,-8.8,10.3,-8.8,11.52,1.7,5.2,1.7,2.0,2.0,-0.086,2.0,-0.001,-0.072,-0.049,-0.072,0
2024-04-24,Breeze,G2 Esports,LEVIATÁN,6,0,208.76,,213.6,,78.84,,79.867,,3.6,,4.0,,0.275,,0.291,,48,0,212.12,,203.2,,77.96,,75.2,,3.4,,2.6,,0.371,,0.316,,-42,0,-3.36,,10.4,,0.88,,4.667,,0.2,,1.4,,-0.096,,-0.025,,0
2024-04-24,Ascent,KRÜ Esports,LOUD,48,10,210.96,202.68,201.16,198.68,76.92,73.6,72.72,71.12,1.2,1.6,1.2,-0.2,0.36,0.28,0.338,0.271,76,17,187.52,197.2,193.96,197.5,65.84,73.32,68.18,72.02,-4.2,3.2,-3.1,1.9,0.222,0.249,0.245,0.255,-28,-7,23.44,5.48,7.2,1.18,11.08,0.28,4.54,-0.9,5.4,-1.6,4.3,-2.1,0.139,0.03,0.093,0.016,1
2024-04-24,Split,LOUD,KRÜ Esports,77,13,182.8,211.88,190.88,201.22,63.0,76.56,66.7,73.0,-2.6,0.4,-3.2,-2.2,0.208,0.354,0.25,0.278,49,9,209.92,193.76,204.52,191.689,74.96,76.92,74.04,73.4,-0.2,2.4,1.0,0.444,0.337,0.267,0.343,0.239,28,4,-27.12,18.12,-13.64,9.531,-11.96,-0.36,-7.34,-0.4,-2.4,-2.0,-4.2,-2.644,-0.129,0.087,-0.093,0.039,0
2024-04-24,Lotus,LEVIATÁN,G2 Esports,49,8,216.2,199.56,205.86,200.45,78.76,76.72,76.06,77.525,4.0,4.4,2.6,3.875,0.348,0.261,0.313,0.268,7,2,199.08,218.6,207.114,218.6,74.52,82.3,75.971,82.3,2.0,7.5,3.0,7.5,0.269,0.338,0.28,0.338,42,6,17.12,-19.04,-1.254,-18.15,4.24,-5.58,0.089,-4.775,2.0,-3.1,-0.4,-3.625,0.079,-0.077,0.033,-0.07,1
2024-04-24,Icebox,LEVIATÁN,G2 Esports,50,5,220.84,203.88,207.16,203.88,81.08,74.68,75.88,74.68,6.2,0.6,2.9,0.6,0.355,0.358,0.328,0.358,8,2,192.48,235.3,202.575,235.3,72.2,85.8,74.45,85.8,0.0,6.0,1.625,6.0,0.269,0.375,0.273,0.375,42,3,28.36,-31.42,4.585,-31.42,8.88,-11.12,1.43,-11.12,6.2,-5.4,1.275,-5.4,0.086,-0.017,0.055,-0.017,0
2024-04-25,Split,BBL Esports,Natus Vincere,30,4,209.52,183.6,197.4,183.6,74.92,68.9,70.06,68.9,3.2,-1.75,-0.4,-1.75,0.393,0.272,0.32,0.272,57,10,199.52,200.96,199.3,193.28,71.44,73.36,72.02,69.38,0.8,2.0,0.1,1.0,0.331,0.343,0.339,0.314,-27,-6,10.0,-17.36,-1.9,-9.68,3.48,-4.46,-1.96,-0.48,2.4,-3.75,-0.5,-2.75,0.062,-0.071,-0.019,-0.043,1
2024-04-25,Sunset,Natus Vincere,BBL Esports,58,1,204.0,216.8,202.18,216.8,72.28,77.0,73.98,77.0,3.0,8.0,1.5,8.0,0.315,0.45,0.336,0.45,31,2,213.32,204.7,200.32,204.7,75.44,75.1,70.46,75.1,2.4,4.5,-0.6,4.5,0.416,0.298,0.35,0.298,27,-1,-9.32,12.1,1.86,12.1,-3.16,1.9,3.52,1.9,0.6,3.5,2.1,3.5,-0.101,0.152,-0.013,0.152,0
2024-04-25,Split,FNATIC,FUT Esports,61,10,214.2,204.72,201.22,211.72,78.76,74.96,73.7,75.92,3.4,1.2,0.3,1.4,0.429,0.327,0.347,0.342,56,8,201.84,177.32,192.3,175.45,72.56,67.56,69.34,64.075,1.4,-0.8,-0.8,-2.25,0.325,0.251,0.314,0.208,5,2,12.36,27.4,8.92,36.27,6.2,7.4,4.36,11.845,2.0,2.0,1.1,3.65,0.103,0.077,0.034,0.134,0
2024-04-25,Lotus,FNATIC,FUT Esports,62,15,210.92,201.52,201.94,212.34,76.36,73.44,74.2,76.84,3.8,4.0,0.5,2.6,0.379,0.357,0.352,0.358,57,12,200.72,215.12,197.82,202.16,72.32,74.6,71.6,71.3,0.4,4.2,0.2,1.1,0.338,0.32,0.332,0.296,5,3,10.2,-13.6,4.12,10.18,4.04,-1.16,2.6,5.54,3.4,-0.2,0.3,1.5,0.04,0.038,0.021,0.062,0
2024-04-25,Ascent,Natus Vincere,BBL Esports,59,9,200.2,197.72,200.94,202.956,71.24,68.08,73.3,72.356,3.2,-0.2,2.0,-0.556,0.288,0.27,0.331,0.289,32,6,214.84,207.08,201.94,207.667,75.12,74.24,70.76,74.5,0.8,2.2,-0.1,1.667,0.377,0.335,0.356,0.341,27,3,-14.64,-9.36,-1.0,-4.711,-3.88,-6.16,2.54,-2.144,2.4,-2.4,2.1,-2.222,-0.089,-0.065,-0.025,-0.052,1
2024-04-26,Sunset,Team Vitality,GIANTX,36,3,191.48,197.933,195.56,197.933,70.76,77.333,71.76,77.333,-0.4,0.667,-1.9,0.667,0.215,0.184,0.207,0.184,8,1,183.68,190.2,179.0,190.2,72.12,65.4,69.375,65.4,3.2,2.0,2.0,2.0,0.29,0.273,0.251,0.273,28,2,7.8,7.733,16.56,7.733,-1.36,11.933,2.385,11.933,-3.6,-1.333,-3.9,-1.333,-0.075,-0.089,-0.044,-0.089,1
2024-04-26,Icebox,Karmine Corp,"Movistar KOI						
							(KOI)",44,4,209.2,208.75,201.22,208.75,74.32,72.8,74.08,72.8,-1.8,0.0,-1.6,0.0,0.319,0.292,0.309,0.292,6,2,168.76,165.1,170.233,165.1,64.44,63.1,65.367,63.1,-3.2,-1.5,-2.667,-1.5,0.146,0.153,0.16,0.153,38,2,40.44,43.65,30.987,43.65,9.88,9.7,8.713,9.7,1.4,1.5,1.067,1.5,0.173,0.139,0.149,0.139,0
2024-04-26,Bind,Karmine Corp,"Movistar KOI						
							(KOI)",45,4,203.08,198.5,200.18,198.5,71.92,74.05,72.88,74.05,-4.4,1.25,-2.4,1.25,0.296,0.347,0.306,0.347,7,1,177.76,181.4,177.371,181.4,67.04,70.6,67.743,70.6,-0.4,-4.0,-0.857,-4.0,0.176,0.208,0.173,0.208,38,3,25.32,17.1,22.809,17.1,4.88,3.45,5.137,3.45,-4.0,5.25,-1.543,5.25,0.12,0.138,0.134,0.138,1
2024-04-26,Breeze,Team Vitality,GIANTX,37,1,194.96,209.0,198.58,209.0,71.76,73.6,72.08,73.6,-0.2,-6.0,-1.2,-6.0,0.234,0.273,0.221,0.273,9,2,176.0,189.2,179.444,189.2,68.0,74.0,68.778,74.0,1.2,1.5,1.444,1.5,0.255,0.255,0.241,0.255,28,-1,18.96,19.8,19.136,19.8,3.76,-0.4,3.302,-0.4,-1.4,-7.5,-2.644,-7.5,-0.021,0.018,-0.02,0.018,1
2024-04-26,Lotus,Team Vitality,GIANTX,38,7,197.16,190.48,204.22,190.914,70.88,66.44,73.84,66.514,1.0,-1.6,0.3,-2.571,0.259,0.231,0.255,0.227,10,1,179.96,189.0,178.0,189.0,63.2,70.8,66.6,70.8,-1.6,2.0,0.3,2.0,0.235,0.333,0.232,0.333,28,6,17.2,1.48,26.22,1.914,7.68,-4.36,7.24,-4.286,2.6,-3.6,0.0,-4.571,0.024,-0.103,0.024,-0.106,0
2024-04-26,Sunset,"Movistar KOI						
							(KOI)",Karmine Corp,8,0,184.96,,179.325,,70.2,,68.3,,-0.2,,-1.25,,0.188,,0.173,,46,2,200.72,206.1,200.0,206.1,72.68,72.0,72.12,72.0,-3.0,-5.0,-2.4,-5.0,0.315,0.236,0.312,0.236,-38,-2,-15.76,,-20.675,,-2.48,,-3.82,,2.8,,1.15,,-0.127,,-0.138,,0
2024-04-27,Bind,BLEED,Paper Rex,11,1,201.96,183.0,190.66,183.0,77.8,70.0,73.24,70.0,0.4,0.0,-0.6,0.0,0.33,0.25,0.27,0.25,87,12,207.6,198.72,204.42,201.98,75.48,73.0,75.04,74.14,-2.8,1.0,-0.5,0.5,0.384,0.271,0.318,0.311,-76,-11,-5.64,-15.72,-13.76,-18.98,2.32,-3.0,-1.8,-4.14,3.2,-1.0,-0.1,-0.5,-0.055,-0.021,-0.048,-0.061,0
2024-04-27,Split,DetonatioN FocusMe,Global Esports,33,3,180.96,181.933,175.36,181.933,69.76,73.0,68.38,73.0,0.0,-1.0,-2.5,-1.0,0.198,0.235,0.218,0.235,35,4,202.68,206.85,194.02,206.85,71.48,71.2,70.22,71.2,0.4,2.5,1.0,2.5,0.237,0.301,0.241,0.301,-2,-1,-21.72,-24.917,-18.66,-24.917,-1.72,1.8,-1.84,1.8,-0.4,-3.5,-3.5,-3.5,-0.039,-0.067,-0.023,-0.067,1
2024-04-27,Lotus,DetonatioN FocusMe,Global Esports,34,9,183.08,188.2,175.92,190.578,69.0,67.4,68.62,68.578,-0.6,-2.2,-2.0,-2.222,0.204,0.221,0.235,0.235,36,7,198.12,187.48,193.4,189.371,70.72,69.24,70.98,70.571,2.4,1.6,0.8,1.286,0.21,0.289,0.233,0.283,-2,2,-15.04,0.72,-17.48,1.206,-1.72,-1.84,-2.36,-1.994,-3.0,-3.8,-2.8,-3.508,-0.006,-0.068,0.003,-0.048,0
2024-04-27,Ascent,Global Esports,DetonatioN FocusMe,37,4,200.76,192.8,197.02,192.8,71.68,68.75,71.8,68.75,1.4,0.25,1.3,0.25,0.246,0.237,0.263,0.237,35,6,182.28,176.32,173.94,175.167,65.64,67.32,66.1,68.367,-1.8,-3.2,-2.2,-3.0,0.195,0.243,0.199,0.24,2,-2,18.48,16.48,23.08,17.633,6.04,1.43,5.7,0.383,3.2,3.45,3.5,3.25,0.052,-0.005,0.064,-0.003,1
2024-04-27,Icebox,G2 Esports,MIBR,9,3,199.8,225.733,203.022,225.733,74.24,83.133,74.822,83.133,0.8,3.667,1.333,3.667,0.345,0.409,0.296,0.409,30,3,160.12,174.667,176.46,174.667,56.92,65.333,63.44,65.333,-1.4,2.0,-0.6,2.0,0.202,0.271,0.217,0.271,-21,0,39.68,51.067,26.562,51.067,17.32,17.8,11.382,17.8,2.2,1.667,1.933,1.667,0.143,0.138,0.078,0.138,1
2024-04-27,Bind,G2 Esports,MIBR,10,1,201.0,203.8,205.38,203.8,70.92,75.4,74.72,75.4,-2.0,2.0,0.8,2.0,0.321,0.227,0.298,0.227,31,2,167.08,165.3,178.16,165.3,58.72,56.0,63.98,56.0,-0.8,-2.0,0.2,-2.0,0.166,0.225,0.204,0.225,-21,-1,33.92,38.5,27.22,38.5,12.2,19.4,10.74,19.4,-1.2,4.0,0.6,4.0,0.155,0.002,0.094,0.002,1
2024-04-27,Ascent,Paper Rex,BLEED,88,11,207.84,194.0,210.46,200.88,75.92,68.68,77.64,72.58,-2.8,2.8,0.6,2.5,0.374,0.294,0.343,0.305,12,2,192.56,220.5,189.92,220.5,75.44,81.3,72.88,81.3,-1.8,6.5,-0.9,6.5,0.319,0.365,0.271,0.365,76,9,15.28,-26.5,20.54,-19.62,0.48,-12.62,4.76,-8.72,-1.0,-3.7,1.5,-4.0,0.055,-0.071,0.072,-0.059,1
2024-04-27,Icebox,Sentinels,LOUD,59,5,215.56,190.48,205.94,190.48,75.88,70.4,74.72,70.4,2.4,-3.2,1.3,-3.2,0.309,0.295,0.324,0.295,78,5,183.6,206.52,186.94,206.52,65.28,74.64,65.88,74.64,-2.6,2.4,-4.7,2.4,0.214,0.334,0.221,0.334,-19,0,31.96,-16.04,19.0,-16.04,10.6,-4.24,8.84,-4.24,5.0,-5.6,6.0,-5.6,0.095,-0.039,0.103,-0.039,0
2024-04-27,Lotus,LOUD,Sentinels,79,7,185.48,190.16,187.8,191.429,65.16,70.24,66.16,69.657,-2.4,1.6,-3.5,1.571,0.273,0.264,0.249,0.25,60,10,208.76,217.28,203.76,206.38,72.8,77.72,73.7,74.62,1.8,1.4,0.8,-0.7,0.277,0.346,0.317,0.307,19,-3,-23.28,-27.12,-15.96,-14.951,-7.64,-7.48,-7.54,-4.963,-4.2,0.2,-4.3,2.271,-0.003,-0.083,-0.067,-0.057,1
2024-04-28,Lotus,T1,ZETA DIVISION,62,12,197.6,198.72,186.18,203.7,75.08,73.16,70.92,73.2,1.4,3.0,0.3,3.6,0.337,0.284,0.266,0.296,49,7,189.2,213.12,198.8,210.486,69.44,77.36,71.46,76.029,1.6,2.4,0.2,1.571,0.283,0.308,0.266,0.313,13,5,8.4,-14.4,-12.62,-6.786,5.64,-4.2,-0.54,-2.829,-0.2,0.6,0.1,2.029,0.054,-0.023,-0.0,-0.016,1
2024-04-28,Sunset,TALON,Team Secret,36,0,192.28,,188.64,,68.4,,68.44,,1.8,,0.6,,0.326,,0.347,,52,4,225.72,218.4,216.16,218.4,81.24,78.85,76.6,78.85,3.6,5.0,2.7,5.0,0.322,0.324,0.309,0.324,-16,-4,-33.44,,-27.52,,-12.84,,-8.16,,-1.8,,-2.1,,0.003,,0.039,,0
2024-04-28,Sunset,T1,ZETA DIVISION,63,1,200.52,179.2,189.68,179.2,76.68,71.0,71.74,71.0,3.4,2.0,1.4,2.0,0.346,0.208,0.28,0.208,50,3,187.04,214.867,197.94,214.867,68.36,79.667,71.22,79.667,-1.6,2.0,-1.3,2.0,0.246,0.336,0.251,0.336,13,-2,13.48,-35.667,-8.26,-35.667,8.32,-8.667,0.52,-8.667,5.0,0.0,2.7,0.0,0.1,-0.128,0.03,-0.128,1
2024-04-28,Bind,T1,ZETA DIVISION,64,11,199.32,187.2,187.64,197.9,75.64,70.96,71.66,72.78,3.4,-5.0,1.3,-2.7,0.293,0.294,0.279,0.318,51,2,188.36,184.5,196.46,184.5,70.28,61.3,71.56,61.3,-1.4,-1.0,-1.5,-1.0,0.288,0.236,0.264,0.236,13,9,10.96,2.7,-8.82,13.4,5.36,9.66,0.1,11.48,4.8,-4.0,2.8,-1.7,0.005,0.058,0.015,0.082,0
2024-04-28,Lotus,TALON,Team Secret,37,6,191.68,184.64,186.86,190.333,67.36,68.24,67.3,69.033,1.2,-3.2,0.1,-2.0,0.3,0.388,0.319,0.398,53,9,220.12,192.76,213.46,192.156,80.8,68.32,76.36,68.222,3.2,-0.6,3.0,-0.667,0.316,0.269,0.316,0.271,-16,-3,-28.44,-8.12,-26.6,-1.822,-13.44,-0.08,-9.06,0.811,-2.0,-2.6,-2.9,-1.333,-0.017,0.119,0.003,0.127,1
2024-04-28,Sunset,Evil Geniuses,NRG,84,2,188.2,193.4,185.96,193.4,62.64,66.0,63.2,66.0,-1.2,2.0,-1.7,2.0,0.256,0.341,0.252,0.341,64,2,199.28,200.5,203.18,200.5,69.68,67.3,72.2,67.3,-1.8,-3.0,-0.5,-3.0,0.264,0.196,0.292,0.196,20,0,-11.08,-7.1,-17.22,-7.1,-7.04,-1.3,-9.0,-1.3,0.6,5.0,-1.2,5.0,-0.008,0.145,-0.04,0.145,1
2024-04-28,Breeze,Team Secret,TALON,54,2,210.68,191.9,211.34,191.9,77.52,70.2,75.9,70.2,-0.4,-0.5,1.8,-0.5,0.321,0.266,0.306,0.266,38,1,192.08,212.4,186.78,212.4,69.04,70.8,67.72,70.8,2.8,-2.0,0.7,-2.0,0.313,0.308,0.321,0.308,16,1,18.6,-20.5,24.56,-20.5,8.48,-0.6,8.18,-0.6,-3.2,1.5,1.1,1.5,0.008,-0.042,-0.016,-0.042,0
2024-04-28,Ascent,Evil Geniuses,NRG,85,14,196.04,210.6,191.94,209.08,66.16,73.92,65.58,74.1,0.8,1.2,-0.5,1.0,0.325,0.378,0.279,0.339,65,8,186.4,194.0,203.04,193.675,65.56,72.08,72.4,72.625,-4.0,1.8,-1.1,2.0,0.2,0.299,0.278,0.261,20,6,9.64,16.6,-11.1,15.405,0.6,1.84,-6.82,1.475,4.8,-0.6,0.6,-1.0,0.125,0.078,0.001,0.078,1
2024-04-28,Bind,Cloud9,FURIA,50,4,187.44,167.6,197.06,167.6,73.04,62.9,73.42,62.9,1.6,-3.25,0.4,-3.25,0.281,0.229,0.259,0.229,40,5,156.64,200.68,175.36,200.68,57.08,72.32,62.96,72.32,-5.2,1.8,-3.7,1.8,0.074,0.274,0.149,0.274,10,-1,30.8,-33.08,21.7,-33.08,15.96,-9.42,10.46,-9.42,6.8,-5.05,4.1,-5.05,0.208,-0.045,0.11,-0.045,1
2024-04-28,Lotus,FURIA,Cloud9,41,2,164.8,169.2,174.56,169.2,59.56,62.7,62.5,62.7,-5.8,-11.0,-4.4,-11.0,0.092,0.131,0.133,0.131,51,10,193.76,191.96,201.96,203.34,72.52,75.48,74.92,77.12,2.6,-3.8,1.5,-0.7,0.248,0.304,0.273,0.347,-10,-8,-28.96,-22.76,-27.4,-34.14,-12.96,-12.78,-12.42,-14.42,-8.4,-7.2,-5.9,-10.3,-0.156,-0.172,-0.14,-0.216,0
2024-04-28,Ascent,FURIA,Cloud9,42,7,159.92,181.32,173.76,192.829,59.04,68.32,62.88,71.686,-6.4,-0.8,-4.3,-1.0,0.076,0.239,0.128,0.26,52,9,199.44,199.04,205.8,200.444,74.08,73.08,76.6,72.933,1.6,1.6,1.9,2.0,0.251,0.269,0.272,0.284,-10,-2,-39.52,-17.72,-32.04,-7.616,-15.04,-4.76,-13.72,-1.248,-8.0,-2.4,-6.2,-3.0,-0.176,-0.03,-0.144,-0.023,1
2024-04-28,Lotus,NRG,Evil Geniuses,66,8,187.0,205.84,198.78,199.95,67.2,74.96,70.52,74.775,-3.6,3.2,-1.3,2.5,0.199,0.298,0.261,0.297,86,13,208.52,200.76,194.2,197.9,71.6,68.6,66.56,69.94,1.8,-1.0,0.7,-1.4,0.385,0.256,0.308,0.281,-20,-5,-21.52,5.08,4.58,2.05,-4.4,6.36,3.96,4.835,-5.4,4.2,-2.0,3.9,-0.186,0.043,-0.047,0.016,1
2024-04-29,Sunset,KRÜ Esports,100 Thieves,50,1,206.84,209.6,205.2,209.6,76.08,69.6,75.02,69.6,0.2,1.0,0.8,1.0,0.346,0.381,0.346,0.381,32,0,209.08,,197.12,,76.24,,72.16,,2.6,,-0.1,,0.379,,0.315,,18,1,-2.24,,8.08,,-0.16,,2.86,,-2.4,,0.9,,-0.033,,0.031,,1
2024-04-29,Split,Gen.G,Rex Regum Qeon,69,10,189.88,185.8,191.04,196.22,68.76,69.32,70.5,71.54,-1.6,-1.0,-0.9,1.1,0.285,0.326,0.295,0.33,38,6,183.16,181.28,189.86,184.433,67.96,67.64,69.72,69.367,-1.8,-1.8,-2.8,-0.5,0.289,0.227,0.295,0.256,31,4,6.72,4.52,1.18,11.787,0.8,1.68,0.78,2.173,0.2,0.8,1.9,1.6,-0.004,0.099,0.0,0.074,0
2024-04-29,Breeze,Rex Regum Qeon,Gen.G,39,1,181.52,212.6,194.7,212.6,65.84,77.4,71.44,77.4,-1.4,-3.0,-0.8,-3.0,0.275,0.348,0.295,0.348,70,4,188.36,203.9,190.08,203.9,66.8,72.8,70.2,72.8,-3.8,-1.25,-1.0,-1.25,0.292,0.354,0.296,0.354,-31,-3,-6.84,8.7,4.62,8.7,-0.96,4.6,1.24,4.6,2.4,-1.75,0.2,-1.75,-0.018,-0.006,-0.002,-0.006,0
2024-04-29,Breeze,DRX,BLEED,69,1,204.52,195.8,209.68,195.8,79.08,76.2,79.74,76.2,1.6,-2.0,1.2,-2.0,0.345,0.273,0.362,0.273,13,0,191.96,,188.42,,73.2,,71.4,,-1.6,,-2.0,,0.314,,0.256,,56,1,12.56,,21.26,,5.88,,8.34,,3.2,,3.2,,0.031,,0.106,,1
2024-04-29,Bind,BLEED,DRX,14,2,178.16,179.3,185.62,179.3,68.36,68.2,70.88,68.2,-2.0,-1.5,-1.7,-1.5,0.243,0.257,0.245,0.257,70,11,203.4,213.76,210.5,196.88,77.32,78.84,79.8,73.22,0.0,4.2,1.2,0.7,0.343,0.364,0.37,0.304,-56,-9,-25.24,-34.46,-24.88,-17.58,-8.96,-10.64,-8.92,-5.02,-2.0,-5.7,-2.9,-2.2,-0.1,-0.107,-0.125,-0.047,0
2024-04-29,Breeze,KRÜ Esports,100 Thieves,51,2,209.84,208.0,209.08,208.0,74.04,76.5,75.4,76.5,1.2,1.0,1.8,1.0,0.364,0.384,0.35,0.384,33,0,209.12,,197.18,,75.64,,71.92,,0.8,,0.2,,0.36,,0.314,,18,2,0.72,,11.9,,-1.6,,3.48,,0.4,,1.6,,0.004,,0.037,,0
2024-04-29,Ascent,Rex Regum Qeon,Gen.G,40,6,183.4,194.48,189.32,194.967,65.2,69.96,69.48,71.667,-1.6,-5.4,-1.3,-4.833,0.245,0.289,0.266,0.292,71,14,193.12,202.68,192.28,196.52,68.56,72.56,70.64,72.0,-1.6,1.6,-0.2,-0.2,0.34,0.367,0.313,0.297,-31,-8,-9.72,-8.2,-2.96,-1.553,-3.36,-2.6,-1.16,-0.333,-0.0,-7.0,-1.1,-4.633,-0.095,-0.078,-0.047,-0.005,1
2024-04-29,Split,100 Thieves,KRÜ Esports,34,6,214.32,192.8,198.64,194.0,76.68,69.72,71.56,70.033,0.8,1.2,0.0,2.333,0.328,0.319,0.3,0.304,52,10,202.36,194.48,206.66,191.94,72.16,77.6,74.64,73.58,0.8,4.2,0.8,0.7,0.336,0.325,0.345,0.258,-18,-4,11.96,-1.68,-8.02,2.06,4.52,-7.88,-3.08,-3.547,-0.0,-3.0,-0.8,1.633,-0.008,-0.006,-0.045,0.046,0
2024-05-01,Sunset,GIANTX,BBL Esports,11,2,183.44,186.6,179.62,186.6,64.12,64.7,67.6,64.7,-0.8,-0.5,0.7,-0.5,0.262,0.215,0.251,0.215,33,3,208.0,206.867,200.98,206.867,74.48,73.867,71.4,73.867,1.8,2.0,0.4,2.0,0.327,0.31,0.333,0.31,-22,-1,-24.56,-20.267,-21.36,-20.267,-10.36,-9.167,-3.8,-9.167,-2.6,-2.5,0.3,-2.5,-0.066,-0.094,-0.082,-0.094,1
2024-05-01,Bind,BBL Esports,GIANTX,34,3,203.44,192.867,203.06,192.867,74.32,74.467,72.82,74.467,1.8,1.333,1.8,1.333,0.297,0.342,0.34,0.342,12,1,191.76,166.4,185.38,166.4,66.44,65.6,68.92,65.6,-1.4,2.0,0.9,2.0,0.28,0.111,0.263,0.111,22,2,11.68,26.467,17.68,26.467,7.88,8.867,3.9,8.867,3.2,-0.667,0.9,-0.667,0.018,0.23,0.077,0.23,0
2024-05-01,Icebox,Karmine Corp,Team Heretics,47,5,199.24,206.4,198.9,206.4,73.72,71.64,72.72,71.64,-3.6,-2.0,-2.8,-2.0,0.383,0.283,0.325,0.283,39,5,198.64,187.12,197.8,187.12,76.4,67.6,73.62,67.6,-0.4,-0.8,0.5,-0.8,0.3,0.22,0.296,0.22,8,0,0.6,19.28,1.1,19.28,-2.68,4.04,-0.9,4.04,-3.2,-1.2,-3.3,-1.2,0.083,0.063,0.029,0.063,0
2024-05-01,Lotus,Karmine Corp,Team Heretics,48,10,201.04,186.96,201.88,187.56,73.24,69.16,73.78,70.92,-2.8,-1.2,-1.9,1.4,0.339,0.282,0.324,0.289,40,9,197.6,197.36,201.22,199.422,76.04,71.28,74.94,71.622,-0.8,-1.0,0.5,-3.333,0.309,0.331,0.309,0.345,8,1,3.44,-10.4,0.66,-11.862,-2.8,-2.12,-1.16,-0.702,-2.0,-0.2,-2.4,4.733,0.03,-0.05,0.016,-0.056,1
2024-05-01,Bind,Team Heretics,Karmine Corp,41,2,190.4,199.2,191.8,199.2,73.72,76.9,71.94,76.9,-2.4,2.0,-1.2,2.0,0.313,0.367,0.284,0.367,49,5,202.4,201.92,205.8,201.92,78.44,75.56,76.38,75.56,0.8,1.8,-0.5,1.8,0.377,0.37,0.348,0.37,-8,-3,-12.0,-2.72,-14.0,-2.72,-4.72,1.34,-4.44,1.34,-3.2,0.2,-0.7,0.2,-0.064,-0.004,-0.064,-0.004,1
2024-05-02,Bind,Natus Vincere,FNATIC,60,9,201.84,187.64,204.94,194.111,73.72,69.88,74.32,70.733,2.4,-0.8,1.1,-0.444,0.281,0.294,0.333,0.282,63,9,208.6,195.32,205.62,205.489,75.64,73.32,75.56,76.156,2.0,1.2,1.2,1.667,0.349,0.301,0.367,0.316,-3,0,-6.76,-7.68,-0.68,-11.378,-1.92,-3.44,-1.24,-5.422,0.4,-2.0,-0.1,-2.111,-0.068,-0.007,-0.034,-0.034,1
2024-05-02,Ascent,FNATIC,Natus Vincere,64,6,195.0,204.8,201.02,202.6,71.2,75.36,73.64,74.367,0.6,1.0,0.4,1.0,0.275,0.319,0.333,0.284,61,10,210.6,199.36,206.0,205.18,76.88,69.96,74.22,73.6,2.4,-2.4,0.8,-1.0,0.341,0.264,0.33,0.294,3,-4,-15.6,5.44,-4.98,-2.58,-5.68,5.4,-0.58,0.767,-1.8,3.4,-0.4,2.0,-0.066,0.055,0.003,-0.01,0
2024-05-02,Split,Team Vitality,"Movistar KOI						
							(KOI)",39,5,200.56,194.76,200.46,194.76,72.36,71.68,72.98,71.68,0.2,3.0,-0.1,3.0,0.263,0.343,0.255,0.343,9,1,181.12,177.6,176.022,177.6,72.52,70.0,68.822,70.0,0.2,0.0,-0.889,0.0,0.171,0.227,0.165,0.227,30,4,19.44,17.16,24.438,17.16,-0.16,1.68,4.158,1.68,0.0,3.0,0.789,3.0,0.092,0.116,0.09,0.116,0
2024-05-02,Breeze,"Movistar KOI						
							(KOI)",Team Vitality,10,1,189.64,157.0,180.82,157.0,75.72,56.4,70.6,56.4,0.6,-5.0,-1.0,-5.0,0.196,0.118,0.182,0.118,40,2,198.08,214.5,195.14,214.5,73.2,76.8,72.06,76.8,1.4,2.0,0.7,2.0,0.285,0.336,0.255,0.336,-30,-1,-8.44,-57.5,-14.32,-57.5,2.52,-20.4,-1.46,-20.4,-0.8,-7.0,-1.7,-7.0,-0.089,-0.219,-0.073,-0.219,0
2024-05-02,Icebox,"Movistar KOI						
							(KOI)",Team Vitality,11,3,194.6,183.467,181.68,183.467,76.56,69.4,70.5,69.4,-0.4,2.333,-1.8,2.333,0.202,0.185,0.174,0.185,41,3,199.92,204.133,195.7,204.133,73.52,70.667,72.14,70.667,3.4,-1.333,1.5,-1.333,0.343,0.237,0.279,0.237,-30,0,-5.32,-20.667,-14.02,-20.667,3.04,-1.267,-1.64,-1.267,-3.8,3.667,-3.3,3.667,-0.14,-0.052,-0.104,-0.052,1
2024-05-02,Breeze,FNATIC,Natus Vincere,65,2,194.52,191.1,198.48,191.1,71.32,68.2,72.62,68.2,-1.6,-1.0,-0.1,-1.0,0.246,0.268,0.307,0.268,62,0,207.0,,203.26,,76.36,,73.9,,2.2,,1.5,,0.327,,0.329,,3,2,-12.48,,-4.78,,-5.04,,-1.28,,-3.8,,-1.6,,-0.08,,-0.022,,1
2024-05-03,Icebox,Sentinels,FURIA,61,6,190.2,190.68,196.88,188.267,68.6,72.4,72.72,69.933,0.6,-2.0,0.3,-2.5,0.242,0.33,0.3,0.286,43,4,178.64,174.75,177.48,174.75,64.64,63.75,64.34,63.75,-5.6,-1.75,-4.6,-1.75,0.142,0.227,0.149,0.227,18,2,11.56,15.93,19.4,13.517,3.96,8.65,8.38,6.183,6.2,-0.25,4.9,-0.75,0.099,0.102,0.151,0.059,1
2024-05-03,Lotus,Team Liquid,Gentle Mates,60,12,180.4,200.76,186.88,197.14,68.6,72.8,69.44,70.16,-2.8,0.2,-1.4,0.7,0.27,0.322,0.237,0.278,8,1,182.2,144.0,187.325,144.0,63.0,49.4,66.575,49.4,-1.0,-9.0,-1.25,-9.0,0.252,0.059,0.27,0.059,52,11,-1.8,56.76,-0.445,53.14,5.6,23.4,2.865,20.76,-1.8,9.2,-0.15,9.7,0.018,0.263,-0.033,0.219,1
2024-05-03,Icebox,Team Liquid,Gentle Mates,61,3,187.0,205.333,191.8,205.333,71.24,73.4,70.52,73.4,-2.6,1.333,-1.3,1.333,0.267,0.303,0.261,0.303,9,2,183.36,193.3,186.978,193.3,63.72,66.0,66.111,66.0,-1.4,3.5,-1.0,3.5,0.267,0.301,0.266,0.301,52,1,3.64,12.033,4.822,12.033,7.52,7.4,4.409,7.4,-1.2,-2.167,-0.3,-2.167,0.0,0.002,-0.005,0.002,1
2024-05-03,Icebox,FUT Esports,BBL Esports,58,4,198.72,185.7,202.6,185.7,71.56,67.6,73.34,67.6,-0.4,0.75,1.2,0.75,0.33,0.247,0.331,0.247,35,4,194.48,210.95,202.0,210.95,70.32,74.0,72.62,74.0,-1.8,-2.5,0.7,-2.5,0.268,0.379,0.33,0.379,23,0,4.24,-25.25,0.6,-25.25,1.24,-6.4,0.72,-6.4,1.4,3.25,0.5,3.25,0.061,-0.132,0.001,-0.132,1
2024-05-03,Bind,FUT Esports,BBL Esports,59,5,205.52,200.16,204.64,200.16,74.08,71.52,73.58,71.52,1.4,0.6,1.7,0.6,0.338,0.303,0.324,0.303,36,4,186.0,188.2,199.66,188.2,67.08,71.1,71.26,71.1,-2.4,-1.25,0.0,-1.25,0.228,0.296,0.322,0.296,23,1,19.52,11.96,4.98,11.96,7.0,0.42,2.32,0.42,3.8,1.85,1.7,1.85,0.11,0.007,0.002,0.007,1
2024-05-03,Bind,TALON,Paper Rex,39,3,199.4,217.667,189.76,217.667,72.64,77.933,68.56,77.933,1.6,2.667,1.1,2.667,0.339,0.389,0.311,0.389,89,13,214.36,209.64,211.1,201.5,79.8,76.96,77.92,73.84,-0.4,1.6,1.0,0.3,0.437,0.312,0.358,0.306,-50,-10,-14.96,8.027,-21.34,16.167,-7.16,0.973,-9.36,4.093,2.0,1.067,0.1,2.367,-0.099,0.077,-0.048,0.083,1
2024-05-03,Sunset,TALON,Paper Rex,40,1,200.76,184.6,193.14,184.6,73.92,67.6,69.96,67.6,3.6,-2.0,1.4,-2.0,0.344,0.292,0.332,0.292,90,6,214.76,198.64,208.72,201.5,80.48,70.64,77.82,73.0,1.2,-2.6,0.1,-1.667,0.411,0.297,0.348,0.303,-50,-5,-14.0,-14.04,-15.58,-16.9,-6.56,-3.04,-7.86,-5.4,2.4,0.6,1.3,-0.333,-0.067,-0.005,-0.016,-0.011,0
2024-05-03,Lotus,TALON,Paper Rex,41,7,199.28,187.28,195.78,193.771,73.0,69.6,70.7,70.486,1.0,-1.2,1.4,-0.857,0.32,0.38,0.323,0.395,91,15,213.8,198.8,210.72,195.42,80.44,67.56,78.08,67.42,2.4,-2.0,-0.3,-1.7,0.394,0.239,0.355,0.253,-50,-8,-14.52,-11.52,-14.94,-1.649,-7.44,2.04,-7.38,3.066,-1.4,0.8,1.7,0.843,-0.074,0.141,-0.032,0.142,0
2024-05-03,Sunset,Team Secret,T1,55,5,196.24,213.96,212.5,213.96,72.2,78.6,76.76,78.6,-1.6,4.4,2.0,4.4,0.28,0.326,0.311,0.326,65,2,198.16,189.3,190.22,189.3,75.04,73.4,72.06,73.4,2.8,4.5,0.9,4.5,0.269,0.235,0.274,0.235,-10,3,-1.92,24.66,22.28,24.66,-2.84,5.2,4.7,5.2,-4.4,-0.1,1.1,-0.1,0.011,0.091,0.036,0.091,0
2024-05-03,Lotus,T1,Team Secret,66,13,203.24,204.8,196.96,202.7,76.04,75.16,74.52,72.68,1.2,4.4,1.7,3.9,0.269,0.288,0.288,0.303,56,10,195.96,187.96,209.54,191.12,72.92,65.8,75.96,68.24,-0.4,-2.4,1.5,-1.2,0.276,0.239,0.298,0.261,10,3,7.28,16.84,-12.58,11.58,3.12,9.36,-1.44,4.44,1.6,6.8,0.2,5.1,-0.007,0.049,-0.01,0.042,1
2024-05-03,Split,Sentinels,FURIA,62,12,189.12,213.48,197.74,207.64,69.8,75.68,73.4,74.24,2.4,1.2,1.8,0.1,0.272,0.269,0.31,0.267,44,6,181.24,186.56,174.34,187.3,65.4,69.08,63.46,69.1,-5.6,-1.0,-4.4,-1.167,0.157,0.233,0.142,0.243,18,6,7.88,26.92,23.4,20.34,4.4,6.6,9.94,5.14,8.0,2.2,6.2,1.267,0.115,0.036,0.168,0.025,1
2024-05-04,Bind,DRX,Paper Rex,71,12,206.24,219.04,209.56,195.36,76.28,78.4,79.3,72.6,0.8,4.4,1.5,0.6,0.361,0.402,0.368,0.299,92,14,221.6,209.88,214.6,200.74,82.96,78.12,79.22,73.12,4.4,1.8,0.8,0.0,0.384,0.307,0.384,0.287,-21,-2,-15.36,9.16,-5.04,-5.38,-6.68,0.28,0.08,-0.52,-3.6,2.6,0.7,0.6,-0.023,0.095,-0.016,0.012,0
2024-05-04,Bind,100 Thieves,NRG,35,4,211.04,198.55,198.78,198.55,77.32,73.95,73.1,73.95,0.0,-3.0,0.3,-3.0,0.271,0.265,0.294,0.265,67,10,197.12,180.12,199.32,194.88,71.28,64.4,70.5,68.84,-1.8,-1.8,-1.4,-0.9,0.247,0.215,0.256,0.278,-32,-6,13.92,18.43,-0.54,3.67,6.04,9.55,2.6,5.11,1.8,-1.2,1.7,-2.1,0.023,0.049,0.038,-0.014,1
2024-05-04,Lotus,DRX,Paper Rex,72,7,203.12,199.96,207.2,191.086,72.36,72.56,76.52,69.086,-0.6,0.2,0.5,-2.714,0.318,0.284,0.336,0.263,93,16,220.6,213.36,214.22,204.04,83.16,74.04,79.54,70.36,5.6,1.2,1.4,-0.3,0.405,0.326,0.389,0.291,-21,-9,-17.48,-13.4,-7.02,-12.954,-10.8,-1.48,-3.02,-1.274,-6.2,-1.0,-0.9,-2.414,-0.086,-0.042,-0.053,-0.028,0
2024-05-04,Breeze,Gen.G,T1,72,5,199.24,205.92,193.18,205.92,71.04,73.96,71.64,73.96,-0.4,0.6,0.3,0.6,0.34,0.383,0.317,0.383,67,1,210.76,200.0,204.18,200.0,77.36,70.0,76.22,70.0,3.4,2.0,2.4,2.0,0.278,0.318,0.308,0.318,5,4,-11.52,5.92,-11.0,5.92,-6.32,3.96,-4.58,3.96,-3.8,-1.4,-2.1,-1.4,0.062,0.065,0.009,0.065,0
2024-05-04,Sunset,T1,Gen.G,68,3,208.36,195.933,204.44,195.933,75.76,75.6,76.22,75.6,-0.2,2.333,1.6,2.333,0.286,0.24,0.316,0.24,73,0,197.68,,194.24,,70.24,,70.54,,1.8,,0.5,,0.294,,0.294,,-5,3,10.68,,10.2,,5.52,,5.68,,-2.0,,1.1,,-0.008,,0.022,,0
2024-05-04,Ascent,Gen.G,T1,74,15,203.16,196.88,196.52,194.78,73.12,72.16,70.94,71.92,2.8,1.2,0.6,-0.3,0.318,0.328,0.302,0.307,69,7,202.36,204.2,200.84,203.514,73.56,75.2,74.6,72.657,-3.0,3.4,0.2,1.429,0.262,0.309,0.277,0.278,5,8,0.8,-7.32,-4.32,-8.734,-0.44,-3.04,-3.66,-0.737,5.8,-2.2,0.4,-1.729,0.056,0.019,0.024,0.03,0
2024-05-04,Split,100 Thieves,NRG,36,7,210.16,189.04,204.62,193.4,77.08,70.16,74.9,70.943,1.0,1.0,1.3,2.143,0.288,0.308,0.319,0.295,68,10,184.52,212.08,192.0,213.92,66.68,77.48,68.3,78.58,-4.6,-1.8,-2.5,1.6,0.2,0.362,0.243,0.365,-32,-3,25.64,-23.04,12.62,-20.52,10.4,-7.32,6.6,-7.637,5.6,2.8,3.8,0.543,0.088,-0.054,0.076,-0.07,1
2024-05-04,Lotus,KRÜ Esports,LEVIATÁN,53,9,202.28,204.12,206.62,203.2,73.36,76.28,75.14,74.933,1.0,4.0,1.1,2.111,0.33,0.376,0.345,0.321,51,9,214.72,197.88,207.02,201.467,78.96,76.68,76.6,77.889,5.2,4.2,3.7,4.333,0.327,0.291,0.337,0.283,2,0,-12.44,6.24,-0.4,1.733,-5.6,-0.4,-1.46,-2.956,-4.2,-0.2,-2.6,-2.222,0.003,0.085,0.008,0.038,0
2024-05-04,Breeze,KRÜ Esports,LEVIATÁN,54,3,200.68,202.067,205.3,202.067,74.0,74.133,74.48,74.133,1.8,1.333,0.8,1.333,0.298,0.339,0.317,0.339,52,1,207.76,225.8,210.18,225.8,75.84,77.0,77.12,77.0,3.2,3.0,3.2,3.0,0.331,0.211,0.36,0.211,2,2,-7.08,-23.733,-4.88,-23.733,-1.84,-2.867,-2.64,-2.867,-1.4,-1.667,-2.4,-1.667,-0.034,0.129,-0.043,0.129,1
2024-05-04,Ascent,DRX,Paper Rex,73,10,195.2,200.04,203.26,204.42,69.92,72.96,75.24,73.98,-3.0,-2.0,-0.1,-1.1,0.298,0.374,0.315,0.344,94,12,221.28,195.88,217.82,202.34,82.88,70.72,81.34,72.98,5.8,3.4,2.7,2.9,0.378,0.333,0.408,0.312,-21,-2,-26.08,4.16,-14.56,2.08,-12.96,2.24,-6.1,1.0,-8.8,-5.4,-2.8,-4.0,-0.081,0.041,-0.093,0.032,1
2024-05-04,Ascent,KRÜ Esports,LEVIATÁN,55,11,201.48,208.52,204.16,201.06,72.76,75.6,74.42,72.08,2.8,1.4,1.5,-0.5,0.289,0.296,0.318,0.293,53,8,200.04,175.44,206.08,181.6,72.84,61.52,75.4,64.45,0.6,-4.8,2.0,-2.75,0.303,0.177,0.337,0.212,2,3,1.44,33.08,-1.92,19.46,-0.08,14.08,-0.98,7.63,2.2,6.2,-0.5,2.25,-0.014,0.12,-0.019,0.081,0
2024-05-05,Lotus,Paper Rex,T1,95,17,221.96,217.64,218.36,205.14,83.6,77.8,82.04,71.92,5.6,3.8,3.4,0.4,0.373,0.354,0.392,0.297,70,14,200.56,210.92,199.36,205.0,73.28,77.12,74.16,73.08,-2.2,5.8,0.3,3.4,0.31,0.305,0.29,0.317,25,3,21.4,6.72,19.0,0.14,10.32,0.68,7.88,-1.16,7.8,-2.0,3.1,-3.0,0.063,0.048,0.102,-0.019,1
2024-05-05,Ascent,Gen.G,DRX,75,16,200.24,190.4,194.3,193.92,74.56,70.52,70.68,72.32,4.2,0.6,0.2,-0.6,0.302,0.27,0.297,0.304,74,11,196.48,199.0,200.5,202.62,69.8,74.08,74.44,74.28,-2.8,-0.6,-0.6,-0.6,0.269,0.341,0.307,0.341,1,5,3.76,-8.6,-6.2,-8.7,4.76,-3.56,-3.76,-1.96,7.0,1.2,0.8,0.0,0.033,-0.072,-0.009,-0.037,1
2024-05-05,Sunset,DRX,Gen.G,75,1,189.68,212.2,196.54,212.2,68.0,77.0,72.66,77.0,-2.4,-3.0,-1.2,-3.0,0.234,0.333,0.288,0.333,76,1,203.44,229.4,198.28,229.4,75.4,80.0,71.98,80.0,2.8,7.0,0.6,7.0,0.269,0.429,0.304,0.429,-1,0,-13.76,-17.2,-1.74,-17.2,-7.4,-3.0,0.68,-3.0,-5.2,-10.0,-1.8,-10.0,-0.035,-0.095,-0.016,-0.095,0
2024-05-05,Bind,Gen.G,DRX,77,3,208.48,186.667,203.86,186.667,75.4,67.733,73.22,67.733,4.0,-4.0,1.8,-4.0,0.294,0.234,0.317,0.234,76,13,184.84,207.88,195.54,196.36,66.96,74.28,71.62,72.28,-4.4,0.2,-1.8,-0.2,0.203,0.344,0.282,0.283,1,-10,23.64,-21.213,8.32,-9.693,8.44,-6.547,1.6,-4.547,8.4,-4.2,3.6,-3.8,0.091,-0.11,0.035,-0.049,0
2024-05-05,Sunset,Paper Rex,T1,96,7,224.8,201.2,219.3,204.514,83.04,71.72,81.74,74.257,4.0,-2.0,3.2,-0.857,0.4,0.317,0.397,0.311,71,4,193.0,189.3,198.12,189.3,69.56,72.9,72.8,72.9,-1.0,0.0,0.1,0.0,0.273,0.216,0.271,0.216,25,3,31.8,11.9,21.18,15.214,13.48,-1.18,8.94,1.357,5.0,-2.0,3.1,-0.857,0.127,0.102,0.126,0.096,1
2024-05-05,Icebox,MIBR,Cloud9,32,4,165.96,181.35,171.72,181.35,59.84,67.85,62.24,67.85,-0.4,2.5,-0.7,2.5,0.139,0.237,0.184,0.237,53,2,197.56,196.7,205.92,196.7,71.4,74.6,76.38,74.6,1.4,2.5,2.4,2.5,0.201,0.222,0.254,0.222,-21,2,-31.6,-15.35,-34.2,-15.35,-11.56,-6.75,-14.14,-6.75,-1.8,-0.0,-3.1,-0.0,-0.063,0.015,-0.07,0.015,0
2024-05-05,Sunset,MIBR,Cloud9,33,1,175.08,192.6,174.74,192.6,63.96,67.6,63.7,67.6,-1.2,-1.0,-1.5,-1.0,0.163,0.143,0.19,0.143,54,2,212.88,214.4,206.7,214.4,75.44,78.1,76.16,78.1,3.6,-3.5,3.5,-3.5,0.247,0.369,0.268,0.369,-21,-1,-37.8,-21.8,-31.96,-21.8,-11.48,-10.5,-12.46,-10.5,-4.8,2.5,-5.0,2.5,-0.084,-0.226,-0.079,-0.226,0
2024-05-05,Bind,G2 Esports,LOUD,11,2,199.12,213.6,203.94,213.6,70.08,78.9,74.46,78.9,-2.8,2.0,0.4,2.0,0.334,0.332,0.304,0.332,80,6,190.2,206.04,188.6,211.7,69.24,70.72,67.2,71.433,-0.2,-3.4,-2.5,-2.667,0.328,0.308,0.265,0.309,-69,-4,8.92,7.56,15.34,1.9,0.84,8.18,7.26,7.467,-2.6,5.4,2.9,4.667,0.006,0.024,0.039,0.023,0
2024-05-05,Icebox,G2 Esports,LOUD,12,4,199.44,225.95,199.26,225.95,73.6,80.8,74.06,80.8,-2.2,1.75,-0.1,1.75,0.35,0.386,0.31,0.386,81,6,188.52,202.2,188.02,204.4,70.4,71.24,68.12,73.467,0.2,0.4,-2.0,1.833,0.336,0.369,0.279,0.366,-69,-2,10.92,23.75,11.24,21.55,3.2,9.56,5.94,7.333,-2.4,1.35,1.9,-0.083,0.014,0.017,0.031,0.02,0
2024-05-08,Icebox,FNATIC,Team Liquid,66,5,191.72,220.64,202.96,220.64,69.88,80.68,74.32,80.68,-2.4,1.6,0.5,1.6,0.216,0.357,0.322,0.357,62,4,196.52,215.6,196.4,215.6,73.2,76.75,72.54,76.75,-3.8,-0.75,-1.7,-0.75,0.277,0.327,0.287,0.327,4,1,-4.8,5.04,6.56,5.04,-3.32,3.93,1.78,3.93,1.4,2.35,2.2,2.35,-0.062,0.03,0.035,0.03,0
2024-05-08,Split,Team Heretics,Natus Vincere,42,4,195.84,186.55,193.74,186.55,75.64,67.6,72.88,67.6,-1.0,-1.0,-0.8,-1.0,0.332,0.305,0.277,0.305,63,11,196.84,207.8,200.42,194.58,72.0,76.84,72.14,69.98,1.6,2.2,2.3,1.4,0.333,0.317,0.324,0.29,-21,-7,-1.0,-21.25,-6.68,-8.03,3.64,-9.24,0.74,-2.38,-2.6,-3.2,-3.1,-2.4,-0.0,-0.011,-0.047,0.016,1
2024-05-08,Lotus,Natus Vincere,Team Heretics,64,13,199.48,194.4,199.84,193.54,73.44,72.96,72.34,72.4,0.2,0.0,1.7,-0.3,0.321,0.341,0.304,0.306,43,10,196.2,185.04,195.74,192.92,75.76,67.44,74.6,69.9,-1.4,-3.0,-0.6,-4.0,0.325,0.283,0.291,0.327,21,3,3.28,9.36,4.1,0.62,-2.32,5.52,-2.26,2.5,1.6,3.0,2.3,3.7,-0.004,0.059,0.014,-0.021,0
2024-05-08,Lotus,FNATIC,Team Liquid,67,16,197.16,201.12,204.04,208.1,72.2,74.4,74.28,76.12,-2.0,4.6,0.9,2.4,0.212,0.355,0.295,0.354,63,13,197.84,203.24,198.16,202.68,72.84,74.84,73.4,72.34,-3.4,-0.4,-1.7,1.1,0.296,0.33,0.305,0.297,4,3,-0.68,-2.12,5.88,5.42,-0.64,-0.44,0.88,3.78,1.4,5.0,2.6,1.3,-0.085,0.025,-0.01,0.057,1
2024-05-08,Ascent,Team Liquid,FNATIC,64,11,198.04,198.8,195.0,202.9,73.4,71.96,72.18,73.86,-1.4,-0.2,-2.0,1.1,0.269,0.315,0.281,0.306,68,7,196.32,198.96,202.46,201.629,71.4,72.72,73.52,74.314,-2.8,-2.2,-0.4,-0.143,0.247,0.294,0.298,0.27,-4,4,1.72,-0.16,-7.46,1.271,2.0,-0.76,-1.34,-0.454,1.4,2.0,-1.6,1.243,0.021,0.021,-0.017,0.036,0
2024-05-08,Lotus,Cloud9,G2 Esports,55,11,221.76,202.96,204.6,206.5,77.92,78.36,75.48,77.92,5.2,-1.2,3.4,-0.9,0.251,0.305,0.266,0.338,13,3,197.84,202.667,195.16,202.667,72.6,76.133,72.4,76.133,-2.8,2.333,-1.4,2.333,0.34,0.301,0.305,0.301,42,8,23.92,0.293,9.44,3.833,5.32,2.227,3.08,1.787,8.0,-3.533,4.8,-3.233,-0.089,0.004,-0.038,0.037,0
2024-05-08,Ascent,G2 Esports,Cloud9,14,0,199.2,,199.5,,73.0,,73.62,,-3.2,,-1.2,,0.318,,0.332,,56,10,212.44,201.4,203.1,198.92,75.16,73.08,73.84,72.06,4.4,2.8,3.5,1.9,0.226,0.237,0.237,0.255,-42,-10,-13.24,,-3.6,,-2.16,,-0.22,,-7.6,,-4.7,,0.093,,0.095,,1
2024-05-08,Icebox,100 Thieves,LOUD,37,3,210.28,200.467,209.68,200.467,76.48,74.667,76.36,74.667,0.0,-0.333,1.3,-0.333,0.294,0.317,0.337,0.317,82,7,197.04,206.4,189.92,207.743,74.2,72.88,68.6,74.371,1.8,3.6,-0.4,3.143,0.359,0.381,0.284,0.364,-45,-4,13.24,-5.933,19.76,-7.276,2.28,1.787,7.76,0.295,-1.8,-3.933,1.7,-3.476,-0.065,-0.064,0.053,-0.047,1
2024-05-08,Bind,100 Thieves,LOUD,38,5,218.84,205.52,213.98,205.52,79.92,76.16,77.78,76.16,2.2,-0.8,1.5,-0.8,0.35,0.292,0.355,0.292,83,7,191.24,202.16,187.42,208.971,70.8,71.72,68.04,72.2,1.0,-5.0,-0.8,-2.286,0.352,0.325,0.283,0.318,-45,-2,27.6,3.36,26.56,-3.451,9.12,4.44,9.74,3.96,1.2,4.2,2.3,1.486,-0.002,-0.033,0.072,-0.027,1
2024-05-09,Icebox,G2 Esports,KRÜ Esports,15,5,197.4,213.32,199.2,213.32,73.84,76.4,72.38,76.4,-2.0,-0.8,-2.0,-0.8,0.305,0.344,0.313,0.344,56,2,193.84,200.9,201.84,200.9,71.84,76.6,72.94,76.6,1.0,-2.5,1.1,-2.5,0.242,0.277,0.303,0.277,-41,3,3.56,12.42,-2.64,12.42,2.0,-0.2,-0.56,-0.2,-3.0,1.7,-3.1,1.7,0.062,0.067,0.01,0.067,1
2024-05-09,Bind,LEVIATÁN,100 Thieves,54,3,203.36,210.267,209.78,210.267,73.16,77.8,75.96,77.8,1.0,2.0,2.5,2.0,0.343,0.29,0.346,0.29,39,6,218.12,209.8,216.22,207.8,80.72,76.96,78.7,76.633,3.6,2.2,2.2,0.167,0.395,0.347,0.361,0.322,15,-3,-14.76,0.467,-6.44,2.467,-7.56,0.84,-2.74,1.167,-2.6,-0.2,0.3,1.833,-0.052,-0.057,-0.016,-0.032,0
2024-05-09,Sunset,100 Thieves,LEVIATÁN,40,1,226.92,180.2,218.98,180.2,81.68,65.0,79.5,65.0,4.2,-4.0,2.1,-4.0,0.41,0.25,0.34,0.25,55,2,197.44,198.2,209.14,198.2,70.32,76.4,75.7,76.4,-1.4,6.5,2.4,6.5,0.299,0.306,0.327,0.306,-15,-1,29.48,-18.0,9.84,-18.0,11.36,-11.4,3.8,-11.4,5.6,-10.5,-0.3,-10.5,0.111,-0.056,0.013,-0.056,0
2024-05-09,Icebox,LEVIATÁN,100 Thieves,56,6,204.08,206.04,209.4,200.267,70.8,76.28,74.88,73.967,0.4,1.6,2.8,0.667,0.307,0.374,0.317,0.33,41,4,219.24,206.1,214.7,206.1,77.92,76.55,77.5,76.55,0.6,1.5,0.8,1.5,0.399,0.37,0.343,0.37,15,2,-15.16,-0.06,-5.3,-5.833,-7.12,-0.27,-2.62,-2.583,-0.2,0.1,2.0,-0.833,-0.092,0.004,-0.027,-0.04,0
2024-05-09,Split,FUT Esports,Team Heretics,60,9,211.6,180.56,204.36,179.733,76.28,67.16,73.88,65.511,1.8,-1.2,1.2,-1.778,0.338,0.248,0.318,0.224,44,5,195.16,191.52,196.9,191.52,73.52,70.6,74.96,70.6,-1.6,0.0,-1.0,0.0,0.304,0.317,0.302,0.317,16,4,16.44,-10.96,7.46,-11.787,2.76,-3.44,-1.08,-5.089,3.4,-1.2,2.2,-1.778,0.035,-0.069,0.016,-0.093,0
2024-05-09,Lotus,Team Heretics,FUT Esports,45,11,196.08,190.44,196.84,194.3,73.32,70.24,74.68,71.26,0.0,-2.6,-0.4,-3.0,0.298,0.284,0.303,0.333,61,13,207.92,212.24,204.88,199.32,73.76,73.36,73.16,70.22,0.2,2.8,0.8,1.2,0.325,0.305,0.325,0.291,-16,-2,-11.84,-21.8,-8.04,-5.02,-0.44,-3.12,1.52,1.04,-0.2,-5.4,-1.2,-4.2,-0.028,-0.021,-0.022,0.043,1
2024-05-09,Bind,FNATIC,Karmine Corp,69,10,207.0,182.76,201.0,200.08,75.76,70.04,73.48,74.3,-2.4,0.4,-0.9,1.3,0.314,0.231,0.295,0.284,50,6,200.72,197.44,201.9,199.7,79.6,74.4,75.76,75.1,3.2,0.6,-0.6,1.833,0.381,0.356,0.339,0.354,19,4,6.28,-14.68,-0.9,0.38,-3.84,-4.36,-2.28,-0.8,-5.6,-0.2,-0.3,-0.533,-0.067,-0.124,-0.044,-0.07,1
2024-05-09,Ascent,G2 Esports,KRÜ Esports,16,1,197.6,217.6,198.36,217.6,73.36,78.0,71.72,78.0,-1.2,2.0,-2.0,2.0,0.273,0.25,0.303,0.25,57,12,190.44,200.0,196.4,198.3,69.76,72.64,70.96,71.72,-0.6,-0.6,0.1,-0.6,0.237,0.267,0.286,0.273,-41,-11,7.16,17.6,1.96,19.3,3.6,5.36,0.76,6.28,-0.6,2.6,-2.1,2.6,0.036,-0.017,0.017,-0.023,1
2024-05-09,Breeze,Karmine Corp,FNATIC,51,2,191.12,194.9,195.92,194.9,76.4,77.1,74.54,77.1,4.4,0.0,0.7,0.0,0.343,0.281,0.329,0.281,70,3,208.64,196.6,201.58,196.6,75.32,70.0,73.32,70.0,-3.0,-1.0,-2.3,-1.0,0.349,0.284,0.298,0.284,-19,-1,-17.52,-1.7,-5.66,-1.7,1.08,7.1,1.22,7.1,7.4,1.0,3.0,1.0,-0.006,-0.003,0.031,-0.003,0
2024-05-10,Icebox,FUT Esports,Karmine Corp,62,5,205.6,193.96,203.16,193.96,72.64,70.08,72.48,70.08,-0.8,2.0,-0.2,2.0,0.29,0.261,0.314,0.261,52,6,188.08,204.04,193.66,205.567,73.92,72.2,73.82,71.633,5.2,-3.2,0.8,-1.333,0.291,0.279,0.337,0.274,10,-1,17.52,-10.08,9.5,-11.607,-1.28,-2.12,-1.34,-1.553,-6.0,5.2,-1.0,3.333,-0.001,-0.019,-0.023,-0.014,1
2024-05-10,Breeze,FNATIC,Team Heretics,71,4,208.28,198.9,200.0,198.9,75.8,71.5,72.84,71.5,-3.2,-1.25,-2.8,-1.25,0.336,0.275,0.276,0.275,46,1,210.44,201.0,200.42,201.0,76.56,74.6,75.14,74.6,2.6,6.0,0.1,6.0,0.325,0.182,0.319,0.182,25,3,-2.16,-2.1,-0.42,-2.1,-0.76,-3.1,-2.3,-3.1,-5.8,-7.25,-2.9,-7.25,0.011,0.093,-0.043,0.093,0
2024-05-10,Lotus,FNATIC,Team Heretics,72,17,198.28,204.44,197.72,209.44,72.56,74.44,72.38,75.68,-3.4,2.4,-2.7,2.6,0.325,0.369,0.268,0.37,47,12,213.84,192.68,204.84,193.92,76.96,69.8,76.3,70.32,3.2,-1.6,1.1,-2.3,0.341,0.3,0.337,0.336,25,5,-15.56,11.76,-7.12,15.52,-4.4,4.64,-3.92,5.36,-6.6,4.0,-3.8,4.9,-0.016,0.07,-0.069,0.033,0
2024-05-10,Icebox,LEVIATÁN,KRÜ Esports,57,7,200.08,196.12,203.92,196.886,70.68,72.84,73.26,73.486,0.8,1.4,2.0,0.714,0.272,0.351,0.302,0.32,58,3,186.36,191.667,194.32,191.667,67.36,70.733,70.36,70.733,-0.6,-3.667,0.2,-3.667,0.218,0.259,0.274,0.259,-1,4,13.72,4.453,9.6,5.219,3.32,2.107,2.9,2.752,1.4,5.067,1.8,4.381,0.054,0.092,0.028,0.061,1
2024-05-10,Sunset,KRÜ Esports,LEVIATÁN,59,2,186.56,213.1,193.62,213.1,65.72,71.3,69.86,71.3,0.0,2.5,0.9,2.5,0.241,0.365,0.269,0.365,58,3,203.84,203.933,201.94,203.933,71.12,75.2,71.98,75.2,1.6,7.667,1.1,7.667,0.285,0.281,0.294,0.281,1,-1,-17.28,9.167,-8.32,9.167,-5.4,-3.9,-2.12,-3.9,-1.6,-5.167,-0.2,-5.167,-0.044,0.085,-0.024,0.085,0
2024-05-10,Lotus,LEVIATÁN,KRÜ Esports,59,10,201.28,201.68,202.32,200.98,71.76,78.12,72.46,77.22,1.8,4.8,1.4,3.8,0.26,0.338,0.301,0.298,60,10,183.44,203.32,192.46,203.14,65.28,75.76,69.02,75.18,-2.8,3.4,0.0,2.0,0.212,0.32,0.25,0.306,-1,0,17.84,-1.64,9.86,-2.16,6.48,2.36,3.44,2.04,4.6,1.4,1.4,1.8,0.048,0.017,0.051,-0.008,0
2024-05-10,Split,G2 Esports,100 Thieves,17,1,207.88,170.0,203.66,170.0,74.92,67.6,74.26,67.6,-1.0,-5.0,-1.6,-5.0,0.3,0.095,0.325,0.095,42,8,215.44,196.84,212.86,197.375,75.8,71.6,76.14,72.2,1.0,-0.4,0.5,1.5,0.419,0.311,0.357,0.3,-25,-7,-7.56,-26.84,-9.2,-27.375,-0.88,-4.0,-1.88,-4.6,-2.0,-4.6,-2.1,-6.5,-0.119,-0.215,-0.032,-0.204,0
2024-05-10,Bind,G2 Esports,100 Thieves,18,3,213.16,199.0,205.5,199.0,77.2,76.0,74.9,76.0,1.2,1.333,-0.8,1.333,0.307,0.319,0.323,0.319,43,7,209.04,221.56,213.94,211.514,73.08,79.8,76.5,77.286,-0.4,3.4,0.9,0.714,0.372,0.379,0.361,0.321,-25,-4,4.12,-22.56,-8.44,-12.514,4.12,-3.8,-1.6,-1.286,1.6,-2.067,-1.7,0.619,-0.065,-0.06,-0.038,-0.002,1
2024-05-10,Ascent,100 Thieves,G2 Esports,44,5,207.84,192.2,212.98,192.2,73.68,67.96,77.2,67.96,-1.2,-1.6,1.2,-1.6,0.306,0.255,0.35,0.255,19,2,213.72,219.4,206.46,219.4,75.72,78.0,74.36,78.0,1.6,1.5,-0.8,1.5,0.309,0.339,0.314,0.339,25,3,-5.88,-27.2,6.52,-27.2,-2.04,-10.04,2.84,-10.04,-2.8,-3.1,2.0,-3.1,-0.004,-0.084,0.036,-0.084,1
2024-05-10,Sunset,FUT Esports,Karmine Corp,63,1,217.52,177.4,208.12,177.4,75.56,67.2,73.56,67.2,-0.8,-4.0,-0.6,-4.0,0.294,0.318,0.312,0.318,53,3,184.24,199.533,192.64,199.533,73.4,75.0,73.32,75.0,4.8,-4.0,1.0,-4.0,0.245,0.341,0.292,0.341,10,-2,33.28,-22.133,15.48,-22.133,2.16,-7.8,0.24,-7.8,-5.6,-0.0,-1.6,-0.0,0.049,-0.023,0.02,-0.023,1
2024-05-11,Breeze,FUT Esports,FNATIC,64,1,215.4,208.8,210.46,208.8,74.92,73.0,74.5,73.0,-2.8,4.0,-0.7,4.0,0.291,0.4,0.315,0.4,73,5,193.68,191.92,195.0,191.92,70.8,69.68,71.1,69.68,-1.4,-1.2,-2.1,-1.2,0.282,0.255,0.265,0.255,-9,-4,21.72,16.88,15.46,16.88,4.12,3.32,3.4,3.32,-1.4,5.2,1.4,5.2,0.01,0.145,0.05,0.145,0
2024-05-11,Bind,Gen.G,T1,78,4,206.8,187.25,202.24,187.25,74.56,67.25,72.4,67.25,3.8,-1.75,2.8,-1.75,0.321,0.247,0.307,0.247,72,12,181.96,185.84,196.36,193.32,66.16,71.36,71.76,71.62,-3.4,-5.0,0.0,-3.5,0.236,0.247,0.257,0.297,6,-8,24.84,1.41,5.88,-6.07,8.4,-4.11,0.64,-4.37,7.2,3.25,2.8,1.75,0.085,-0.0,0.05,-0.05,1
2024-05-11,Bind,FUT Esports,FNATIC,65,6,212.68,203.24,212.14,201.433,74.32,73.36,75.3,72.633,-2.0,0.2,-0.1,0.167,0.286,0.285,0.312,0.305,74,11,193.12,182.92,200.06,199.0,69.88,69.36,72.82,73.5,-1.8,-2.0,-2.1,0.0,0.29,0.243,0.302,0.287,-9,-5,19.56,20.32,12.08,2.433,4.44,4.0,2.48,-0.867,-0.2,2.2,2.0,0.167,-0.004,0.042,0.01,0.018,0
2024-05-11,Split,FUT Esports,FNATIC,66,10,209.12,186.96,208.52,180.96,74.48,66.72,74.12,65.4,-1.8,-1.6,-0.8,-2.2,0.282,0.283,0.303,0.23,75,11,194.56,201.36,201.6,211.26,71.32,73.48,73.32,74.86,1.2,1.6,-0.9,1.0,0.281,0.302,0.315,0.337,-9,-1,14.56,-14.4,6.92,-30.3,3.16,-6.76,0.8,-9.46,-3.0,-3.2,0.1,-3.2,0.001,-0.019,-0.011,-0.108,0
2024-05-11,Lotus,Gen.G,T1,79,12,202.72,201.56,202.94,189.62,73.84,76.52,73.48,70.8,3.2,2.4,3.0,-0.7,0.281,0.276,0.299,0.226,73,15,180.32,201.24,194.34,199.82,65.96,74.08,70.86,71.72,-3.0,5.0,-1.6,3.6,0.211,0.262,0.248,0.288,6,-3,22.4,0.32,8.6,-10.2,7.88,2.44,2.62,-0.92,6.2,-2.6,4.6,-4.3,0.07,0.013,0.051,-0.062,1
2024-05-11,Bind,G2 Esports,LEVIATÁN,20,4,200.4,203.3,198.9,203.3,70.36,75.1,72.1,75.1,0.0,0.75,-1.0,0.75,0.304,0.334,0.304,0.334,60,4,200.68,202.7,199.06,202.7,71.44,75.0,70.88,75.0,1.6,0.5,0.1,0.5,0.254,0.264,0.276,0.264,-40,0,-0.28,0.6,-0.16,0.6,-1.08,0.1,1.22,0.1,-1.6,0.25,-1.1,0.25,0.05,0.07,0.028,0.07,0
2024-05-11,Breeze,G2 Esports,LEVIATÁN,21,1,194.0,168.2,195.8,168.2,68.36,52.6,70.86,52.6,-1.2,-3.0,-1.2,-3.0,0.302,0.211,0.287,0.211,61,2,200.4,205.9,202.24,205.9,72.44,70.9,71.62,70.9,-0.4,-2.5,0.0,-2.5,0.277,0.24,0.292,0.24,-40,-1,-6.4,-37.7,-6.44,-37.7,-4.08,-18.3,-0.76,-18.3,-0.8,-0.5,-1.2,-0.5,0.025,-0.029,-0.004,-0.029,1
2024-05-11,Icebox,G2 Esports,LEVIATÁN,22,6,188.04,210.64,197.96,215.167,65.76,75.4,70.34,77.0,-0.6,-0.8,-0.8,0.333,0.286,0.325,0.293,0.333,62,8,203.2,195.4,201.64,197.875,71.32,71.84,71.0,72.675,-1.4,-0.2,-0.3,0.125,0.265,0.332,0.268,0.322,-40,-2,-15.16,15.24,-3.68,17.292,-5.56,3.56,-0.66,4.325,0.8,-0.6,-0.5,0.208,0.022,-0.007,0.025,0.011,0
2024-05-11,Lotus,LEVIATÁN,G2 Esports,63,11,204.4,198.52,204.12,196.36,71.48,76.12,71.3,74.92,-0.2,2.6,0.7,2.2,0.267,0.319,0.276,0.285,23,4,193.28,205.35,203.22,205.35,66.4,77.05,71.8,77.05,-1.0,1.0,0.1,1.0,0.291,0.318,0.299,0.318,40,7,11.12,-6.83,0.9,-8.99,5.08,-0.93,-0.5,-2.13,0.8,1.6,0.6,1.2,-0.023,0.001,-0.023,-0.033,0
2024-05-11,Ascent,LEVIATÁN,G2 Esports,64,9,198.52,195.96,199.9,188.356,70.64,68.8,71.2,66.022,-0.8,-2.2,0.5,-1.889,0.236,0.248,0.248,0.234,24,3,191.72,196.6,202.72,196.6,67.44,69.067,71.58,69.067,-1.4,-1.0,0.1,-1.0,0.293,0.3,0.301,0.3,40,6,6.8,-0.64,-2.82,-8.244,3.2,-0.267,-0.38,-3.044,0.6,-1.2,0.4,-0.889,-0.057,-0.052,-0.053,-0.066,0
2024-05-11,Icebox,FNATIC,FUT Esports,76,6,194.96,215.84,201.62,219.533,71.48,79.12,73.64,80.333,2.8,0.8,-0.2,1.333,0.3,0.328,0.318,0.336,67,6,206.12,212.08,205.86,204.7,73.28,74.64,72.96,72.367,-2.4,2.0,-1.6,1.667,0.285,0.313,0.288,0.28,9,0,-11.16,3.76,-4.24,14.833,-1.8,4.48,0.68,7.967,5.2,-1.2,1.4,-0.333,0.015,0.015,0.03,0.056,0
2024-05-11,Icebox,Gen.G,T1,80,4,218.08,189.7,209.16,189.7,77.8,65.6,76.18,65.6,5.4,-2.25,4.8,-2.25,0.311,0.224,0.307,0.224,74,0,175.0,,188.68,,65.0,,69.28,,-3.4,,-3.2,,0.209,,0.235,,6,4,43.08,,20.48,,12.8,,6.9,,8.8,,8.0,,0.102,,0.071,,1
2024-05-12,Split,Gen.G,Paper Rex,81,11,214.48,184.64,208.96,198.32,76.08,68.48,75.74,71.2,6.0,-3.2,4.4,0.6,0.303,0.289,0.286,0.336,97,16,220.56,202.4,221.08,195.98,81.0,71.36,81.98,70.96,3.8,-2.4,4.1,-1.5,0.37,0.29,0.377,0.291,-16,-5,-6.08,-17.76,-12.12,2.34,-4.92,-2.88,-6.24,0.24,2.2,-0.8,0.3,2.1,-0.068,-0.001,-0.091,0.045,0
2024-05-12,Bind,Paper Rex,Gen.G,98,15,221.16,212.36,220.88,203.26,80.44,79.32,81.8,74.42,3.0,3.0,4.3,1.1,0.353,0.33,0.379,0.299,82,5,205.96,191.6,207.22,191.6,73.6,69.08,74.5,69.08,3.4,-0.6,3.7,-0.6,0.285,0.243,0.289,0.243,16,10,15.2,20.76,13.66,11.66,6.84,10.24,7.3,5.34,-0.4,3.6,0.6,1.7,0.068,0.087,0.09,0.056,0
2024-05-12,Icebox,Gen.G,Paper Rex,83,5,210.2,194.16,208.5,194.16,74.64,67.32,74.6,67.32,3.2,-1.0,3.5,-1.0,0.319,0.238,0.32,0.238,99,4,213.8,201.35,217.54,201.35,75.76,73.1,79.32,73.1,0.4,-0.5,3.1,-0.5,0.316,0.293,0.347,0.293,-16,1,-3.6,-7.19,-9.04,-7.19,-1.12,-5.78,-4.72,-5.78,2.8,-0.5,0.4,-0.5,0.003,-0.056,-0.027,-0.056,0
2024-05-12,Sunset,Gen.G,Paper Rex,84,2,209.0,219.9,205.86,219.9,73.88,76.7,73.86,76.7,0.8,7.5,2.0,7.5,0.34,0.402,0.31,0.402,100,8,216.64,204.76,219.3,208.125,75.44,73.48,79.52,75.25,3.0,-1.0,4.3,0.5,0.356,0.347,0.364,0.321,-16,-6,-7.64,15.14,-13.44,11.775,-1.56,3.22,-5.66,1.45,-2.2,8.5,-2.3,7.0,-0.016,0.054,-0.054,0.081,0
2024-05-12,Lotus,Paper Rex,Gen.G,101,18,210.84,228.68,217.82,208.14,75.04,82.52,79.04,72.34,4.2,4.2,4.1,0.2,0.338,0.392,0.369,0.308,85,13,197.8,207.84,207.94,195.38,69.04,78.28,73.42,72.64,-1.4,3.4,2.0,0.7,0.309,0.279,0.31,0.236,16,5,13.04,20.84,9.88,12.76,6.0,4.24,5.62,-0.3,5.6,0.8,2.1,-0.5,0.028,0.113,0.059,0.072,0
2024-05-12,Sunset,G2 Esports,100 Thieves,25,0,200.4,,200.4,,71.56,,70.96,,0.6,,0.3,,0.315,,0.309,,45,2,205.0,187.6,215.96,187.6,73.2,65.6,77.44,65.6,-0.8,-7.0,1.7,-7.0,0.321,0.298,0.365,0.298,-20,-2,-4.6,,-15.56,,-1.64,,-6.48,,1.4,,-1.4,,-0.006,,-0.056,,0
2024-05-12,Breeze,100 Thieves,G2 Esports,46,1,209.0,222.8,214.12,222.8,75.92,75.0,76.92,75.0,1.8,-2.0,1.2,-2.0,0.299,0.25,0.349,0.25,26,2,200.2,179.8,197.1,179.8,72.4,58.8,70.38,58.8,0.0,0.5,-0.6,0.5,0.309,0.28,0.305,0.28,20,-1,8.8,43.0,17.02,43.0,3.52,16.2,6.54,16.2,1.8,-2.5,1.8,-2.5,-0.009,-0.03,0.044,-0.03,1
2024-05-12,Split,FNATIC,Team Heretics,77,12,208.28,200.8,203.28,210.34,74.52,73.52,73.54,75.2,3.4,1.2,0.0,2.4,0.306,0.305,0.315,0.339,48,6,210.32,188.6,203.26,194.267,74.0,68.32,74.88,70.7,1.2,0.6,-0.1,1.0,0.347,0.289,0.336,0.33,29,6,-2.04,12.2,0.02,16.073,0.52,5.2,-1.34,4.5,2.2,0.6,0.1,1.4,-0.041,0.016,-0.021,0.009,1
2024-05-12,Lotus,FNATIC,Team Heretics,78,18,213.64,209.12,203.66,210.34,77.4,74.48,74.1,75.2,3.0,3.4,0.8,3.4,0.305,0.384,0.293,0.365,49,13,197.32,188.32,196.24,193.9,69.52,68.36,71.52,69.6,0.0,-3.4,-0.8,-2.4,0.333,0.3,0.318,0.328,29,5,16.32,20.8,7.42,16.44,7.88,6.12,2.58,5.6,3.0,6.8,1.6,5.8,-0.028,0.084,-0.025,0.037,1
2024-05-12,Bind,FNATIC,Team Heretics,79,12,218.76,197.2,205.94,199.8,77.68,73.2,73.78,74.3,4.8,-1.0,1.5,0.5,0.296,0.291,0.293,0.296,50,3,194.96,204.133,195.52,204.133,69.16,78.0,71.24,78.0,-2.6,0.667,-1.3,0.667,0.274,0.335,0.286,0.335,29,9,23.8,-6.933,10.42,-4.333,8.52,-4.8,2.54,-3.7,7.4,-1.667,2.8,-0.167,0.023,-0.044,0.008,-0.039,0
2024-05-12,Sunset,Team Heretics,FNATIC,51,5,192.04,209.96,201.24,209.96,70.32,79.36,73.44,79.36,-3.0,0.2,-0.2,0.2,0.298,0.328,0.312,0.328,80,0,213.48,,204.02,,76.32,,73.82,,3.6,,2.4,,0.29,,0.285,,-29,5,-21.44,,-2.78,,-6.0,,-0.38,,-6.6,,-2.6,,0.008,,0.026,,1
2024-05-12,Breeze,FNATIC,Team Heretics,81,6,210.2,199.76,202.58,193.6,74.96,73.32,73.22,70.533,0.8,-0.2,1.8,-1.333,0.261,0.297,0.28,0.275,52,2,187.52,216.0,200.68,216.0,69.48,78.4,73.22,78.4,-1.6,3.5,0.8,3.5,0.298,0.267,0.319,0.267,29,4,22.68,-16.24,1.9,-22.4,5.48,-5.08,-0.0,-7.867,2.4,-3.7,1.0,-4.833,-0.037,0.03,-0.039,0.008,1
2024-05-12,Bind,G2 Esports,100 Thieves,27,5,194.48,201.12,191.26,201.12,71.0,74.08,68.38,74.08,-2.8,0.6,-1.7,0.6,0.249,0.321,0.267,0.321,47,8,211.76,224.84,213.6,211.725,78.44,82.24,77.12,77.875,4.0,4.0,2.5,0.75,0.292,0.326,0.356,0.299,-20,-3,-17.28,-23.72,-22.34,-10.605,-7.44,-8.16,-8.74,-3.795,-6.8,-3.4,-4.2,-0.15,-0.044,-0.004,-0.088,0.023,0
2024-06-15,Breeze,ZETA DIVISION,DRX,52,0,189.44,,193.14,,68.84,,70.0,,-2.8,,-1.6,,0.314,,0.274,,77,2,189.32,208.1,196.22,208.1,69.68,76.9,71.02,76.9,-3.6,-2.5,-2.1,-2.5,0.22,0.342,0.269,0.342,-25,-2,0.12,,-3.08,,-0.84,,-1.02,,0.8,,0.5,,0.095,,0.005,,0
2024-06-15,Ascent,BLEED,Team Secret,15,3,179.4,206.8,189.64,206.8,68.88,75.6,72.46,75.6,-2.4,1.667,-1.2,1.667,0.252,0.299,0.259,0.299,57,7,189.96,217.76,207.84,217.486,69.68,81.64,75.46,79.886,-1.0,5.0,1.3,4.714,0.224,0.345,0.273,0.351,-42,-4,-10.56,-10.96,-18.2,-10.686,-0.8,-6.04,-3.0,-4.286,-1.4,-3.333,-2.5,-3.048,0.028,-0.046,-0.014,-0.052,1
2024-06-15,Sunset,Team Secret,BLEED,58,6,188.12,217.24,204.12,210.8,68.32,79.28,74.56,77.333,-2.4,4.2,0.4,4.0,0.201,0.31,0.259,0.306,16,1,181.12,188.6,191.54,188.6,69.08,70.2,73.44,70.2,-1.0,-4.0,-0.3,-4.0,0.213,0.182,0.271,0.182,42,5,7.0,28.64,12.58,22.2,-0.76,9.08,1.12,7.133,-1.4,8.2,0.7,8.0,-0.012,0.128,-0.013,0.124,1
2024-06-15,Split,BLEED,Team Secret,17,1,182.04,199.0,187.3,199.0,69.12,79.0,72.28,79.0,-1.8,-2.0,-1.8,-2.0,0.199,0.5,0.259,0.5,59,7,191.56,193.04,201.12,186.771,68.16,69.2,72.84,68.971,0.2,-2.6,-0.1,-1.714,0.234,0.203,0.278,0.217,-42,-6,-9.52,5.96,-13.82,12.229,0.96,9.8,-0.56,10.029,-2.0,0.6,-1.7,-0.286,-0.035,0.297,-0.019,0.283,0
2024-06-15,Icebox,ZETA DIVISION,DRX,53,2,190.16,204.9,189.52,204.9,69.08,67.8,69.76,67.8,-4.4,-6.0,-1.2,-6.0,0.276,0.226,0.255,0.226,78,0,198.6,,196.9,,71.68,,70.8,,-1.2,,-2.1,,0.282,,0.29,,-25,2,-8.44,,-7.38,,-2.6,,-1.04,,-3.2,,0.9,,-0.006,,-0.035,,0
2024-06-15,Sunset,ZETA DIVISION,DRX,54,4,181.2,208.9,185.2,208.9,66.16,77.4,67.8,77.4,-4.6,-0.25,-1.5,-0.25,0.207,0.35,0.245,0.35,79,2,208.64,199.0,202.56,199.0,75.56,71.4,72.68,71.4,-1.6,-5.5,-2.2,-5.5,0.314,0.271,0.291,0.271,-25,2,-27.44,9.9,-17.36,9.9,-9.4,6.0,-4.88,6.0,-3.0,5.25,0.7,5.25,-0.107,0.079,-0.046,0.079,1
2024-06-16,Sunset,T1,Gen.G,75,5,178.32,185.52,189.44,185.52,64.76,70.52,69.02,70.52,-4.6,-2.0,-3.4,-2.0,0.194,0.206,0.252,0.206,86,3,197.0,211.933,205.74,211.933,69.12,73.267,72.6,73.267,-1.4,4.333,2.3,4.333,0.324,0.328,0.313,0.328,-11,2,-18.68,-26.413,-16.3,-26.413,-4.36,-2.747,-3.58,-2.747,-3.2,-6.333,-5.7,-6.333,-0.13,-0.123,-0.061,-0.123,0
2024-06-16,Icebox,TALON,Paper Rex,42,4,185.68,200.75,188.68,200.75,69.64,69.85,68.5,69.85,-0.8,4.25,0.2,4.25,0.261,0.333,0.281,0.333,102,5,202.48,203.16,211.52,203.16,71.72,73.48,76.36,73.48,1.4,1.2,2.6,1.2,0.314,0.31,0.342,0.31,-60,-1,-16.8,-2.41,-22.84,-2.41,-2.08,-3.63,-7.86,-3.63,-2.2,3.05,-2.4,3.05,-0.053,0.024,-0.062,0.024,0
2024-06-16,Split,T1,Gen.G,76,2,184.8,165.3,188.9,165.3,67.76,61.8,68.66,61.8,-5.0,-4.5,-3.0,-4.5,0.254,0.146,0.263,0.146,87,12,203.52,180.84,204.74,194.24,71.8,68.12,72.7,70.16,-0.8,-3.8,1.3,-0.5,0.312,0.312,0.298,0.334,-11,-10,-18.72,-15.54,-15.84,-28.94,-4.04,-6.32,-4.04,-8.36,-4.2,-0.7,-4.3,-4.0,-0.058,-0.165,-0.035,-0.187,0
2024-06-16,Lotus,Gen.G,T1,88,14,201.12,214.6,205.66,196.58,72.0,79.6,73.32,73.0,-1.6,4.6,0.8,1.5,0.307,0.322,0.313,0.252,77,16,189.0,187.64,185.48,195.78,69.96,70.48,68.06,71.82,-3.0,3.0,-3.2,2.8,0.263,0.232,0.25,0.266,11,-2,12.12,26.96,20.18,0.8,2.04,9.12,5.26,1.18,1.4,1.6,4.0,-1.3,0.043,0.09,0.063,-0.015,0
2024-06-16,Sunset,Paper Rex,TALON,103,9,200.84,214.04,211.0,208.089,72.52,78.08,76.48,75.444,1.8,1.0,2.4,0.667,0.33,0.417,0.341,0.331,43,2,172.2,190.8,182.14,190.8,65.12,69.3,67.08,69.3,-3.4,-3.0,-0.3,-3.0,0.233,0.259,0.273,0.259,60,7,28.64,23.24,28.86,17.289,7.4,8.78,9.4,6.144,5.2,4.0,2.7,3.667,0.097,0.157,0.068,0.071,1
2024-06-17,Ascent,Rex Regum Qeon,DetonatioN FocusMe,41,7,186.32,189.32,192.06,197.571,66.4,67.6,69.58,71.8,-1.8,-5.2,-1.6,-4.429,0.253,0.282,0.288,0.303,36,7,189.04,174.12,176.08,175.314,66.16,65.8,65.78,67.543,-1.6,-2.8,-2.2,-3.143,0.278,0.259,0.212,0.265,5,0,-2.72,15.2,15.98,22.257,0.24,1.8,3.8,4.257,-0.2,-2.4,0.6,-1.286,-0.025,0.022,0.076,0.038,1
2024-06-17,Sunset,Global Esports,Team Secret,38,2,201.16,166.7,199.24,166.7,72.6,57.5,72.78,57.5,2.4,-1.5,1.4,-1.5,0.226,0.095,0.267,0.095,60,7,196.88,215.2,196.56,209.114,72.6,78.6,72.4,75.943,1.4,5.6,-0.1,4.429,0.258,0.297,0.269,0.31,-22,-5,4.28,-48.5,2.68,-42.414,-0.0,-21.1,0.38,-18.443,1.0,-7.1,1.5,-5.929,-0.032,-0.202,-0.002,-0.215,0
2024-06-17,Ascent,Global Esports,Team Secret,39,5,196.32,195.48,202.08,195.48,71.32,70.04,72.8,70.04,1.4,1.0,1.2,1.0,0.244,0.24,0.259,0.24,61,8,198.72,215.84,197.34,213.675,72.12,81.6,72.52,78.75,1.6,3.6,0.6,3.5,0.293,0.321,0.284,0.335,-22,-3,-2.4,-20.36,4.74,-18.195,-0.8,-11.56,0.28,-8.71,-0.2,-2.6,0.6,-2.5,-0.049,-0.081,-0.025,-0.095,0
2024-06-17,Icebox,Rex Regum Qeon,DetonatioN FocusMe,42,4,196.12,207.2,192.88,207.2,67.72,70.75,69.72,70.75,0.8,-0.5,-0.6,-0.5,0.266,0.282,0.299,0.282,37,0,183.76,,177.38,,66.52,,67.42,,-3.2,,-2.0,,0.224,,0.211,,5,4,12.36,,15.5,,1.2,,2.3,,4.0,,1.4,,0.042,,0.088,,1
2024-06-18,Split,KOI,FUT Esports,31,4,174.28,199.25,194.24,199.25,65.56,72.5,72.58,72.5,-2.6,-2.25,-0.7,-2.25,0.228,0.319,0.287,0.319,68,11,194.32,191.76,205.92,182.06,70.2,67.76,72.88,66.06,-2.8,-3.2,-1.8,-2.5,0.269,0.277,0.281,0.244,-37,-7,-20.04,7.49,-11.68,17.19,-4.64,4.74,-0.3,6.44,0.2,0.95,1.1,0.25,-0.041,0.042,0.005,0.075,0
2024-06-18,Lotus,KOI,FUT Esports,32,7,176.4,184.52,190.12,183.571,64.68,68.32,70.86,67.314,-1.8,-5.4,-1.2,-4.714,0.236,0.232,0.263,0.225,69,14,191.88,212.24,203.64,204.88,70.04,72.76,72.48,71.22,-2.6,2.6,-2.7,1.7,0.308,0.278,0.3,0.28,-37,-7,-15.48,-27.72,-13.52,-21.309,-5.36,-4.44,-1.62,-3.906,0.8,-8.0,1.5,-6.414,-0.072,-0.045,-0.036,-0.055,1
2024-06-18,Sunset,KOI,FUT Esports,33,0,185.12,,192.34,,67.12,,70.4,,-0.6,,-1.5,,0.252,,0.259,,70,2,190.44,196.9,201.56,196.9,69.2,72.0,71.76,72.0,-2.6,-3.5,-2.3,-3.5,0.289,0.311,0.288,0.311,-37,-2,-5.32,,-9.22,,-2.08,,-1.36,,2.0,,0.8,,-0.038,,-0.028,,0
2024-06-19,Ascent,BBL Esports,FNATIC,37,7,179.72,205.0,197.28,203.829,66.28,75.16,70.7,74.314,-1.4,3.4,-0.3,2.143,0.207,0.313,0.292,0.319,82,8,205.84,200.12,207.06,202.025,74.88,73.0,74.7,74.95,0.6,-3.4,2.0,-0.125,0.296,0.279,0.301,0.278,-45,-1,-26.12,4.88,-9.78,1.804,-8.6,2.16,-4.0,-0.636,-2.0,6.8,-2.3,2.268,-0.088,0.034,-0.009,0.041,0
2024-06-19,Bind,BBL Esports,FNATIC,38,5,181.84,186.52,194.92,186.52,64.56,70.36,69.52,70.36,-1.6,-0.6,0.1,-0.6,0.224,0.282,0.276,0.282,83,13,203.96,189.92,208.8,196.64,72.92,70.8,75.16,73.64,-1.0,-0.8,1.0,0.1,0.295,0.26,0.3,0.282,-45,-8,-22.12,-3.4,-13.88,-10.12,-8.36,-0.44,-5.64,-3.28,-0.6,0.2,-0.9,-0.7,-0.071,0.022,-0.024,-0.001,1
2024-06-19,Lotus,FNATIC,BBL Esports,84,19,195.12,215.16,206.94,209.76,71.88,74.36,74.78,74.72,-3.2,3.6,0.8,3.9,0.295,0.382,0.295,0.354,39,2,181.64,186.2,192.54,186.2,63.76,67.8,69.04,67.8,-1.2,-3.5,0.3,-3.5,0.232,0.2,0.265,0.2,45,17,13.48,28.96,14.4,23.56,8.12,6.56,5.74,6.92,-2.0,7.1,0.5,7.4,0.063,0.183,0.031,0.154,1
2024-06-19,Sunset,Team Heretics,Natus Vincere,53,6,181.76,205.16,196.04,209.7,68.52,77.2,71.26,79.133,-0.6,0.2,0.3,1.5,0.267,0.321,0.307,0.332,65,2,195.44,201.5,198.64,201.5,72.52,72.2,73.12,72.2,0.8,5.5,1.6,5.5,0.296,0.344,0.288,0.344,-12,4,-13.68,3.66,-2.6,8.2,-4.0,5.0,-1.86,6.933,-1.4,-5.3,-1.3,-4.0,-0.03,-0.023,0.018,-0.012,1
2024-06-19,Bind,Natus Vincere,Team Heretics,66,10,185.32,191.2,197.96,196.52,68.76,71.36,72.82,71.54,-1.2,0.4,0.6,-0.2,0.209,0.319,0.275,0.303,54,4,200.64,201.0,198.98,201.0,74.92,77.6,72.22,77.6,1.8,0.75,0.9,0.75,0.297,0.359,0.315,0.359,12,6,-15.32,-9.8,-1.02,-4.48,-6.16,-6.24,0.6,-6.06,-3.0,-0.35,-0.3,-0.95,-0.089,-0.04,-0.04,-0.055,0
2024-06-20,Icebox,Team Liquid,Team Vitality,65,5,209.68,213.12,195.04,213.12,75.92,75.4,72.26,75.4,-0.8,-0.6,-1.8,-0.6,0.292,0.331,0.281,0.331,42,4,187.04,194.2,191.0,194.2,69.68,67.4,70.72,67.4,1.4,-2.75,0.6,-2.75,0.304,0.222,0.269,0.222,23,1,22.64,18.92,4.04,18.92,6.24,8.0,1.54,8.0,-2.2,2.15,-2.4,2.15,-0.012,0.109,0.012,0.109,0
2024-06-20,Split,Gentle Mates,GIANTX,10,1,185.08,167.4,183.54,167.4,64.8,61.0,64.98,61.0,1.8,-3.0,-0.2,-3.0,0.282,0.211,0.253,0.211,13,1,196.44,145.2,190.06,145.2,67.72,71.0,69.92,71.0,0.0,4.0,1.6,4.0,0.308,0.25,0.299,0.25,-3,0,-11.36,22.2,-6.52,22.2,-2.92,-10.0,-4.94,-10.0,1.8,-7.0,-1.8,-7.0,-0.026,-0.039,-0.046,-0.039,1
2024-06-20,Sunset,Gentle Mates,GIANTX,11,2,201.64,217.5,186.42,217.5,71.92,78.3,66.1,78.3,4.4,1.0,0.8,1.0,0.315,0.312,0.256,0.312,14,3,187.84,195.933,181.92,195.933,66.88,68.667,67.44,68.667,-1.0,-1.0,0.1,-1.0,0.291,0.241,0.273,0.241,-3,-1,13.8,21.567,4.5,21.567,5.04,9.633,-1.34,9.633,5.4,2.0,0.7,2.0,0.024,0.072,-0.017,0.072,0
2024-06-20,Breeze,Gentle Mates,GIANTX,12,1,195.8,155.8,183.28,155.8,70.32,54.6,64.86,54.6,0.4,-5.0,-0.8,-5.0,0.301,0.263,0.264,0.263,15,3,191.88,181.133,185.92,181.133,71.84,65.0,67.52,65.0,4.2,-2.333,1.3,-2.333,0.327,0.22,0.281,0.22,-3,-2,3.92,-25.333,-2.64,-25.333,-1.52,-10.4,-2.66,-10.4,-3.8,-2.667,-2.1,-2.667,-0.026,0.043,-0.017,0.043,0
2024-06-20,Lotus,Team Vitality,Team Liquid,43,8,183.88,194.64,190.52,191.45,67.56,68.12,69.22,67.125,0.6,-1.8,0.8,-3.0,0.287,0.252,0.273,0.232,66,14,204.08,199.92,195.54,199.34,73.24,73.76,72.24,72.16,-1.8,0.0,-2.2,1.6,0.278,0.286,0.272,0.273,-23,-6,-20.2,-5.28,-5.02,-7.89,-5.68,-5.64,-3.02,-5.035,2.4,-1.8,3.0,-4.6,0.009,-0.033,0.0,-0.041,1
2024-06-21,Sunset,Karmine Corp,BBL Esports,54,4,183.96,202.2,193.18,202.2,70.32,75.15,74.38,75.15,3.4,-2.25,2.1,-2.25,0.202,0.299,0.289,0.299,40,4,183.28,204.35,188.88,204.35,64.92,73.95,67.62,73.95,0.2,2.0,-0.8,2.0,0.25,0.295,0.259,0.295,14,0,0.68,-2.15,4.3,-2.15,5.4,1.2,6.76,1.2,3.2,-4.25,2.9,-4.25,-0.048,0.004,0.03,0.004,1
2024-06-21,Lotus,BBL Esports,Karmine Corp,41,3,182.36,184.933,184.18,184.933,65.6,67.467,66.34,67.467,1.6,-3.0,-0.4,-3.0,0.242,0.216,0.235,0.216,55,11,191.84,197.16,196.28,193.78,73.08,74.28,76.34,73.12,3.0,1.4,3.1,3.4,0.192,0.339,0.287,0.313,-14,-8,-9.48,-12.227,-12.1,-8.847,-7.48,-6.813,-10.0,-5.653,-1.4,-4.4,-3.5,-6.4,0.05,-0.122,-0.052,-0.096,0
2024-06-21,Ascent,Natus Vincere,FUT Esports,67,11,179.24,202.96,193.12,206.94,65.92,72.12,71.14,73.64,-3.0,-2.4,-0.4,-0.1,0.166,0.302,0.246,0.317,71,8,194.76,190.76,201.94,196.725,71.32,69.68,72.9,72.925,-0.2,0.2,-1.0,1.75,0.342,0.304,0.312,0.315,-4,3,-15.52,12.2,-8.82,10.215,-5.4,2.44,-1.76,0.715,-2.8,-2.6,0.6,-1.85,-0.176,-0.002,-0.065,0.002,0
2024-06-21,Lotus,FUT Esports,Natus Vincere,72,15,197.04,209.08,201.58,203.88,72.28,73.56,72.78,71.24,1.8,2.6,-0.3,1.9,0.387,0.256,0.336,0.282,68,14,190.72,191.84,193.78,192.02,69.56,73.44,70.78,72.52,-4.0,-1.0,-1.2,-0.5,0.157,0.299,0.245,0.291,4,1,6.32,17.24,7.8,11.86,2.72,0.12,2.0,-1.28,5.8,3.6,0.9,2.4,0.23,-0.043,0.091,-0.008,1
2024-06-22,Icebox,LEVIATÁN,MIBR,65,9,204.04,192.16,202.36,199.311,71.8,69.0,71.62,72.133,-0.6,-0.6,0.5,0.333,0.238,0.301,0.246,0.325,34,5,187.72,184.8,174.06,184.8,67.76,68.4,62.26,68.4,-1.2,0.4,-2.0,0.4,0.192,0.251,0.193,0.251,31,4,16.32,7.36,28.3,14.511,4.04,0.6,9.36,3.733,0.6,-1.0,2.5,-0.067,0.046,0.05,0.053,0.073,1
2024-06-22,Sunset,NRG,Sentinels,69,3,180.4,193.733,189.84,193.733,66.04,67.4,67.86,67.4,-2.8,-4.0,-2.3,-4.0,0.165,0.158,0.215,0.158,63,4,190.36,206.95,200.44,206.95,73.28,72.05,74.14,72.05,2.8,-1.25,2.1,-1.25,0.302,0.271,0.322,0.271,6,-1,-9.96,-13.217,-10.6,-13.217,-7.24,-4.65,-6.28,-4.65,-5.6,-2.75,-4.4,-2.75,-0.137,-0.112,-0.107,-0.112,0
2024-06-22,Lotus,NRG,Sentinels,70,9,181.8,203.96,184.1,200.689,65.44,73.04,65.5,74.489,-2.0,3.4,-3.0,2.667,0.21,0.298,0.205,0.298,64,11,192.48,206.4,204.02,205.12,74.36,75.52,75.12,74.78,3.4,0.6,2.9,0.4,0.321,0.296,0.315,0.301,6,-2,-10.68,-2.44,-19.92,-4.431,-8.92,-2.48,-9.62,-0.291,-5.4,2.8,-5.9,2.267,-0.111,0.001,-0.11,-0.003,0
2024-06-22,Ascent,MIBR,LEVIATÁN,35,1,185.44,203.0,172.78,203.0,66.68,71.8,61.8,71.8,-3.6,4.0,-2.5,4.0,0.206,0.182,0.204,0.182,66,10,204.2,205.92,202.3,189.98,71.24,71.0,71.84,66.5,0.6,-3.0,0.1,-2.1,0.219,0.237,0.248,0.227,-31,-9,-18.76,-2.92,-29.52,13.02,-4.56,0.8,-10.04,5.3,-4.2,7.0,-2.6,6.1,-0.013,-0.055,-0.044,-0.045,0
2024-06-22,Lotus,TALON,Rex Regum Qeon,44,8,168.92,176.16,184.16,184.125,64.88,66.8,68.76,68.025,-3.6,-2.8,-1.0,-2.125,0.223,0.298,0.281,0.346,43,6,204.52,196.92,193.84,194.567,72.44,73.16,70.2,72.9,1.4,0.0,-0.2,-0.5,0.295,0.325,0.292,0.28,1,2,-35.6,-20.76,-9.68,-10.442,-7.56,-6.36,-1.44,-4.875,-5.0,-2.8,-0.8,-1.625,-0.072,-0.027,-0.011,0.066,1
2024-06-22,Ascent,Rex Regum Qeon,TALON,44,8,197.8,191.32,189.66,198.45,70.52,68.56,68.18,71.375,0.0,-3.0,-0.7,-3.375,0.3,0.303,0.287,0.322,45,6,167.32,192.8,184.04,191.6,65.08,67.4,69.5,67.3,-4.8,2.0,-0.6,1.333,0.243,0.284,0.293,0.274,-1,2,30.48,-1.48,5.62,6.85,5.44,1.16,-1.32,4.075,4.8,-5.0,-0.1,-4.708,0.057,0.019,-0.006,0.049,1
2024-06-22,Icebox,TALON,Rex Regum Qeon,46,5,166.36,190.0,182.82,190.0,65.16,67.2,69.08,67.2,-3.0,2.0,-1.0,2.0,0.258,0.314,0.289,0.314,45,5,208.28,212.88,195.84,212.88,73.92,73.8,69.56,73.8,0.6,0.4,-0.5,0.4,0.357,0.29,0.301,0.29,1,0,-41.92,-22.88,-13.02,-22.88,-8.76,-6.6,-0.48,-6.6,-3.6,1.6,-0.5,1.6,-0.099,0.024,-0.012,0.024,1
2024-06-22,Split,Paper Rex,DRX,104,17,206.12,206.52,209.96,196.92,76.56,72.72,76.16,70.94,2.6,-0.8,1.5,-2.1,0.374,0.296,0.345,0.294,80,11,211.36,192.92,200.52,203.82,75.68,72.0,71.84,75.02,-3.0,2.0,-2.7,0.6,0.325,0.325,0.279,0.334,24,6,-5.24,13.6,9.44,-6.9,0.88,0.72,4.32,-4.08,5.6,-2.8,4.2,-2.7,0.049,-0.029,0.065,-0.04,1
2024-06-22,Haven,Paper Rex,DRX,105,1,212.32,206.4,214.48,206.4,77.72,71.8,76.58,71.8,0.8,0.0,1.9,0.0,0.369,0.333,0.363,0.333,81,10,208.24,194.72,196.54,193.4,73.84,70.4,70.4,69.26,-1.2,2.2,-2.8,0.6,0.306,0.321,0.255,0.302,24,-9,4.08,11.68,17.94,13.0,3.88,1.4,6.18,2.54,2.0,-2.2,4.7,-0.6,0.063,0.013,0.108,0.032,0
2024-06-22,Icebox,Paper Rex,DRX,106,6,209.16,207.12,210.0,204.567,75.84,77.32,75.44,74.933,1.8,3.4,3.0,2.167,0.316,0.342,0.327,0.327,82,1,208.76,257.0,199.04,257.0,74.4,96.8,72.04,96.8,-1.6,3.0,-2.6,3.0,0.335,0.462,0.277,0.462,24,5,0.4,-49.88,10.96,-52.433,1.44,-19.48,3.4,-21.867,3.4,0.4,5.6,-0.833,-0.019,-0.119,0.049,-0.135,1
2024-06-23,Haven,DetonatioN FocusMe,ZETA DIVISION,38,3,183.96,166.333,182.46,166.333,65.36,66.467,67.56,66.467,-3.8,-2.667,-1.9,-2.667,0.264,0.146,0.231,0.146,55,9,184.0,173.96,185.52,192.956,67.04,61.56,67.7,69.311,-0.6,-2.4,-1.1,1.333,0.228,0.197,0.237,0.227,-17,-6,-0.04,-7.627,-3.06,-26.622,-1.68,4.907,-0.14,-2.844,-3.2,-0.267,-0.8,-4.0,0.036,-0.051,-0.006,-0.081,0
2024-06-23,Sunset,DetonatioN FocusMe,ZETA DIVISION,39,2,182.08,167.3,182.58,167.3,65.36,72.2,67.18,72.2,-2.4,-3.5,-1.5,-3.5,0.206,0.208,0.205,0.208,56,5,187.2,209.0,187.78,209.0,68.32,76.8,69.3,76.8,0.0,1.4,-0.7,1.4,0.23,0.347,0.259,0.347,-17,-3,-5.12,-41.7,-5.2,-41.7,-2.96,-4.6,-2.12,-4.6,-2.4,-4.9,-0.8,-4.9,-0.024,-0.138,-0.054,-0.138,1
2024-06-23,Ascent,DetonatioN FocusMe,ZETA DIVISION,40,8,190.88,179.64,186.58,176.525,68.44,69.36,67.04,68.4,-2.4,-3.4,-2.1,-3.25,0.24,0.251,0.218,0.249,57,12,187.12,198.2,188.28,197.22,68.92,70.0,68.88,71.9,0.4,-1.8,-1.2,-1.8,0.21,0.281,0.262,0.26,-17,-4,3.76,-18.56,-1.7,-20.695,-0.48,-0.64,-1.84,-3.5,-2.8,-1.6,-0.9,-1.45,0.03,-0.03,-0.045,-0.01,1
2024-06-23,Lotus,Global Esports,BLEED,40,8,201.16,191.2,201.92,192.55,72.84,70.0,72.16,71.475,2.2,2.0,1.3,1.625,0.273,0.288,0.255,0.303,18,4,179.64,179.4,185.8,179.4,69.44,71.3,71.32,71.3,-1.2,-3.25,-1.4,-3.25,0.213,0.217,0.263,0.217,22,4,21.52,11.8,16.12,13.15,3.4,-1.3,0.84,0.175,3.4,5.25,2.7,4.875,0.06,0.071,-0.009,0.086,1
2024-06-23,Icebox,100 Thieves,FURIA,48,5,214.44,206.12,211.74,206.12,78.72,75.32,75.9,75.32,3.2,1.0,1.4,1.0,0.289,0.383,0.33,0.383,45,5,188.96,171.8,172.8,171.8,70.36,63.04,63.72,63.04,-5.6,-3.4,-5.4,-3.4,0.189,0.209,0.131,0.209,3,0,25.48,34.32,38.94,34.32,8.36,12.28,12.18,12.28,8.8,4.4,6.8,4.4,0.1,0.174,0.199,0.174,0
2024-06-23,Haven,FURIA,100 Thieves,46,6,193.68,187.24,179.24,193.1,72.56,70.56,66.06,70.7,-3.8,-2.4,-4.8,-0.833,0.228,0.285,0.16,0.281,49,3,212.2,210.667,210.02,210.667,76.32,77.667,75.0,77.667,2.6,2.0,0.7,2.0,0.306,0.316,0.306,0.316,-3,3,-18.52,-23.427,-30.78,-17.567,-3.76,-7.107,-8.94,-6.967,-6.4,-4.4,-5.5,-2.833,-0.078,-0.031,-0.146,-0.035,1
2024-06-23,Sunset,Global Esports,BLEED,41,3,203.2,172.467,200.66,172.467,74.0,61.2,72.36,61.2,2.2,-2.0,2.3,-2.0,0.303,0.127,0.256,0.127,19,2,186.64,184.4,182.4,184.4,71.72,68.4,70.04,68.4,-2.4,-5.5,-2.2,-5.5,0.243,0.186,0.243,0.186,22,1,16.56,-11.933,18.26,-11.933,2.28,-7.2,2.32,-7.2,4.6,3.5,4.5,3.5,0.06,-0.06,0.013,-0.06,1
2024-06-23,Icebox,Evil Geniuses,LOUD,87,2,207.8,167.5,192.76,167.5,72.04,59.2,65.24,59.2,1.2,-2.0,-0.1,-2.0,0.408,0.149,0.305,0.149,84,8,190.2,190.72,187.84,199.925,72.04,66.76,68.6,71.55,0.2,1.2,-1.1,1.875,0.268,0.299,0.271,0.326,3,-6,17.6,-23.22,4.92,-32.425,-0.0,-7.56,-3.36,-12.35,1.0,-3.2,1.0,-3.875,0.14,-0.15,0.034,-0.177,1
2024-06-23,Sunset,LOUD,Evil Geniuses,85,5,192.36,209.12,191.28,209.12,70.4,72.6,69.82,72.6,-0.6,1.2,-0.4,1.2,0.228,0.301,0.278,0.301,88,3,204.8,199.8,193.14,199.8,71.92,69.867,65.94,69.867,2.4,3.333,-0.2,3.333,0.416,0.38,0.313,0.38,-3,2,-12.44,9.32,-1.86,9.32,-1.52,2.733,3.88,2.733,-3.0,-2.133,-0.2,-2.133,-0.188,-0.079,-0.035,-0.079,0
2024-06-23,Lotus,Evil Geniuses,LOUD,89,14,205.64,197.36,196.92,204.44,73.48,66.44,68.06,71.34,3.2,-2.0,1.0,-0.8,0.421,0.253,0.338,0.302,86,8,190.84,188.32,189.68,192.1,69.52,70.52,69.96,70.7,-1.6,-0.4,-0.7,1.625,0.185,0.289,0.261,0.275,3,6,14.8,9.04,7.24,12.34,3.96,-4.08,-1.9,0.64,4.8,-1.6,1.7,-2.425,0.236,-0.037,0.077,0.027,0
2024-06-24,Icebox,T1,Team Secret,78,1,196.08,212.6,188.2,212.6,72.6,72.4,69.28,72.4,-2.2,-4.0,-2.6,-4.0,0.287,0.333,0.249,0.333,62,5,203.96,208.6,196.96,208.6,73.0,73.16,71.34,73.16,1.4,2.2,0.2,2.2,0.323,0.292,0.274,0.292,16,-4,-7.88,4.0,-8.76,4.0,-0.4,-0.76,-2.06,-0.76,-3.6,-6.2,-2.8,-6.2,-0.037,0.041,-0.025,0.041,0
2024-06-24,Split,Team Secret,T1,63,8,204.04,195.68,196.08,189.825,71.64,73.24,69.98,71.3,2.4,-0.4,0.0,-0.875,0.365,0.234,0.283,0.238,79,3,204.88,174.0,189.94,174.0,74.4,65.2,69.7,65.2,-0.4,-3.0,-1.9,-3.0,0.306,0.169,0.258,0.169,-16,5,-0.84,21.68,6.14,15.825,-2.76,8.04,0.28,6.1,2.8,2.6,1.9,2.125,0.058,0.065,0.025,0.068,1
2024-06-24,Haven,Team Secret,T1,64,9,205.32,197.4,198.44,201.867,73.24,70.32,70.7,73.156,1.6,-1.8,0.9,-0.667,0.361,0.302,0.298,0.297,80,9,199.24,180.2,188.78,183.533,72.56,66.72,68.66,68.6,-0.2,-2.4,-2.4,-2.444,0.292,0.25,0.243,0.236,-16,0,6.08,17.2,9.66,18.333,0.68,3.6,2.04,4.556,1.8,0.6,3.3,1.778,0.069,0.051,0.055,0.061,0
2024-06-24,Sunset,Rex Regum Qeon,DRX,46,0,204.44,,195.38,,72.48,,69.44,,0.8,,-0.5,,0.334,,0.294,,83,3,199.28,199.333,198.94,199.333,71.84,70.667,71.76,70.667,-2.6,-6.333,-1.9,-6.333,0.274,0.278,0.278,0.278,-37,-3,5.16,,-3.56,,0.64,,-2.32,,3.4,,1.4,,0.06,,0.015,,1
2024-06-24,Split,Rex Regum Qeon,DRX,47,7,205.96,190.36,201.04,188.143,74.52,70.76,71.12,70.514,-0.4,0.4,0.2,0.857,0.289,0.21,0.278,0.257,84,12,187.6,183.84,198.12,196.22,66.92,69.2,71.24,71.9,-2.8,1.6,-2.2,0.3,0.236,0.285,0.275,0.302,-37,-5,18.36,6.52,2.92,-8.077,7.6,1.56,-0.12,-1.386,2.4,-1.2,2.4,0.557,0.054,-0.075,0.003,-0.045,1
2024-06-24,Ascent,G2 Esports,Cloud9,28,4,191.68,196.05,192.48,196.05,71.8,69.75,69.1,69.75,-1.6,0.25,-1.3,0.25,0.248,0.309,0.269,0.309,57,11,198.28,191.16,198.86,198.2,69.76,68.32,71.92,72.08,3.2,0.6,2.4,1.8,0.234,0.238,0.243,0.277,-29,-7,-6.6,4.89,-6.38,-2.15,2.04,1.43,-2.82,-2.33,-4.8,-0.35,-3.7,-1.55,0.014,0.07,0.026,0.032,1
2024-06-24,Lotus,Cloud9,G2 Esports,58,12,200.08,199.96,198.82,202.14,72.12,77.44,71.76,76.64,3.4,-0.2,2.4,-1.1,0.301,0.291,0.251,0.307,29,5,188.36,205.96,190.04,205.96,70.64,77.16,69.04,77.16,-1.4,0.2,-1.4,0.2,0.228,0.333,0.26,0.333,29,7,11.72,-6.0,8.78,-3.82,1.48,0.28,2.72,-0.52,4.8,-0.4,3.8,-1.3,0.073,-0.041,-0.009,-0.025,0
2024-06-24,Icebox,G2 Esports,Cloud9,30,7,188.48,207.16,194.44,215.2,70.92,72.76,71.24,76.486,-1.2,-2.4,-0.3,0.0,0.228,0.296,0.272,0.318,59,3,187.48,209.667,200.18,209.667,70.44,75.4,72.94,75.4,0.8,4.333,2.2,4.333,0.272,0.276,0.259,0.276,-29,4,1.0,-2.507,-5.74,5.533,0.48,-2.64,-1.7,1.086,-2.0,-6.733,-2.5,-4.333,-0.044,0.02,0.012,0.042,0
2024-06-25,Icebox,GIANTX,KOI,16,1,188.04,173.0,185.74,173.0,71.28,65.0,67.7,65.0,2.6,1.0,0.9,1.0,0.317,0.2,0.289,0.2,34,0,185.28,,187.28,,67.36,,68.84,,-1.2,,-2.3,,0.219,,0.244,,-18,1,2.76,,-1.54,,3.92,,-1.14,,3.8,,3.2,,0.098,,0.046,,0
2024-06-25,Sunset,KOI,GIANTX,35,1,193.52,173.4,188.06,173.4,68.0,64.4,67.9,64.4,-0.6,-7.0,-1.8,-7.0,0.245,0.105,0.247,0.105,17,4,177.92,193.25,184.84,193.25,66.6,69.45,66.52,69.45,2.6,3.25,0.6,3.25,0.328,0.264,0.304,0.264,18,-3,15.6,-19.85,3.22,-19.85,1.4,-5.05,1.38,-5.05,-3.2,-10.25,-2.4,-10.25,-0.083,-0.159,-0.057,-0.159,1
2024-06-26,Lotus,Team Vitality,FNATIC,44,9,187.4,193.6,193.98,193.822,69.44,69.4,70.9,68.644,2.4,-1.2,1.3,-2.333,0.32,0.268,0.291,0.255,85,20,199.36,210.64,206.42,206.08,73.32,74.08,74.82,73.76,-2.6,2.2,0.5,3.1,0.296,0.346,0.293,0.352,-41,-11,-11.96,-17.04,-12.44,-12.258,-3.88,-4.68,-3.92,-5.116,5.0,-3.4,0.8,-5.433,0.025,-0.079,-0.002,-0.097,0
2024-06-26,Haven,Team Vitality,FNATIC,45,6,191.32,187.64,194.7,187.733,68.96,69.32,71.08,70.567,0.4,-5.0,0.9,-3.667,0.325,0.325,0.305,0.341,86,10,205.8,212.72,208.0,212.62,76.72,76.32,75.84,77.6,0.6,3.2,0.7,3.7,0.316,0.352,0.288,0.353,-41,-4,-14.48,-25.08,-13.3,-24.887,-7.76,-7.0,-4.76,-7.033,-0.2,-8.2,0.2,-7.367,0.009,-0.027,0.016,-0.011,0
2024-06-26,Split,FUT Esports,Team Heretics,73,12,202.12,200.84,198.22,182.1,74.16,72.08,72.18,67.38,3.0,-2.0,0.1,-2.5,0.384,0.343,0.326,0.265,55,7,206.8,181.32,200.88,187.6,77.24,66.92,73.2,68.571,3.6,0.4,0.5,0.286,0.345,0.286,0.309,0.314,18,5,-4.68,19.52,-2.66,-5.5,-3.08,5.16,-1.02,-1.191,-0.6,-2.4,-0.4,-2.786,0.039,0.058,0.017,-0.05,0
2024-06-26,Sunset,FUT Esports,Team Heretics,74,3,195.44,196.533,193.66,196.533,71.76,73.267,70.9,73.267,3.6,0.0,0.5,0.0,0.326,0.383,0.317,0.383,56,7,214.4,212.72,203.22,214.314,79.0,79.96,74.66,80.371,3.2,2.0,0.1,2.429,0.322,0.335,0.31,0.338,18,-4,-18.96,-16.187,-9.56,-17.781,-7.24,-6.693,-3.76,-7.105,0.4,-2.0,0.4,-2.429,0.004,0.048,0.007,0.045,0
2024-06-26,Icebox,FNATIC,Team Vitality,87,7,206.64,214.6,206.24,221.114,76.84,76.32,75.86,79.943,0.6,-0.8,0.6,1.429,0.324,0.295,0.31,0.318,46,5,186.36,196.2,193.14,196.2,65.36,67.8,69.44,67.8,-1.4,-1.0,1.0,-1.0,0.276,0.24,0.309,0.24,41,2,20.28,18.4,13.1,24.914,11.48,8.52,6.42,12.143,2.0,0.2,-0.4,2.429,0.047,0.055,0.0,0.078,0
2024-06-27,Ascent,BBL Esports,Team Liquid,42,8,179.08,201.72,179.4,202.275,64.96,72.48,65.62,73.1,0.6,3.6,-0.4,2.375,0.238,0.281,0.223,0.314,67,12,190.2,200.16,193.36,202.8,68.08,73.08,70.64,73.74,-1.0,-0.2,-2.4,0.7,0.232,0.28,0.255,0.281,-25,-4,-11.12,1.56,-13.96,-0.525,-3.12,-0.6,-5.02,-0.64,1.6,3.8,2.0,1.675,0.006,0.001,-0.032,0.032,1
2024-06-27,Lotus,BBL Esports,Team Liquid,43,4,184.32,179.55,183.08,179.55,68.04,66.65,66.3,66.65,1.8,-3.0,0.1,-3.0,0.262,0.215,0.243,0.215,68,15,185.08,194.32,191.46,194.32,67.88,71.44,70.36,70.36,-3.0,1.0,-3.2,0.4,0.197,0.27,0.247,0.262,-25,-11,-0.76,-14.77,-8.38,-14.77,0.16,-4.79,-4.06,-3.71,4.8,-4.0,3.3,-3.4,0.065,-0.056,-0.004,-0.047,1
2024-06-27,Ascent,Natus Vincere,GIANTX,69,12,186.96,208.24,193.22,207.88,65.72,73.28,69.58,73.34,-4.0,-2.4,-1.9,-0.6,0.176,0.296,0.249,0.286,18,1,164.76,189.8,180.6,189.8,64.2,69.2,65.96,69.2,0.8,2.0,0.4,2.0,0.256,0.333,0.282,0.333,51,11,22.2,18.44,12.62,18.08,1.52,4.08,3.62,4.14,-4.8,-4.4,-2.3,-2.6,-0.079,-0.038,-0.033,-0.048,0
2024-06-27,Lotus,GIANTX,Natus Vincere,19,2,180.12,197.7,183.98,197.7,67.84,73.1,67.36,73.1,2.2,4.0,0.6,4.0,0.327,0.4,0.309,0.4,70,15,182.24,193.32,188.84,190.28,63.0,72.32,67.76,70.62,-3.4,-1.0,-1.3,-1.1,0.163,0.325,0.23,0.296,-51,-13,-2.12,4.38,-4.86,7.42,4.84,0.78,-0.4,2.48,5.6,5.0,1.9,5.1,0.164,0.075,0.079,0.104,1
2024-06-28,Sunset,KOI,Gentle Mates,36,2,201.44,199.1,187.86,199.1,71.28,74.9,68.42,74.9,-1.0,-3.5,-1.8,-3.5,0.279,0.275,0.254,0.275,13,3,185.32,204.667,183.76,204.667,67.84,73.933,65.42,73.933,0.4,-4.667,-0.3,-4.667,0.284,0.333,0.268,0.333,23,-1,16.12,-5.567,4.1,-5.567,3.44,0.967,3.0,0.967,-1.4,1.167,-1.5,1.167,-0.005,-0.058,-0.014,-0.058,0
2024-06-28,Haven,FNATIC,Karmine Corp,88,11,197.52,209.68,200.74,212.1,74.4,75.44,73.66,77.12,-0.8,3.2,-0.9,3.4,0.322,0.363,0.308,0.363,56,4,198.36,172.85,194.74,172.85,76.36,63.8,76.38,63.8,1.6,1.5,3.0,1.5,0.201,0.192,0.272,0.192,32,7,-0.84,36.83,6.0,39.25,-1.96,11.64,-2.72,13.32,-2.4,1.7,-3.9,1.9,0.121,0.171,0.036,0.171,1
2024-06-28,Lotus,Karmine Corp,FNATIC,57,12,198.56,193.68,193.32,192.98,74.16,76.04,74.04,73.76,0.0,2.6,2.6,2.8,0.142,0.358,0.217,0.313,89,21,208.56,211.96,201.84,206.54,75.24,76.04,73.56,75.22,1.2,3.8,-1.0,4.2,0.355,0.342,0.325,0.349,-32,-9,-10.0,-18.28,-8.52,-13.56,-1.08,-0.0,0.48,-1.46,-1.2,-1.2,3.6,-1.4,-0.213,0.016,-0.108,-0.036,0
2024-06-28,Split,Gentle Mates,KOI,14,2,187.2,203.0,185.28,203.0,71.04,75.6,67.38,75.6,0.4,2.5,-0.5,2.5,0.312,0.32,0.29,0.32,37,5,204.84,193.08,190.62,193.08,75.0,69.8,69.84,69.8,-1.6,-1.4,-1.7,-1.4,0.299,0.285,0.267,0.285,-23,-3,-17.64,9.92,-5.34,9.92,-3.96,5.8,-2.46,5.8,2.0,3.9,1.2,3.9,0.013,0.035,0.022,0.035,1
2024-06-29,Bind,FURIA,Evil Geniuses,47,6,203.08,199.96,181.5,199.467,74.28,71.8,66.66,71.667,-5.0,-0.4,-5.7,0.333,0.289,0.254,0.182,0.26,90,9,199.12,203.92,197.58,202.4,71.16,71.48,68.66,71.333,3.2,2.6,2.0,1.889,0.399,0.294,0.362,0.278,-43,-3,3.96,-3.96,-16.08,-2.933,3.12,0.32,-2.0,0.333,-8.2,-3.0,-7.7,-1.556,-0.11,-0.04,-0.18,-0.018,0
2024-06-29,Sunset,DetonatioN FocusMe,TALON,41,3,198.92,183.667,193.98,183.667,72.32,73.0,69.24,73.0,0.2,-3.667,-0.7,-3.667,0.235,0.215,0.257,0.215,47,3,182.28,189.067,183.98,189.067,68.76,70.2,69.2,70.2,-0.6,-2.0,-0.7,-2.0,0.336,0.256,0.299,0.256,-6,0,16.64,-5.4,10.0,-5.4,3.56,2.8,0.04,2.8,0.8,-1.667,-0.0,-1.667,-0.101,-0.042,-0.042,-0.042,0
2024-06-29,Lotus,TALON,DetonatioN FocusMe,48,9,194.64,180.12,183.42,184.822,71.72,69.08,68.42,68.8,0.6,-2.4,-1.4,-2.111,0.35,0.334,0.292,0.363,42,10,200.68,181.8,192.22,188.76,73.96,64.4,70.24,67.64,1.2,-3.8,-1.0,-2.4,0.26,0.182,0.242,0.217,6,-1,-6.04,-1.68,-8.8,-3.938,-2.24,4.68,-1.82,1.16,-0.6,1.4,-0.4,0.289,0.09,0.152,0.05,0.146,1
2024-06-29,Split,ZETA DIVISION,Rex Regum Qeon,58,5,190.56,199.4,190.36,199.4,69.32,72.28,69.2,72.28,-0.8,1.4,-2.6,1.4,0.236,0.291,0.256,0.291,48,8,203.88,202.52,204.2,192.775,73.12,74.04,72.78,71.575,-0.4,0.8,0.5,1.25,0.279,0.263,0.287,0.258,10,-3,-13.32,-3.12,-13.84,6.625,-3.8,-1.76,-3.58,0.705,-0.4,0.6,-3.1,0.15,-0.042,0.027,-0.031,0.032,0
2024-06-29,Lotus,FURIA,Evil Geniuses,48,3,184.24,166.4,181.44,166.4,69.6,63.133,67.12,63.133,-5.6,-8.667,-5.6,-8.667,0.244,0.108,0.193,0.108,91,15,203.04,193.44,205.78,202.42,73.32,65.8,72.46,70.78,2.6,0.2,2.2,0.0,0.349,0.275,0.367,0.306,-43,-12,-18.8,-27.04,-24.34,-36.02,-3.72,-2.667,-5.34,-7.647,-8.2,-8.867,-7.8,-8.667,-0.105,-0.167,-0.174,-0.198,0
2024-06-29,Lotus,KRÜ Esports,Sentinels,61,11,190.88,209.52,192.36,205.22,67.4,75.52,69.62,75.9,-0.8,5.4,0.1,2.9,0.262,0.325,0.252,0.327,65,12,201.44,205.4,205.1,209.4,76.48,75.12,74.64,76.58,3.6,-0.2,2.7,1.1,0.34,0.309,0.308,0.322,-4,-1,-10.56,4.12,-12.74,-4.18,-9.08,0.4,-5.02,-0.68,-4.4,5.6,-2.6,1.8,-0.078,0.015,-0.056,0.005,0
2024-06-29,Sunset,ZETA DIVISION,Rex Regum Qeon,59,6,196.8,200.24,189.0,208.033,72.2,73.44,69.18,76.467,-0.4,1.8,-2.5,1.833,0.284,0.31,0.246,0.342,49,1,210.2,212.2,204.0,212.2,75.12,78.6,72.82,78.6,-0.6,-2.0,-0.3,-2.0,0.298,0.231,0.299,0.231,10,5,-13.4,-11.96,-15.0,-4.167,-2.92,-5.16,-3.64,-2.133,0.2,3.8,-2.2,3.833,-0.014,0.08,-0.053,0.111,0
2024-06-29,Split,KRÜ Esports,Sentinels,62,11,193.6,199.36,192.02,192.5,69.92,77.72,69.84,73.82,1.2,4.0,0.3,0.4,0.268,0.328,0.252,0.262,66,13,212.0,206.76,201.1,206.98,76.88,74.56,72.74,75.04,3.2,-0.2,1.9,0.5,0.375,0.299,0.308,0.267,-4,-2,-18.4,-7.4,-9.08,-14.48,-6.96,3.16,-2.9,-1.22,-2.0,4.2,-1.6,-0.1,-0.108,0.03,-0.056,-0.005,0
2024-06-30,Ascent,LOUD,MIBR,87,18,189.76,187.08,193.4,197.56,69.36,68.56,71.78,71.2,-5.0,1.0,-1.6,2.6,0.164,0.219,0.262,0.243,36,2,183.24,196.7,175.16,196.7,66.52,73.2,62.62,73.2,-3.2,5.0,-2.0,5.0,0.206,0.159,0.186,0.159,51,16,6.52,-9.62,18.24,0.86,2.84,-4.64,9.16,-2.0,-1.8,-4.0,0.4,-2.4,-0.041,0.06,0.076,0.084,1
2024-06-30,Sunset,LOUD,MIBR,88,6,207.04,199.16,199.14,205.1,75.8,71.36,73.3,72.567,-2.8,-0.2,-0.9,0.167,0.213,0.243,0.282,0.277,37,2,187.08,191.7,176.52,191.7,66.6,65.2,63.22,65.2,-3.6,-3.5,-2.0,-3.5,0.243,0.208,0.191,0.208,51,4,19.96,7.46,22.62,13.4,9.2,6.16,10.08,7.367,0.8,3.3,1.1,3.667,-0.031,0.036,0.091,0.069,1
2024-06-30,Icebox,Gen.G,BLEED,89,6,192.68,196.48,200.84,195.633,69.92,69.32,71.9,68.2,0.0,-3.6,0.4,-2.167,0.285,0.254,0.312,0.253,20,2,181.52,167.2,180.46,167.2,69.2,65.9,69.04,65.9,-2.6,-1.5,-2.5,-1.5,0.22,0.136,0.236,0.136,69,4,11.16,29.28,20.38,28.433,0.72,3.42,2.86,2.3,2.6,-2.1,2.9,-0.667,0.064,0.118,0.076,0.118,1
2024-06-30,Sunset,Gen.G,BLEED,90,4,192.56,209.05,195.18,209.05,71.8,73.55,70.42,73.55,0.8,2.75,-0.3,2.75,0.307,0.303,0.308,0.303,21,3,175.32,178.933,178.22,178.933,66.4,66.267,67.74,66.267,-4.0,-4.667,-2.5,-4.667,0.226,0.177,0.22,0.177,69,1,17.24,30.117,16.96,30.117,5.4,7.283,2.68,7.283,4.8,7.417,2.2,7.417,0.081,0.126,0.088,0.126,0
2024-06-30,Ascent,Gen.G,BLEED,91,17,190.64,197.96,193.82,197.76,71.52,73.2,70.32,73.66,-1.0,1.0,-1.2,0.6,0.286,0.26,0.305,0.309,22,4,180.08,207.0,181.06,207.0,69.12,76.7,69.12,76.7,-1.6,2.5,-1.7,2.5,0.266,0.3,0.232,0.3,69,13,10.56,-9.04,12.76,-9.24,2.4,-3.5,1.2,-3.04,0.6,-1.5,0.5,-1.9,0.02,-0.04,0.073,0.008,1
2024-06-30,Ascent,Global Esports,T1,42,6,200.92,196.68,200.84,195.767,75.04,68.28,73.36,69.067,2.0,2.0,1.7,1.333,0.319,0.231,0.283,0.243,81,8,203.48,203.72,194.14,202.575,72.76,76.24,70.26,72.775,0.0,2.2,-2.5,1.5,0.289,0.341,0.271,0.294,-39,-2,-2.56,-7.04,6.7,-6.808,2.28,-7.96,3.1,-3.708,2.0,-0.2,4.2,-0.167,0.03,-0.111,0.011,-0.051,0
2024-06-30,Bind,100 Thieves,LEVIATÁN,50,9,208.96,220.8,206.98,210.911,75.64,79.44,74.42,77.0,3.4,2.8,1.3,0.222,0.295,0.32,0.308,0.296,67,5,206.44,204.96,204.82,204.96,71.72,75.56,71.52,75.56,0.2,0.4,-0.6,0.4,0.27,0.281,0.267,0.281,-17,4,2.52,15.84,2.16,5.951,3.92,3.88,2.9,1.44,3.2,2.4,1.9,-0.178,0.025,0.04,0.041,0.015,0
2024-06-30,Haven,LEVIATÁN,100 Thieves,68,6,205.56,198.32,204.98,193.067,73.0,73.56,72.24,72.567,0.4,-1.2,0.1,-1.333,0.27,0.202,0.269,0.21,51,4,202.32,208.85,205.66,208.85,72.36,77.1,74.14,77.1,2.2,4.0,2.0,4.0,0.282,0.32,0.291,0.32,17,2,3.24,-10.53,-0.68,-15.783,0.64,-3.54,-1.9,-4.533,-1.8,-5.2,-1.9,-5.333,-0.012,-0.118,-0.022,-0.11,1
2024-06-30,Lotus,LOUD,MIBR,89,9,209.44,195.16,199.82,195.467,75.36,71.6,73.7,71.622,-2.2,-1.4,-1.0,0.778,0.273,0.245,0.271,0.272,38,7,185.24,172.92,180.16,184.0,64.68,63.88,64.32,67.2,-1.6,-3.4,-1.4,-1.857,0.209,0.229,0.186,0.259,51,2,24.2,22.24,19.66,11.467,10.68,7.72,9.38,4.422,-0.6,2.0,0.4,2.635,0.064,0.016,0.085,0.013,0
2024-06-30,Lotus,T1,Global Esports,82,17,206.84,196.84,197.92,197.78,74.36,71.92,72.16,72.54,1.0,1.8,-1.0,2.4,0.332,0.26,0.298,0.272,43,9,192.92,193.96,197.04,194.911,72.6,73.76,72.6,72.889,0.2,3.6,1.3,1.778,0.326,0.309,0.276,0.31,39,8,13.92,2.88,0.88,2.869,1.76,-1.84,-0.44,-0.349,0.8,-1.8,-2.3,0.622,0.005,-0.05,0.022,-0.038,1
2024-06-30,Icebox,T1,Global Esports,83,2,204.16,199.7,200.12,199.7,73.68,70.7,73.14,70.7,0.4,-2.0,-0.9,-2.0,0.34,0.282,0.313,0.282,44,6,193.96,211.68,195.14,212.0,72.36,73.32,71.84,72.8,1.4,0.6,1.4,-0.167,0.326,0.282,0.285,0.277,39,-4,10.2,-11.98,4.98,-12.3,1.32,-2.62,1.3,-2.1,-1.0,-2.6,-2.3,-1.833,0.013,0.0,0.028,0.005,0
2024-07-01,Sunset,DetonatioN FocusMe,Paper Rex,43,4,195.44,186.2,189.7,186.2,72.84,75.4,69.1,75.4,0.0,-2.5,-1.9,-2.5,0.226,0.226,0.245,0.226,107,10,216.96,217.72,209.72,208.2,79.16,80.76,75.44,76.2,3.0,3.4,2.2,0.6,0.339,0.43,0.327,0.338,-64,-6,-21.52,-31.52,-20.02,-22.0,-6.32,-5.36,-6.34,-0.8,-3.0,-5.9,-4.1,-3.1,-0.113,-0.204,-0.082,-0.112,0
2024-07-01,Split,Cloud9,Sentinels,60,6,185.56,213.32,203.66,215.7,69.4,80.24,73.66,80.033,0.0,2.0,2.6,3.0,0.295,0.292,0.273,0.302,67,14,208.44,205.64,198.78,204.5,76.56,76.72,73.18,75.2,1.4,0.4,1.9,0.4,0.371,0.352,0.322,0.285,-7,-8,-22.88,7.68,4.88,11.2,-7.16,3.52,0.48,4.833,-1.4,1.6,0.7,2.6,-0.076,-0.061,-0.048,0.016,0
2024-07-01,Haven,Cloud9,Sentinels,61,5,183.2,190.48,197.82,190.48,69.24,69.04,72.2,69.04,-0.6,2.0,1.9,2.0,0.302,0.32,0.264,0.32,68,2,207.76,184.2,199.06,184.2,75.56,75.2,74.42,75.2,0.2,-2.0,1.5,-2.0,0.359,0.208,0.33,0.208,-7,3,-24.56,6.28,-1.24,6.28,-6.32,-6.16,-2.22,-6.16,-0.8,4.0,0.4,4.0,-0.057,0.112,-0.067,0.112,0
2024-07-01,Bind,G2 Esports,NRG,31,6,187.96,200.64,194.08,201.167,68.52,74.48,70.46,74.633,-1.0,1.0,-0.5,1.167,0.214,0.321,0.261,0.306,71,11,182.48,169.0,184.74,188.02,66.4,62.2,66.8,66.64,-1.0,-4.6,-2.3,-2.7,0.238,0.185,0.218,0.258,-40,-5,5.48,31.64,9.34,13.147,2.12,12.28,3.66,7.993,-0.0,5.6,1.8,3.867,-0.024,0.136,0.043,0.047,1
2024-07-01,Haven,NRG,G2 Esports,72,9,178.6,207.16,187.86,204.289,66.04,75.08,68.66,74.933,-2.4,-1.6,-2.1,0.0,0.216,0.405,0.232,0.349,32,0,197.64,,196.06,,72.52,,71.76,,1.6,,-0.6,,0.29,,0.269,,40,9,-19.04,,-8.2,,-6.48,,-3.1,,-4.0,,-1.5,,-0.074,,-0.037,,0
2024-07-01,Icebox,DRX,TALON,85,2,181.16,214.8,196.26,214.8,65.4,80.1,70.54,80.1,-2.0,0.5,-2.5,0.5,0.224,0.314,0.274,0.314,49,6,201.8,182.68,185.36,191.033,72.72,64.96,68.8,67.467,2.6,1.6,-0.5,1.833,0.37,0.335,0.296,0.327,36,-4,-20.64,32.12,10.9,23.767,-7.32,15.14,1.74,12.633,-4.6,-1.1,-2.0,-1.333,-0.146,-0.021,-0.022,-0.012,1
2024-07-01,Haven,DRX,TALON,86,11,193.32,192.64,200.78,194.6,69.0,69.36,71.42,69.84,-1.4,-0.4,-1.3,0.2,0.3,0.321,0.303,0.289,50,4,203.48,195.85,185.4,195.85,71.52,68.2,68.3,68.2,2.2,-4.25,-1.3,-4.25,0.292,0.311,0.267,0.311,36,7,-10.16,-3.21,15.38,-1.25,-2.52,1.16,3.12,1.64,-3.6,3.85,0.0,4.45,0.008,0.01,0.036,-0.022,1
2024-07-01,Ascent,DRX,TALON,87,12,192.64,198.2,200.7,200.08,69.84,74.52,72.12,73.38,0.2,0.0,-0.7,-0.9,0.32,0.344,0.328,0.321,51,7,203.2,195.32,184.78,191.686,71.36,69.68,68.26,67.886,1.0,3.2,-1.0,1.857,0.266,0.297,0.262,0.278,36,5,-10.56,2.88,15.92,8.394,-1.52,4.84,3.86,5.494,-0.8,-3.2,0.3,-2.757,0.054,0.046,0.066,0.043,0
2024-07-01,Icebox,DetonatioN FocusMe,Paper Rex,44,1,196.84,190.6,189.46,190.6,73.16,63.6,69.26,63.6,-0.6,-4.0,-1.5,-4.0,0.254,0.321,0.23,0.321,108,7,216.6,212.72,208.72,208.286,77.2,77.92,74.86,75.971,1.4,2.2,1.6,2.143,0.343,0.361,0.336,0.336,-64,-6,-19.76,-22.12,-19.26,-17.686,-4.04,-14.32,-5.6,-12.371,-2.0,-6.2,-3.1,-6.143,-0.089,-0.04,-0.107,-0.014,0
2024-07-02,Icebox,Evil Geniuses,LEVIATÁN,92,3,211.28,173.467,209.54,173.467,78.12,62.067,75.08,62.067,4.4,-0.667,2.8,-0.667,0.341,0.238,0.375,0.238,69,10,210.16,197.84,204.34,200.86,72.96,70.16,71.8,72.42,1.2,1.2,0.2,0.9,0.326,0.276,0.281,0.317,23,-7,1.12,-24.373,5.2,-27.393,5.16,-8.093,3.28,-10.353,3.2,-1.867,2.6,-1.567,0.015,-0.038,0.094,-0.079,0
2024-07-02,Bind,LOUD,FURIA,90,8,205.64,200.48,199.0,206.425,75.24,72.84,72.82,72.4,-1.8,-4.8,-1.2,-2.625,0.282,0.288,0.255,0.292,49,7,187.16,192.8,184.2,193.657,69.6,70.92,67.5,70.657,-4.6,-1.2,-5.1,-0.286,0.229,0.215,0.193,0.239,41,1,18.48,7.68,14.8,12.768,5.64,1.92,5.32,1.743,2.8,-3.6,3.9,-2.339,0.053,0.073,0.062,0.053,0
2024-07-02,Icebox,LOUD,FURIA,91,9,204.04,189.52,197.44,200.778,73.12,65.32,71.32,71.356,-0.8,-1.6,-1.2,1.444,0.296,0.272,0.24,0.318,50,6,194.52,174.72,191.74,179.333,72.4,62.24,71.38,65.767,-3.4,-3.8,-4.5,-2.5,0.248,0.23,0.218,0.238,41,3,9.52,14.8,5.7,21.444,0.72,3.08,-0.06,5.589,2.6,2.2,3.3,3.944,0.048,0.042,0.022,0.079,0
2024-07-02,Haven,FURIA,LOUD,51,7,193.0,187.36,193.34,195.2,70.4,70.88,71.48,70.971,-3.6,-4.0,-3.7,-2.143,0.249,0.3,0.239,0.293,92,8,201.32,211.28,195.54,208.8,71.08,81.48,70.22,81.1,0.2,3.6,-2.4,3.875,0.263,0.369,0.214,0.341,-41,-1,-8.32,-23.92,-2.2,-13.6,-0.68,-10.6,1.26,-10.129,-3.8,-7.6,-1.3,-6.018,-0.014,-0.069,0.025,-0.048,0
2024-07-02,Sunset,Evil Geniuses,LEVIATÁN,93,4,202.6,202.2,203.7,202.2,75.92,72.15,73.92,72.15,2.8,3.75,2.6,3.75,0.291,0.377,0.354,0.377,70,4,218.8,210.35,211.42,210.35,75.0,76.85,73.4,76.85,3.2,7.25,1.3,7.25,0.348,0.282,0.293,0.282,23,0,-16.2,-8.15,-7.72,-8.15,0.92,-4.7,0.52,-4.7,-0.4,-3.5,1.3,-3.5,-0.057,0.095,0.061,0.095,0
2024-07-03,Sunset,KRÜ Esports,NRG,63,3,193.04,202.933,189.7,202.933,71.92,69.8,69.64,69.8,1.2,-0.333,0.3,-0.333,0.264,0.323,0.241,0.323,73,4,180.44,192.1,182.48,192.1,67.04,66.7,66.86,66.7,-1.2,-3.5,-2.9,-3.5,0.226,0.196,0.213,0.196,-10,-1,12.6,10.833,7.22,10.833,4.88,3.1,2.78,3.1,2.4,3.167,3.2,3.167,0.039,0.127,0.028,0.127,0
2024-07-03,Ascent,NRG,KRÜ Esports,74,9,185.4,185.12,182.9,190.022,68.72,67.84,67.38,71.089,0.2,-1.4,-1.3,1.0,0.248,0.243,0.207,0.238,64,13,188.76,191.0,187.66,196.3,72.28,69.28,69.0,70.86,-1.6,-1.8,-0.8,-0.7,0.266,0.247,0.254,0.263,10,-4,-3.36,-5.88,-4.76,-6.278,-3.56,-1.44,-1.62,0.229,1.8,0.4,-0.5,1.7,-0.018,-0.003,-0.047,-0.025,1
2024-07-03,Split,NRG,KRÜ Esports,75,11,192.76,208.28,187.28,211.42,71.6,75.6,68.52,77.9,2.0,-1.4,0.0,0.9,0.243,0.305,0.227,0.354,65,12,189.32,190.44,186.38,188.78,71.64,75.92,68.46,73.12,-1.8,1.8,-2.3,0.5,0.266,0.285,0.239,0.254,10,-1,3.44,17.84,0.9,22.64,-0.04,-0.32,0.06,4.78,3.8,-3.2,2.3,0.4,-0.023,0.02,-0.012,0.099,0
2024-07-03,Split,100 Thieves,MIBR,52,9,193.0,197.36,202.38,196.667,69.84,73.12,74.14,71.8,-1.2,0.0,1.4,1.333,0.214,0.309,0.253,0.299,39,5,188.68,176.16,188.2,176.16,67.0,64.84,67.38,64.84,-0.4,-4.4,-0.8,-4.4,0.213,0.234,0.203,0.234,13,4,4.32,21.2,14.18,20.507,2.84,8.28,6.76,6.96,-0.8,4.4,2.2,5.733,0.001,0.075,0.051,0.065,1
2024-07-03,Icebox,100 Thieves,MIBR,53,6,198.08,202.16,206.26,205.433,73.12,73.12,75.92,74.433,-0.2,1.0,1.5,0.5,0.233,0.351,0.261,0.358,40,6,185.96,179.04,185.7,183.967,67.44,65.84,67.06,67.5,0.6,-2.2,-1.5,-0.667,0.205,0.214,0.205,0.251,13,0,12.12,23.12,20.56,21.467,5.68,7.28,8.86,6.933,-0.8,3.2,3.0,1.167,0.028,0.137,0.055,0.106,1
2024-07-03,Split,FUT Esports,Gentle Mates,75,13,200.0,193.68,195.22,185.5,71.88,69.36,70.54,68.46,3.4,-2.2,0.4,-1.5,0.338,0.308,0.314,0.279,15,3,195.2,199.533,190.14,199.533,75.12,75.467,69.96,75.467,0.6,4.333,1.2,4.333,0.344,0.31,0.313,0.31,60,10,4.8,-5.853,5.08,-14.033,-3.24,-6.107,0.58,-7.007,2.8,-6.533,-0.8,-5.833,-0.006,-0.003,0.001,-0.031,1
2024-07-03,Bind,GIANTX,Team Heretics,20,2,187.32,189.8,189.6,189.8,69.48,70.6,70.66,70.6,0.2,5.5,2.2,5.5,0.324,0.292,0.326,0.292,57,5,215.84,206.2,201.68,206.2,78.04,78.28,73.76,78.28,1.4,1.0,-0.1,1.0,0.322,0.354,0.31,0.354,-37,-3,-28.52,-16.4,-12.08,-16.4,-8.56,-7.68,-3.1,-7.68,-1.2,4.5,2.3,4.5,0.002,-0.061,0.016,-0.061,0
2024-07-03,Split,GIANTX,Team Heretics,21,2,186.56,142.6,187.3,142.6,69.64,65.4,70.46,65.4,0.6,-2.0,1.6,-2.0,0.304,0.161,0.311,0.161,58,8,222.92,193.4,202.34,192.85,81.6,72.16,75.06,70.65,1.6,0.6,0.5,0.125,0.329,0.289,0.298,0.314,-37,-6,-36.36,-50.8,-15.04,-50.25,-11.96,-6.76,-4.6,-5.25,-1.0,-2.6,1.1,-2.125,-0.024,-0.128,0.013,-0.154,1
2024-07-03,Haven,Team Heretics,GIANTX,59,3,214.64,177.867,207.64,177.867,77.28,69.467,76.1,69.467,-0.4,-0.333,0.7,-0.333,0.318,0.232,0.308,0.232,22,0,196.32,,187.12,,73.72,,70.16,,1.4,,2.0,,0.292,,0.31,,37,3,18.32,,20.52,,3.56,,5.94,,-1.8,,-1.3,,0.026,,-0.003,,1
2024-07-03,Sunset,Gentle Mates,FUT Esports,16,4,181.36,201.9,191.5,201.9,69.12,75.05,70.52,75.05,-0.8,-3.25,1.8,-3.25,0.282,0.344,0.298,0.344,76,4,204.32,199.85,199.54,199.85,72.28,72.85,71.8,72.85,1.8,0.25,0.8,0.25,0.339,0.352,0.341,0.352,-60,0,-22.96,2.05,-8.04,2.05,-3.16,2.2,-1.28,2.2,-2.6,-3.5,1.0,-3.5,-0.057,-0.009,-0.042,-0.009,0
2024-07-04,Icebox,Natus Vincere,KOI,71,1,183.68,200.0,184.5,200.0,63.92,71.2,66.34,71.2,-3.0,-2.0,-2.1,-2.0,0.187,0.375,0.198,0.375,38,1,201.4,224.0,193.26,224.0,76.08,74.6,71.6,74.6,-2.8,2.0,-1.7,2.0,0.296,0.346,0.274,0.346,33,0,-17.72,-24.0,-8.76,-24.0,-12.16,-3.4,-5.26,-3.4,-0.2,-4.0,-0.4,-4.0,-0.109,0.029,-0.076,0.029,0
2024-07-04,Split,Natus Vincere,KOI,72,12,183.28,206.08,181.26,193.74,65.16,76.8,65.54,70.74,-2.4,0.6,-2.7,1.1,0.196,0.276,0.181,0.278,39,6,209.88,192.64,197.58,194.133,79.84,71.24,73.6,71.233,-1.6,-1.8,-1.4,-2.5,0.359,0.297,0.289,0.293,33,6,-26.6,13.44,-16.32,-0.393,-14.68,5.56,-8.06,-0.493,-0.8,2.4,-1.3,3.6,-0.163,-0.021,-0.108,-0.015,0
2024-07-04,Bind,Karmine Corp,Team Liquid,58,7,200.16,192.32,192.2,195.114,75.0,73.8,74.2,73.743,-0.2,3.2,2.3,3.0,0.18,0.375,0.213,0.342,69,7,185.52,187.64,191.78,192.0,67.4,67.28,70.4,69.714,-4.8,-1.8,-3.1,-2.429,0.206,0.286,0.237,0.311,-11,0,14.64,4.68,0.42,3.114,7.6,6.52,3.8,4.029,4.6,5.0,5.4,5.429,-0.025,0.089,-0.024,0.031,0
2024-07-04,Sunset,Karmine Corp,Team Liquid,59,5,197.24,207.36,190.6,207.36,73.88,77.44,72.1,77.44,0.0,-1.8,1.7,-1.8,0.187,0.284,0.195,0.284,70,1,190.48,142.6,200.08,142.6,68.4,61.6,72.16,61.6,-5.6,-3.0,-3.2,-3.0,0.214,0.133,0.253,0.133,-11,4,6.76,64.76,-9.48,64.76,5.48,15.84,-0.06,15.84,5.6,1.2,4.9,1.2,-0.027,0.15,-0.058,0.15,0
2024-07-05,Lotus,Global Esports,Gen.G,45,10,194.44,195.0,197.8,194.34,73.96,74.16,73.4,72.34,-0.2,3.6,1.0,1.9,0.318,0.305,0.295,0.298,92,15,193.08,203.88,198.3,194.88,73.48,75.52,72.64,72.22,0.4,3.8,-0.2,1.7,0.304,0.321,0.308,0.264,-47,-5,1.36,-8.88,-0.5,-0.54,0.48,-1.36,0.76,0.12,-0.6,-0.2,1.2,0.2,0.014,-0.015,-0.013,0.034,0
2024-07-05,Sunset,Rex Regum Qeon,Paper Rex,50,2,206.72,203.0,207.5,203.0,74.96,76.3,74.44,76.3,0.6,-0.5,0.6,-0.5,0.289,0.268,0.323,0.268,109,11,219.84,216.56,212.98,207.6,77.28,79.28,76.92,74.96,2.8,3.0,2.7,0.2,0.369,0.398,0.371,0.347,-59,-9,-13.12,-13.56,-5.48,-4.6,-2.32,-2.98,-2.48,1.34,-2.2,-3.5,-2.1,-0.7,-0.079,-0.13,-0.048,-0.08,0
2024-07-05,Ascent,Rex Regum Qeon,Paper Rex,51,9,206.48,190.96,205.46,199.867,77.4,68.36,74.94,71.756,-0.6,-3.2,0.1,-3.556,0.315,0.318,0.325,0.325,110,13,210.84,194.04,211.58,198.86,76.8,72.08,77.26,72.24,4.4,1.2,2.6,1.9,0.35,0.309,0.36,0.289,-59,-4,-4.36,-3.08,-6.12,1.007,0.6,-3.72,-2.32,-0.484,-5.0,-4.4,-2.5,-5.456,-0.035,0.008,-0.035,0.036,1
2024-07-05,Lotus,Rex Regum Qeon,Paper Rex,52,7,208.72,197.76,207.34,192.029,78.08,74.72,76.3,72.171,-0.2,0.8,-0.3,-0.143,0.319,0.349,0.304,0.28,111,19,212.16,223.68,210.66,207.7,76.88,80.84,76.36,72.44,3.0,2.4,2.4,-0.1,0.362,0.386,0.339,0.305,-59,-12,-3.44,-25.92,-3.32,-15.671,1.2,-6.12,-0.06,-0.269,-3.2,-1.6,-2.7,-0.043,-0.042,-0.037,-0.035,-0.024,0
2024-07-05,Lotus,Gentle Mates,Team Heretics,17,2,181.4,164.1,188.6,164.1,70.0,55.9,70.16,55.9,2.6,-4.0,1.5,-4.0,0.245,0.147,0.273,0.147,60,14,205.24,188.64,206.02,193.0,74.92,68.08,76.08,69.68,-0.8,-3.6,1.4,-2.3,0.333,0.25,0.339,0.291,-43,-12,-23.84,-24.54,-17.42,-28.9,-4.92,-12.18,-5.92,-13.78,3.4,-0.4,0.1,-1.7,-0.088,-0.103,-0.066,-0.144,0
2024-07-05,Ascent,Global Esports,Gen.G,46,7,173.0,188.88,188.1,191.543,66.84,66.8,70.42,68.2,-1.6,-0.4,0.3,0.429,0.258,0.236,0.281,0.249,93,18,202.48,201.0,201.8,196.78,77.68,75.36,74.84,73.68,1.2,1.6,-0.2,0.5,0.304,0.278,0.305,0.305,-47,-11,-29.48,-12.12,-13.7,-5.237,-10.84,-8.56,-4.42,-5.48,-2.8,-2.0,0.5,-0.071,-0.046,-0.042,-0.025,-0.056,0
2024-07-05,Sunset,Team Heretics,Gentle Mates,61,8,200.92,214.12,207.66,214.475,75.0,79.8,77.0,79.475,1.8,1.8,2.5,2.0,0.337,0.329,0.33,0.339,18,5,177.12,197.36,181.22,197.36,69.36,73.96,68.6,73.96,-0.2,-2.4,0.1,-2.4,0.239,0.313,0.262,0.313,43,3,23.8,16.76,26.44,17.115,5.64,5.84,8.4,5.515,2.0,4.2,2.4,4.4,0.097,0.016,0.068,0.026,1
2024-07-05,Icebox,Gentle Mates,Team Heretics,19,3,172.12,179.733,179.66,179.733,65.48,62.267,68.26,62.267,-1.2,4.667,-0.4,4.667,0.214,0.245,0.263,0.245,62,6,197.52,184.96,206.68,189.833,76.36,65.64,77.2,68.367,2.8,-0.8,2.1,-1.0,0.357,0.238,0.34,0.254,-43,-3,-25.4,-5.227,-27.02,-10.1,-10.88,-3.373,-8.94,-6.1,-4.0,5.467,-2.5,5.667,-0.143,0.007,-0.076,-0.009,1
2024-07-05,Ascent,Team Vitality,BBL Esports,47,5,198.0,192.96,192.52,192.96,69.84,69.44,69.76,69.44,2.2,-1.4,1.8,-1.4,0.304,0.295,0.304,0.295,44,9,186.48,196.88,184.06,203.978,68.28,70.16,66.02,73.867,2.0,4.6,0.4,3.222,0.287,0.3,0.26,0.322,3,-4,11.52,-3.92,8.46,-11.018,1.56,-0.72,3.74,-4.427,0.2,-6.0,1.4,-4.622,0.017,-0.005,0.044,-0.027,1
2024-07-05,Sunset,BBL Esports,Team Vitality,45,5,184.84,195.96,184.06,195.96,66.92,70.96,65.92,70.96,2.4,1.6,1.3,1.6,0.307,0.269,0.279,0.269,48,4,198.12,205.65,191.0,205.65,70.96,77.2,69.26,77.2,1.0,1.25,0.8,1.25,0.292,0.23,0.289,0.23,-3,1,-13.28,-9.69,-6.94,-9.69,-4.04,-6.24,-3.34,-6.24,1.4,0.35,0.5,0.35,0.016,0.039,-0.01,0.039,1
2024-07-05,Lotus,Team Vitality,BBL Esports,49,10,192.8,181.0,190.1,191.98,69.52,66.48,69.48,67.98,-1.8,-3.4,0.3,-2.9,0.226,0.244,0.273,0.259,46,5,196.04,184.96,189.2,184.96,70.92,67.6,68.26,67.6,4.6,-1.4,3.1,-1.4,0.369,0.256,0.305,0.256,3,5,-3.24,-3.96,0.9,7.02,-1.4,-1.12,1.22,0.38,-6.4,-2.0,-2.8,-1.5,-0.143,-0.013,-0.032,0.003,1
2024-07-06,Haven,ZETA DIVISION,TALON,60,10,191.92,169.64,187.96,194.36,72.96,61.16,70.0,70.08,-2.2,-4.2,-1.4,0.8,0.287,0.211,0.258,0.244,52,5,206.12,194.84,194.2,194.84,72.64,68.68,70.7,68.68,0.8,-3.6,0.1,-3.6,0.255,0.284,0.295,0.284,8,5,-14.2,-25.2,-6.24,-0.48,0.32,-7.52,-0.7,1.4,-3.0,-0.6,-1.5,4.4,0.032,-0.073,-0.038,-0.039,1
2024-07-06,Icebox,LOUD,LEVIATÁN,93,10,197.32,196.64,202.18,201.58,68.24,67.56,72.02,71.1,-1.0,0.0,-1.9,1.2,0.27,0.255,0.241,0.294,71,11,219.16,210.96,211.68,208.5,76.0,72.28,73.62,74.28,3.4,2.2,2.0,1.9,0.359,0.294,0.289,0.334,22,-1,-21.84,-14.32,-9.5,-6.92,-7.76,-4.72,-1.6,-3.18,-4.4,-2.2,-3.9,-0.7,-0.09,-0.039,-0.048,-0.039,0
2024-07-06,Icebox,DetonatioN FocusMe,DRX,45,2,185.24,174.5,188.06,174.5,70.72,63.0,69.58,63.0,-1.2,-5.5,-1.8,-5.5,0.22,0.19,0.23,0.19,88,3,196.2,220.2,197.74,220.2,71.52,78.267,71.68,78.267,0.6,1.667,-1.0,1.667,0.337,0.376,0.306,0.376,-43,-1,-10.96,-45.7,-9.68,-45.7,-0.8,-15.267,-2.1,-15.267,-1.8,-7.167,-0.8,-7.167,-0.117,-0.186,-0.075,-0.186,0
2024-07-06,Ascent,DRX,DetonatioN FocusMe,89,13,196.76,193.2,192.18,197.08,71.48,75.76,69.2,72.36,1.0,0.6,-0.9,-1.0,0.373,0.308,0.304,0.316,46,9,179.4,185.96,189.16,180.956,68.92,72.04,70.62,69.911,-3.8,-1.0,-1.8,-1.889,0.162,0.282,0.198,0.265,43,4,17.36,7.24,3.02,16.124,2.56,3.72,-1.42,2.449,4.8,1.6,0.9,0.889,0.212,0.026,0.106,0.051,0
2024-07-06,Haven,DetonatioN FocusMe,DRX,47,4,182.2,171.3,191.44,171.3,68.6,66.6,71.28,66.6,-3.0,-1.0,-0.9,-1.0,0.183,0.135,0.222,0.135,90,12,197.28,183.32,189.22,195.12,72.64,67.96,69.02,71.38,0.8,-1.2,-0.6,0.7,0.369,0.325,0.296,0.303,-43,-8,-15.08,-12.02,2.22,-23.82,-4.04,-1.36,2.26,-4.78,-3.8,0.2,-0.3,-1.7,-0.186,-0.191,-0.075,-0.168,0
2024-07-06,Ascent,TALON,ZETA DIVISION,53,8,200.72,196.32,197.68,194.075,69.44,69.24,70.58,68.8,-0.4,2.4,0.1,1.625,0.26,0.277,0.305,0.285,61,13,192.88,191.88,190.04,194.64,71.84,67.52,70.08,70.24,0.0,-4.4,0.0,-2.9,0.255,0.262,0.242,0.238,-8,-5,7.84,4.44,7.64,-0.565,-2.4,1.72,0.5,-1.44,-0.4,6.8,0.1,4.525,0.006,0.015,0.063,0.047,0
2024-07-06,Lotus,TALON,ZETA DIVISION,54,10,190.84,186.88,196.32,188.48,67.88,69.92,70.3,69.62,-3.4,-0.6,-0.4,-0.9,0.222,0.32,0.296,0.361,62,8,198.64,213.12,192.88,208.6,72.64,78.64,70.78,75.275,0.2,1.4,0.3,-0.125,0.296,0.283,0.253,0.302,-8,2,-7.8,-26.24,3.44,-20.12,-4.76,-8.72,-0.48,-5.655,-3.6,-2.0,-0.7,-0.775,-0.074,0.037,0.043,0.06,1
2024-07-06,Lotus,LOUD,LEVIATÁN,94,10,191.92,191.4,200.68,194.78,66.12,70.88,70.74,71.38,0.0,-1.8,-1.1,0.7,0.24,0.267,0.257,0.274,72,12,223.76,199.24,215.1,196.74,77.88,75.12,74.8,75.02,4.0,2.2,2.1,2.5,0.321,0.293,0.295,0.269,22,-2,-31.84,-7.84,-14.42,-1.96,-11.76,-4.24,-4.06,-3.64,-4.0,-4.0,-3.2,-1.8,-0.08,-0.026,-0.038,0.005,0
2024-07-06,Ascent,G2 Esports,KRÜ Esports,33,5,201.92,195.2,196.8,195.2,73.44,70.16,72.62,70.16,1.2,-0.2,-0.2,-0.2,0.314,0.305,0.281,0.305,66,14,187.12,194.04,189.0,190.84,70.84,68.76,69.12,68.54,-3.0,-1.8,-1.9,-1.7,0.25,0.271,0.256,0.251,-33,-9,14.8,1.16,7.8,4.36,2.6,1.4,3.5,1.62,4.2,1.6,1.7,1.5,0.065,0.035,0.025,0.054,1
2024-07-06,Lotus,KRÜ Esports,G2 Esports,67,12,191.92,209.4,192.76,204.52,71.96,76.76,70.94,76.0,-2.6,5.2,-0.7,3.7,0.253,0.296,0.26,0.317,34,6,207.08,201.64,197.72,204.133,74.28,76.96,72.46,76.5,0.4,0.2,-0.5,1.0,0.329,0.352,0.279,0.333,33,6,-15.16,7.76,-4.96,0.387,-2.32,-0.2,-1.52,-0.5,-3.0,5.0,-0.2,2.7,-0.076,-0.055,-0.018,-0.016,1
2024-07-06,Split,KRÜ Esports,G2 Esports,68,13,204.16,190.68,198.6,191.1,74.0,74.04,72.96,73.82,-1.8,0.0,-0.3,0.5,0.277,0.265,0.271,0.257,35,2,199.84,179.6,194.16,179.6,71.4,68.9,71.16,68.9,-1.2,-2.5,-1.2,-2.5,0.286,0.152,0.257,0.152,33,11,4.32,11.08,4.44,11.5,2.6,5.14,1.8,4.92,-0.6,2.5,0.9,3.0,-0.009,0.113,0.014,0.105,0
2024-07-07,Split,Team Secret,Gen.G,65,9,200.28,200.32,198.58,191.556,69.96,75.88,71.28,71.778,0.0,0.6,0.7,-0.444,0.311,0.286,0.284,0.246,94,13,215.76,183.12,204.22,193.02,80.6,66.32,75.26,70.14,1.4,-4.6,0.7,-0.6,0.333,0.321,0.309,0.338,-29,-4,-15.48,17.2,-5.64,-1.464,-10.64,9.56,-3.98,1.638,-1.4,5.2,-0.0,0.156,-0.022,-0.035,-0.024,-0.091,1
2024-07-07,Ascent,Paper Rex,ZETA DIVISION,112,14,206.88,194.4,211.92,198.46,75.84,72.12,77.5,71.84,4.2,1.2,3.6,1.7,0.374,0.265,0.357,0.279,63,14,197.72,199.68,194.14,195.86,72.0,69.44,70.66,70.12,1.4,-2.2,0.3,-2.6,0.318,0.313,0.277,0.263,49,0,9.16,-5.28,17.78,2.6,3.84,2.68,6.84,1.72,2.8,3.4,3.3,4.3,0.056,-0.048,0.079,0.016,0
2024-07-07,Lotus,ZETA DIVISION,Paper Rex,64,9,206.24,206.32,201.52,205.467,73.76,77.04,72.98,74.111,1.6,0.4,0.6,-0.444,0.343,0.277,0.313,0.295,113,20,204.28,221.36,210.44,210.08,75.4,80.04,76.3,73.8,4.4,4.0,2.9,1.0,0.334,0.426,0.338,0.332,-49,-11,1.96,-15.04,-8.92,-4.613,-1.64,-3.0,-3.32,0.311,-2.8,-3.6,-2.3,-1.444,0.009,-0.149,-0.025,-0.038,0
2024-07-07,Sunset,ZETA DIVISION,Paper Rex,65,7,202.2,198.96,197.06,204.743,68.64,74.68,70.8,76.714,0.0,1.6,-1.1,1.429,0.302,0.36,0.294,0.343,114,12,207.16,211.32,213.5,206.26,76.24,78.6,76.76,75.16,4.8,3.6,3.8,0.8,0.294,0.377,0.331,0.347,-49,-5,-4.96,-12.36,-16.44,-1.517,-7.6,-3.92,-5.96,1.554,-4.8,-2.0,-4.9,0.629,0.008,-0.018,-0.037,-0.005,0
2024-07-07,Sunset,Cloud9,NRG,62,3,178.48,215.333,188.38,215.333,69.52,77.533,69.64,77.533,-1.4,-0.333,0.9,-0.333,0.275,0.337,0.255,0.337,76,5,203.32,195.52,192.9,195.52,73.68,68.96,70.04,68.96,2.6,-0.8,0.8,-0.8,0.243,0.217,0.241,0.217,-14,-2,-24.84,19.813,-4.52,19.813,-4.16,8.573,-0.4,8.573,-4.0,0.467,0.1,0.467,0.031,0.12,0.014,0.12,1
2024-07-07,Icebox,NRG,Cloud9,77,2,205.76,218.2,192.18,218.2,74.2,78.4,70.12,78.4,3.6,-1.0,0.6,-1.0,0.251,0.342,0.234,0.342,63,4,178.68,209.15,189.38,209.15,68.8,74.35,70.46,74.35,-2.2,3.75,0.6,3.75,0.285,0.304,0.293,0.304,14,-2,27.08,9.05,2.8,9.05,5.4,4.05,-0.34,4.05,5.8,-4.75,0.0,-4.75,-0.033,0.038,-0.059,0.038,0
2024-07-07,Ascent,Cloud9,NRG,64,12,187.04,183.04,187.26,197.44,69.92,66.64,70.18,72.36,-1.0,-0.4,-0.1,1.0,0.289,0.234,0.281,0.272,78,10,209.4,193.8,194.92,193.42,75.64,70.2,71.34,71.88,3.8,-0.8,1.3,1.6,0.262,0.255,0.244,0.243,-14,2,-22.36,-10.76,-7.66,4.02,-5.72,-3.56,-1.16,0.48,-4.8,0.4,-1.4,-0.6,0.027,-0.021,0.037,0.029,0
2024-07-07,Icebox,FURIA,MIBR,52,7,189.6,183.68,196.34,183.629,69.56,64.8,71.92,66.286,-1.2,-1.8,-3.1,-2.0,0.226,0.262,0.257,0.26,41,7,180.88,182.28,182.06,181.257,65.64,68.2,66.08,67.229,-0.2,-1.4,-1.7,-0.286,0.211,0.235,0.208,0.239,11,0,8.72,1.4,14.28,2.371,3.92,-3.4,5.84,-0.943,-1.0,-0.4,-1.4,-1.714,0.015,0.026,0.049,0.021,1
2024-07-07,Sunset,FURIA,MIBR,53,0,202.12,,193.18,,72.24,,70.92,,0.0,,-2.8,,0.274,,0.259,,42,3,181.0,190.933,184.04,190.933,64.44,63.8,65.52,63.8,0.2,-1.667,-1.7,-1.667,0.191,0.184,0.217,0.184,11,-3,21.12,,9.14,,7.8,,5.4,,-0.2,,-1.1,,0.083,,0.042,,1
2024-07-07,Sunset,Gen.G,Team Secret,95,5,214.08,206.92,203.32,206.92,79.88,73.48,75.84,73.48,1.4,1.2,1.1,1.2,0.336,0.295,0.321,0.295,66,8,200.24,210.24,199.48,208.5,71.0,75.36,71.56,75.025,-1.0,3.8,0.3,4.25,0.312,0.345,0.302,0.319,29,-3,13.84,-3.32,3.84,-1.58,8.88,-1.88,4.28,-1.545,2.4,-2.6,0.8,-3.05,0.025,-0.05,0.019,-0.024,0
2024-07-07,Lotus,Team Secret,Gen.G,67,11,203.16,191.72,203.56,188.56,73.32,67.64,73.16,67.1,0.2,-1.8,0.8,-1.7,0.335,0.216,0.329,0.246,96,16,211.24,214.52,200.94,205.46,77.88,79.28,74.7,76.6,1.8,4.6,0.4,2.6,0.305,0.34,0.296,0.294,-29,-5,-8.08,-22.8,2.62,-16.9,-4.56,-11.64,-1.54,-9.5,-1.6,-6.4,0.4,-4.3,0.03,-0.123,0.034,-0.048,0
2024-07-08,Bind,BLEED,T1,23,3,182.92,184.067,181.28,184.067,68.6,70.333,69.02,70.333,-1.6,-1.667,-1.4,-1.667,0.261,0.262,0.237,0.262,84,13,208.56,185.48,206.72,193.34,74.52,70.52,74.46,71.46,1.4,-4.8,0.5,-3.6,0.363,0.25,0.335,0.298,-61,-10,-25.64,-1.413,-25.44,-9.273,-5.92,-0.187,-5.44,-1.127,-3.0,3.133,-1.9,1.933,-0.102,0.012,-0.098,-0.036,0
2024-07-08,Lotus,T1,BLEED,85,18,213.28,197.2,206.26,201.0,76.68,72.08,74.62,73.62,2.4,-1.2,1.1,1.6,0.369,0.273,0.331,0.28,24,5,181.36,180.4,184.0,180.4,66.6,71.36,69.16,71.36,-1.4,-3.2,-1.9,-3.2,0.252,0.216,0.248,0.216,61,13,31.92,16.8,22.26,20.6,10.08,0.72,5.46,2.26,3.8,2.0,3.0,4.8,0.117,0.057,0.083,0.064,0
2024-07-08,Ascent,BLEED,T1,25,5,190.6,201.92,186.06,201.92,69.84,74.0,69.52,74.0,-0.4,1.0,-1.5,1.0,0.293,0.282,0.257,0.282,86,9,210.64,200.52,207.06,203.2,77.36,76.24,75.06,73.578,1.4,3.4,0.7,1.889,0.345,0.375,0.317,0.309,-61,-4,-20.04,1.4,-21.0,-1.28,-7.52,-2.24,-5.54,0.422,-1.8,-2.4,-2.2,-0.889,-0.052,-0.092,-0.06,-0.027,0
2024-07-08,Bind,100 Thieves,Evil Geniuses,54,10,202.12,210.48,207.16,208.0,75.32,75.12,75.82,75.64,-0.2,0.6,1.2,-0.1,0.265,0.275,0.285,0.283,94,10,200.8,210.12,203.22,206.34,74.56,75.76,74.02,73.18,0.4,2.2,1.8,2.1,0.261,0.313,0.341,0.278,-40,0,1.32,0.36,3.94,1.66,0.76,-0.64,1.8,2.46,-0.6,-1.6,-0.6,-2.2,0.003,-0.038,-0.056,0.006,0
2024-07-08,Ascent,Evil Geniuses,100 Thieves,95,15,206.24,213.4,202.68,211.04,76.36,73.92,73.76,74.98,-0.2,0.0,1.5,1.5,0.269,0.397,0.334,0.354,55,6,202.36,200.64,205.66,196.767,74.72,71.12,75.18,69.767,-2.8,-1.2,0.3,-0.333,0.241,0.256,0.268,0.277,40,9,3.88,12.76,-2.98,14.273,1.64,2.8,-1.42,5.213,2.6,1.2,1.2,1.833,0.028,0.141,0.066,0.077,0
2024-07-08,Lotus,Evil Geniuses,100 Thieves,96,16,194.96,198.8,199.0,208.54,70.4,67.96,71.86,73.1,-2.2,0.4,0.2,0.2,0.244,0.261,0.297,0.302,56,3,211.92,187.467,207.12,187.467,79.04,68.667,75.7,68.667,-1.0,-2.0,0.6,-2.0,0.277,0.233,0.279,0.233,40,13,-16.96,11.333,-8.12,21.073,-8.64,-0.707,-3.84,4.433,-1.2,2.4,-0.4,2.2,-0.033,0.028,0.017,0.069,0
2024-07-09,Lotus,GIANTX,FUT Esports,23,3,205.08,205.533,184.92,205.533,76.24,75.4,70.22,75.4,1.4,4.667,1.1,4.667,0.316,0.373,0.286,0.373,77,16,206.48,206.52,201.76,210.6,73.08,73.52,72.68,73.6,0.8,2.0,1.3,2.5,0.332,0.259,0.359,0.303,-54,-13,-1.4,-0.987,-16.84,-5.067,3.16,1.88,-2.46,1.8,0.6,2.667,-0.2,2.167,-0.016,0.114,-0.074,0.07,0
2024-07-09,Split,FUT Esports,GIANTX,78,14,204.52,194.36,203.32,187.46,72.24,69.52,73.2,68.34,-0.2,-2.8,1.4,-2.0,0.382,0.344,0.383,0.296,24,3,199.4,166.0,189.76,166.0,74.28,68.133,71.06,68.133,1.8,-0.667,2.0,-0.667,0.261,0.202,0.294,0.202,54,11,5.12,28.36,13.56,21.46,-2.04,1.387,2.14,0.207,-2.0,-2.133,-0.6,-1.333,0.12,0.141,0.089,0.093,1
2024-07-10,Haven,KOI,Team Heretics,40,3,204.2,194.267,198.86,194.267,77.48,73.067,72.74,73.067,-3.0,-3.667,-1.8,-3.667,0.359,0.275,0.302,0.275,63,4,194.56,178.4,208.74,178.4,74.32,69.4,77.96,69.4,3.0,-0.25,2.3,-0.25,0.355,0.277,0.342,0.277,-23,-1,9.64,15.867,-9.88,15.867,3.16,3.667,-5.22,3.667,-6.0,-3.417,-4.1,-3.417,0.004,-0.002,-0.04,-0.002,0
2024-07-10,Bind,Team Heretics,KOI,64,6,191.32,208.52,202.98,205.233,76.72,80.08,77.0,78.7,2.4,1.4,1.0,0.833,0.369,0.341,0.344,0.34,41,1,195.44,153.2,198.44,153.2,75.04,59.0,73.16,59.0,-2.0,-6.0,-1.5,-6.0,0.323,0.111,0.301,0.111,23,5,-4.12,55.32,4.54,52.033,1.68,21.08,3.84,19.7,4.4,7.4,2.5,6.833,0.046,0.23,0.043,0.229,1
2024-07-10,Icebox,KOI,Team Heretics,42,2,196.32,219.9,200.58,219.9,72.44,78.9,73.72,78.9,-3.0,0.5,-2.3,0.5,0.327,0.384,0.313,0.384,65,7,194.32,194.6,199.78,189.229,76.16,70.24,75.54,68.686,3.6,1.4,1.4,-0.714,0.36,0.278,0.347,0.255,-23,-5,2.0,25.3,0.8,30.671,-3.72,8.66,-1.82,10.214,-6.6,-0.9,-3.7,1.214,-0.033,0.106,-0.033,0.129,1
2024-07-10,Icebox,FNATIC,Team Liquid,90,8,210.48,201.6,204.92,213.675,75.36,71.48,74.34,77.05,1.0,-2.6,-0.8,-0.125,0.364,0.27,0.33,0.311,71,6,200.64,208.4,202.36,209.8,71.36,73.36,72.3,73.9,-3.4,-3.4,-2.6,-1.5,0.225,0.304,0.251,0.323,19,2,9.84,-6.8,2.56,3.875,4.0,-1.88,2.04,3.15,4.4,0.8,1.8,1.375,0.139,-0.034,0.078,-0.012,1
2024-07-10,Haven,Team Liquid,FNATIC,72,7,192.76,195.56,191.48,182.314,69.8,71.12,68.94,67.514,-4.2,1.2,-2.6,-0.286,0.19,0.274,0.211,0.248,91,12,213.8,208.6,209.8,213.88,75.6,73.16,76.16,76.44,0.8,4.2,0.7,3.5,0.41,0.37,0.363,0.371,-19,-5,-21.04,-13.04,-18.32,-31.566,-5.8,-2.04,-7.22,-8.926,-5.0,-3.0,-3.3,-3.786,-0.22,-0.096,-0.152,-0.123,0
2024-07-11,Sunset,Gentle Mates,Natus Vincere,20,6,174.2,189.0,184.7,192.567,65.4,70.24,70.26,71.467,-3.0,-3.2,-1.2,-2.667,0.234,0.305,0.289,0.303,73,3,182.36,190.2,186.54,190.2,65.04,68.133,67.3,68.133,-0.6,1.0,-2.3,1.0,0.215,0.25,0.186,0.25,-53,3,-8.16,-1.2,-1.84,2.367,0.36,2.107,2.96,3.333,-2.4,-4.2,1.1,-3.667,0.02,0.055,0.103,0.052,0
2024-07-11,Ascent,Gentle Mates,Natus Vincere,21,1,181.08,209.8,181.22,209.8,66.36,79.0,67.74,79.0,-2.4,-2.0,-1.6,-2.0,0.241,0.4,0.261,0.4,74,13,188.72,208.96,187.84,200.24,68.36,75.24,67.04,71.48,-0.6,-0.2,-2.3,-0.4,0.249,0.283,0.213,0.267,-53,-12,-7.64,0.84,-6.62,9.56,-2.0,3.76,0.7,7.52,-1.8,-1.8,0.7,-1.6,-0.008,0.117,0.049,0.133,1
2024-07-11,Split,Gentle Mates,Natus Vincere,22,4,191.48,192.0,186.44,192.0,68.24,71.65,69.12,71.65,-4.0,3.5,-0.7,3.5,0.25,0.262,0.248,0.262,75,13,188.56,207.36,185.4,198.08,69.52,73.64,66.26,72.08,0.6,1.2,-1.4,1.5,0.268,0.274,0.216,0.275,-53,-9,2.92,-15.36,1.04,-6.08,-1.28,-1.99,2.86,-0.43,-4.6,2.3,0.7,2.0,-0.018,-0.011,0.032,-0.013,0
2024-07-11,Icebox,Team Vitality,Karmine Corp,50,6,196.6,194.16,193.96,200.6,71.12,67.8,70.04,69.833,-1.0,1.6,-0.3,1.0,0.224,0.249,0.274,0.253,60,7,183.4,204.68,187.62,202.229,67.24,71.76,70.16,71.257,-1.0,-3.6,1.0,-1.143,0.17,0.246,0.181,0.235,-10,-1,13.2,-10.52,6.34,-1.629,3.88,-3.96,-0.12,-1.424,0.0,5.2,-1.3,2.143,0.055,0.003,0.094,0.018,1
2024-07-11,Lotus,Karmine Corp,Team Vitality,61,13,178.0,196.84,188.18,193.28,65.24,77.48,70.8,74.22,-2.6,2.0,-0.5,2.8,0.142,0.321,0.171,0.301,51,11,208.24,188.28,197.3,191.54,75.92,69.32,70.64,68.26,0.2,-4.0,-0.6,-2.2,0.287,0.27,0.281,0.262,10,2,-30.24,8.56,-9.12,1.74,-10.68,8.16,0.16,5.96,-2.8,6.0,0.1,5.0,-0.145,0.051,-0.11,0.039,1
2024-07-11,Sunset,Team Vitality,Karmine Corp,52,5,199.12,201.76,198.56,201.76,73.96,76.48,71.9,76.48,-2.0,-1.2,0.1,-1.2,0.26,0.205,0.282,0.205,62,6,183.32,197.64,190.94,199.267,68.08,72.32,71.12,73.433,-1.4,-2.4,-0.7,-2.333,0.242,0.256,0.192,0.259,-10,-1,15.8,4.12,7.62,2.493,5.88,4.16,0.78,3.047,-0.6,1.2,0.8,1.133,0.018,-0.051,0.09,-0.054,1
2024-07-12,Bind,Gen.G,Rex Regum Qeon,97,6,213.24,194.92,203.16,194.7,76.44,69.28,74.96,69.4,0.8,1.4,0.6,0.167,0.292,0.288,0.298,0.278,53,1,204.52,188.8,204.2,188.8,76.68,65.4,74.9,65.4,-2.6,-6.0,-1.5,-6.0,0.295,0.409,0.287,0.409,44,5,8.72,6.12,-1.04,5.9,-0.24,3.88,0.06,4.0,3.4,7.4,2.1,6.167,-0.003,-0.121,0.011,-0.131,1
2024-07-12,Split,Cloud9,KRÜ Esports,65,7,177.48,204.96,181.52,209.086,69.48,76.64,69.44,78.229,-1.8,1.6,-0.9,2.571,0.237,0.286,0.266,0.286,69,14,206.96,194.28,197.86,194.02,72.24,72.08,72.26,74.5,0.2,0.0,-0.7,1.2,0.25,0.268,0.258,0.267,-4,-7,-29.48,10.68,-16.34,15.066,-2.76,4.56,-2.82,3.729,-2.0,1.6,-0.2,1.371,-0.014,0.017,0.008,0.018,0
2024-07-12,Haven,Gen.G,Rex Regum Qeon,98,9,203.2,206.52,202.84,202.867,72.36,76.88,75.02,75.778,1.6,5.2,1.4,2.667,0.265,0.306,0.284,0.287,54,7,201.76,205.44,205.98,210.114,74.8,74.36,74.96,75.143,-4.4,0.2,-2.5,-0.714,0.294,0.313,0.296,0.303,44,2,1.44,1.08,-3.14,-7.248,-2.44,2.52,0.06,0.635,6.0,5.0,3.9,3.381,-0.03,-0.007,-0.012,-0.015,1
2024-07-12,Icebox,KRÜ Esports,Cloud9,70,4,209.64,194.65,199.48,194.65,74.44,70.35,73.04,70.35,0.6,-1.75,-0.6,-1.75,0.29,0.267,0.278,0.267,66,5,179.8,210.2,181.5,210.2,70.48,74.32,69.86,74.32,-0.8,3.2,-0.7,3.2,0.242,0.296,0.272,0.296,4,-1,29.84,-15.55,17.98,-15.55,3.96,-3.97,3.18,-3.97,1.4,-4.95,0.1,-4.95,0.048,-0.029,0.006,-0.029,1
2024-07-12,Abyss,TALON,Team Secret,55,0,190.28,,196.88,,68.48,,70.0,,-2.0,,0.1,,0.266,,0.279,,68,0,203.04,,203.54,,74.52,,73.08,,0.2,,1.3,,0.3,,0.332,,-13,0,-12.76,,-6.66,,-6.04,,-3.08,,-2.2,,-1.2,,-0.034,,-0.053,,1
2024-07-12,Lotus,Team Secret,TALON,69,12,199.64,191.2,202.48,191.28,73.24,68.68,73.24,68.46,-0.8,-2.0,0.4,-0.8,0.312,0.238,0.337,0.253,56,11,191.92,187.76,197.56,186.2,68.68,70.8,70.02,69.52,-1.4,1.2,-0.2,-1.0,0.282,0.312,0.274,0.35,13,1,7.72,3.44,4.92,5.08,4.56,-2.12,3.22,-1.06,0.6,-3.2,0.6,0.2,0.031,-0.074,0.063,-0.097,0
2024-07-13,Lotus,Evil Geniuses,MIBR,97,17,185.0,202.12,198.14,204.7,67.08,70.24,72.6,72.16,-4.6,-0.2,-0.1,-0.2,0.237,0.291,0.289,0.281,43,8,181.92,182.84,183.58,187.0,65.96,66.24,65.32,68.1,-0.8,-2.4,-1.2,-1.625,0.216,0.24,0.213,0.263,54,9,3.08,19.28,14.56,17.7,1.12,4.0,7.28,4.06,-3.8,2.2,1.1,1.425,0.021,0.051,0.077,0.018,0
2024-07-13,Sunset,FURIA,LEVIATÁN,54,1,210.84,218.2,199.0,218.2,75.16,74.8,72.38,74.8,1.6,3.0,-1.5,3.0,0.297,0.174,0.263,0.174,73,5,224.28,211.6,214.92,211.6,79.36,77.48,76.18,77.48,3.0,7.2,1.7,7.2,0.31,0.287,0.29,0.287,-19,-4,-13.44,6.6,-15.92,6.6,-4.2,-2.68,-3.8,-2.68,-1.4,-4.2,-3.2,-4.2,-0.013,-0.113,-0.027,-0.113,0
2024-07-13,Icebox,Paper Rex,Gen.G,115,8,214.8,221.08,212.82,210.425,76.52,80.96,76.66,76.9,4.4,4.4,4.4,2.75,0.313,0.431,0.331,0.36,99,7,196.64,198.84,206.2,195.6,71.28,71.32,75.94,69.286,2.4,-2.6,1.9,-1.571,0.277,0.265,0.305,0.259,16,1,18.16,22.24,6.62,14.825,5.24,9.64,0.72,7.614,2.0,7.0,2.5,4.321,0.036,0.166,0.027,0.101,0
2024-07-13,Ascent,DRX,TALON,91,14,198.6,188.24,195.96,194.0,75.84,72.32,72.42,72.26,1.4,-0.6,0.0,-1.3,0.336,0.264,0.318,0.308,57,9,187.76,191.56,196.94,191.622,67.8,69.68,70.22,68.844,-1.4,0.8,-0.3,0.889,0.282,0.273,0.268,0.271,34,5,10.84,-3.32,-0.98,2.378,8.04,2.64,2.2,3.416,2.8,-1.4,0.3,-2.189,0.054,-0.009,0.05,0.037,1
2024-07-13,Abyss,DRX,TALON,92,0,201.2,,196.92,,74.8,,72.32,,1.0,,0.6,,0.325,,0.323,,58,1,193.12,199.0,196.92,199.0,71.2,71.6,70.32,71.6,0.2,2.0,-0.1,2.0,0.253,0.25,0.257,0.25,34,-1,8.08,,0.0,,3.6,,2.0,,0.8,,0.7,,0.072,,0.066,,1
2024-07-13,Bind,MIBR,Evil Geniuses,44,3,188.72,162.4,188.7,162.4,68.68,57.867,67.84,57.867,1.0,-2.0,0.3,-2.0,0.211,0.171,0.212,0.171,98,11,186.6,215.64,194.6,207.14,66.16,78.44,71.04,74.12,-5.2,2.0,-1.2,2.6,0.231,0.355,0.261,0.294,-54,-8,2.12,-53.24,-5.9,-44.74,2.52,-20.573,-3.2,-16.253,6.2,-4.0,1.5,-4.6,-0.02,-0.184,-0.049,-0.123,1
2024-07-13,Icebox,FURIA,LEVIATÁN,55,8,202.84,189.36,198.68,188.35,70.36,66.68,71.38,67.75,2.2,-2.2,-0.6,-1.5,0.254,0.265,0.251,0.271,74,12,224.04,220.6,217.1,208.36,78.8,73.52,75.88,73.18,1.0,1.4,1.1,1.4,0.322,0.294,0.324,0.323,-19,-4,-21.2,-31.24,-18.42,-20.01,-8.44,-6.84,-4.5,-5.43,1.2,-3.6,-1.7,-2.9,-0.068,-0.029,-0.073,-0.051,0
2024-07-13,Ascent,Paper Rex,Gen.G,116,15,204.44,193.72,208.3,199.42,74.68,71.84,75.78,72.08,3.2,-0.4,3.1,1.8,0.306,0.252,0.334,0.283,100,19,206.36,206.04,210.22,204.36,73.72,77.6,76.8,75.08,3.2,1.4,2.3,1.5,0.293,0.29,0.315,0.329,16,-4,-1.92,-12.32,-1.92,-4.94,0.96,-5.76,-1.02,-3.0,0.0,-1.8,0.8,0.3,0.013,-0.038,0.019,-0.046,0
2024-07-14,Sunset,Paper Rex,TALON,117,13,198.52,211.56,202.7,208.16,72.04,78.12,73.94,75.8,1.0,2.6,2.6,0.8,0.286,0.37,0.33,0.359,59,4,192.16,194.0,191.5,194.0,69.6,70.5,68.74,70.5,-0.6,-1.75,-2.0,-1.75,0.268,0.268,0.245,0.268,58,9,6.36,17.56,11.2,14.16,2.44,7.62,5.2,5.3,1.6,4.35,4.6,2.55,0.017,0.102,0.084,0.09,1
2024-07-14,Ascent,TALON,Paper Rex,60,10,190.44,189.64,190.36,193.32,68.0,69.64,68.24,69.2,-0.8,0.4,-1.4,0.9,0.227,0.235,0.247,0.263,118,16,206.64,196.48,205.46,195.24,75.04,73.24,75.22,70.96,0.6,0.0,2.5,1.4,0.34,0.29,0.337,0.292,-58,-6,-16.2,-6.84,-15.1,-1.92,-7.04,-3.6,-6.98,-1.76,-1.4,0.4,-3.9,-0.5,-0.113,-0.054,-0.09,-0.029,0
2024-07-14,Bind,DRX,Gen.G,93,14,208.4,202.96,202.3,199.76,77.08,72.6,74.3,72.7,2.8,-0.8,1.7,-0.2,0.346,0.268,0.341,0.281,101,7,208.52,198.68,209.88,194.743,75.72,71.12,76.8,69.857,4.4,3.6,3.1,1.286,0.333,0.304,0.319,0.28,-8,7,-0.12,4.28,-7.58,5.017,1.36,1.48,-2.5,2.843,-1.6,-4.4,-1.4,-1.486,0.013,-0.036,0.022,0.001,0
2024-07-14,Sunset,Gen.G,DRX,102,6,204.44,197.88,208.84,203.133,76.52,70.12,76.48,71.767,5.8,-0.8,3.3,0.5,0.377,0.23,0.335,0.263,94,4,193.88,199.15,195.32,199.15,73.64,71.05,72.56,71.05,0.6,-4.25,0.8,-4.25,0.298,0.276,0.335,0.276,8,2,10.56,-1.27,13.52,3.983,2.88,-0.93,3.92,0.717,5.2,3.45,2.5,4.75,0.08,-0.046,-0.001,-0.013,0
2024-07-14,Haven,DRX,Gen.G,95,13,200.2,200.6,198.74,199.76,74.08,75.0,73.36,73.78,1.8,-0.2,1.3,0.9,0.308,0.348,0.338,0.317,103,10,204.28,200.32,203.74,202.02,75.4,73.88,73.88,75.34,4.0,4.0,2.8,2.9,0.371,0.325,0.318,0.301,-8,3,-4.08,0.28,-5.0,-2.26,-1.32,1.12,-0.52,-1.56,-2.2,-4.2,-1.5,-2.0,-0.064,0.023,0.02,0.015,0
2024-07-14,Bind,Sentinels,G2 Esports,69,7,204.84,202.12,198.66,205.4,76.32,74.96,75.34,74.943,1.0,3.6,2.2,3.0,0.383,0.365,0.352,0.356,36,7,207.6,198.2,197.78,202.6,74.92,73.6,71.72,75.114,-0.8,1.2,-0.9,1.429,0.319,0.32,0.267,0.323,33,0,-2.76,3.92,0.88,2.8,1.4,1.36,3.62,-0.171,1.8,2.4,3.1,1.571,0.063,0.045,0.085,0.032,0
2024-07-14,Ascent,LOUD,100 Thieves,95,19,189.64,197.04,197.64,202.22,65.44,71.0,70.34,73.02,0.4,-0.2,-0.7,3.6,0.249,0.216,0.265,0.25,57,7,218.88,203.08,205.94,201.457,80.64,73.48,75.24,71.943,1.8,2.0,0.3,0.571,0.343,0.28,0.279,0.288,38,12,-29.24,-6.04,-8.3,0.763,-15.2,-2.48,-4.9,1.077,-1.4,-2.2,-1.0,3.029,-0.094,-0.064,-0.013,-0.037,0
2024-07-14,Bind,100 Thieves,LOUD,58,11,224.16,207.56,211.12,208.68,81.96,73.8,77.54,75.38,3.2,-1.0,1.5,0.6,0.341,0.224,0.287,0.285,96,9,178.76,194.64,191.4,203.156,61.68,72.48,67.4,71.222,-1.2,-2.8,-1.0,-2.333,0.218,0.275,0.257,0.285,-38,2,45.4,12.92,19.72,5.524,20.28,1.32,10.14,4.158,4.4,1.8,2.5,2.933,0.123,-0.051,0.03,0.001,0
2024-07-14,Lotus,LOUD,100 Thieves,97,11,177.8,193.88,189.56,190.66,62.36,72.04,66.72,70.54,-1.2,-0.8,-0.5,0.9,0.286,0.31,0.274,0.291,59,4,216.92,192.65,209.52,192.65,80.04,71.1,77.68,71.1,3.8,0.25,1.8,0.25,0.301,0.273,0.283,0.273,38,7,-39.12,1.23,-19.96,-1.99,-17.68,0.94,-10.96,-0.56,-5.0,-1.05,-2.3,0.65,-0.015,0.038,-0.008,0.018,1
2024-07-14,Lotus,G2 Esports,Sentinels,37,7,210.6,189.28,204.12,197.657,75.92,70.64,74.22,73.971,0.0,-2.4,0.8,0.429,0.307,0.288,0.298,0.302,70,13,195.28,210.48,198.36,210.0,72.64,75.68,74.56,75.88,-0.8,0.2,1.4,0.3,0.358,0.318,0.349,0.325,-33,-6,15.32,-21.2,5.76,-12.343,3.28,-5.04,-0.34,-1.909,0.8,-2.6,-0.6,0.129,-0.051,-0.03,-0.051,-0.023,1
2024-07-15,Sunset,Team Vitality,Natus Vincere,53,6,197.64,202.4,197.88,201.033,74.04,76.72,72.5,76.3,-2.8,-2.0,-0.9,-1.667,0.279,0.241,0.285,0.228,76,4,193.6,195.75,188.64,195.75,72.72,69.1,68.32,69.1,2.6,-0.25,-0.2,-0.25,0.299,0.3,0.243,0.3,-23,2,4.04,6.65,9.24,5.283,1.32,7.62,4.18,7.2,-5.4,-1.75,-0.7,-1.417,-0.019,-0.059,0.043,-0.072,1
2024-07-15,Ascent,Team Vitality,Natus Vincere,54,6,206.8,185.72,199.8,194.933,76.44,66.28,72.98,70.367,0.2,-2.8,-0.8,-1.167,0.358,0.265,0.292,0.288,77,14,190.72,199.84,187.0,198.78,72.12,74.2,68.64,71.14,1.6,1.2,-0.4,0.5,0.279,0.252,0.237,0.261,-23,-8,16.08,-14.12,12.8,-3.847,4.32,-7.92,4.34,-0.773,-1.4,-4.0,-0.4,-1.667,0.079,0.013,0.055,0.026,1
2024-07-15,Icebox,Karmine Corp,FNATIC,63,8,184.08,196.24,192.12,198.6,68.08,71.48,71.54,71.35,-0.4,-3.2,-0.3,-1.625,0.273,0.205,0.227,0.228,92,9,212.4,213.6,209.52,216.622,74.96,76.4,75.9,78.289,1.0,0.2,0.8,0.667,0.417,0.341,0.37,0.336,-29,-1,-28.32,-17.36,-17.4,-18.022,-6.88,-4.92,-4.36,-6.939,-1.4,-3.4,-1.1,-2.292,-0.144,-0.136,-0.144,-0.108,1
2024-07-15,Sunset,FNATIC,Karmine Corp,93,1,212.6,191.4,205.06,191.4,77.0,70.0,75.7,70.0,2.4,-8.0,0.8,-8.0,0.404,0.2,0.363,0.2,64,7,183.04,195.48,190.14,198.514,68.48,73.96,71.18,73.4,-0.4,0.0,-0.2,-1.429,0.341,0.285,0.264,0.271,29,-6,29.56,-4.08,14.92,-7.114,8.52,-3.96,4.52,-3.4,2.8,-8.0,1.0,-6.571,0.063,-0.085,0.099,-0.071,1
2024-07-15,Lotus,Karmine Corp,FNATIC,65,14,190.6,194.48,187.0,194.42,73.08,75.8,70.16,73.92,1.8,1.0,0.4,1.8,0.365,0.327,0.267,0.321,94,22,206.52,212.52,207.54,208.48,75.68,77.4,75.46,75.92,0.0,4.8,0.6,3.6,0.361,0.309,0.358,0.339,-29,-8,-15.92,-18.04,-20.54,-14.06,-2.6,-1.6,-5.3,-2.0,1.8,-3.8,-0.2,-1.8,0.003,0.018,-0.091,-0.018,0
2024-07-15,Haven,Team Vitality,Natus Vincere,55,7,210.28,186.92,203.44,185.914,77.84,68.0,74.48,68.629,0.2,-5.0,-0.4,-3.286,0.39,0.322,0.307,0.315,78,1,182.56,181.8,182.46,181.8,70.68,71.0,67.86,71.0,1.4,0.0,0.4,0.0,0.247,0.273,0.231,0.273,-23,6,27.72,5.12,20.98,4.114,7.16,-3.0,6.62,-2.371,-1.2,-5.0,-0.8,-3.286,0.143,0.049,0.076,0.042,0
2024-07-16,Sunset,FUT Esports,FNATIC,79,5,212.6,201.8,204.02,201.8,74.92,73.12,73.34,73.12,0.2,0.0,1.9,0.0,0.422,0.358,0.374,0.358,95,2,207.92,199.8,209.2,199.8,74.36,69.3,74.86,69.3,-0.8,-7.0,0.1,-7.0,0.337,0.243,0.35,0.243,-16,3,4.68,2.0,-5.18,2.0,0.56,3.82,-1.52,3.82,1.0,7.0,1.8,7.0,0.085,0.115,0.024,0.115,0
2024-07-16,Haven,FUT Esports,FNATIC,80,9,208.68,180.4,204.34,192.333,74.88,66.28,73.38,70.933,0.8,-3.6,2.1,-3.444,0.434,0.297,0.386,0.331,96,13,199.16,206.44,206.48,214.26,69.44,72.64,72.52,77.0,-3.0,2.6,-1.1,2.9,0.309,0.397,0.359,0.385,-16,-4,9.52,-26.04,-2.14,-21.927,5.44,-6.36,0.86,-6.067,3.8,-6.2,3.2,-6.344,0.125,-0.1,0.027,-0.055,0
2024-07-16,Bind,Team Vitality,Team Heretics,56,3,201.52,189.133,204.88,189.133,74.64,70.267,75.28,70.267,-1.8,-1.667,-0.8,-1.667,0.315,0.248,0.301,0.248,66,7,189.28,205.6,195.1,203.771,71.84,76.96,73.42,76.943,1.2,1.4,1.5,1.571,0.368,0.334,0.353,0.343,-10,-4,12.24,-16.467,9.78,-14.638,2.8,-6.693,1.86,-6.676,-3.0,-3.067,-2.3,-3.238,-0.054,-0.086,-0.052,-0.095,1
2024-07-16,Sunset,Team Heretics,Team Vitality,67,9,190.8,216.48,194.16,212.711,70.12,81.68,73.24,79.533,-0.8,4.4,1.0,2.222,0.347,0.385,0.352,0.352,57,7,206.28,207.0,202.7,205.457,75.4,76.96,74.68,77.629,-0.6,-2.0,-1.3,-0.857,0.332,0.286,0.296,0.267,10,2,-15.48,9.48,-8.54,7.254,-5.28,4.72,-1.44,1.905,-0.2,6.4,2.3,3.079,0.015,0.098,0.056,0.084,0
2024-07-16,Icebox,Team Vitality,Team Heretics,58,7,206.56,198.52,202.1,205.257,75.68,69.64,74.86,71.429,-0.4,2.2,-1.6,1.571,0.324,0.288,0.301,0.284,68,8,190.24,198.36,192.4,188.425,71.12,71.32,72.72,68.1,-0.4,1.6,1.3,-0.625,0.356,0.34,0.356,0.27,-10,-1,16.32,0.16,9.7,16.832,4.56,-1.68,2.14,3.329,-0.0,0.6,-2.9,2.196,-0.032,-0.051,-0.054,0.014,0
2024-07-17,Abyss,Team Heretics,FUT Esports,69,0,192.52,,191.92,,69.92,,73.32,,0.8,,1.6,,0.362,,0.366,,81,0,198.12,,201.22,,71.36,,71.82,,-0.2,,0.8,,0.361,,0.35,,-12,0,-5.6,,-9.3,,-1.44,,1.5,,1.0,,0.8,,0.001,,0.015,,1
2024-07-17,Lotus,FNATIC,Team Vitality,97,23,201.8,219.08,207.1,214.1,70.28,79.2,72.62,76.84,-2.2,3.0,-0.6,3.2,0.284,0.294,0.351,0.339,59,12,199.16,190.96,202.98,190.72,71.96,70.88,74.2,68.66,-1.4,-3.0,-0.6,-2.3,0.278,0.295,0.318,0.263,38,11,2.64,28.12,4.12,23.38,-1.68,8.32,-1.58,8.18,-0.8,6.0,-0.0,5.5,0.007,-0.001,0.033,0.076,1
2024-07-17,Sunset,Team Vitality,FNATIC,60,8,194.0,208.64,202.14,204.625,68.44,77.64,73.14,77.525,-2.2,-2.2,-1.0,-1.125,0.221,0.325,0.305,0.272,98,3,211.32,198.667,211.96,198.667,71.88,67.4,74.44,67.4,0.2,-6.0,1.3,-6.0,0.328,0.293,0.366,0.293,-38,5,-17.32,9.973,-9.82,5.958,-3.44,10.24,-1.3,10.125,-2.4,3.8,-2.3,4.875,-0.107,0.032,-0.061,-0.021,0
2024-07-17,Sunset,FUT Esports,Team Heretics,82,6,192.48,204.36,199.48,199.867,70.6,73.96,71.84,72.833,-0.6,1.6,0.1,0.667,0.346,0.359,0.339,0.352,70,10,194.88,209.48,194.6,209.72,72.8,78.92,74.48,79.14,0.2,4.4,1.9,2.3,0.351,0.365,0.355,0.347,12,-4,-2.4,-5.12,4.88,-9.853,-2.2,-4.96,-2.64,-6.307,-0.8,-2.8,-1.8,-1.633,-0.004,-0.007,-0.016,0.005,0
2024-07-17,Lotus,Cloud9,KRÜ Esports,67,13,183.28,195.4,180.88,196.58,68.6,75.56,69.06,75.28,-0.8,0.0,-1.1,-2.1,0.268,0.269,0.271,0.29,71,13,213.12,214.08,200.12,206.06,75.24,78.0,73.04,77.18,2.0,3.4,-0.5,3.4,0.302,0.295,0.276,0.325,-4,0,-29.84,-18.68,-19.24,-9.48,-6.64,-2.44,-3.98,-1.9,-2.8,-3.4,-0.6,-5.5,-0.035,-0.026,-0.005,-0.035,1
2024-07-17,Ascent,100 Thieves,Sentinels,60,8,212.88,222.48,207.62,208.3,78.8,81.96,76.76,74.575,3.8,4.2,0.5,1.5,0.301,0.316,0.271,0.296,71,5,190.72,200.76,201.36,200.76,73.72,71.56,75.3,71.56,-0.8,-0.2,1.2,-0.2,0.31,0.299,0.343,0.299,-11,3,22.16,21.72,6.26,7.54,5.08,10.4,1.46,3.015,4.6,4.4,-0.7,1.7,-0.009,0.016,-0.071,-0.003,1
2024-07-17,Haven,100 Thieves,Sentinels,61,5,206.84,201.76,209.38,201.76,76.24,75.76,77.64,75.76,3.2,1.8,1.1,1.8,0.292,0.268,0.284,0.268,72,3,194.48,191.267,201.46,191.267,72.68,77.067,74.62,77.067,-1.6,0.667,-0.1,0.667,0.284,0.269,0.328,0.269,-11,2,12.36,10.493,7.92,10.493,3.56,-1.307,3.02,-1.307,4.8,1.133,1.2,1.133,0.008,-0.001,-0.043,-0.001,1
2024-07-17,Haven,Cloud9,KRÜ Esports,68,6,186.24,179.16,182.46,183.5,68.96,66.84,68.88,68.267,-1.2,-1.0,-1.7,0.667,0.249,0.247,0.267,0.304,72,3,212.44,177.0,202.18,177.0,75.0,68.267,73.48,68.267,1.6,0.333,-0.5,0.333,0.299,0.235,0.276,0.235,-4,3,-26.2,2.16,-19.72,6.5,-6.04,-1.427,-4.6,-0.0,-2.8,-1.333,-1.2,0.333,-0.05,0.011,-0.009,0.068,0
2024-07-17,Abyss,Cloud9,KRÜ Esports,69,0,176.76,,181.9,,66.32,,68.12,,-2.0,,-1.5,,0.218,,0.254,,73,0,210.44,,207.3,,74.92,,74.46,,1.6,,-0.1,,0.335,,0.306,,-4,0,-33.68,,-25.4,,-8.6,,-6.34,,-3.6,,-1.4,,-0.117,,-0.052,,0
2024-07-18,Abyss,G2 Esports,100 Thieves,38,0,206.24,,204.08,,74.24,,73.84,,0.4,,0.8,,0.319,,0.317,,62,0,208.2,,213.54,,76.16,,78.4,,3.4,,2.6,,0.314,,0.329,,-24,0,-1.96,,-9.46,,-1.92,,-4.56,,-3.0,,-1.8,,0.005,,-0.012,,1
2024-07-18,Lotus,G2 Esports,100 Thieves,39,8,205.52,195.32,206.3,198.075,73.68,72.6,73.98,73.925,2.4,0.0,1.4,0.875,0.298,0.324,0.313,0.315,63,5,197.04,191.0,210.6,191.0,71.12,70.12,76.54,70.12,1.0,-0.4,2.1,-0.4,0.295,0.262,0.318,0.262,-24,3,8.48,4.32,-4.3,7.075,2.56,2.48,-2.56,3.805,1.4,0.4,-0.7,1.275,0.003,0.062,-0.004,0.054,1
2024-07-18,Sunset,KRÜ Esports,LEVIATÁN,74,4,213.36,197.75,210.16,197.75,77.64,70.1,74.94,70.1,1.6,-2.75,0.9,-2.75,0.352,0.317,0.301,0.317,75,6,218.56,223.0,218.68,213.333,77.96,79.2,76.48,77.0,0.4,5.8,1.8,5.5,0.319,0.341,0.334,0.318,-1,-2,-5.2,-25.25,-8.52,-15.583,-0.32,-9.1,-1.54,-6.9,1.2,-8.55,-0.9,-8.25,0.032,-0.024,-0.033,-0.0,0
2024-07-18,Icebox,KRÜ Esports,LEVIATÁN,75,5,202.4,200.12,206.02,200.12,74.28,72.08,74.36,72.08,0.4,-0.2,0.5,-0.2,0.277,0.284,0.283,0.284,76,13,222.64,223.72,220.9,209.56,80.04,75.48,78.02,73.66,1.2,2.8,2.3,1.3,0.341,0.28,0.35,0.306,-1,-8,-20.24,-23.6,-14.88,-9.44,-5.76,-3.4,-3.66,-1.58,-0.8,-3.0,-1.8,-1.5,-0.064,0.004,-0.067,-0.022,0
2024-07-19,Lotus,Team Heretics,Team Vitality,71,15,199.48,203.36,194.38,194.2,75.16,74.32,73.5,70.88,0.6,0.8,0.9,-1.1,0.334,0.283,0.351,0.283,61,13,192.6,189.12,197.06,191.88,69.72,68.48,72.18,68.3,-1.8,-3.4,-1.8,-2.6,0.223,0.275,0.269,0.264,10,2,6.88,14.24,-2.68,2.32,5.44,5.84,1.32,2.58,2.4,4.2,2.7,1.5,0.111,0.009,0.082,0.02,0
2024-07-19,Haven,Team Vitality,Team Heretics,62,8,201.52,189.08,203.9,186.35,72.16,67.88,73.78,68.175,-2.2,-4.2,-1.4,-3.5,0.232,0.268,0.282,0.288,72,5,189.52,179.6,190.16,179.6,72.68,71.16,71.4,71.16,1.0,-1.2,0.1,-1.2,0.302,0.3,0.325,0.3,-10,3,12.0,9.48,13.74,6.75,-0.52,-3.28,2.38,-2.985,-3.2,-3.0,-1.5,-2.3,-0.071,-0.031,-0.043,-0.012,1
2024-07-19,Lotus,KRÜ Esports,100 Thieves,76,14,184.8,210.04,198.96,207.08,67.52,77.44,71.38,76.86,-2.6,3.4,-0.3,3.7,0.233,0.267,0.268,0.321,64,6,193.64,191.08,205.28,187.333,69.32,70.2,74.68,68.833,-0.6,-0.6,1.6,-1.5,0.29,0.245,0.296,0.246,12,8,-8.84,18.96,-6.32,19.747,-1.8,7.24,-3.3,8.027,-2.0,4.0,-1.9,5.2,-0.057,0.022,-0.028,0.076,1
2024-07-19,Icebox,KRÜ Esports,100 Thieves,77,6,183.76,186.88,198.1,189.1,67.36,67.12,71.18,67.6,-2.8,-1.2,-0.6,-1.667,0.25,0.252,0.274,0.259,65,7,194.76,206.68,203.82,207.829,68.76,74.32,73.78,75.371,-0.6,1.4,1.6,0.143,0.296,0.386,0.299,0.362,12,-1,-11.0,-19.8,-5.72,-18.729,-1.4,-7.2,-2.6,-7.771,-2.2,-2.6,-2.2,-1.81,-0.047,-0.134,-0.024,-0.103,0
2024-07-19,Ascent,100 Thieves,KRÜ Esports,66,9,197.56,228.52,202.2,207.311,70.12,83.04,73.18,74.311,-1.6,5.2,0.8,1.667,0.317,0.343,0.305,0.297,78,15,175.12,192.92,192.78,197.8,63.92,69.28,69.42,71.44,-3.0,-2.0,-0.7,-0.2,0.191,0.229,0.263,0.254,-12,-6,22.44,35.6,9.42,9.511,6.2,13.76,3.76,2.871,1.4,7.2,1.5,1.867,0.126,0.114,0.041,0.043,0
2024-07-19,Sunset,Team Vitality,Team Heretics,63,9,201.24,199.36,203.9,202.156,70.84,76.56,73.26,76.844,-2.8,-3.4,-1.6,-1.333,0.243,0.272,0.284,0.253,73,11,188.4,208.96,189.32,207.06,71.6,78.48,71.36,77.84,1.6,3.2,0.6,1.7,0.296,0.354,0.326,0.337,-10,-2,12.84,-9.6,14.58,-4.904,-0.76,-1.92,1.9,-0.996,-4.4,-6.6,-2.2,-3.033,-0.052,-0.082,-0.042,-0.084,1
2024-07-19,Icebox,Team Vitality,Team Heretics,64,8,207.4,203.88,203.28,203.975,74.8,71.0,73.38,70.875,-1.6,2.8,-1.5,1.25,0.26,0.309,0.269,0.282,74,9,182.16,191.8,187.34,189.244,71.96,68.88,70.94,68.556,0.4,0.4,0.6,-0.444,0.223,0.342,0.293,0.287,-10,-1,25.24,12.08,15.94,14.731,2.84,2.12,2.44,2.319,-2.0,2.4,-2.1,1.694,0.037,-0.033,-0.024,-0.005,0
2024-07-19,Icebox,LEVIATÁN,G2 Esports,77,14,226.28,230.16,225.02,211.16,82.28,79.52,80.08,74.26,3.6,4.2,3.8,1.8,0.341,0.264,0.331,0.283,40,8,219.56,203.6,209.7,211.9,79.24,69.64,75.32,74.7,4.4,-2.6,1.6,-0.25,0.363,0.234,0.325,0.3,37,6,6.72,26.56,15.32,-0.74,3.04,9.88,4.76,-0.44,-0.8,6.8,2.2,2.05,-0.022,0.03,0.007,-0.017,0
2024-07-19,Bind,LEVIATÁN,G2 Esports,78,6,227.68,209.8,225.98,205.2,80.8,75.88,80.08,75.333,5.0,1.6,4.0,0.833,0.312,0.319,0.311,0.292,41,8,216.24,209.48,211.92,205.55,77.92,76.16,76.42,76.1,3.4,2.6,1.3,2.125,0.354,0.335,0.336,0.329,37,-2,11.44,0.32,14.06,-0.35,2.88,-0.28,3.66,-0.767,1.6,-1.0,2.7,-1.292,-0.042,-0.016,-0.026,-0.037,0
2024-07-20,Icebox,Paper Rex,DRX,119,9,205.24,204.96,206.2,203.356,74.56,76.32,75.4,74.889,-0.4,3.6,2.2,1.778,0.361,0.374,0.328,0.338,96,4,185.8,215.5,192.2,215.5,69.12,76.7,72.48,76.7,0.4,2.25,0.9,2.25,0.314,0.395,0.325,0.395,23,5,19.44,-10.54,14.0,-12.144,5.44,-0.38,2.92,-1.811,-0.8,1.35,1.3,-0.472,0.047,-0.02,0.003,-0.056,0
2024-07-20,Haven,FNATIC,Team Vitality,99,14,211.64,211.28,209.08,213.1,73.28,73.68,74.48,75.42,2.0,2.2,1.0,2.8,0.365,0.382,0.363,0.379,65,9,209.4,194.12,201.7,187.578,76.36,69.88,72.4,68.4,-0.6,-3.8,-1.4,-3.778,0.258,0.257,0.24,0.296,34,5,2.24,17.16,7.38,25.522,-3.08,3.8,2.08,7.02,2.6,6.0,2.4,6.578,0.107,0.125,0.124,0.083,1
2024-07-20,Ascent,Team Vitality,FNATIC,66,7,205.48,193.32,199.04,197.343,73.88,69.64,71.8,71.314,-0.2,-3.0,-1.0,-1.571,0.275,0.317,0.249,0.311,100,9,210.96,202.28,209.44,202.6,74.2,72.32,74.28,74.289,2.8,-4.2,1.0,-0.556,0.399,0.28,0.368,0.278,-34,-2,-5.48,-8.96,-10.4,-5.257,-0.32,-2.68,-2.48,-2.975,-3.0,1.2,-2.0,-1.016,-0.124,0.037,-0.119,0.033,1
2024-07-20,Lotus,FNATIC,Team Vitality,101,24,209.72,215.6,204.44,215.38,74.2,78.96,71.82,76.66,3.2,3.2,0.1,3.4,0.357,0.31,0.333,0.346,67,14,195.72,195.64,198.62,194.62,70.64,69.56,71.4,69.48,-0.6,-3.2,-1.4,-2.2,0.277,0.251,0.254,0.259,34,10,14.0,19.96,5.82,20.76,3.56,9.4,0.42,7.18,3.8,6.4,1.5,5.6,0.081,0.06,0.079,0.087,1
2024-07-20,Bind,FNATIC,Team Vitality,102,14,207.12,186.96,204.46,191.14,73.56,70.32,71.92,71.82,2.8,-2.4,0.3,-0.6,0.354,0.26,0.319,0.281,68,4,195.16,192.05,198.2,192.05,71.48,71.2,71.16,71.2,-0.2,0.25,-1.5,0.25,0.249,0.254,0.246,0.254,34,10,11.96,-5.09,6.26,-0.91,2.08,-0.88,0.76,0.62,3.0,-2.65,1.8,-0.85,0.105,0.006,0.073,0.027,1
2024-07-20,Ascent,DRX,Paper Rex,97,15,187.44,192.04,194.32,196.04,68.48,71.48,71.64,72.22,1.2,-0.4,1.1,-1.2,0.29,0.277,0.307,0.325,120,17,199.0,199.8,206.9,197.84,73.4,72.76,74.96,71.74,-2.0,-0.8,1.2,1.3,0.351,0.277,0.332,0.305,-23,-2,-11.56,-7.76,-12.58,-1.8,-4.92,-1.28,-3.32,0.48,3.2,0.4,-0.1,-2.5,-0.061,-0.001,-0.025,0.02,1
2024-07-20,Ascent,LEVIATÁN,KRÜ Esports,79,11,223.16,207.56,223.6,190.74,79.96,70.6,79.38,66.2,6.2,-2.4,3.6,-3.0,0.217,0.292,0.27,0.255,79,16,172.88,190.72,193.12,199.62,62.96,68.64,70.3,72.12,-2.6,-1.0,-0.5,0.2,0.2,0.221,0.276,0.259,0,-5,50.28,16.84,30.48,-8.88,17.0,1.96,9.08,-5.92,8.8,-1.4,4.1,-3.2,0.017,0.071,-0.006,-0.003,1
2024-07-20,Abyss,LEVIATÁN,KRÜ Esports,80,0,224.4,,221.48,,80.24,,79.1,,6.2,,3.3,,0.243,,0.281,,80,1,181.16,210.8,191.78,210.8,63.96,75.8,69.12,75.8,-1.0,0.0,-0.3,0.0,0.214,0.25,0.245,0.25,0,-1,43.24,,29.7,,16.28,,9.98,,7.2,,3.6,,0.028,,0.036,,1
2024-07-20,Lotus,DRX,Paper Rex,98,8,184.48,195.96,196.44,188.9,67.64,71.96,72.36,68.725,0.6,-1.0,1.7,-3.5,0.269,0.254,0.307,0.25,121,21,207.12,218.4,205.78,215.88,74.44,79.08,74.56,76.56,-2.0,3.6,0.6,2.4,0.378,0.385,0.342,0.355,-23,-13,-22.64,-22.44,-9.34,-26.98,-6.8,-7.12,-2.2,-7.835,2.6,-4.6,1.1,-5.9,-0.109,-0.131,-0.035,-0.106,0
2024-07-20,Bind,Paper Rex,DRX,122,16,215.48,206.96,207.0,201.08,77.52,74.92,74.78,73.36,0.4,1.4,0.7,0.5,0.395,0.297,0.34,0.284,99,15,194.52,183.52,194.2,195.26,69.92,66.28,71.78,71.44,0.2,-3.2,0.4,-0.4,0.279,0.226,0.288,0.292,23,1,20.96,23.44,12.8,5.82,7.6,8.64,3.0,1.92,0.2,4.6,0.3,0.9,0.116,0.071,0.052,-0.008,0
2024-07-20,Sunset,LEVIATÁN,KRÜ Esports,81,7,221.6,224.12,222.12,216.714,79.2,79.92,79.62,78.914,5.8,6.2,3.5,6.286,0.204,0.341,0.272,0.331,81,5,191.56,187.0,188.18,187.0,67.68,67.64,67.6,67.64,-1.0,-4.4,-1.8,-4.4,0.248,0.266,0.241,0.266,0,2,30.04,37.12,33.94,29.714,11.52,12.28,12.02,11.274,6.8,10.6,5.3,10.686,-0.045,0.076,0.031,0.066,0
2024-07-20,Haven,KRÜ Esports,LEVIATÁN,82,4,194.16,189.7,188.96,189.7,67.24,71.9,67.3,71.9,-1.2,1.0,-2.0,1.0,0.262,0.295,0.256,0.295,82,7,209.16,197.36,217.72,197.371,75.6,71.44,78.94,73.257,3.6,-1.2,3.6,-0.143,0.2,0.214,0.271,0.239,0,-3,-15.0,-7.66,-28.76,-7.671,-8.36,0.46,-11.64,-1.357,-4.8,2.2,-5.6,1.143,0.061,0.081,-0.015,0.056,1
2024-07-20,Icebox,KRÜ Esports,LEVIATÁN,83,7,200.68,183.48,187.9,188.457,70.12,63.6,67.02,67.314,-2.0,-0.6,-2.5,-1.143,0.259,0.236,0.225,0.248,83,15,207.92,230.4,217.8,214.12,75.76,79.36,78.28,74.76,3.0,4.0,4.0,2.6,0.23,0.243,0.271,0.259,0,-8,-7.24,-46.92,-29.9,-25.663,-5.64,-15.76,-11.26,-7.446,-5.0,-4.6,-6.5,-3.743,0.029,-0.007,-0.046,-0.012,0
2024-07-20,Abyss,Paper Rex,DRX,123,0,203.56,,205.1,,73.08,,74.06,,0.6,,0.6,,0.348,,0.344,,100,1,193.16,226.4,196.68,226.4,70.44,83.2,72.26,83.2,0.2,9.0,1.0,9.0,0.305,0.353,0.307,0.353,23,-1,10.4,,8.42,,2.64,,1.8,,0.4,,-0.4,,0.042,,0.037,,1
2024-07-21,Ascent,G2 Esports,LEVIATÁN,42,6,212.44,195.2,211.52,198.933,75.84,69.76,75.88,71.133,1.4,-1.8,0.7,-1.167,0.385,0.328,0.346,0.315,84,12,214.84,216.16,219.0,194.0,79.2,73.6,79.58,66.94,4.4,-0.4,5.3,-2.7,0.318,0.35,0.267,0.257,-42,-6,-2.4,-20.96,-7.48,4.933,-3.36,-3.84,-3.7,4.193,-3.0,-1.4,-4.6,1.533,0.068,-0.021,0.079,0.059,0
2024-07-21,Haven,Gen.G,DRX,104,11,204.52,198.08,200.58,199.76,75.28,72.76,73.28,75.0,3.0,3.6,2.7,3.0,0.34,0.315,0.308,0.3,101,14,199.32,191.32,192.56,196.76,70.08,72.72,69.6,73.34,0.2,-1.4,0.3,1.2,0.303,0.348,0.308,0.334,3,-3,5.2,6.76,8.02,3.0,5.2,0.04,3.68,1.66,2.8,5.0,2.4,1.8,0.037,-0.032,0.0,-0.034,0
2024-07-21,Lotus,G2 Esports,LEVIATÁN,43,9,199.24,198.44,202.74,201.511,71.24,73.96,72.74,75.333,0.4,2.0,0.4,1.556,0.327,0.339,0.323,0.33,85,13,216.32,198.48,220.36,199.02,80.48,75.24,80.36,75.98,4.0,0.6,5.1,2.5,0.298,0.285,0.27,0.273,-42,-4,-17.08,-0.04,-17.62,2.491,-9.24,-1.28,-7.62,-0.647,-3.6,1.4,-4.7,-0.944,0.029,0.054,0.053,0.057,0
2024-07-21,Lotus,Gen.G,DRX,105,17,195.08,217.72,200.72,209.64,71.68,79.48,72.7,78.0,1.0,3.4,2.1,2.9,0.283,0.32,0.288,0.298,102,9,197.6,192.36,192.52,187.8,72.24,70.2,70.36,68.444,0.4,-3.8,0.8,-4.111,0.335,0.245,0.312,0.251,3,8,-2.52,25.36,8.2,21.84,-0.56,9.28,2.34,9.556,0.6,7.2,1.3,7.011,-0.051,0.074,-0.024,0.047,1
2024-07-21,Bind,DRX,Gen.G,103,16,194.68,179.92,189.58,196.84,70.56,65.04,69.1,71.94,-1.6,-3.6,-0.5,0.3,0.338,0.252,0.304,0.308,106,8,197.36,201.08,202.94,195.675,72.6,73.36,74.16,71.25,1.2,5.6,2.8,2.0,0.269,0.347,0.301,0.304,-3,8,-2.68,-21.16,-13.36,1.165,-2.04,-8.32,-5.06,0.69,-2.8,-9.2,-3.3,-1.7,0.07,-0.094,0.003,0.004,0
2024-07-21,Bind,G2 Esports,LEVIATÁN,44,9,192.44,207.68,198.98,205.733,69.92,76.2,71.8,75.711,-1.6,2.2,0.4,1.556,0.318,0.364,0.308,0.351,86,7,215.92,204.88,218.76,204.371,79.44,73.76,79.32,74.629,3.4,1.4,4.6,1.143,0.312,0.259,0.258,0.25,-42,2,-23.48,2.8,-19.78,1.362,-9.52,2.44,-7.52,1.083,-5.0,0.8,-4.2,0.413,0.006,0.105,0.05,0.101,1
2024-07-21,Haven,G2 Esports,LEVIATÁN,45,1,189.92,222.8,204.74,222.8,68.04,82.0,73.64,82.0,-2.2,2.0,1.1,2.0,0.292,0.35,0.328,0.35,87,8,219.6,200.56,214.38,198.925,79.96,72.8,77.78,73.475,3.0,1.0,3.3,0.125,0.298,0.26,0.249,0.245,-42,-7,-29.68,22.24,-9.64,23.875,-11.92,9.2,-4.14,8.525,-5.2,1.0,-2.2,1.875,-0.006,0.09,0.079,0.105,0
2024-07-21,Icebox,DRX,Gen.G,104,5,199.12,215.28,196.82,215.28,70.44,75.16,70.18,75.16,-2.6,2.4,-1.2,2.4,0.345,0.368,0.312,0.368,107,8,202.88,209.08,203.66,200.6,71.92,74.72,74.22,71.175,2.6,-0.8,4.2,-0.625,0.233,0.311,0.305,0.275,-3,-3,-3.76,6.2,-6.84,14.68,-1.48,0.44,-4.04,3.985,-5.2,3.2,-5.4,3.025,0.112,0.057,0.007,0.093,0
2024-08-01,Haven,Sentinels,Gen.G,73,4,192.44,189.9,200.1,189.9,70.28,73.55,72.92,73.55,-3.2,-1.5,-1.5,-1.5,0.228,0.226,0.293,0.226,108,12,208.16,202.48,206.22,196.88,74.68,74.28,75.04,72.78,4.6,2.2,4.3,2.6,0.244,0.294,0.308,0.277,-35,-8,-15.72,-12.58,-6.12,-6.98,-4.4,-0.73,-2.12,0.77,-7.8,-3.7,-5.8,-4.1,-0.016,-0.068,-0.014,-0.051,0
2024-08-01,Ascent,Sentinels,Gen.G,74,6,186.16,200.84,195.5,202.3,67.44,70.96,71.88,71.7,-4.2,0.0,-1.6,-0.667,0.207,0.299,0.295,0.3,109,20,210.8,208.0,207.66,202.44,76.72,77.56,76.0,74.86,4.4,1.6,3.7,1.4,0.265,0.301,0.303,0.315,-35,-14,-24.64,-7.16,-12.16,-0.14,-9.28,-6.6,-4.12,-3.16,-8.6,-1.6,-5.3,-2.067,-0.058,-0.002,-0.008,-0.014,0
2024-08-01,Abyss,FunPlus Phoenix,Team Heretics,8,0,183.92,,186.575,,65.32,,65.975,,1.4,,0.375,,0.233,,0.218,,75,1,185.56,206.8,190.22,206.8,71.8,80.8,72.3,80.8,0.4,3.0,0.3,3.0,0.236,0.304,0.293,0.304,-67,-1,-1.64,,-3.645,,-6.48,,-6.325,,1.0,,0.075,,-0.003,,-0.076,,0
2024-08-01,Bind,FunPlus Phoenix,Team Heretics,9,1,188.12,197.8,188.022,197.8,64.88,69.0,66.333,69.0,2.4,2.0,0.333,2.0,0.251,0.15,0.228,0.15,76,8,183.12,204.04,191.3,204.075,70.76,75.2,72.96,76.25,0.0,0.6,0.3,0.625,0.239,0.349,0.286,0.344,-67,-7,5.0,-6.24,-3.278,-6.275,-5.88,-6.2,-6.627,-7.25,2.4,1.4,0.033,1.375,0.012,-0.199,-0.059,-0.194,1
2024-08-01,Lotus,Team Heretics,FunPlus Phoenix,77,16,189.04,192.12,189.28,191.28,71.88,70.48,72.28,70.36,0.0,-0.4,0.5,-1.5,0.256,0.263,0.279,0.273,10,2,187.88,186.0,189.16,186.0,65.76,70.1,67.08,70.1,1.8,-1.0,0.7,-1.0,0.295,0.239,0.241,0.239,67,14,1.16,6.12,0.12,5.28,6.12,0.38,5.2,0.26,-1.8,0.6,-0.2,-0.5,-0.039,0.024,0.038,0.034,1
2024-08-02,Haven,DRX,KRÜ Esports,105,15,189.48,199.76,191.32,197.24,66.48,77.36,68.46,73.88,-4.6,1.0,-2.2,1.6,0.309,0.377,0.307,0.349,84,5,186.28,195.2,179.58,195.2,64.68,73.52,63.82,73.52,-4.4,0.4,-3.5,0.4,0.2,0.269,0.2,0.269,21,10,3.2,4.56,11.74,2.04,1.8,3.84,4.64,0.36,-0.2,0.6,1.3,1.2,0.109,0.108,0.107,0.08,0
2024-08-02,Abyss,DRX,KRÜ Esports,106,2,180.04,211.4,189.68,211.4,64.08,73.6,67.08,73.6,-6.8,4.5,-3.3,4.5,0.266,0.351,0.284,0.351,85,2,198.6,198.4,189.88,198.4,69.2,69.8,66.58,69.8,-1.6,-4.5,-1.3,-4.5,0.241,0.277,0.227,0.277,21,0,-18.56,13.0,-0.2,13.0,-5.12,3.8,0.5,3.8,-5.2,9.0,-2.0,9.0,0.025,0.074,0.057,0.074,1
2024-08-02,Bind,DRX,KRÜ Esports,107,17,184.36,178.16,190.98,198.6,63.28,63.96,67.76,71.18,-6.2,-6.8,-2.9,-1.2,0.276,0.238,0.305,0.32,86,3,198.56,207.4,195.06,207.4,69.08,72.6,68.38,72.6,-1.2,-1.667,-1.1,-1.667,0.201,0.281,0.225,0.281,21,14,-14.2,-29.24,-4.08,-8.8,-5.8,-8.64,-0.62,-1.42,-5.0,-5.133,-1.8,0.467,0.075,-0.042,0.081,0.039,1
2024-08-02,Lotus,FNATIC,Bilibili Gaming,103,25,211.96,215.64,211.64,213.14,75.6,78.2,73.74,76.14,2.0,3.6,1.1,2.9,0.358,0.316,0.343,0.331,11,3,193.32,190.133,196.3,190.133,69.8,68.467,69.72,68.467,0.2,-9.333,0.7,-9.333,0.214,0.293,0.234,0.293,92,22,18.64,25.507,15.34,23.007,5.8,9.733,4.02,7.673,1.8,12.933,0.4,12.233,0.144,0.023,0.109,0.038,1
2024-08-02,Bind,FNATIC,Bilibili Gaming,104,15,215.08,203.56,213.36,193.16,77.36,75.84,75.32,72.94,3.2,-1.2,2.6,-0.4,0.334,0.347,0.35,0.289,12,2,186.0,190.9,189.12,190.9,68.6,64.0,67.92,64.0,-0.6,1.0,-1.1,1.0,0.206,0.174,0.223,0.174,92,13,29.08,12.66,24.24,2.26,8.76,11.84,7.4,8.94,3.8,-2.2,3.7,-1.4,0.128,0.173,0.126,0.115,1
2024-08-03,Bind,Team Vitality,Trace Esports,69,5,183.64,187.28,195.52,187.28,66.16,69.0,70.48,69.0,-2.0,-0.6,-1.8,-0.6,0.204,0.228,0.232,0.228,0,0,,,,,,,,,,,,,,,,,69,5,,,,,,,,,,,,,,,,,0
2024-08-03,Sunset,Trace Esports,Team Vitality,1,0,214.6,,214.6,,83.0,,83.0,,6.0,,6.0,,0.45,,0.45,,70,10,178.4,207.28,193.9,204.52,65.72,79.2,71.04,77.84,-2.6,-0.2,-1.6,-0.7,0.202,0.322,0.23,0.263,-69,-10,36.2,,20.7,,17.28,,11.96,,8.6,,7.6,,0.248,,0.22,,0
2024-08-03,Ascent,Trace Esports,Team Vitality,2,0,191.4,,191.4,,73.5,,73.5,,0.0,,0.0,,0.35,,0.35,,71,8,187.84,192.2,196.66,197.25,69.32,70.08,71.6,71.15,-1.2,-2.0,-0.7,-1.125,0.244,0.329,0.26,0.312,-69,-8,3.56,,-5.26,,4.18,,1.9,,1.2,,0.7,,0.106,,0.09,,1
2024-08-03,Ascent,TALON,LEVIATÁN,61,11,179.28,185.36,185.6,189.08,64.2,68.16,66.44,67.78,-2.0,-0.6,-1.7,0.7,0.214,0.235,0.248,0.259,88,13,220.2,221.88,214.06,198.66,80.56,75.92,78.16,68.72,3.8,-0.2,3.4,-2.5,0.32,0.344,0.275,0.26,-27,-2,-40.92,-36.52,-28.46,-9.58,-16.36,-7.76,-11.72,-0.94,-5.8,-0.4,-5.1,3.2,-0.106,-0.109,-0.027,-0.001,0
2024-08-03,Bind,LEVIATÁN,TALON,89,8,216.88,199.8,215.86,203.725,79.0,72.32,79.1,74.375,3.2,-0.4,3.8,0.5,0.328,0.213,0.323,0.242,62,4,175.04,212.85,181.4,212.85,62.8,76.95,65.3,76.95,-3.4,3.0,-2.4,3.0,0.176,0.392,0.229,0.392,27,4,41.84,-13.05,34.46,-9.125,16.2,-4.63,13.8,-2.575,6.6,-3.4,6.2,-2.5,0.151,-0.179,0.094,-0.15,1
2024-08-04,Bind,EDward Gaming,FUT Esports,39,5,178.12,208.44,185.72,208.44,64.32,76.24,66.1,76.24,-3.8,2.8,-2.5,2.8,0.167,0.344,0.215,0.344,83,7,189.84,196.32,197.18,197.543,69.56,70.2,70.9,71.571,-0.8,-2.0,-0.5,-0.571,0.291,0.274,0.336,0.299,-44,-2,-11.72,12.12,-11.46,10.897,-5.24,6.04,-4.8,4.669,-3.0,4.8,-2.0,3.371,-0.124,0.07,-0.121,0.044,1
2024-08-04,Lotus,EDward Gaming,FUT Esports,40,3,184.2,206.933,188.72,206.933,66.2,76.8,68.04,76.8,-4.6,1.333,-1.8,1.333,0.222,0.282,0.247,0.282,84,17,182.96,205.6,197.78,210.36,68.16,72.6,71.54,73.6,0.0,0.4,0.1,2.3,0.243,0.307,0.333,0.313,-44,-14,1.24,1.333,-9.06,-3.427,-1.96,4.2,-3.5,3.2,-4.6,0.933,-1.9,-0.967,-0.021,-0.025,-0.085,-0.031,1
2024-08-04,Lotus,Paper Rex,G2 Esports,124,22,199.0,217.76,202.12,217.7,71.44,77.68,73.0,77.74,-0.2,3.6,-0.3,3.7,0.31,0.398,0.335,0.376,46,10,186.44,192.76,201.34,199.36,67.52,71.76,72.72,74.46,-2.4,1.4,0.5,0.8,0.289,0.304,0.321,0.318,78,12,12.56,25.0,0.78,18.34,3.92,5.92,0.28,3.28,2.2,2.2,-0.8,2.9,0.021,0.094,0.014,0.058,0
2024-08-04,Icebox,Paper Rex,G2 Esports,125,10,198.12,203.56,198.56,203.36,70.6,76.12,72.0,74.8,-0.8,1.4,-1.4,1.3,0.304,0.36,0.327,0.335,47,9,189.8,200.48,201.12,211.8,67.92,69.52,71.88,74.533,-0.6,-2.8,0.4,-0.778,0.238,0.227,0.312,0.298,78,1,8.32,3.08,-2.56,-8.44,2.68,6.6,0.12,0.267,-0.2,4.2,-1.8,2.078,0.066,0.133,0.016,0.037,0
2024-08-06,Lotus,FNATIC,DRX,105,26,209.76,216.0,210.36,213.98,75.04,77.68,74.62,76.86,2.2,3.8,2.5,3.8,0.34,0.326,0.37,0.334,108,10,189.32,196.4,192.0,188.72,65.16,71.6,67.86,68.66,-5.2,-5.2,-3.4,-4.1,0.285,0.287,0.312,0.253,-3,16,20.44,19.6,18.36,25.26,9.88,6.08,6.76,8.2,7.4,9.0,5.9,7.9,0.054,0.039,0.058,0.081,0
2024-08-06,Abyss,DRX,FNATIC,109,3,188.04,216.733,193.58,216.733,66.56,74.333,68.5,74.333,-1.4,5.333,-2.0,5.333,0.321,0.392,0.333,0.392,106,0,208.04,,208.88,,76.04,,75.12,,1.6,,2.4,,0.325,,0.341,,3,3,-20.0,,-15.3,,-9.48,,-6.62,,-3.0,,-4.4,,-0.003,,-0.008,,1
2024-08-06,Bind,Gen.G,Team Heretics,110,9,215.52,209.24,205.3,199.467,79.84,75.72,75.76,71.956,5.6,7.4,3.3,3.333,0.324,0.348,0.304,0.303,78,9,193.8,202.92,191.1,202.067,72.12,72.84,71.86,74.956,-2.0,-0.4,-0.2,0.111,0.259,0.318,0.277,0.336,32,0,21.72,6.32,14.2,-2.6,7.72,2.88,3.9,-3.0,7.6,7.8,3.5,3.222,0.066,0.031,0.027,-0.033,0
2024-08-06,Lotus,Team Heretics,Gen.G,79,17,199.16,191.08,190.66,191.88,72.44,70.64,72.2,70.22,-0.8,-1.8,-0.2,-1.7,0.316,0.259,0.27,0.279,111,18,210.56,208.6,203.96,208.22,77.36,76.92,74.98,77.6,4.6,2.4,2.9,2.9,0.339,0.299,0.304,0.289,-32,-1,-11.4,-17.52,-13.3,-16.34,-4.92,-6.28,-2.78,-7.38,-5.4,-4.2,-3.1,-4.6,-0.023,-0.04,-0.034,-0.01,1
2024-08-06,Abyss,Team Heretics,Gen.G,80,2,195.68,200.2,190.62,200.2,73.12,75.7,72.46,75.7,-2.6,1.5,-1.1,1.5,0.301,0.306,0.268,0.306,112,0,204.72,,203.8,,76.52,,74.22,,3.0,,2.8,,0.33,,0.281,,-32,2,-9.04,,-13.18,,-3.4,,-1.76,,-5.6,,-3.9,,-0.029,,-0.013,,0
2024-08-07,Bind,Trace Esports,LEVIATÁN,3,1,193.467,214.6,193.467,214.6,71.867,83.0,71.867,83.0,2.0,6.0,2.0,6.0,0.329,0.45,0.329,0.45,90,9,207.04,200.76,211.68,201.622,75.28,72.2,77.88,73.444,2.6,0.0,3.3,0.222,0.352,0.258,0.325,0.261,-87,-8,-13.573,13.84,-18.213,12.978,-3.413,10.8,-6.013,9.556,-0.6,6.0,-1.3,5.778,-0.024,0.192,0.003,0.189,1
2024-08-07,Sunset,Trace Esports,LEVIATÁN,4,1,193.8,168.2,193.8,168.2,71.75,64.0,71.75,64.0,1.25,-6.0,1.25,-6.0,0.323,0.25,0.323,0.25,91,8,199.24,217.2,207.58,212.225,72.72,79.36,76.08,77.8,1.6,3.8,2.5,5.25,0.365,0.345,0.338,0.321,-87,-7,-5.44,-49.0,-13.78,-44.025,-0.97,-15.36,-4.33,-13.8,-0.35,-9.8,-1.25,-11.25,-0.042,-0.095,-0.016,-0.071,0
2024-08-07,Ascent,Trace Esports,LEVIATÁN,5,1,192.28,197.6,192.28,197.6,71.6,68.6,71.6,68.6,-0.6,6.0,-0.6,6.0,0.285,0.286,0.285,0.286,92,14,203.24,216.88,211.42,206.42,73.64,76.16,76.8,72.48,4.0,0.2,3.5,-1.0,0.401,0.357,0.35,0.302,-87,-13,-10.96,-19.28,-19.14,-8.82,-2.04,-7.56,-5.2,-3.88,-4.6,5.8,-4.1,7.0,-0.116,-0.071,-0.064,-0.016,1
2024-08-07,Icebox,EDward Gaming,G2 Esports,41,2,188.24,195.9,190.88,195.9,68.24,69.1,69.16,69.1,-3.4,-1.0,-1.0,-1.0,0.253,0.224,0.241,0.224,48,10,206.8,211.92,203.02,212.62,72.6,72.56,71.92,74.48,1.0,0.8,0.7,0.0,0.281,0.259,0.304,0.302,-7,-8,-18.56,-16.02,-12.14,-16.72,-4.36,-3.46,-2.76,-5.38,-4.4,-1.8,-1.7,-1.0,-0.028,-0.035,-0.063,-0.078,1
2024-08-07,Haven,G2 Esports,EDward Gaming,49,2,207.16,208.2,199.8,208.2,71.08,76.3,70.5,76.3,1.6,-2.0,0.0,-2.0,0.305,0.308,0.311,0.308,42,5,185.64,203.6,194.18,203.6,64.96,75.28,69.44,75.28,-3.4,-1.2,-0.4,-1.2,0.224,0.305,0.246,0.305,7,-3,21.52,4.6,5.62,4.6,6.12,1.02,1.06,1.02,5.0,-0.8,0.4,-0.8,0.081,0.003,0.065,0.003,1
2024-08-07,Bind,EDward Gaming,G2 Esports,43,6,188.28,206.0,191.6,205.967,67.12,75.8,68.5,76.0,-3.2,1.4,-1.3,1.167,0.244,0.361,0.231,0.359,50,10,200.56,212.48,195.24,206.8,70.0,77.64,69.02,75.86,1.6,3.0,-0.3,1.8,0.325,0.374,0.308,0.348,-7,-4,-12.28,-6.48,-3.64,-0.833,-2.88,-1.84,-0.52,0.14,-4.8,-1.6,-1.0,-0.633,-0.081,-0.012,-0.077,0.011,0
2024-08-08,Lotus,KRÜ Esports,Bilibili Gaming,87,15,189.48,209.96,191.82,206.64,66.68,77.0,66.96,76.38,-1.8,3.8,-1.5,3.6,0.174,0.299,0.218,0.31,13,4,186.36,181.8,191.74,181.8,67.52,67.3,69.28,67.3,1.4,-9.25,-0.6,-9.25,0.197,0.264,0.24,0.264,74,11,3.12,28.16,0.08,24.84,-0.84,9.7,-2.32,9.08,-3.2,13.05,-0.9,12.85,-0.024,0.035,-0.022,0.046,1
2024-08-08,Icebox,KRÜ Esports,Bilibili Gaming,88,8,190.12,174.36,195.4,180.85,67.4,60.56,68.76,64.375,-1.4,-1.4,-1.7,-2.25,0.195,0.191,0.227,0.217,14,0,177.24,,191.56,,65.08,,68.7,,-1.0,,0.1,,0.178,,0.238,,74,8,12.88,,3.84,,2.32,,0.06,,-0.4,,-1.8,,0.017,,-0.012,,1
2024-08-08,Lotus,FunPlus Phoenix,Sentinels,11,3,188.48,189.467,191.74,189.467,66.12,70.267,68.04,70.267,2.0,0.667,2.4,0.667,0.307,0.267,0.254,0.267,75,14,184.12,197.92,189.7,206.1,68.48,72.96,70.56,75.86,-3.2,-1.4,-2.0,-0.3,0.215,0.27,0.287,0.307,-64,-11,4.36,-8.453,2.04,-16.633,-2.36,-2.693,-2.52,-5.593,5.2,2.067,4.4,0.967,0.092,-0.003,-0.032,-0.04,0
2024-08-08,Bind,Sentinels,FunPlus Phoenix,76,8,190.64,197.08,190.68,201.5,69.4,71.32,71.56,73.05,-1.2,1.8,-1.0,1.75,0.277,0.317,0.294,0.338,12,2,187.12,198.6,186.3,198.6,67.24,71.4,66.82,71.4,1.2,3.0,1.1,3.0,0.307,0.257,0.247,0.257,64,6,3.52,-1.52,4.38,2.9,2.16,-0.08,4.74,1.65,-2.4,-1.2,-2.1,-1.25,-0.03,0.06,0.046,0.081,1
2024-08-09,Bind,Paper Rex,FUT Esports,126,17,199.6,198.4,203.36,198.56,71.12,71.96,72.78,72.48,-1.0,0.6,-1.5,0.8,0.291,0.276,0.335,0.274,85,8,185.72,190.8,197.2,194.95,68.8,71.2,71.84,71.425,-0.8,0.6,0.0,0.375,0.243,0.245,0.338,0.284,41,9,13.88,7.6,6.16,3.61,2.32,0.76,0.94,1.055,-0.2,-0.0,-1.5,0.425,0.049,0.031,-0.004,-0.01,1
2024-08-09,Lotus,Team Vitality,TALON,72,15,185.0,199.48,190.36,190.24,67.28,72.04,68.96,69.26,-2.8,-2.4,-1.7,-2.9,0.259,0.236,0.268,0.24,63,12,173.6,182.88,183.36,185.08,63.0,69.12,67.1,69.36,-3.2,0.0,-1.5,-0.6,0.188,0.303,0.221,0.341,9,3,11.4,16.6,7.0,5.16,4.28,2.92,1.86,-0.1,0.4,-2.4,-0.2,-2.3,0.071,-0.067,0.047,-0.102,1
2024-08-09,Sunset,Paper Rex,FUT Esports,127,14,199.48,217.48,207.48,215.76,71.68,79.76,74.6,78.92,-1.0,1.8,-0.3,1.4,0.278,0.388,0.337,0.403,86,7,186.32,201.44,192.22,200.143,68.12,72.28,69.74,72.2,-1.4,1.8,-0.8,0.286,0.262,0.348,0.312,0.337,41,7,13.16,16.04,15.26,15.617,3.56,7.48,4.86,6.72,0.4,-0.0,0.5,1.114,0.016,0.041,0.025,0.065,1
2024-08-09,Sunset,TALON,Team Vitality,64,5,174.88,192.68,183.52,192.68,63.76,69.2,66.68,69.2,-0.8,-1.0,-0.7,-1.0,0.162,0.24,0.215,0.24,73,11,190.64,209.8,192.9,206.1,68.4,79.52,69.94,78.12,-2.6,1.8,-1.4,-0.1,0.298,0.333,0.274,0.287,-9,-6,-15.76,-17.12,-9.38,-13.42,-4.64,-10.32,-3.26,-8.92,1.8,-2.8,0.7,-0.9,-0.136,-0.093,-0.058,-0.047,0
2024-08-10,Lotus,Gen.G,Sentinels,113,19,201.12,207.12,204.64,210.86,73.72,76.68,74.2,78.14,2.0,2.8,3.3,3.7,0.317,0.276,0.28,0.299,77,15,188.8,198.92,191.64,208.1,70.52,74.32,71.6,76.02,-0.8,-0.4,-1.2,0.5,0.292,0.298,0.288,0.322,36,4,12.32,8.2,13.0,2.76,3.2,2.36,2.6,2.12,2.8,3.2,4.5,3.2,0.025,-0.022,-0.008,-0.023,0
2024-08-10,Icebox,Gen.G,Sentinels,114,9,196.24,213.32,203.52,202.822,71.92,77.56,74.32,72.244,1.4,2.6,2.9,0.444,0.277,0.324,0.271,0.28,78,7,192.52,196.64,192.48,191.229,73.4,75.8,71.84,71.257,1.6,2.4,-0.8,-0.714,0.345,0.359,0.286,0.31,36,2,3.72,16.68,11.04,11.594,-1.48,1.76,2.48,0.987,-0.2,0.2,3.7,1.159,-0.068,-0.035,-0.015,-0.03,0
2024-08-10,Sunset,FNATIC,KRÜ Esports,107,4,202.08,201.45,204.6,201.45,74.56,69.45,74.06,69.45,0.4,-3.75,1.6,-3.75,0.294,0.338,0.324,0.338,89,6,211.12,188.12,198.7,191.7,75.76,68.32,70.22,68.533,2.4,-4.2,-1.0,-3.333,0.277,0.269,0.239,0.288,18,-2,-9.04,13.33,5.9,9.75,-1.2,1.13,3.84,0.917,-2.0,0.45,2.6,-0.417,0.017,0.069,0.086,0.05,0
2024-08-10,Haven,KRÜ Esports,FNATIC,90,6,200.84,209.92,199.72,203.833,71.84,77.68,70.52,75.5,0.6,2.0,-0.5,2.167,0.261,0.301,0.251,0.28,108,15,197.92,219.2,204.94,215.96,72.04,76.88,73.82,76.6,-0.8,3.2,0.6,3.2,0.265,0.418,0.312,0.385,-18,-9,2.92,-9.28,-5.22,-12.127,-0.2,0.8,-3.3,-1.1,1.4,-1.2,-1.1,-1.033,-0.005,-0.117,-0.061,-0.105,0
2024-08-10,Lotus,FNATIC,KRÜ Esports,109,27,194.2,209.2,204.64,210.86,71.68,75.4,74.52,76.4,-1.8,2.6,0.7,3.7,0.258,0.281,0.296,0.295,91,16,197.32,210.92,197.94,210.22,72.32,77.92,70.7,76.72,1.2,2.8,0.0,4.1,0.303,0.28,0.252,0.302,18,11,-3.12,-1.72,6.7,0.64,-0.64,-2.52,3.82,-0.32,-3.0,-0.2,0.7,-0.4,-0.045,0.001,0.044,-0.008,1
2024-08-11,Icebox,Team Vitality,LEVIATÁN,74,9,201.68,210.2,192.66,203.089,71.2,72.92,68.68,70.467,-1.2,3.6,-1.6,0.778,0.33,0.305,0.267,0.268,93,16,196.6,227.64,208.4,219.3,69.6,80.68,75.08,76.48,0.4,4.8,2.1,3.5,0.343,0.275,0.331,0.284,-19,-7,5.08,-17.44,-15.74,-16.211,1.6,-7.76,-6.4,-6.013,-1.6,-1.2,-3.7,-2.722,-0.013,0.031,-0.065,-0.016,0
2024-08-11,Sunset,LEVIATÁN,Team Vitality,94,9,193.32,215.12,205.1,213.0,67.52,78.44,73.26,77.733,-1.0,4.2,1.1,5.556,0.332,0.361,0.33,0.326,75,12,208.64,208.08,193.52,207.54,71.76,77.24,68.74,77.1,0.0,1.6,-1.3,-0.2,0.331,0.29,0.266,0.288,19,-3,-15.32,7.04,11.58,5.46,-4.24,1.2,4.52,0.633,-1.0,2.6,2.4,5.756,0.002,0.071,0.064,0.038,1
2024-08-11,Icebox,EDward Gaming,Paper Rex,44,3,198.76,201.933,188.44,201.933,70.56,68.867,67.44,68.867,0.4,0.333,-1.7,0.333,0.29,0.229,0.228,0.229,128,11,203.72,200.2,203.64,203.66,73.88,73.0,73.48,75.16,-2.0,-1.4,-0.7,1.0,0.293,0.325,0.32,0.334,-84,-8,-4.96,1.733,-15.2,-1.727,-3.32,-4.133,-6.04,-6.293,2.4,1.733,-1.0,-0.667,-0.003,-0.097,-0.092,-0.105,0
2024-08-11,Sunset,Paper Rex,EDward Gaming,129,15,207.76,215.44,203.38,216.58,74.48,77.96,72.96,79.36,-2.0,0.6,-1.1,2.0,0.33,0.375,0.32,0.403,45,2,198.92,163.4,191.56,163.4,69.84,57.9,68.02,57.9,1.8,-5.5,-1.4,-5.5,0.228,0.126,0.225,0.126,84,13,8.84,52.04,11.82,53.18,4.64,20.06,4.94,21.46,-3.8,6.1,0.3,7.5,0.102,0.249,0.095,0.276,0
2024-08-11,Lotus,Paper Rex,EDward Gaming,130,23,204.52,210.2,201.32,219.44,72.72,75.84,71.66,79.18,-2.2,3.2,-1.5,3.7,0.333,0.353,0.318,0.372,46,4,201.88,207.7,195.06,207.7,69.64,77.1,68.94,77.1,3.2,1.0,-0.1,1.0,0.231,0.291,0.242,0.291,84,19,2.64,2.5,6.26,11.74,3.08,-1.26,2.72,2.08,-5.4,2.2,-1.4,2.7,0.102,0.062,0.076,0.082,0
2024-08-14,Haven,DRX,Sentinels,110,16,196.88,190.28,193.18,191.46,71.08,73.12,68.78,71.24,0.8,0.2,-1.9,-0.1,0.346,0.337,0.327,0.329,79,5,203.08,186.72,194.62,186.72,76.52,72.16,71.98,72.16,1.6,-1.0,-1.3,-1.0,0.351,0.238,0.279,0.238,31,11,-6.2,3.56,-1.44,4.74,-5.44,0.96,-3.2,-0.92,-0.8,1.2,-0.6,0.9,-0.005,0.099,0.048,0.091,0
2024-08-14,Bind,EDward Gaming,Trace Esports,47,7,203.72,206.4,194.68,204.857,72.6,75.6,68.78,74.771,4.8,4.2,0.7,2.429,0.266,0.353,0.245,0.349,6,2,196.24,204.7,199.3,204.7,70.32,77.2,72.433,77.2,0.6,2.5,1.5,2.5,0.284,0.377,0.312,0.377,41,5,7.48,1.7,-4.62,0.157,2.28,-1.6,-3.653,-2.429,4.2,1.7,-0.8,-0.071,-0.018,-0.024,-0.067,-0.028,1
2024-08-14,Sunset,EDward Gaming,Trace Esports,48,3,209.08,183.867,198.68,183.867,73.76,64.267,70.44,64.267,6.4,-1.333,1.6,-1.333,0.322,0.195,0.283,0.195,7,2,193.88,177.2,193.171,177.2,69.92,67.5,70.943,67.5,1.0,-7.0,0.714,-7.0,0.254,0.193,0.282,0.193,41,1,15.2,6.667,5.509,6.667,3.84,-3.233,-0.503,-3.233,5.4,5.667,0.886,5.667,0.068,0.002,0.002,0.002,1
2024-08-14,Sunset,DRX,Sentinels,111,5,204.36,199.72,192.2,199.72,74.4,70.76,69.24,70.76,2.8,-3.2,-2.0,-3.2,0.367,0.273,0.316,0.273,80,5,213.44,209.56,198.78,209.56,80.04,73.04,74.26,73.04,2.2,-0.6,-0.5,-0.6,0.349,0.27,0.282,0.27,31,0,-9.08,-9.84,-6.58,-9.84,-5.64,-2.28,-5.02,-2.28,0.6,-2.6,-1.5,-2.6,0.018,0.002,0.034,0.002,0
2024-08-15,Icebox,LEVIATÁN,G2 Esports,95,17,201.84,222.88,204.44,221.74,70.72,79.2,73.0,76.36,1.2,5.4,1.9,3.4,0.331,0.307,0.342,0.3,51,11,202.12,203.4,194.28,207.02,69.76,68.36,68.64,71.88,0.8,-1.0,-0.8,-0.9,0.33,0.27,0.309,0.297,44,6,-0.28,19.48,10.16,14.72,0.96,10.84,4.36,4.48,0.4,6.4,2.7,4.3,0.002,0.037,0.033,0.003,1
2024-08-15,Abyss,LEVIATÁN,G2 Esports,96,1,206.24,223.0,202.74,223.0,71.12,85.2,71.92,85.2,1.0,9.0,1.3,9.0,0.349,0.217,0.357,0.217,52,1,198.96,214.0,194.38,214.0,69.48,73.2,68.7,73.2,-0.4,4.0,-0.5,4.0,0.322,0.261,0.28,0.261,44,0,7.28,9.0,8.36,9.0,1.64,12.0,3.22,12.0,1.4,5.0,1.8,5.0,0.027,-0.043,0.077,-0.043,1
2024-08-15,Lotus,FNATIC,Team Heretics,110,28,201.44,210.44,205.6,214.76,72.84,75.16,73.94,77.18,-1.0,3.2,0.6,3.1,0.232,0.294,0.286,0.294,81,18,195.76,193.6,189.44,190.96,72.52,73.76,71.64,71.06,-3.4,-1.8,-1.7,-2.6,0.298,0.239,0.268,0.269,29,10,5.68,16.84,16.16,23.8,0.32,1.4,2.3,6.12,2.4,5.0,2.3,5.7,-0.066,0.055,0.017,0.025,0
2024-08-15,Abyss,Team Heretics,FNATIC,82,3,202.12,198.133,195.58,198.133,76.88,73.0,74.38,73.0,-1.4,-0.333,-0.7,-0.333,0.343,0.301,0.3,0.301,111,1,193.36,176.4,200.7,176.4,71.64,68.2,73.84,68.2,-1.2,-2.0,0.2,-2.0,0.236,0.167,0.28,0.167,-29,2,8.76,21.733,-5.12,21.733,5.24,4.8,0.54,4.8,-0.2,1.667,-0.9,1.667,0.108,0.135,0.019,0.135,1
2024-08-16,Bind,FNATIC,G2 Esports,112,16,197.32,201.28,199.7,192.1,72.48,74.76,73.52,72.06,0.2,0.0,0.3,-1.0,0.256,0.356,0.275,0.299,53,11,189.72,212.48,198.26,206.56,67.36,76.04,69.98,75.26,-2.0,0.2,-0.5,0.6,0.299,0.387,0.29,0.354,59,5,7.6,-11.2,1.44,-14.46,5.12,-1.28,3.54,-3.2,2.2,-0.2,0.8,-1.6,-0.043,-0.03,-0.015,-0.055,1
2024-08-16,Haven,G2 Esports,FNATIC,54,3,188.4,199.933,197.78,199.933,68.6,74.8,69.84,74.8,-1.0,0.0,0.3,0.0,0.291,0.344,0.298,0.344,113,16,195.8,217.96,196.86,213.82,71.96,77.84,72.0,76.64,0.2,3.8,-0.3,3.5,0.265,0.397,0.265,0.38,-59,-13,-7.4,-18.027,0.92,-13.887,-3.36,-3.04,-2.16,-1.84,-1.2,-3.8,0.6,-3.5,0.026,-0.053,0.033,-0.036,0
2024-08-16,Abyss,DRX,Trace Esports,112,4,197.76,210.35,191.06,210.35,73.2,74.5,68.24,74.5,1.0,4.5,-2.6,4.5,0.329,0.377,0.303,0.377,8,0,192.44,,192.825,,70.16,,70.8,,-0.8,,0.25,,0.232,,0.268,,104,4,5.32,,-1.765,,3.04,,-2.56,,1.8,,-2.85,,0.098,,0.035,,1
2024-08-16,Lotus,DRX,Trace Esports,113,11,195.44,191.48,192.38,192.82,72.76,70.92,68.96,70.4,0.8,-4.0,-2.2,-2.8,0.355,0.306,0.32,0.294,9,0,192.6,,193.133,,70.12,,70.844,,-0.6,,0.222,,0.204,,0.257,,104,11,2.84,,-0.753,,2.64,,-1.884,,1.4,,-2.422,,0.151,,0.063,,1
2024-08-17,Icebox,LEVIATÁN,Team Heretics,97,18,207.68,219.6,205.46,221.66,72.12,77.68,72.88,76.58,-0.4,4.8,1.8,3.8,0.32,0.341,0.361,0.31,83,10,197.16,198.28,195.48,192.7,76.12,71.8,74.12,69.7,-1.6,0.6,-1.8,-0.1,0.371,0.37,0.315,0.295,14,8,10.52,21.32,9.98,28.96,-4.0,5.88,-1.24,6.88,1.2,4.2,3.6,3.9,-0.051,-0.029,0.046,0.015,1
2024-08-17,Haven,EDward Gaming,Sentinels,49,6,211.0,191.88,204.88,199.333,73.88,71.12,72.22,73.433,5.0,-2.8,2.7,-1.667,0.325,0.298,0.307,0.282,81,6,210.08,191.04,200.36,191.567,78.92,74.16,74.16,73.9,1.4,-0.4,0.1,-0.667,0.331,0.236,0.304,0.238,-32,0,0.92,0.84,4.52,7.767,-5.04,-3.04,-1.94,-0.467,3.6,-2.4,2.6,-1.0,-0.006,0.063,0.003,0.044,0
2024-08-17,Lotus,EDward Gaming,Sentinels,50,5,212.2,210.8,205.56,210.8,73.32,78.32,71.58,78.32,4.2,3.0,3.0,3.0,0.345,0.315,0.287,0.315,82,16,213.04,208.44,200.92,207.42,78.6,76.2,74.56,75.86,2.4,0.8,0.8,0.7,0.328,0.331,0.31,0.313,-32,-11,-0.84,2.36,4.64,3.38,-5.28,2.12,-2.98,2.46,1.8,2.2,2.2,2.3,0.018,-0.015,-0.023,0.002,1
2024-08-17,Sunset,EDward Gaming,Sentinels,51,4,205.6,189.85,203.74,189.85,72.28,65.2,70.96,65.2,3.6,-0.25,3.4,-0.25,0.333,0.223,0.282,0.223,83,6,213.0,215.84,202.76,208.4,78.76,75.68,76.08,73.267,0.8,1.4,1.2,-0.167,0.3,0.32,0.323,0.285,-32,-2,-7.4,-25.99,0.98,-18.55,-6.48,-10.48,-5.12,-8.067,2.8,-1.65,2.2,-0.083,0.033,-0.097,-0.041,-0.062,1
2024-08-17,Lotus,LEVIATÁN,Team Heretics,98,14,213.88,200.76,205.24,199.32,74.68,75.08,72.14,75.88,2.4,0.2,1.4,2.2,0.37,0.26,0.356,0.275,84,19,201.24,197.92,200.2,193.28,75.44,77.16,73.94,72.62,-2.2,0.8,-1.5,-1.4,0.358,0.32,0.337,0.285,14,-5,12.64,2.84,5.04,6.04,-0.76,-2.08,-1.8,3.26,4.6,-0.6,2.9,3.6,0.011,-0.06,0.019,-0.01,1
2024-08-18,Sunset,Sentinels,FNATIC,84,7,206.32,215.2,204.7,206.257,75.36,75.68,75.94,72.114,-0.4,1.2,0.6,-0.857,0.269,0.267,0.31,0.267,114,5,201.68,203.88,197.94,203.88,71.96,70.08,71.82,70.08,1.0,-3.4,-0.4,-3.4,0.301,0.329,0.28,0.329,-30,2,4.64,11.32,6.76,2.377,3.4,5.6,4.12,2.034,-1.4,4.6,1.0,2.543,-0.032,-0.062,0.03,-0.062,1
2024-08-18,Icebox,Team Heretics,DRX,85,11,194.72,199.96,195.2,192.46,72.36,71.8,72.74,68.72,-2.4,0.6,-2.5,-0.1,0.352,0.343,0.327,0.29,114,6,201.52,193.28,194.78,203.9,76.04,66.28,71.3,71.367,-0.2,0.0,-0.8,0.5,0.323,0.318,0.322,0.342,-29,5,-6.8,6.68,0.42,-11.44,-3.68,5.52,1.44,-2.647,-2.2,0.6,-1.7,-0.6,0.029,0.025,0.005,-0.051,1
2024-08-18,Sunset,DRX,Team Heretics,115,6,200.84,196.16,198.86,198.833,76.2,69.32,73.64,70.6,-1.6,-3.0,-0.4,-3.0,0.291,0.263,0.318,0.275,86,12,200.12,193.48,197.94,203.1,74.64,75.72,73.58,77.84,-0.6,0.6,-2.0,1.3,0.346,0.291,0.322,0.313,29,-6,0.72,2.68,0.92,-4.267,1.56,-6.4,0.06,-7.24,-1.0,-3.6,1.6,-4.3,-0.055,-0.027,-0.004,-0.038,0
2024-08-18,Abyss,Team Heretics,DRX,87,4,198.52,192.65,200.32,192.65,72.68,71.65,74.78,71.65,-1.4,-1.5,-1.4,-1.5,0.324,0.332,0.334,0.332,116,5,197.08,210.32,200.72,210.32,74.08,75.16,74.24,75.16,-1.8,3.6,0.5,3.6,0.266,0.391,0.316,0.391,-29,-1,1.44,-17.67,-0.4,-17.67,-1.4,-3.51,0.54,-3.51,0.4,-5.1,-1.9,-5.1,0.058,-0.059,0.017,-0.059,0
2024-08-18,Lotus,FNATIC,Sentinels,115,29,196.0,196.64,198.72,206.12,71.36,72.68,72.1,75.82,2.2,0.4,0.6,1.8,0.296,0.236,0.264,0.273,85,17,202.6,204.88,208.02,205.14,73.0,76.2,76.52,75.66,-1.8,-0.4,0.2,-0.3,0.296,0.309,0.322,0.309,30,12,-6.6,-8.24,-9.3,0.98,-1.64,-3.52,-4.42,0.16,4.0,0.8,0.4,2.1,-0.001,-0.074,-0.059,-0.036,0
2024-08-18,Bind,FNATIC,Sentinels,116,17,203.88,200.24,198.62,198.72,71.92,72.96,71.78,73.08,3.2,-1.4,1.0,-1.2,0.313,0.36,0.274,0.326,86,9,204.44,195.68,207.26,201.422,74.08,72.24,76.5,73.6,-2.0,1.2,-0.3,1.444,0.319,0.318,0.325,0.342,30,8,-0.56,4.56,-8.64,-2.702,-2.16,0.72,-4.72,-0.52,5.2,-2.6,1.3,-2.644,-0.007,0.042,-0.051,-0.017,1
2024-08-23,Abyss,EDward Gaming,LEVIATÁN,52,0,204.72,,204.22,,71.6,,72.1,,2.4,,3.6,,0.293,,0.279,,99,2,214.48,224.7,203.9,224.7,76.8,83.7,72.16,83.7,3.8,5.0,1.4,5.0,0.354,0.22,0.343,0.22,-47,-2,-9.76,,0.32,,-5.2,,-0.06,,-1.4,,2.2,,-0.061,,-0.064,,1
2024-08-23,Haven,Sentinels,Team Heretics,87,7,194.64,199.32,203.84,195.0,72.6,73.88,75.6,74.257,-3.2,0.8,-0.4,0.0,0.301,0.275,0.314,0.256,88,6,199.32,179.96,198.24,179.2,72.52,71.52,74.32,71.0,-0.4,1.0,-1.0,0.0,0.273,0.3,0.322,0.295,-1,1,-4.68,19.36,5.6,15.8,0.08,2.36,1.28,3.257,-2.8,-0.2,0.6,-0.0,0.029,-0.025,-0.007,-0.039,1
2024-08-23,Icebox,Team Heretics,Sentinels,89,12,190.88,207.04,196.06,200.82,71.24,73.48,73.34,71.86,0.2,1.4,-1.0,1.4,0.292,0.343,0.325,0.31,88,8,198.56,197.16,205.78,195.675,73.52,74.8,76.14,72.625,-2.6,2.0,-0.9,-0.5,0.303,0.338,0.302,0.311,1,4,-7.68,9.88,-9.72,5.145,-2.28,-1.32,-2.8,-0.765,2.8,-0.6,-0.1,1.9,-0.012,0.005,0.023,-0.0,1
2024-08-23,Icebox,LEVIATÁN,EDward Gaming,100,19,207.56,213.12,204.7,221.64,74.44,74.2,72.58,76.86,0.0,3.4,0.6,3.8,0.305,0.359,0.318,0.311,53,4,205.8,200.05,207.44,200.05,72.44,69.45,73.1,69.45,3.6,0.25,5.0,0.25,0.286,0.203,0.304,0.203,47,15,1.76,13.07,-2.74,21.59,2.0,4.75,-0.52,7.41,-3.6,3.15,-4.4,3.55,0.019,0.156,0.014,0.109,1
2024-08-23,Lotus,LEVIATÁN,EDward Gaming,101,15,206.24,202.24,206.24,201.96,74.88,76.84,73.0,77.48,0.4,1.8,0.7,3.3,0.285,0.243,0.317,0.29,54,6,202.0,209.04,206.5,207.633,72.36,77.68,73.12,77.233,2.6,2.2,3.8,3.167,0.299,0.311,0.312,0.308,47,9,4.24,-6.8,-0.26,-5.673,2.52,-0.84,-0.12,0.247,-2.2,-0.4,-3.1,0.133,-0.013,-0.069,0.005,-0.018,0
2024-08-23,Abyss,Team Heretics,Sentinels,90,5,197.12,190.16,195.92,190.16,71.44,70.68,71.9,70.68,2.8,-1.2,0.2,-1.2,0.321,0.299,0.337,0.299,89,0,195.72,,201.02,,71.96,,73.66,,-2.8,,-1.6,,0.326,,0.298,,1,5,1.4,,-5.1,,-0.52,,-1.76,,5.6,,1.8,,-0.005,,0.039,,1
2024-08-24,Icebox,LEVIATÁN,Team Heretics,102,20,200.24,209.4,203.96,219.9,71.44,73.64,71.78,76.5,-0.8,2.8,-0.6,3.4,0.288,0.397,0.304,0.32,91,13,196.28,211.48,198.2,204.92,71.04,74.48,72.84,72.9,1.8,2.6,0.6,2.1,0.349,0.349,0.348,0.345,11,7,3.96,-2.08,5.76,14.98,0.4,-0.84,-1.06,3.6,-2.6,0.2,-1.2,1.3,-0.061,0.047,-0.043,-0.025,0
2024-08-24,Sunset,Team Heretics,LEVIATÁN,92,13,194.96,192.32,196.74,203.22,71.72,76.4,72.2,78.1,1.8,1.2,0.2,1.5,0.341,0.299,0.333,0.314,103,10,191.72,217.28,202.8,214.44,70.92,78.84,72.8,78.16,-1.6,4.6,0.4,5.9,0.267,0.382,0.318,0.334,-11,3,3.24,-24.96,-6.06,-11.22,0.8,-2.44,-0.6,-0.06,3.4,-3.4,-0.2,-4.4,0.075,-0.083,0.015,-0.02,1
2024-08-24,Abyss,Team Heretics,LEVIATÁN,93,6,200.0,192.16,199.66,194.6,73.92,69.92,73.22,71.733,2.2,-1.8,0.9,-1.0,0.394,0.318,0.333,0.316,104,3,188.6,214.067,201.54,214.067,68.08,79.2,72.44,79.2,-3.4,0.0,0.2,0.0,0.254,0.202,0.304,0.202,-11,3,11.4,-21.907,-1.88,-19.467,5.84,-9.28,0.78,-7.467,5.6,-1.8,0.7,-1.0,0.14,0.116,0.029,0.113,0
2024-08-24,Lotus,LEVIATÁN,Team Heretics,105,16,191.72,206.12,199.64,202.32,70.2,76.84,72.32,76.48,0.2,1.8,0.1,2.2,0.275,0.258,0.29,0.289,94,20,202.24,191.08,196.56,197.22,74.4,73.64,72.82,73.98,0.4,-3.0,0.3,-1.1,0.381,0.305,0.336,0.294,11,-4,-10.52,15.04,3.08,5.1,-4.2,3.2,-0.5,2.5,-0.2,4.8,-0.2,3.3,-0.106,-0.047,-0.046,-0.006,0
2024-08-25,Bind,Team Heretics,EDward Gaming,95,10,206.44,195.8,201.78,201.0,77.68,71.76,74.56,75.02,-0.8,-0.6,1.0,0.2,0.387,0.321,0.354,0.337,55,8,205.92,203.2,209.06,204.85,75.56,72.0,74.44,74.175,4.4,4.4,4.3,2.625,0.347,0.349,0.346,0.362,40,2,0.52,-7.4,-7.28,-3.85,2.12,-0.24,0.12,0.845,-5.2,-5.0,-3.3,-2.425,0.039,-0.028,0.008,-0.025,1
2024-08-25,Abyss,Team Heretics,EDward Gaming,96,7,205.08,189.6,200.68,192.629,78.64,69.44,74.84,71.229,0.0,-3.4,0.9,-2.0,0.34,0.32,0.345,0.316,56,1,208.2,210.2,206.9,210.2,76.84,74.2,74.56,74.2,2.8,10.0,3.2,10.0,0.368,0.417,0.351,0.417,40,6,-3.12,-20.6,-6.22,-17.571,1.8,-4.76,0.28,-2.971,-2.8,-13.4,-2.3,-12.0,-0.028,-0.097,-0.006,-0.101,0
2024-08-25,Haven,Team Heretics,EDward Gaming,97,7,199.52,177.76,197.24,177.829,76.48,70.6,74.1,70.257,-1.2,0.2,0.3,0.143,0.325,0.333,0.333,0.307,57,7,206.16,188.76,205.44,199.486,76.88,68.4,74.24,72.714,2.6,-3.4,2.5,-2.0,0.38,0.26,0.337,0.274,40,0,-6.64,-11.0,-8.2,-21.657,-0.4,2.2,-0.14,-2.457,-3.8,3.6,-2.2,2.143,-0.056,0.073,-0.004,0.033,1
2024-08-25,Sunset,EDward Gaming,Team Heretics,58,5,200.52,195.64,203.16,195.64,75.48,68.12,73.96,68.12,0.0,0.8,1.8,0.8,0.329,0.22,0.307,0.22,98,14,202.4,193.68,201.2,205.08,76.96,75.96,75.44,78.82,-1.0,0.8,0.6,2.6,0.323,0.294,0.358,0.34,-40,-9,-1.88,1.96,1.96,-9.44,-1.48,-7.84,-1.48,-10.7,1.0,0.0,1.2,-1.8,0.005,-0.074,-0.051,-0.119,1
2024-08-25,Lotus,Team Heretics,EDward Gaming,99,21,194.64,205.0,198.44,198.56,74.16,78.92,74.28,74.7,-0.8,-2.2,-0.2,-1.3,0.271,0.355,0.326,0.309,59,7,207.88,208.16,204.94,209.4,79.32,77.92,75.84,78.257,1.8,3.8,2.2,3.429,0.338,0.342,0.318,0.331,40,14,-13.24,-3.16,-6.5,-10.84,-5.16,1.0,-1.56,-3.557,-2.6,-6.0,-2.4,-4.729,-0.066,0.013,0.008,-0.022,0
2025-02-20,Split,Team Liquid,EDward Gaming,73,12,189.64,179.68,187.36,194.0,68.52,70.36,68.2,72.88,-2.6,-1.8,-2.8,-1.0,0.202,0.237,0.199,0.255,60,8,209.56,209.88,207.74,207.975,77.92,71.72,76.74,73.45,0.8,-1.4,2.6,-0.5,0.325,0.272,0.336,0.31,13,4,-19.92,-30.2,-20.38,-13.975,-9.4,-1.36,-8.54,-0.57,-3.4,-0.4,-5.4,-0.5,-0.123,-0.035,-0.137,-0.055,0
2025-02-20,Pearl,EDward Gaming,Team Liquid,61,4,211.12,190.65,209.66,190.65,76.32,67.8,76.58,67.8,1.6,-4.5,2.2,-4.5,0.321,0.246,0.344,0.246,74,0,196.84,,191.18,,69.24,,68.32,,-1.6,,-3.2,,0.223,,0.215,,-13,4,14.28,,18.48,,7.08,,8.26,,3.2,,5.4,,0.097,,0.13,,1
2025-02-20,Lotus,DRX,Sentinels,117,12,203.12,193.92,200.44,196.94,76.36,72.92,74.78,72.74,-1.4,-3.4,-0.2,-1.6,0.286,0.295,0.308,0.289,90,18,191.64,205.32,197.12,207.9,70.2,78.16,71.6,76.92,-1.6,0.6,-1.7,0.4,0.291,0.329,0.294,0.323,27,-6,11.48,-11.4,3.32,-10.96,6.16,-5.24,3.18,-4.18,0.2,-4.0,1.5,-2.0,-0.005,-0.034,0.014,-0.034,1
2025-02-20,Haven,Sentinels,DRX,91,8,174.2,203.0,189.32,198.6,65.28,74.28,69.68,75.325,-2.2,-0.6,-2.1,-0.125,0.222,0.245,0.271,0.254,118,17,203.4,188.96,199.42,186.14,78.36,71.36,75.56,69.66,-1.0,-0.2,-0.1,-0.7,0.297,0.298,0.326,0.312,-27,-9,-29.2,14.04,-10.1,12.46,-13.08,2.92,-5.88,5.665,-1.2,-0.4,-2.0,0.575,-0.076,-0.053,-0.056,-0.058,0
2025-02-21,Abyss,G2 Esports,Trace Esports,55,2,182.6,193.9,191.58,193.9,65.48,68.3,67.74,68.3,-3.4,1.5,-0.9,1.5,0.233,0.242,0.279,0.242,10,1,186.68,195.6,189.48,195.6,67.64,71.2,69.62,71.2,1.0,0.0,0.2,0.0,0.202,0.167,0.244,0.167,45,1,-4.08,-1.7,2.1,-1.7,-2.16,-2.9,-1.88,-2.9,-4.4,1.5,-1.1,1.5,0.031,0.075,0.035,0.075,1
2025-02-21,Lotus,Trace Esports,G2 Esports,11,1,166.4,156.6,181.32,156.6,64.12,58.6,67.22,58.6,-2.6,0.0,-1.0,0.0,0.138,0.125,0.211,0.125,56,11,184.4,198.56,193.26,200.1,68.64,72.04,69.2,74.5,-0.2,1.6,0.3,0.9,0.274,0.292,0.302,0.322,-45,-10,-18.0,-41.96,-11.94,-43.5,-4.52,-13.44,-1.98,-15.9,-2.4,-1.6,-1.3,-0.9,-0.136,-0.167,-0.091,-0.197,0
2025-02-21,Bind,Team Vitality,T1,76,6,203.28,182.72,195.56,184.367,69.36,67.72,69.34,68.333,-3.0,-1.2,-2.1,-1.5,0.274,0.229,0.259,0.215,87,14,213.12,189.76,209.98,194.22,76.96,70.08,75.66,71.88,0.6,-3.6,0.8,-3.0,0.307,0.239,0.319,0.293,-11,-8,-9.84,-7.04,-14.42,-9.853,-7.6,-2.36,-6.32,-3.547,-3.6,2.4,-2.9,1.5,-0.032,-0.009,-0.06,-0.078,1
2025-02-21,Fracture,Team Vitality,T1,77,3,211.68,174.6,198.34,174.6,72.48,59.2,69.88,59.2,-2.2,-1.333,-2.5,-1.333,0.259,0.272,0.259,0.272,88,11,207.28,192.64,205.72,198.86,74.52,72.6,74.1,73.44,1.6,0.2,1.0,1.3,0.276,0.245,0.308,0.293,-11,-8,4.4,-18.04,-7.38,-24.26,-2.04,-13.4,-4.22,-14.24,-3.8,-1.533,-3.5,-2.633,-0.016,0.027,-0.048,-0.021,1
2025-02-22,Bind,Team Vitality,DRX,78,7,208.0,192.36,199.32,190.086,71.96,69.64,70.18,69.343,-2.2,-2.0,-2.4,-1.571,0.253,0.218,0.276,0.23,119,18,198.56,188.2,200.04,198.04,75.72,68.6,75.88,71.44,-0.4,-4.8,-0.3,-2.3,0.304,0.28,0.314,0.312,-41,-11,9.44,4.16,-0.72,-7.954,-3.76,1.04,-5.7,-2.097,-1.8,2.8,-2.1,0.729,-0.051,-0.063,-0.038,-0.083,1
2025-02-22,Abyss,DRX,Team Vitality,120,6,199.48,209.96,200.16,212.7,74.24,74.76,75.22,76.167,0.8,1.8,-0.4,3.0,0.308,0.398,0.299,0.391,79,0,207.36,,204.52,,71.56,,71.38,,-3.0,,-2.1,,0.253,,0.292,,41,6,-7.88,,-4.36,,2.68,,3.84,,3.8,,1.7,,0.054,,0.008,,1
2025-02-22,Split,Team Vitality,DRX,80,6,206.04,184.2,207.34,188.267,71.04,68.04,71.4,70.467,-4.2,2.2,-2.1,2.833,0.264,0.326,0.297,0.332,121,13,207.24,187.0,202.16,192.94,78.28,68.08,76.18,70.5,2.4,1.2,0.3,0.0,0.352,0.259,0.309,0.281,-41,-7,-1.2,-2.8,5.18,-4.673,-7.24,-0.04,-4.78,-0.033,-6.6,1.0,-2.4,2.833,-0.088,0.068,-0.011,0.051,1
2025-02-22,Pearl,EDward Gaming,G2 Esports,62,5,211.28,194.4,208.72,194.4,74.6,68.52,75.74,68.52,2.2,-2.2,2.4,-2.2,0.329,0.26,0.355,0.26,57,0,184.96,,191.96,,68.88,,69.18,,-0.8,,-0.6,,0.294,,0.308,,5,5,26.32,,16.76,,5.72,,6.56,,3.0,,3.0,,0.035,,0.047,,0
2025-02-22,Bind,G2 Esports,EDward Gaming,58,12,189.88,205.28,189.8,201.74,70.72,73.48,69.04,73.54,0.2,0.0,-0.9,0.6,0.297,0.359,0.298,0.339,63,9,214.52,200.72,207.52,204.667,74.48,72.8,74.98,74.622,2.0,1.6,1.0,1.889,0.363,0.374,0.346,0.363,-5,3,-24.64,4.56,-17.72,-2.927,-3.76,0.68,-5.94,-1.082,-1.8,-1.6,-1.9,-1.289,-0.066,-0.015,-0.047,-0.024,0
2025-02-22,Fracture,EDward Gaming,G2 Esports,64,6,211.0,209.84,209.44,209.767,72.16,75.84,75.74,76.7,2.0,1.6,1.9,1.5,0.356,0.301,0.347,0.294,59,0,192.2,,190.3,,71.96,,70.28,,-1.6,,-1.3,,0.277,,0.284,,5,6,18.8,,19.14,,0.2,,5.46,,3.6,,3.2,,0.08,,0.063,,1
2025-02-23,Bind,Team Liquid,Sentinels,75,8,188.48,193.44,189.48,196.2,66.2,68.96,67.3,70.9,-2.2,-2.2,-3.9,-2.625,0.207,0.286,0.211,0.309,92,10,181.52,189.2,188.08,197.94,67.28,70.48,69.94,73.14,-2.4,-0.4,-2.8,1.1,0.219,0.311,0.26,0.335,-17,-2,6.96,4.24,1.4,-1.74,-1.08,-1.52,-2.64,-2.24,0.2,-1.8,-1.1,-3.725,-0.012,-0.025,-0.05,-0.027,1
2025-02-23,Abyss,Sentinels,Team Liquid,93,1,170.68,176.8,184.62,176.8,62.72,62.0,68.12,62.0,-3.0,0.0,-2.8,0.0,0.186,0.2,0.245,0.2,76,0,189.08,,194.86,,68.0,,69.68,,-2.4,,-2.9,,0.241,,0.233,,17,1,-18.4,,-10.24,,-5.28,,-1.56,,-0.6,,0.1,,-0.054,,0.012,,0
2025-02-23,Haven,T1,Trace Esports,89,10,200.76,186.84,204.66,187.68,73.32,67.76,73.92,69.48,1.2,-2.0,1.3,-1.9,0.258,0.259,0.311,0.247,12,0,172.08,,182.98,,64.48,,67.2,,-1.2,,-0.1,,0.147,,0.2,,77,10,28.68,,21.68,,8.84,,6.72,,2.4,,1.4,,0.111,,0.11,,1
2025-02-23,Lotus,Trace Esports,T1,13,2,169.16,170.7,180.8,170.7,62.88,61.2,66.52,61.2,-0.8,1.5,-0.8,1.5,0.169,0.134,0.2,0.134,90,19,200.12,194.44,206.7,202.68,73.92,72.64,75.3,74.88,1.0,-2.0,1.7,1.9,0.257,0.248,0.313,0.277,-77,-17,-30.96,-23.74,-25.9,-31.98,-11.04,-11.44,-8.78,-13.68,-1.8,3.5,-2.5,-0.4,-0.088,-0.114,-0.112,-0.143,0
2025-02-23,Lotus,Team Liquid,Sentinels,77,16,201.8,188.44,197.28,193.86,73.08,68.52,71.44,70.46,-0.6,-1.4,-2.4,0.2,0.314,0.233,0.252,0.268,94,19,174.88,192.88,185.3,195.4,66.88,74.12,69.42,73.54,-2.2,1.0,-2.5,-0.2,0.198,0.327,0.262,0.298,-17,-3,26.92,-4.44,11.98,-1.54,6.2,-5.6,2.02,-3.08,1.6,-2.4,0.1,0.4,0.116,-0.094,-0.01,-0.031,0
2025-02-24,Fracture,DRX,T1,122,9,202.6,197.68,202.86,192.933,76.56,74.88,76.46,72.4,2.0,0.6,0.3,-1.556,0.316,0.311,0.301,0.299,91,12,205.64,185.72,208.14,193.66,75.08,70.36,76.22,72.28,2.6,1.0,2.0,1.9,0.274,0.262,0.309,0.272,31,-3,-3.04,11.96,-5.28,-0.727,1.48,4.52,0.24,0.12,-0.6,-0.4,-1.7,-3.456,0.042,0.049,-0.008,0.027,0
2025-02-24,Pearl,T1,DRX,92,8,200.52,190.48,206.82,191.275,75.44,67.0,76.2,68.8,5.2,-4.6,2.9,-3.5,0.293,0.251,0.3,0.235,123,9,195.64,202.44,199.52,210.622,73.52,76.12,75.94,78.689,-1.2,0.2,-1.1,1.111,0.274,0.306,0.286,0.35,-31,-1,4.88,-11.96,7.3,-19.347,1.92,-9.12,0.26,-9.889,6.4,-4.8,4.0,-4.611,0.019,-0.056,0.014,-0.115,1
2025-02-24,Haven,Team Liquid,G2 Esports,78,8,204.16,186.32,196.9,179.775,72.76,67.84,70.64,66.9,-1.4,0.2,-2.0,-0.5,0.298,0.246,0.25,0.246,60,4,194.64,188.55,188.62,188.55,73.0,70.15,69.24,70.15,-2.2,-2.0,-2.8,-2.0,0.275,0.29,0.254,0.29,18,4,9.52,-2.23,8.28,-8.775,-0.24,-2.31,1.4,-3.25,0.8,2.2,0.8,1.5,0.023,-0.044,-0.004,-0.044,0
2025-02-24,Lotus,G2 Esports,Team Liquid,61,12,192.68,209.0,188.54,199.14,69.48,75.16,69.06,72.9,-4.6,1.6,-2.4,-0.4,0.242,0.335,0.258,0.311,79,17,198.92,185.56,197.88,193.16,72.56,67.4,70.9,70.1,-0.2,-2.2,-0.9,-1.0,0.279,0.189,0.251,0.256,-18,-5,-6.24,23.44,-9.34,5.98,-3.08,7.76,-1.84,2.8,-4.4,3.8,-1.5,0.6,-0.037,0.146,0.007,0.056,1
2025-02-27,Pearl,EDward Gaming,T1,65,6,214.32,192.28,211.94,195.033,74.28,65.96,76.1,68.2,4.2,-3.4,2.5,-2.5,0.333,0.278,0.329,0.27,93,9,208.72,200.0,208.0,195.378,77.84,68.2,76.18,69.889,4.6,-3.6,3.1,-3.222,0.309,0.248,0.292,0.248,-28,-3,5.6,-7.72,3.94,-0.344,-3.56,-2.24,-0.08,-1.689,-0.4,0.2,-0.6,0.722,0.024,0.03,0.037,0.023,1
2025-02-27,Split,EDward Gaming,T1,66,9,214.64,209.0,212.88,208.311,75.76,70.64,76.04,73.089,3.0,-1.6,2.3,-0.444,0.321,0.279,0.321,0.315,94,4,212.92,176.6,206.84,176.6,77.96,64.7,75.64,64.7,5.2,-3.0,3.2,-3.0,0.274,0.193,0.266,0.193,-28,5,1.72,32.4,6.04,31.711,-2.2,5.94,0.4,8.389,-2.2,1.4,-0.9,2.556,0.048,0.087,0.055,0.123,1
2025-02-27,Bind,EDward Gaming,T1,67,10,219.12,201.56,215.2,205.0,78.28,73.12,76.44,74.68,2.0,2.0,2.1,2.4,0.308,0.386,0.319,0.365,95,15,206.84,196.52,203.48,192.3,74.16,71.2,74.04,70.44,4.6,-2.2,2.8,-3.3,0.256,0.262,0.257,0.267,-28,-5,12.28,5.04,11.72,12.7,4.12,1.92,2.4,4.24,-2.6,4.2,-0.7,5.7,0.052,0.125,0.062,0.098,0
2025-02-27,Bind,G2 Esports,Team Vitality,62,13,193.76,197.4,189.36,203.44,70.2,71.16,69.54,73.66,-3.6,-2.8,-2.2,-0.1,0.245,0.324,0.27,0.329,81,8,210.0,196.68,206.64,193.85,73.16,69.36,71.26,69.7,-2.0,-1.4,-2.5,-1.5,0.307,0.23,0.291,0.237,-19,5,-16.24,0.72,-17.28,9.59,-2.96,1.8,-1.72,3.96,-1.6,-1.4,0.3,1.4,-0.062,0.094,-0.021,0.093,1
2025-02-27,Lotus,Team Vitality,G2 Esports,82,16,205.32,205.16,208.5,196.72,72.64,74.04,72.56,71.68,-2.8,-2.2,-2.5,-3.1,0.294,0.262,0.277,0.266,63,13,197.44,212.08,193.66,203.7,71.4,76.04,71.06,74.32,-3.2,1.2,-1.5,0.6,0.277,0.323,0.287,0.323,19,3,7.88,-6.92,14.84,-6.98,1.24,-2.0,1.5,-2.64,0.4,-3.4,-1.0,-3.7,0.017,-0.061,-0.01,-0.057,0
2025-02-28,Lotus,G2 Esports,EDward Gaming,64,14,199.28,205.48,195.74,201.96,71.32,72.92,71.64,73.44,-1.4,0.2,-1.5,1.1,0.302,0.298,0.29,0.318,68,8,217.2,214.68,215.86,211.775,80.76,78.96,77.62,78.15,3.4,4.0,2.7,3.0,0.275,0.376,0.319,0.341,-4,6,-17.92,-9.2,-20.12,-9.815,-9.44,-6.04,-5.98,-4.71,-4.8,-3.8,-4.2,-1.9,0.027,-0.079,-0.029,-0.023,1
2025-02-28,Split,EDward Gaming,G2 Esports,69,10,214.16,213.16,212.58,210.66,79.8,72.84,75.98,74.18,1.4,-0.4,1.7,-0.2,0.246,0.268,0.301,0.309,65,3,208.72,195.6,201.68,195.6,74.28,72.533,73.64,72.533,1.4,-1.667,-0.4,-1.667,0.346,0.212,0.31,0.212,4,7,5.44,17.56,10.9,15.06,5.52,0.307,2.34,1.647,0.0,1.267,2.1,1.467,-0.099,0.055,-0.009,0.096,0
2025-02-28,Lotus,T1,Team Vitality,96,20,201.68,208.04,203.66,204.64,71.36,77.68,73.22,75.88,2.8,-1.6,2.7,1.7,0.257,0.298,0.266,0.28,83,17,205.08,210.4,206.54,200.68,70.64,73.48,71.3,72.18,-2.6,-2.6,-2.4,-2.8,0.27,0.28,0.262,0.288,13,3,-3.4,-2.36,-2.88,3.96,0.72,4.2,1.92,3.7,5.4,1.0,5.1,4.5,-0.013,0.018,0.004,-0.007,0
2025-02-28,Haven,Team Vitality,T1,84,10,204.28,185.64,205.82,185.1,71.44,65.84,71.5,67.46,-2.0,-3.0,-2.5,-3.5,0.29,0.225,0.272,0.285,97,11,200.48,190.68,200.5,191.44,69.6,68.12,72.52,70.82,-0.4,-0.6,2.4,-1.1,0.237,0.258,0.265,0.27,-13,-1,3.8,-5.04,5.32,-6.34,1.84,-2.28,-1.02,-3.36,-1.6,-2.4,-4.9,-2.4,0.053,-0.033,0.007,0.016,0
2025-02-28,Split,Team Vitality,T1,85,7,196.0,186.48,201.02,190.371,69.96,68.64,70.5,71.2,-1.8,2.0,-3.0,2.714,0.283,0.298,0.274,0.333,98,5,195.04,176.16,201.88,176.16,69.16,63.36,73.5,63.36,0.8,-2.8,2.7,-2.8,0.237,0.194,0.273,0.194,-13,2,0.96,10.32,-0.86,14.211,0.8,5.28,-3.0,7.84,-2.6,4.8,-5.7,5.514,0.047,0.104,0.001,0.138,0
2025-03-01,Split,EDward Gaming,T1,70,11,198.56,205.88,206.44,207.2,74.0,71.8,74.14,72.18,-1.6,1.2,1.3,-0.9,0.228,0.258,0.28,0.281,99,6,203.6,186.4,208.26,186.8,72.48,66.6,75.22,66.867,1.2,-1.4,3.2,-1.0,0.298,0.235,0.286,0.227,-29,5,-5.04,19.48,-1.82,20.4,1.52,5.2,-1.08,5.313,-2.8,2.6,-1.9,0.1,-0.07,0.022,-0.005,0.055,0
2025-03-01,Fracture,EDward Gaming,T1,71,7,189.08,214.4,201.86,214.8,70.08,75.6,72.92,78.314,-2.4,1.6,0.3,2.857,0.203,0.289,0.262,0.294,100,13,211.48,182.0,209.16,193.62,77.08,70.12,75.62,72.88,3.6,1.2,4.1,2.8,0.347,0.276,0.301,0.266,-29,-6,-22.4,32.4,-7.3,21.18,-7.0,5.48,-2.7,5.434,-6.0,0.4,-3.8,0.057,-0.144,0.013,-0.04,0.028,1
2025-03-01,Bind,EDward Gaming,T1,72,11,184.4,200.56,201.76,203.28,68.68,73.96,73.48,74.88,-2.4,4.0,-0.2,2.7,0.199,0.331,0.253,0.346,101,16,212.4,201.64,207.04,194.42,77.0,71.44,74.18,71.2,3.8,-1.0,3.3,-3.0,0.33,0.264,0.293,0.279,-29,-5,-28.0,-1.08,-5.28,8.86,-8.32,2.52,-0.7,3.68,-6.2,5.0,-3.5,5.7,-0.131,0.067,-0.04,0.067,0
2025-03-01,Haven,T1,EDward Gaming,102,12,223.04,195.92,211.76,189.58,79.92,71.2,74.76,70.48,5.2,1.2,2.4,-0.3,0.342,0.268,0.289,0.273,73,8,175.64,190.64,196.42,197.3,63.96,68.76,72.36,72.025,-4.0,-4.4,-0.3,-2.125,0.191,0.255,0.233,0.26,29,4,47.4,5.28,15.34,-7.72,15.96,2.44,2.4,-1.545,9.2,5.6,2.7,1.825,0.152,0.013,0.057,0.014,1
2025-03-02,Lotus,T1,G2 Esports,103,21,226.96,217.28,211.0,202.46,79.64,79.88,74.4,75.18,4.4,-0.2,2.6,1.4,0.333,0.318,0.285,0.275,66,15,212.36,212.24,202.52,202.5,76.56,74.84,73.02,73.3,3.4,2.0,-0.6,1.7,0.349,0.322,0.295,0.313,37,6,14.6,5.04,8.48,-0.04,3.08,5.04,1.38,1.88,1.0,-2.2,3.2,-0.3,-0.016,-0.004,-0.011,-0.038,0
2025-03-02,Haven,G2 Esports,T1,67,5,213.12,190.96,203.44,190.96,76.72,69.64,73.46,69.64,3.4,-2.8,-0.1,-2.8,0.334,0.298,0.29,0.298,104,13,215.32,203.6,209.46,195.72,75.24,72.96,73.86,71.84,2.4,1.2,1.8,-0.2,0.288,0.308,0.293,0.281,-37,-8,-2.2,-12.64,-6.02,-4.76,1.48,-3.32,-0.4,-2.2,1.0,-4.0,-1.9,-2.6,0.046,-0.01,-0.003,0.017,0
2025-03-02,Abyss,T1,G2 Esports,105,0,215.36,,213.42,,73.56,,75.32,,1.6,,2.6,,0.272,,0.309,,68,3,209.64,199.4,203.54,199.4,76.64,73.933,74.02,73.933,1.0,3.0,-1.1,3.0,0.31,0.328,0.294,0.328,37,-3,5.72,,9.88,,-3.08,,1.3,,0.6,,3.7,,-0.038,,0.016,,0
2025-03-02,Split,T1,G2 Esports,106,7,207.96,200.8,210.18,190.657,74.96,71.72,75.98,68.886,3.0,2.6,3.4,0.571,0.276,0.302,0.303,0.258,69,4,210.76,201.4,205.02,201.4,78.08,74.15,74.7,74.15,-0.4,-0.25,-0.9,-0.25,0.297,0.247,0.3,0.247,37,3,-2.8,-0.6,5.16,-10.743,-3.12,-2.43,1.28,-5.264,3.4,2.85,4.3,0.821,-0.021,0.055,0.003,0.011,1
2025-03-02,Pearl,T1,G2 Esports,107,10,201.92,199.6,212.48,195.56,72.52,67.6,76.22,69.68,2.4,-2.0,3.8,-2.3,0.26,0.204,0.301,0.231,70,1,209.76,198.4,209.24,198.4,77.52,72.6,75.9,72.6,-1.4,4.0,0.0,4.0,0.287,0.235,0.316,0.235,37,9,-7.84,1.2,3.24,-2.84,-5.0,-5.0,0.32,-2.92,3.8,-6.0,3.8,-6.3,-0.027,-0.032,-0.015,-0.004,1
2025-03-21,Fracture,NRG,Cloud9,79,3,211.16,193.8,198.28,193.8,76.8,71.467,72.76,71.467,2.2,-2.667,1.2,-2.667,0.29,0.319,0.269,0.319,70,5,182.6,199.68,180.04,199.68,65.4,69.56,67.44,69.56,-1.6,-1.8,-1.7,-1.8,0.268,0.255,0.252,0.255,9,-2,28.56,-5.88,18.24,-5.88,11.4,1.907,5.32,1.907,3.8,-0.867,2.9,-0.867,0.022,0.064,0.016,0.064,0
2025-03-21,Pearl,Cloud9,NRG,71,7,190.76,195.08,185.28,194.086,66.72,71.72,68.6,70.857,-2.2,-1.4,-1.5,-1.571,0.324,0.264,0.283,0.266,80,9,203.4,198.48,198.08,195.178,74.8,76.0,73.2,76.333,0.4,0.2,1.2,0.889,0.266,0.319,0.255,0.322,-9,-2,-12.64,-3.4,-12.8,-1.092,-8.08,-4.28,-4.6,-5.476,-2.6,-1.6,-2.7,-2.46,0.058,-0.054,0.029,-0.055,1
2025-03-21,Fracture,"VISA KRÜ						
							(KRÜ Esports)",LOUD,0,0,,,,,,,,,,,,,,,,,98,4,177.4,200.15,187.36,200.15,62.88,70.1,65.56,70.1,-0.2,-1.25,-0.6,-1.25,0.298,0.337,0.284,0.337,-98,-4,,,,,,,,,,,,,,,,,0
2025-03-21,Haven,"VISA KRÜ						
							(KRÜ Esports)",LOUD,1,0,150.8,,150.8,,55.2,,55.2,,-4.0,,-4.0,,0.062,,0.062,,99,9,193.0,215.44,192.46,209.111,69.48,78.64,67.8,79.844,0.0,2.8,0.0,3.222,0.32,0.356,0.28,0.34,-98,-9,-42.2,,-41.66,,-14.28,,-12.6,,-4.0,,-4.0,,-0.257,,-0.218,,1
2025-03-21,Split,"VISA KRÜ						
							(KRÜ Esports)",LOUD,2,0,196.8,,196.8,,72.9,,72.9,,0.5,,0.5,,0.198,,0.198,,100,14,188.64,208.56,189.14,199.56,68.36,75.44,66.9,72.98,-1.4,-1.2,-0.5,-1.5,0.28,0.287,0.264,0.281,-98,-14,8.16,,7.66,,4.54,,6.0,,1.9,,1.0,,-0.082,,-0.066,,1
2025-03-21,Lotus,NRG,Cloud9,81,10,198.6,199.4,200.96,197.04,73.28,72.12,73.48,73.4,-1.0,3.4,0.8,2.2,0.264,0.282,0.254,0.287,72,14,198.96,200.6,191.12,197.64,70.64,77.12,69.62,75.0,0.2,0.0,-0.3,-2.7,0.327,0.291,0.297,0.284,9,-4,-0.36,-1.2,9.84,-0.6,2.64,-5.0,3.86,-1.6,-1.2,3.4,1.1,4.9,-0.063,-0.009,-0.044,0.003,1
2025-03-22,Split,ZETA DIVISION,T1,66,6,193.92,191.04,193.4,196.067,67.84,70.88,69.84,71.367,-2.4,0.0,-1.2,1.0,0.266,0.275,0.26,0.282,108,8,197.84,204.92,212.4,193.325,71.4,72.0,75.52,69.45,1.8,3.0,3.1,0.75,0.266,0.302,0.299,0.252,-42,-2,-3.92,-13.88,-19.0,2.742,-3.56,-1.12,-5.68,1.917,-4.2,-3.0,-4.3,0.25,0.0,-0.028,-0.039,0.03,1
2025-03-22,Lotus,G2 Esports,FURIA,71,16,205.8,211.48,209.08,205.02,76.52,75.68,76.54,73.86,-1.8,1.2,0.8,1.4,0.271,0.323,0.31,0.307,56,4,194.4,168.45,193.7,168.45,69.52,62.4,69.96,62.4,1.4,-7.75,-1.1,-7.75,0.228,0.096,0.239,0.096,15,12,11.4,43.03,15.38,36.57,7.0,13.28,6.58,11.46,-3.2,8.95,1.9,9.15,0.042,0.227,0.071,0.211,1
2025-03-22,Ascent,G2 Esports,FURIA,72,7,203.76,177.96,208.44,189.8,75.52,64.28,76.12,68.2,-2.4,-2.2,0.5,-1.143,0.285,0.266,0.31,0.287,57,8,194.36,189.96,191.98,200.35,69.96,70.52,69.76,73.725,1.2,-2.6,0.0,-1.0,0.222,0.249,0.224,0.269,15,-1,9.4,-12.0,16.46,-10.55,5.56,-6.24,6.36,-5.525,-3.6,0.4,0.5,-0.143,0.063,0.017,0.086,0.018,1
2025-03-22,Split,MIBR,LEVIATÁN,45,6,195.44,178.92,190.7,174.5,69.28,67.0,68.36,64.9,2.4,-2.2,1.5,-3.833,0.251,0.221,0.228,0.23,106,7,181.8,204.84,194.02,203.514,68.0,73.4,71.44,74.143,-0.2,0.8,0.1,0.143,0.221,0.256,0.253,0.287,-61,-1,13.64,-25.92,-3.32,-29.014,1.28,-6.4,-3.08,-9.243,2.6,-3.0,1.4,-3.976,0.029,-0.035,-0.026,-0.056,1
2025-03-22,Haven,ZETA DIVISION,T1,67,11,185.96,174.24,192.3,194.92,66.12,61.68,69.38,69.2,-1.8,-2.6,-0.8,0.8,0.222,0.197,0.259,0.238,109,14,198.64,213.08,206.98,196.64,72.28,75.68,73.76,71.2,0.6,3.2,1.5,0.4,0.301,0.331,0.295,0.291,-42,-3,-12.68,-38.84,-14.68,-1.72,-6.16,-14.0,-4.38,-2.0,-2.4,-5.8,-2.3,0.4,-0.079,-0.134,-0.036,-0.053,0
2025-03-22,Icebox,MIBR,LEVIATÁN,46,8,203.76,184.24,192.32,180.65,71.76,66.12,68.7,65.825,2.8,-2.0,1.3,-0.5,0.267,0.202,0.239,0.228,107,21,178.2,196.2,189.22,211.92,69.2,69.72,70.32,75.2,0.0,0.4,-0.4,2.6,0.224,0.359,0.256,0.317,-61,-13,25.56,-11.96,3.1,-31.27,2.56,-3.6,-1.62,-9.375,2.8,-2.4,1.7,-3.1,0.043,-0.157,-0.017,-0.089,1
2025-03-22,Fracture,ZETA DIVISION,T1,68,7,184.12,201.2,190.92,201.857,63.8,75.04,67.9,74.771,-1.2,0.4,0.1,-0.143,0.208,0.318,0.263,0.314,110,14,200.76,189.68,208.06,195.74,73.28,70.04,73.42,73.0,-0.6,0.6,0.5,2.0,0.307,0.264,0.289,0.255,-42,-7,-16.64,11.52,-17.14,6.117,-9.48,5.0,-5.52,1.771,-0.6,-0.2,-0.4,-2.143,-0.099,0.054,-0.026,0.058,0
2025-03-22,Pearl,DetonatioN FocusMe,Global Esports,48,4,181.84,187.75,188.64,187.75,68.72,72.6,70.78,72.6,-2.4,-3.0,-1.2,-3.0,0.18,0.177,0.203,0.177,47,6,165.76,207.36,183.34,201.967,63.08,73.52,69.06,72.7,-2.4,-0.4,-0.2,-0.167,0.195,0.332,0.257,0.316,1,-2,16.08,-19.61,5.3,-14.217,5.64,-0.92,1.72,-0.1,0.0,-2.6,-1.0,-2.833,-0.015,-0.155,-0.054,-0.139,0
2025-03-22,Lotus,DetonatioN FocusMe,Global Esports,49,11,179.36,176.68,188.1,182.88,68.68,63.08,70.92,65.86,-3.0,-4.2,-1.8,-3.6,0.199,0.167,0.226,0.207,48,11,170.96,185.2,181.94,188.54,65.32,70.2,68.96,70.6,-1.0,3.0,-0.4,1.9,0.205,0.267,0.265,0.285,1,0,8.4,-8.52,6.16,-5.66,3.36,-7.12,1.96,-4.74,-2.0,-7.2,-1.4,-5.5,-0.006,-0.1,-0.039,-0.079,0
2025-03-23,Haven,Evil Geniuses,2Game Esports,99,6,186.52,187.0,193.66,184.133,65.92,69.36,70.24,68.867,-5.0,-3.6,-2.3,-3.667,0.214,0.31,0.238,0.312,0,0,,,,,,,,,,,,,,,,,99,6,,,,,,,,,,,,,,,,,1
2025-03-23,Lotus,Evil Geniuses,2Game Esports,100,18,188.72,191.68,197.48,196.22,67.12,68.32,71.74,68.46,-6.4,-1.8,-3.3,-1.4,0.186,0.274,0.228,0.265,1,0,203.6,,203.6,,65.0,,65.0,,4.0,,4.0,,0.292,,0.292,,99,18,-14.88,,-6.12,,2.12,,6.74,,-10.4,,-7.3,,-0.106,,-0.064,,1
2025-03-23,Pearl,TALON,Team Secret,65,3,176.76,189.467,183.6,189.467,64.84,65.867,66.42,65.867,-1.8,0.333,-1.3,0.333,0.194,0.309,0.211,0.309,70,1,201.88,205.6,201.08,205.6,74.72,76.6,72.34,76.6,-0.2,-2.0,-0.1,-2.0,0.344,0.375,0.328,0.375,-5,2,-25.12,-16.133,-17.48,-16.133,-9.88,-10.733,-5.92,-10.733,-1.6,2.333,-1.2,2.333,-0.15,-0.066,-0.117,-0.066,0
2025-03-23,Haven,100 Thieves,Sentinels,67,6,195.88,199.6,202.04,203.967,68.72,76.44,72.44,76.133,-3.6,2.6,-0.1,2.833,0.276,0.295,0.295,0.307,95,9,180.92,206.48,186.28,199.111,69.28,77.48,69.74,75.733,-1.0,0.4,-1.3,-0.444,0.238,0.277,0.265,0.255,-28,-3,14.96,-6.88,15.76,4.856,-0.56,-1.04,2.7,0.4,-2.6,2.2,1.2,3.278,0.038,0.018,0.03,0.052,1
2025-03-23,Split,100 Thieves,Sentinels,68,10,198.28,208.4,197.66,199.98,70.24,77.12,70.68,73.26,-1.2,0.8,-0.1,1.3,0.287,0.351,0.291,0.306,96,15,190.88,207.32,182.54,204.32,69.48,78.8,67.38,75.48,-2.2,2.4,-2.2,0.7,0.286,0.395,0.254,0.304,-28,-5,7.4,1.08,15.12,-4.34,0.76,-1.68,3.3,-2.22,1.0,-1.6,2.1,0.6,0.001,-0.044,0.037,0.001,0
2025-03-23,Haven,Team Secret,TALON,71,10,207.96,192.64,204.1,200.28,75.08,68.6,73.04,72.96,0.6,-3.2,-0.2,-0.9,0.312,0.237,0.312,0.28,66,6,183.48,190.92,181.38,192.667,66.12,66.72,65.16,66.467,-1.4,-5.6,-1.7,-4.167,0.201,0.308,0.208,0.292,5,4,24.48,1.72,22.72,7.613,8.96,1.88,7.88,6.493,2.0,2.4,1.5,3.267,0.111,-0.071,0.104,-0.012,0
2025-03-23,Haven,DRX,Paper Rex,124,18,188.88,181.64,193.72,191.12,71.36,68.4,73.54,71.7,-1.6,-1.0,-1.0,-0.6,0.24,0.301,0.272,0.324,131,2,197.8,199.2,198.7,199.2,72.36,69.7,71.74,69.7,-3.0,3.5,-2.0,3.5,0.332,0.238,0.312,0.238,-7,16,-8.92,-17.56,-4.98,-8.08,-1.0,-1.3,1.8,2.0,1.4,-4.5,1.0,-4.1,-0.092,0.063,-0.039,0.086,1
2025-03-23,Icebox,Paper Rex,DRX,132,12,192.4,200.12,195.94,206.42,69.6,72.56,70.64,75.24,-5.6,-1.8,-3.3,0.2,0.295,0.335,0.286,0.348,125,7,187.16,196.32,193.32,201.6,70.96,68.76,72.6,72.0,-1.0,-0.6,-0.1,-0.286,0.293,0.319,0.3,0.318,7,5,5.24,3.8,2.62,4.82,-1.36,3.8,-1.96,3.24,-4.6,-1.2,-3.2,0.486,0.002,0.016,-0.014,0.031,1
2025-03-23,Lotus,DRX,Paper Rex,126,13,184.96,201.52,196.1,198.74,69.24,77.24,73.76,74.6,-0.4,-1.2,1.0,-1.1,0.278,0.363,0.315,0.309,133,24,194.48,204.12,199.1,213.9,68.72,75.68,71.3,78.26,-6.2,1.8,-4.1,2.1,0.289,0.345,0.291,0.366,-7,-11,-9.52,-2.6,-3.0,-15.16,0.52,1.56,2.46,-3.66,5.8,-3.0,5.1,-3.2,-0.011,0.018,0.025,-0.057,1
2025-03-23,Fracture,Team Secret,TALON,72,6,198.96,184.32,201.06,192.067,71.6,66.6,72.46,69.233,0.0,-3.0,0.1,-2.167,0.291,0.268,0.313,0.265,67,4,191.36,196.1,183.2,196.1,67.52,71.0,65.16,71.0,0.0,-1.0,-1.7,-1.0,0.236,0.246,0.206,0.246,5,2,7.6,-11.78,17.86,-4.033,4.08,-4.4,7.3,-1.767,-0.0,-2.0,1.8,-1.167,0.055,0.022,0.107,0.019,0
2025-03-23,Pearl,Sentinels,100 Thieves,97,6,199.88,198.68,190.7,194.767,71.4,70.28,69.34,68.2,-1.2,0.0,-1.8,-1.5,0.291,0.308,0.255,0.276,69,3,193.12,197.533,193.38,197.533,70.32,73.667,69.82,73.667,-0.2,2.333,-0.4,2.333,0.268,0.331,0.279,0.331,28,3,6.76,1.147,-2.68,-2.767,1.08,-3.387,-0.48,-5.467,-1.0,-2.333,-1.4,-3.833,0.023,-0.022,-0.024,-0.054,1
2025-03-24,Ascent,Gen.G,BOOM Esports,115,21,188.56,215.36,202.04,202.88,67.92,79.8,73.88,75.16,0.8,2.4,3.2,1.5,0.25,0.344,0.287,0.307,0,0,,,,,,,,,,,,,,,,,115,21,,,,,,,,,,,,,,,,,0
2025-03-24,Haven,Gen.G,BOOM Esports,116,13,191.64,199.32,201.1,200.04,67.36,73.04,72.36,73.78,0.4,-0.2,2.5,2.1,0.227,0.307,0.283,0.295,1,0,231.0,,231.0,,74.2,,74.2,,3.0,,3.0,,0.238,,0.238,,115,13,-39.36,,-29.9,,-6.84,,-1.84,,-2.6,,-0.5,,-0.011,,0.045,,0
2025-03-24,Ascent,Rex Regum Qeon,Nongshim RedForce,55,10,196.92,200.36,201.82,202.22,72.56,71.76,73.76,72.78,-5.6,-2.0,-2.5,-3.2,0.281,0.328,0.285,0.318,0,0,,,,,,,,,,,,,,,,,55,10,,,,,,,,,,,,,,,,,1
2025-03-24,Split,Nongshim RedForce,Rex Regum Qeon,1,0,152.4,,152.4,,56.8,,56.8,,-8.0,,-8.0,,0.167,,0.167,,56,9,203.0,202.0,204.74,194.511,73.68,74.08,75.54,72.267,-2.6,1.6,-1.6,1.222,0.269,0.261,0.292,0.272,-55,-9,-50.6,,-52.34,,-16.88,,-18.74,,-5.4,,-6.4,,-0.103,,-0.126,,1
2025-03-24,Pearl,Rex Regum Qeon,Nongshim RedForce,57,4,193.04,198.8,200.88,198.8,70.8,68.25,74.44,68.25,-2.8,2.25,-1.5,2.25,0.257,0.215,0.288,0.215,2,0,170.6,,170.6,,64.7,,64.7,,-3.5,,-3.5,,0.25,,0.25,,55,4,22.44,,30.28,,6.1,,9.74,,0.7,,2.0,,0.007,,0.038,,0
2025-03-26,Icebox,Karmine Corp,BBL Esports,66,9,194.36,188.84,186.18,197.689,74.48,70.32,69.86,71.422,3.4,-1.8,0.4,-1.0,0.371,0.241,0.257,0.264,47,5,200.36,202.16,189.72,202.16,71.28,70.32,68.12,70.32,6.0,-3.4,3.3,-3.4,0.368,0.345,0.303,0.345,19,4,-6.0,-13.32,-3.54,-4.471,3.2,-0.0,1.74,1.102,-2.6,1.6,-2.9,2.4,0.003,-0.103,-0.047,-0.081,1
2025-03-26,Split,Team Vitality,GIANTX,86,8,186.72,179.56,198.36,186.15,66.16,66.4,69.66,69.375,-3.8,0.2,-2.9,1.375,0.239,0.268,0.273,0.305,25,4,183.2,159.55,185.26,159.55,68.88,64.35,69.18,64.35,0.0,-1.25,0.1,-1.25,0.221,0.181,0.273,0.181,61,4,3.52,20.01,13.1,26.6,-2.72,2.05,0.48,5.025,-3.8,1.45,-3.0,2.625,0.018,0.087,0.0,0.124,1
2025-03-26,Lotus,GIANTX,Team Vitality,26,4,184.08,201.25,185.32,201.25,68.52,73.6,69.08,73.6,0.0,3.75,0.3,3.75,0.203,0.319,0.254,0.319,87,18,185.56,216.44,195.44,202.78,65.76,76.84,69.2,72.66,-2.6,-0.6,-2.7,-2.0,0.271,0.324,0.282,0.299,-61,-14,-1.48,-15.19,-10.12,-1.53,2.76,-3.24,-0.12,0.94,2.6,4.35,3.0,5.75,-0.068,-0.005,-0.028,0.02,0
2025-03-26,Pearl,BBL Esports,Karmine Corp,48,2,185.96,173.4,185.14,173.4,66.56,64.6,67.3,64.6,4.4,-6.0,3.1,-6.0,0.303,0.149,0.282,0.149,67,2,201.96,183.8,192.64,183.8,75.88,65.7,71.98,65.7,3.0,0.0,0.8,0.0,0.384,0.221,0.313,0.221,-19,0,-16.0,-10.4,-7.5,-10.4,-9.32,-1.1,-4.68,-1.1,1.4,-6.0,2.3,-6.0,-0.081,-0.072,-0.03,-0.072,1
2025-03-26,Fracture,Karmine Corp,BBL Esports,68,0,199.44,,191.76,,74.64,,71.36,,2.2,,0.9,,0.365,,0.319,,49,1,184.92,176.8,185.7,176.8,66.8,61.0,67.54,61.0,3.4,-1.0,2.7,-1.0,0.277,0.286,0.282,0.286,19,-1,14.52,,6.06,,7.84,,3.82,,-1.2,,-1.8,,0.087,,0.036,,0
2025-03-27,Ascent,Team Heretics,Apeks,100,3,186.32,167.4,196.38,167.4,69.24,59.533,73.46,59.533,-0.8,-4.0,-0.8,-4.0,0.229,0.179,0.308,0.179,0,0,,,,,,,,,,,,,,,,,100,3,,,,,,,,,,,,,,,,,0
2025-03-27,Split,Apeks,Team Heretics,1,0,229.0,,229.0,,80.0,,80.0,,4.0,,4.0,,0.333,,0.333,,101,9,181.2,199.44,193.14,193.711,67.28,72.2,72.96,70.156,-2.4,0.6,-1.2,-0.111,0.218,0.323,0.279,0.315,-100,-9,47.8,,35.86,,12.72,,7.04,,6.4,,5.2,,0.115,,0.054,,0
2025-03-27,Icebox,Apeks,Team Heretics,2,0,210.6,,210.6,,70.4,,70.4,,0.5,,0.5,,0.286,,0.286,,102,14,189.64,212.96,194.58,202.38,68.44,76.04,72.46,72.46,-1.0,2.8,-1.1,1.6,0.23,0.335,0.278,0.338,-100,-14,20.96,,16.02,,1.96,,-2.06,,1.5,,1.6,,0.055,,0.008,,0
2025-03-27,Pearl,"Movistar KOI						
							(KOI)",FUT Esports,12,0,196.76,,187.26,,78.0,,72.52,,-1.0,,-0.7,,0.235,,0.205,,87,6,191.24,212.76,191.86,216.067,67.92,75.52,69.26,76.6,0.4,1.2,-0.1,1.5,0.251,0.301,0.299,0.31,-75,-6,5.52,,-4.6,,10.08,,3.26,,-1.4,,-0.6,,-0.016,,-0.093,,0
2025-03-27,Lotus,"Movistar KOI						
							(KOI)",FUT Esports,13,0,190.96,,187.96,,76.72,,73.46,,-2.4,,-1.3,,0.211,,0.2,,88,18,195.64,206.64,192.74,209.44,72.32,73.68,70.94,73.52,3.0,0.4,1.1,1.6,0.283,0.299,0.287,0.302,-75,-18,-4.68,,-4.78,,4.4,,2.52,,-5.4,,-2.4,,-0.073,,-0.088,,0
2025-03-28,Split,FNATIC,Natus Vincere,117,13,206.88,198.92,202.1,210.28,72.92,73.28,72.7,75.54,2.6,1.0,1.4,2.9,0.331,0.287,0.294,0.328,79,14,180.6,206.32,184.66,199.22,70.72,75.24,69.54,73.68,3.2,1.6,1.3,1.8,0.252,0.265,0.25,0.278,38,-1,26.28,-7.4,17.44,11.06,2.2,-1.96,3.16,1.86,-0.6,-0.6,0.1,1.1,0.08,0.021,0.043,0.05,1
2025-03-28,Icebox,"VISA KRÜ						
							(KRÜ Esports)",Sentinels,3,0,204.067,,204.067,,74.4,,74.4,,1.333,,1.333,,0.204,,0.204,,98,9,210.12,192.92,190.4,193.844,75.36,71.8,69.04,70.933,-0.4,1.8,-1.7,-1.111,0.354,0.323,0.27,0.306,-95,-9,-6.053,,13.667,,-0.96,,5.36,,1.733,,3.033,,-0.15,,-0.066,,1
2025-03-28,Split,Gentle Mates,Team Liquid,23,5,198.08,190.36,187.6,190.36,69.28,71.04,69.32,71.04,-2.4,2.0,-1.3,2.0,0.248,0.251,0.243,0.251,80,13,199.04,192.68,193.76,192.16,73.96,72.36,70.08,71.78,0.8,-1.8,-0.7,-1.3,0.277,0.246,0.242,0.253,-57,-8,-0.96,-2.32,-6.16,-1.8,-4.68,-1.32,-0.76,-0.74,-3.2,3.8,-0.6,3.3,-0.029,0.006,0.002,-0.002,0
2025-03-28,Haven,Gentle Mates,Team Liquid,24,0,197.16,,184.64,,70.68,,68.08,,-3.8,,-2.5,,0.219,,0.217,,81,9,191.48,182.2,190.28,180.778,71.08,67.28,69.54,67.133,2.2,1.8,-0.1,0.222,0.25,0.197,0.245,0.237,-57,-9,5.68,,-5.64,,-0.4,,-1.46,,-6.0,,-2.4,,-0.032,,-0.029,,1
2025-03-28,Icebox,Team Liquid,Gentle Mates,82,7,189.84,195.84,195.82,199.486,68.92,70.68,71.0,70.943,1.8,-4.2,0.6,-2.286,0.223,0.275,0.269,0.277,25,4,196.32,185.55,185.26,185.55,70.2,65.4,67.8,65.4,-3.6,3.25,-3.3,3.25,0.217,0.282,0.226,0.282,57,3,-6.48,10.29,10.56,13.936,-1.28,5.28,3.2,5.543,5.4,-7.45,3.9,-5.536,0.006,-0.006,0.043,-0.005,0
2025-03-28,Lotus,"VISA KRÜ						
							(KRÜ Esports)",Sentinels,4,0,201.2,,201.2,,73.4,,73.4,,1.25,,1.25,,0.213,,0.213,,99,20,209.08,190.4,191.98,194.66,74.16,72.92,70.52,73.62,-0.2,1.0,-1.2,0.3,0.345,0.318,0.271,0.308,-95,-20,-7.88,,9.22,,-0.76,,2.88,,1.45,,2.45,,-0.132,,-0.059,,1
2025-03-28,Fracture,FURIA,NRG,58,3,183.92,184.067,193.02,184.067,66.56,69.067,69.4,69.067,-0.8,-2.667,-0.4,-2.667,0.182,0.159,0.228,0.159,82,4,205.08,191.65,205.42,191.65,75.48,70.85,74.84,70.85,-0.4,-2.5,1.6,-2.5,0.281,0.281,0.266,0.281,-24,-1,-21.16,-7.583,-12.4,-7.583,-8.92,-1.783,-5.44,-1.783,-0.4,-0.167,-2.0,-0.167,-0.099,-0.122,-0.039,-0.122,0
2025-03-28,Pearl,FURIA,NRG,59,5,164.72,191.4,187.78,191.4,63.12,72.8,69.14,72.8,-2.4,-3.0,-0.4,-3.0,0.171,0.292,0.234,0.292,83,10,207.76,193.08,208.58,194.96,77.76,72.04,76.7,75.34,0.8,-1.4,2.3,0.2,0.291,0.264,0.277,0.308,-24,-5,-43.04,-1.68,-20.8,-3.56,-14.64,0.76,-7.56,-2.54,-3.2,-1.6,-2.7,-3.2,-0.12,0.028,-0.043,-0.015,0
2025-03-28,Lotus,NRG,FURIA,84,11,207.24,207.92,209.2,202.5,77.84,75.56,77.32,75.2,1.8,5.2,2.0,3.8,0.283,0.278,0.287,0.301,60,5,155.8,172.88,179.32,172.88,61.52,64.04,65.94,64.04,-4.4,-6.0,-1.1,-6.0,0.163,0.12,0.209,0.12,24,6,51.44,35.04,29.88,29.62,16.32,11.52,11.38,11.16,6.2,11.2,3.1,9.8,0.12,0.158,0.078,0.181,0
2025-03-28,Fracture,Natus Vincere,FNATIC,80,6,176.04,194.08,182.3,196.5,67.8,71.96,68.66,72.8,1.4,4.2,1.0,3.667,0.26,0.358,0.264,0.338,118,4,209.08,202.85,202.44,202.85,74.24,75.75,73.1,75.75,3.4,5.0,1.8,5.0,0.331,0.337,0.298,0.337,-38,2,-33.04,-8.77,-20.14,-6.35,-6.44,-3.79,-4.44,-2.95,-2.0,-0.8,-0.8,-1.333,-0.072,0.021,-0.034,0.001,0
2025-03-29,Split,T1,Nongshim RedForce,111,9,205.92,205.2,206.94,192.489,72.64,72.72,73.8,69.156,-0.4,2.0,1.3,-0.222,0.337,0.319,0.306,0.263,3,1,167.2,188.8,167.2,188.8,68.667,72.6,68.667,72.6,-3.333,1.0,-3.333,1.0,0.254,0.333,0.254,0.333,108,8,38.72,16.4,39.74,3.689,3.973,0.12,5.133,-3.444,2.933,1.0,4.633,-1.222,0.083,-0.015,0.053,-0.071,1
2025-03-29,Icebox,Nongshim RedForce,T1,4,0,170.85,,170.85,,67.55,,67.55,,-2.5,,-2.5,,0.274,,0.274,,112,3,202.56,202.733,202.24,202.733,71.64,71.533,72.08,71.533,-0.8,0.333,0.8,0.333,0.369,0.304,0.314,0.304,-108,-3,-31.71,,-31.39,,-4.09,,-4.53,,-1.7,,-3.3,,-0.095,,-0.041,,0
2025-03-29,Haven,100 Thieves,Evil Geniuses,70,7,190.56,202.32,192.66,205.171,72.08,75.32,70.42,76.029,0.4,3.8,-0.1,3.571,0.24,0.292,0.268,0.308,101,7,193.28,195.88,194.12,189.0,69.76,73.32,70.08,70.6,-4.6,-3.0,-3.4,-3.714,0.213,0.308,0.229,0.303,-31,0,-2.72,6.44,-1.46,16.171,2.32,2.0,0.34,5.429,5.0,6.8,3.3,7.286,0.027,-0.016,0.04,0.005,1
2025-03-29,Ascent,MIBR,G2 Esports,47,3,209.36,189.733,195.18,189.733,75.4,69.467,69.92,69.467,3.0,2.0,1.6,2.0,0.285,0.189,0.238,0.189,73,8,202.96,186.84,206.3,190.5,75.28,69.44,75.96,69.3,0.4,0.6,0.7,0.0,0.31,0.302,0.31,0.301,-26,-5,6.4,2.893,-11.12,-0.767,0.12,0.027,-6.04,0.167,2.6,1.4,0.9,2.0,-0.025,-0.112,-0.072,-0.112,0
2025-03-29,Fracture,Evil Geniuses,100 Thieves,102,13,195.2,214.76,190.1,216.54,70.08,79.96,68.58,79.08,-3.6,1.4,-4.1,2.7,0.211,0.375,0.224,0.35,71,5,189.32,191.88,193.44,191.88,71.48,73.72,70.8,73.72,1.2,2.2,-0.2,2.2,0.218,0.253,0.268,0.253,31,8,5.88,22.88,-3.34,24.66,-1.4,6.24,-2.22,5.36,-4.8,-0.8,-3.9,0.5,-0.007,0.122,-0.044,0.096,0
2025-03-29,Haven,G2 Esports,MIBR,74,6,207.4,186.28,209.08,192.367,76.4,68.88,77.24,71.067,1.6,-4.4,0.6,-3.333,0.327,0.283,0.312,0.294,48,1,210.12,189.2,196.02,189.2,75.52,70.2,70.74,70.2,3.4,4.0,1.3,4.0,0.271,0.292,0.243,0.292,26,5,-2.72,-2.92,13.06,3.167,0.88,-1.32,6.5,0.867,-1.8,-8.4,-0.7,-7.333,0.056,-0.009,0.068,0.002,1
2025-03-29,Icebox,ZETA DIVISION,Team Secret,69,3,174.28,186.0,190.26,186.0,60.88,62.667,67.32,62.667,-2.4,-5.0,-0.4,-5.0,0.185,0.15,0.264,0.15,73,6,190.0,205.96,196.52,205.067,67.2,71.88,70.86,71.633,-1.4,2.8,-0.6,1.833,0.268,0.339,0.284,0.314,-4,-3,-15.72,-19.96,-6.26,-19.067,-6.32,-9.213,-3.54,-8.967,-1.0,-7.8,0.2,-6.833,-0.083,-0.188,-0.02,-0.164,1
2025-03-29,Lotus,Team Secret,ZETA DIVISION,74,13,192.84,196.04,196.24,190.22,67.8,73.04,70.52,68.38,-2.0,-1.4,-1.4,-1.3,0.237,0.254,0.274,0.243,70,10,182.76,195.12,192.48,201.4,64.12,70.76,66.38,71.96,0.4,-2.4,0.2,-1.3,0.218,0.242,0.26,0.28,4,3,10.08,0.92,3.76,-11.18,3.68,2.28,4.14,-3.58,-2.4,1.0,-1.6,0.0,0.019,0.012,0.015,-0.037,0
2025-03-29,Pearl,MIBR,G2 Esports,49,6,202.04,185.2,195.38,189.9,73.4,69.48,71.04,69.667,2.8,-3.8,1.9,-3.5,0.268,0.239,0.239,0.27,75,2,203.56,198.7,206.66,198.7,75.76,73.3,76.64,73.3,0.8,3.0,-0.3,3.0,0.336,0.251,0.312,0.251,-26,4,-1.52,-13.5,-11.28,-8.8,-2.36,-3.82,-5.6,-3.633,2.0,-6.8,2.2,-6.5,-0.069,-0.012,-0.072,0.019,1
2025-03-30,Ascent,DetonatioN FocusMe,DRX,50,10,185.2,185.04,185.22,183.64,69.8,72.44,70.26,71.02,-2.0,0.2,-1.6,-1.2,0.217,0.286,0.218,0.275,127,16,185.48,193.0,194.04,196.0,70.32,71.8,73.44,72.94,1.6,-0.2,1.8,-0.4,0.317,0.266,0.316,0.304,-77,-6,-0.28,-7.96,-8.82,-12.36,-0.52,0.64,-3.18,-1.92,-3.6,0.4,-3.4,-0.8,-0.1,0.02,-0.098,-0.028,0
2025-03-30,Lotus,DetonatioN FocusMe,DRX,51,12,182.48,179.8,180.94,181.04,67.8,65.08,68.36,64.66,-1.4,-3.4,-2.6,-3.5,0.254,0.167,0.208,0.203,128,14,189.92,206.52,192.78,199.44,70.6,79.6,72.06,74.9,4.6,2.2,1.7,-0.8,0.325,0.391,0.3,0.318,-77,-2,-7.44,-26.72,-11.84,-18.4,-2.8,-14.52,-3.7,-10.24,-6.0,-5.6,-4.3,-2.7,-0.071,-0.224,-0.092,-0.116,0
2025-03-30,Haven,Paper Rex,Gen.G,134,3,178.28,195.733,193.02,195.733,65.92,69.2,70.2,69.2,-7.8,1.0,-4.9,1.0,0.231,0.219,0.281,0.219,117,14,191.12,197.04,197.92,201.78,65.6,70.84,71.06,73.86,0.8,1.6,1.9,3.4,0.252,0.313,0.291,0.309,17,-11,-12.84,-1.307,-4.9,-6.047,0.32,-1.64,-0.86,-4.66,-8.6,-0.6,-6.8,-2.4,-0.021,-0.093,-0.01,-0.09,0
2025-03-30,Fracture,Paper Rex,Gen.G,135,9,176.24,208.24,190.38,208.978,66.44,76.08,69.58,76.111,-6.6,0.6,-4.4,2.667,0.186,0.261,0.259,0.29,118,8,199.8,186.72,200.46,190.375,68.64,69.08,71.18,70.175,0.2,-5.0,1.1,-4.25,0.284,0.234,0.301,0.255,17,1,-23.56,21.52,-10.08,18.603,-2.2,7.0,-1.6,5.936,-6.8,5.6,-5.5,6.917,-0.098,0.027,-0.041,0.035,1
2025-03-30,Lotus,Gen.G,Paper Rex,119,20,201.92,211.84,199.08,207.86,67.28,78.64,69.6,77.08,-1.2,2.0,0.1,2.9,0.269,0.268,0.273,0.294,136,25,188.84,193.12,193.32,207.24,69.04,73.48,70.7,76.76,-2.2,-1.4,-2.6,1.3,0.223,0.285,0.278,0.356,-17,-5,13.08,18.72,5.76,0.62,-1.76,5.16,-1.1,0.32,1.0,3.4,2.7,1.6,0.046,-0.017,-0.004,-0.061,1
2025-03-30,Ascent,LEVIATÁN,Cloud9,108,15,179.24,211.88,185.48,208.9,68.76,73.56,69.84,72.28,0.6,-1.4,-0.5,-2.2,0.222,0.345,0.244,0.291,73,13,191.96,174.08,189.1,190.8,67.76,65.8,68.36,71.66,0.0,-0.8,-0.6,1.2,0.332,0.195,0.29,0.254,35,2,-12.72,37.8,-3.62,18.1,1.0,7.76,1.48,0.62,0.6,-0.6,0.1,-3.4,-0.11,0.151,-0.046,0.037,0
2025-03-30,Split,Cloud9,LEVIATÁN,74,8,207.88,197.6,192.32,205.575,74.08,74.8,70.2,77.5,1.8,1.4,-0.1,2.875,0.386,0.265,0.302,0.277,109,8,168.48,192.88,178.54,200.375,64.64,71.88,66.36,73.75,-0.2,-1.4,-1.8,-0.375,0.177,0.235,0.216,0.282,-35,0,39.4,4.72,13.78,5.2,9.44,2.92,3.84,3.75,2.0,2.8,1.7,3.25,0.209,0.03,0.086,-0.005,1
2025-03-30,Pearl,2Game Esports,LOUD,2,0,197.8,,197.8,,63.5,,63.5,,0.5,,0.5,,0.241,,0.241,,101,8,201.4,197.68,190.08,206.1,72.16,72.56,66.92,74.85,-0.4,1.0,-0.8,2.125,0.318,0.238,0.268,0.261,-99,-8,-3.6,,7.72,,-8.66,,-3.42,,0.9,,1.3,,-0.077,,-0.027,,1
2025-03-30,Lotus,2Game Esports,LOUD,3,1,202.067,192.0,202.067,192.0,69.533,62.0,69.533,62.0,2.333,-3.0,2.333,-3.0,0.244,0.19,0.244,0.19,102,12,201.44,198.92,189.62,194.54,71.4,72.88,66.88,71.56,-1.4,0.2,-1.3,0.9,0.265,0.343,0.276,0.303,-99,-11,0.627,-6.92,12.447,-2.54,-1.867,-10.88,2.653,-9.56,3.733,-3.2,3.633,-3.9,-0.021,-0.153,-0.032,-0.113,1
2025-03-31,Ascent,Rex Regum Qeon,TALON,58,11,185.56,215.12,195.04,204.8,71.52,76.2,74.1,73.08,-0.6,1.0,-1.6,-2.2,0.288,0.352,0.292,0.321,68,12,200.92,180.68,187.26,188.0,71.0,66.64,67.0,68.16,1.0,-3.0,-1.1,0.1,0.253,0.202,0.221,0.25,-10,-1,-15.36,34.44,7.78,16.8,0.52,9.56,7.1,4.92,-1.6,4.0,-0.5,-2.3,0.035,0.15,0.071,0.071,1
2025-03-31,Lotus,BOOM Esports,Global Esports,2,0,217.7,,217.7,,72.1,,72.1,,-2.5,,-2.5,,0.307,,0.307,,49,12,173.68,185.44,183.82,186.46,66.44,70.2,69.4,69.72,-1.2,1.6,0.1,1.6,0.247,0.295,0.286,0.292,-47,-12,44.02,,33.88,,5.66,,2.7,,-1.3,,-2.6,,0.06,,0.02,,1
2025-03-31,Haven,Global Esports,BOOM Esports,50,4,166.48,194.8,180.46,194.8,64.0,75.95,68.98,75.95,-1.0,1.25,-0.6,1.25,0.203,0.296,0.26,0.296,3,1,228.133,204.4,228.133,204.4,77.133,70.0,77.133,70.0,-0.333,-8.0,-0.333,-8.0,0.323,0.375,0.323,0.375,47,3,-61.653,-9.6,-47.673,-9.6,-13.133,5.95,-8.153,5.95,-0.667,9.25,-0.267,9.25,-0.12,-0.079,-0.063,-0.079,0
2025-03-31,Lotus,TALON,Rex Regum Qeon,69,13,201.36,194.28,188.12,185.22,71.56,71.96,67.66,69.38,0.0,2.8,-0.4,0.0,0.287,0.324,0.225,0.311,59,8,189.92,190.76,195.84,193.55,74.04,71.24,74.42,72.15,1.4,-1.8,-1.5,-1.125,0.269,0.299,0.281,0.264,10,5,11.44,3.52,-7.72,-8.33,-2.48,0.72,-6.76,-2.77,-1.4,4.6,1.1,1.125,0.019,0.026,-0.057,0.047,0
2025-04-02,Fracture,BBL Esports,Team Liquid,50,2,193.56,197.1,189.2,197.1,70.0,68.5,68.46,68.5,4.0,1.0,3.2,1.0,0.255,0.262,0.281,0.262,83,7,189.84,191.08,197.0,197.343,68.72,68.04,70.74,70.0,2.4,-1.4,0.5,-1.143,0.246,0.26,0.272,0.288,-33,-5,3.72,6.02,-7.8,-0.243,1.28,0.46,-2.28,-1.5,1.6,2.4,2.7,2.143,0.009,0.002,0.009,-0.026,0
2025-04-02,Haven,Team Liquid,BBL Esports,84,10,195.76,181.8,197.34,182.0,68.92,66.12,70.74,67.2,2.0,2.2,0.9,0.2,0.252,0.198,0.266,0.236,51,5,187.12,200.64,191.58,200.64,67.2,74.28,69.06,74.28,1.0,2.6,2.8,2.6,0.21,0.299,0.289,0.299,33,5,8.64,-18.84,5.76,-18.64,1.72,-8.16,1.68,-7.08,1.0,-0.4,-1.9,-2.4,0.042,-0.101,-0.024,-0.063,0
2025-04-02,Ascent,Team Liquid,BBL Esports,85,13,190.44,193.0,194.74,200.82,64.12,70.88,69.04,73.48,1.4,-1.6,1.1,-0.7,0.248,0.257,0.262,0.277,52,10,193.92,189.76,197.14,201.0,69.52,68.16,70.4,72.48,1.2,4.2,3.6,2.9,0.239,0.29,0.304,0.325,33,3,-3.48,3.24,-2.4,-0.18,-5.4,2.72,-1.36,1.0,0.2,-5.8,-2.5,-3.6,0.009,-0.034,-0.042,-0.047,1
2025-04-02,Lotus,Apeks,Natus Vincere,3,0,194.0,,194.0,,65.2,,65.2,,-1.333,,-1.333,,0.243,,0.243,,81,16,174.32,190.44,183.96,189.24,66.68,70.44,69.7,70.54,-0.2,-2.8,1.2,-1.0,0.251,0.292,0.275,0.295,-78,-16,19.68,,10.04,,-1.48,,-4.5,,-1.133,,-2.533,,-0.008,,-0.032,,1
2025-04-02,Haven,Apeks,Natus Vincere,4,0,197.0,,197.0,,67.8,,67.8,,-1.75,,-1.75,,0.258,,0.258,,82,2,180.08,192.2,185.4,192.2,67.96,71.6,70.04,71.6,1.2,2.5,1.4,2.5,0.29,0.374,0.284,0.374,-78,-2,16.92,,11.6,,-0.16,,-2.24,,-2.95,,-3.15,,-0.032,,-0.026,,0
2025-04-02,Split,Natus Vincere,Apeks,83,15,186.72,194.48,184.64,197.72,70.44,72.32,70.56,72.84,1.6,1.4,1.5,1.7,0.353,0.247,0.3,0.295,5,1,192.96,192.2,192.96,192.2,67.76,60.8,67.76,60.8,-2.6,-3.0,-2.6,-3.0,0.257,0.238,0.257,0.238,78,14,-6.24,2.28,-8.32,5.52,2.68,11.52,2.8,12.04,4.2,4.4,4.1,4.7,0.097,0.009,0.043,0.057,1
2025-04-03,Icebox,FUT Esports,Gentle Mates,89,7,203.72,217.68,193.34,203.943,73.96,74.96,71.06,71.8,2.8,1.2,1.4,1.143,0.295,0.327,0.269,0.281,26,5,200.6,193.48,190.84,193.48,73.24,68.36,69.8,68.36,-3.8,3.2,-3.1,3.2,0.25,0.289,0.246,0.289,63,2,3.12,24.2,2.5,10.463,0.72,6.6,1.26,3.44,6.6,-2.0,4.5,-2.057,0.044,0.039,0.023,-0.007,0
2025-04-03,Fracture,FUT Esports,Gentle Mates,90,2,200.16,202.6,192.94,202.6,72.6,74.5,70.7,74.5,2.2,-7.5,0.7,-7.5,0.266,0.269,0.254,0.269,27,0,196.32,,193.9,,73.12,,70.68,,-1.8,,-2.9,,0.281,,0.266,,63,2,3.84,,-0.96,,-0.52,,0.02,,4.0,,3.6,,-0.015,,-0.011,,1
2025-04-03,Lotus,Team Heretics,GIANTX,103,22,190.04,201.68,196.22,196.38,68.16,76.8,72.56,73.72,-0.6,-1.4,-0.8,-1.6,0.22,0.343,0.272,0.301,27,5,172.12,191.6,184.22,191.6,64.44,69.52,69.08,69.52,-3.0,0.4,-0.8,0.4,0.173,0.282,0.233,0.282,76,17,17.92,10.08,12.0,4.78,3.72,7.28,3.48,4.2,2.4,-1.8,0.0,-2.0,0.047,0.062,0.039,0.019,1
2025-04-03,Split,Team Heretics,GIANTX,104,10,204.72,200.68,199.68,196.1,72.92,70.68,73.54,70.64,1.8,0.4,0.5,0.2,0.275,0.317,0.273,0.317,28,5,172.28,165.2,188.68,165.2,63.32,65.8,69.78,65.8,-4.0,-1.0,-1.3,-1.0,0.146,0.19,0.231,0.19,76,5,32.44,35.48,11.0,30.9,9.6,4.88,3.76,4.84,5.8,1.4,1.8,1.2,0.128,0.127,0.042,0.127,0
2025-04-03,Haven,Team Heretics,GIANTX,105,8,210.44,186.2,198.38,183.075,75.32,72.72,72.28,71.5,3.0,1.0,1.1,0.5,0.279,0.375,0.254,0.322,29,1,173.24,191.2,186.32,191.2,63.36,76.2,68.82,76.2,-5.4,0.0,-1.8,0.0,0.165,0.227,0.213,0.227,76,7,37.2,-5.0,12.06,-8.125,11.96,-3.48,3.46,-4.7,8.4,1.0,2.9,0.5,0.115,0.148,0.041,0.094,1
2025-04-03,Lotus,FUT Esports,Gentle Mates,91,19,210.36,209.6,198.34,210.92,77.68,75.12,72.9,73.94,4.8,2.2,1.7,2.4,0.272,0.311,0.267,0.294,28,3,199.92,159.667,199.0,159.667,73.92,58.4,71.6,58.4,-1.8,-6.667,-2.1,-6.667,0.304,0.172,0.276,0.172,63,16,10.44,49.933,-0.66,51.253,3.76,16.72,1.3,15.54,6.6,8.867,3.8,9.067,-0.032,0.138,-0.009,0.122,1
2025-04-04,Split,FNATIC,Team Vitality,119,14,199.16,206.28,200.42,207.02,70.8,75.64,71.38,74.42,2.6,1.2,1.8,2.2,0.29,0.341,0.295,0.322,88,9,192.84,177.32,198.96,187.156,70.68,66.92,70.66,69.533,0.4,-1.6,-1.1,1.222,0.283,0.272,0.276,0.316,31,5,6.32,28.96,1.46,19.864,0.12,8.72,0.72,4.887,2.2,2.8,2.9,0.978,0.007,0.07,0.019,0.005,0
2025-04-04,Split,LOUD,100 Thieves,103,15,196.04,198.88,186.72,197.56,71.24,70.24,67.06,71.76,-1.6,-2.8,-0.9,-1.9,0.218,0.272,0.258,0.268,72,11,190.04,195.8,192.96,194.3,71.2,75.04,69.96,72.38,2.6,-0.6,-0.5,0.3,0.221,0.261,0.248,0.29,31,4,6.0,3.08,-6.24,3.26,0.04,-4.8,-2.9,-0.62,-4.2,-2.2,-0.4,-2.2,-0.003,0.012,0.009,-0.022,0
2025-04-04,Icebox,LOUD,100 Thieves,104,11,183.56,192.6,188.28,197.4,66.72,66.24,68.1,68.74,-2.2,0.8,-1.1,0.6,0.172,0.202,0.246,0.286,73,8,190.6,213.36,194.44,208.525,72.68,76.52,71.46,75.825,0.8,0.0,-0.2,-0.125,0.253,0.399,0.27,0.368,31,3,-7.04,-20.76,-6.16,-11.125,-5.96,-10.28,-3.36,-7.085,-3.0,0.8,-0.9,0.725,-0.081,-0.196,-0.024,-0.082,0
2025-04-04,Pearl,Evil Geniuses,Sentinels,103,11,204.04,211.0,195.32,202.72,73.04,74.04,69.6,71.54,-2.8,0.8,-4.0,-0.3,0.228,0.288,0.229,0.293,100,7,203.6,198.44,192.26,198.486,72.56,71.32,70.92,69.857,-2.2,-0.2,-1.6,-1.286,0.275,0.302,0.256,0.292,3,4,0.44,12.56,3.06,4.234,0.48,2.72,-1.32,1.683,-0.6,1.0,-2.4,0.986,-0.047,-0.014,-0.027,0.001,0
2025-04-04,Haven,100 Thieves,LOUD,74,8,201.96,202.28,197.54,205.425,73.96,75.04,72.14,76.025,0.8,4.2,0.3,3.375,0.28,0.302,0.274,0.307,105,10,191.52,201.4,190.08,203.74,68.24,73.32,68.3,77.88,-0.8,1.2,-1.1,2.4,0.195,0.312,0.237,0.319,-31,-2,10.44,0.88,7.46,1.685,5.72,1.72,3.84,-1.855,1.6,3.0,1.4,0.975,0.085,-0.01,0.037,-0.012,0
2025-04-04,Icebox,Karmine Corp,"Movistar KOI						
							(KOI)",69,10,198.2,196.8,190.62,201.6,73.56,72.68,71.02,72.16,0.8,-0.2,0.2,-1.1,0.312,0.304,0.326,0.294,14,4,196.48,195.35,188.8,195.35,73.72,74.35,73.12,74.35,-4.0,3.5,-1.9,3.5,0.268,0.242,0.219,0.242,55,6,1.72,1.45,1.82,6.25,-0.16,-1.67,-2.1,-2.19,4.8,-3.7,2.1,-4.6,0.044,0.062,0.107,0.052,1
2025-04-04,Lotus,Karmine Corp,"Movistar KOI						
							(KOI)",70,15,197.68,198.56,194.14,192.76,73.36,79.4,73.22,74.28,-0.8,3.0,0.5,0.9,0.346,0.321,0.355,0.302,15,1,189.4,177.2,189.52,177.2,70.68,58.0,73.2,58.0,-3.2,-6.0,-1.3,-6.0,0.255,0.385,0.225,0.385,55,14,8.28,21.36,4.62,15.56,2.68,21.4,0.02,16.28,2.4,9.0,1.8,6.9,0.091,-0.063,0.13,-0.083,1
2025-04-04,Haven,Team Vitality,FNATIC,89,11,187.64,176.24,195.96,181.94,68.52,61.8,69.98,65.56,-0.4,-3.6,-1.2,-4.3,0.271,0.197,0.28,0.261,120,17,199.64,217.48,197.82,213.04,71.56,79.32,71.46,76.24,1.8,4.2,2.0,4.2,0.305,0.397,0.3,0.384,-31,-6,-12.0,-41.24,-1.86,-31.1,-3.04,-17.52,-1.48,-10.68,-2.2,-7.8,-3.2,-8.5,-0.034,-0.201,-0.02,-0.122,0
2025-04-04,Lotus,Team Vitality,FNATIC,90,19,191.88,215.28,193.94,205.46,69.68,78.0,69.82,73.78,-1.6,1.2,-1.7,-1.0,0.288,0.328,0.286,0.289,121,30,201.52,191.52,202.7,203.58,73.08,70.64,72.5,74.42,4.2,-0.6,3.7,1.5,0.332,0.214,0.322,0.265,-31,-11,-9.64,23.76,-8.76,1.88,-3.4,7.36,-2.68,-0.64,-5.8,1.8,-5.4,-2.5,-0.044,0.113,-0.037,0.024,0
2025-04-04,Haven,Evil Geniuses,Sentinels,104,8,196.36,198.44,191.44,190.325,71.48,75.2,68.7,70.9,-2.2,-0.4,-3.6,-3.5,0.253,0.306,0.234,0.296,101,10,213.56,206.56,202.22,196.64,77.72,75.4,73.6,73.78,0.0,-1.4,-1.1,-1.2,0.255,0.293,0.27,0.266,3,-2,-17.2,-8.12,-10.78,-6.315,-6.24,-0.2,-4.9,-2.88,-2.2,1.0,-2.5,-2.3,-0.001,0.013,-0.036,0.031,0
2025-04-05,Split,Rex Regum Qeon,ZETA DIVISION,60,10,198.16,200.68,197.54,192.42,74.8,74.68,73.68,71.8,3.0,2.8,-1.3,1.0,0.297,0.252,0.289,0.264,71,7,189.0,194.96,191.46,195.514,64.68,72.12,66.26,71.2,2.6,3.4,0.1,2.0,0.256,0.283,0.261,0.286,-11,3,9.16,5.72,6.08,-3.094,10.12,2.56,7.42,0.6,0.4,-0.6,-1.4,-1.0,0.042,-0.032,0.028,-0.022,1
2025-04-05,Icebox,2Game Esports,"VISA KRÜ						
							(KRÜ Esports)",4,0,201.5,,201.5,,70.05,,70.05,,1.25,,1.25,,0.289,,0.289,,5,1,200.32,192.6,200.32,192.6,72.72,70.4,72.72,70.4,1.8,1.0,1.8,1.0,0.27,0.238,0.27,0.238,-1,-1,1.18,,1.18,,-2.67,,-2.67,,-0.55,,-0.55,,0.019,,0.019,,0
2025-04-05,Ascent,"VISA KRÜ						
							(KRÜ Esports)",2Game Esports,6,0,216.04,,205.167,,77.92,,74.133,,4.0,,2.667,,0.331,,0.287,,5,0,197.08,,197.08,,69.72,,69.72,,-0.4,,-0.4,,0.263,,0.263,,1,0,18.96,,8.087,,8.2,,4.413,,4.4,,3.067,,0.069,,0.024,,0
2025-04-05,Pearl,"VISA KRÜ						
							(KRÜ Esports)",2Game Esports,7,0,201.36,,200.057,,73.92,,73.629,,3.2,,2.429,,0.328,,0.291,,6,1,194.44,210.6,195.967,210.6,73.16,81.6,71.8,81.6,-1.4,6.0,-0.5,6.0,0.267,0.25,0.271,0.25,1,-1,6.92,,4.09,,0.76,,1.829,,4.6,,2.929,,0.06,,0.019,,1
2025-04-05,Lotus,NRG,G2 Esports,85,12,208.44,201.12,205.92,202.04,77.96,73.12,76.38,74.4,2.8,5.2,1.6,2.8,0.311,0.276,0.288,0.292,76,17,202.52,211.28,204.16,210.14,75.72,75.56,76.12,75.36,0.4,1.6,-0.7,1.6,0.337,0.325,0.304,0.33,9,-5,5.92,-10.16,1.76,-8.1,2.24,-2.44,0.26,-0.96,2.4,3.6,2.3,1.2,-0.026,-0.049,-0.015,-0.038,0
2025-04-05,Lotus,DetonatioN FocusMe,Gen.G,52,13,167.36,169.24,174.78,175.38,61.88,61.2,65.24,63.36,-3.2,-4.2,-3.1,-3.3,0.205,0.12,0.194,0.183,120,21,207.6,203.2,198.08,208.86,70.52,75.68,69.22,77.48,-1.4,0.8,-0.3,2.7,0.295,0.261,0.272,0.3,-68,-8,-40.24,-33.96,-23.3,-33.48,-8.64,-14.48,-3.98,-14.12,-1.8,-5.0,-2.8,-6.0,-0.089,-0.141,-0.078,-0.117,0
2025-04-05,Fracture,DetonatioN FocusMe,Gen.G,53,4,166.32,197.85,174.08,197.85,62.96,73.9,65.84,73.9,-3.2,1.75,-2.8,1.75,0.205,0.241,0.193,0.241,121,9,216.52,185.12,204.08,190.889,75.6,66.32,71.48,69.622,0.6,-8.2,0.5,-5.0,0.363,0.203,0.295,0.238,-68,-5,-50.2,12.73,-30.0,6.961,-12.64,7.58,-5.64,4.278,-3.8,9.95,-3.3,6.75,-0.158,0.038,-0.103,0.002,0
2025-04-05,Haven,ZETA DIVISION,Rex Regum Qeon,72,12,178.56,181.04,182.26,189.44,61.0,61.4,63.56,66.74,0.0,-1.2,-0.9,0.7,0.236,0.217,0.229,0.216,61,8,200.24,202.64,201.62,205.05,75.6,72.56,74.64,73.6,2.4,-0.8,-0.1,-1.25,0.304,0.297,0.287,0.295,11,4,-21.68,-21.6,-19.36,-15.61,-14.6,-11.16,-11.08,-6.86,-2.4,-0.4,-0.8,1.95,-0.068,-0.08,-0.058,-0.078,0
2025-04-05,Ascent,NRG,G2 Esports,86,11,201.32,196.32,199.96,197.64,76.92,71.88,75.1,73.66,2.8,1.0,0.9,1.4,0.289,0.247,0.277,0.267,77,9,210.12,192.72,206.94,194.2,79.28,71.84,77.4,70.911,1.8,0.0,-0.3,0.111,0.353,0.302,0.319,0.305,9,2,-8.8,3.6,-6.98,3.44,-2.36,0.04,-2.3,2.749,1.0,1.0,1.2,1.289,-0.064,-0.055,-0.042,-0.038,0
2025-04-06,Pearl,Paper Rex,BOOM Esports,137,13,186.76,212.12,189.58,207.84,68.84,75.44,69.22,74.78,-1.0,1.4,-3.3,0.3,0.23,0.404,0.263,0.351,4,0,225.95,,225.95,,77.25,,77.25,,1.25,,1.25,,0.295,,0.295,,133,13,-39.19,,-36.37,,-8.41,,-8.03,,-2.25,,-4.55,,-0.064,,-0.032,,0
2025-04-06,Haven,Cloud9,MIBR,75,7,211.44,173.36,197.02,181.143,76.6,65.52,71.0,67.229,2.4,-2.2,0.4,0.143,0.387,0.192,0.327,0.275,50,2,201.24,195.4,198.34,195.4,74.2,73.8,71.74,73.8,1.6,5.0,2.0,5.0,0.255,0.271,0.253,0.271,25,5,10.2,-22.04,-1.32,-14.257,2.4,-8.28,-0.74,-6.571,0.8,-7.2,-1.6,-4.857,0.132,-0.079,0.075,0.004,0
2025-04-06,Lotus,Cloud9,MIBR,76,15,204.44,196.36,197.6,194.16,76.48,72.16,71.6,73.82,1.2,-1.4,-0.5,-2.6,0.345,0.263,0.335,0.283,51,9,199.96,202.68,201.86,193.111,74.44,72.92,73.1,70.311,1.6,0.8,2.2,-0.444,0.263,0.267,0.265,0.263,25,6,4.48,-6.32,-4.26,1.049,2.04,-0.76,-1.5,3.509,-0.4,-2.2,-2.7,-2.156,0.082,-0.004,0.07,0.02,0
2025-04-06,Haven,Nongshim RedForce,TALON,5,0,174.0,,174.0,,67.6,,67.6,,-1.4,,-1.4,,0.245,,0.245,,70,7,197.52,190.76,187.14,194.886,71.2,65.8,68.02,67.086,0.0,-4.0,-0.9,-3.571,0.268,0.277,0.231,0.296,-65,-7,-23.52,,-13.14,,-3.6,,-0.42,,-1.4,,-0.5,,-0.023,,0.014,,1
2025-04-06,Pearl,LEVIATÁN,FURIA,110,8,165.44,215.28,178.58,210.5,62.36,77.4,66.28,76.25,-2.4,3.4,-1.1,3.375,0.161,0.261,0.218,0.323,61,6,159.04,180.04,176.72,181.133,62.24,68.44,65.88,69.533,-4.4,-4.0,-1.5,-3.667,0.171,0.247,0.2,0.255,49,2,6.4,35.24,1.86,29.367,0.12,8.96,0.4,6.717,2.0,7.4,0.4,7.042,-0.01,0.014,0.018,0.068,1
2025-04-06,Ascent,FURIA,LEVIATÁN,62,9,153.44,189.52,173.9,196.889,59.2,69.8,64.58,72.311,-6.2,-3.2,-2.5,-1.778,0.183,0.231,0.203,0.256,111,16,180.56,198.44,181.18,203.0,67.16,69.12,67.58,69.86,-0.8,-1.4,-0.5,-1.9,0.193,0.267,0.207,0.28,-49,-7,-27.12,-8.92,-7.28,-6.111,-7.96,0.68,-3.0,2.451,-5.4,-1.8,-2.0,0.122,-0.009,-0.036,-0.004,-0.023,0
2025-04-06,Pearl,MIBR,Cloud9,52,7,200.0,181.48,204.68,190.743,74.88,68.84,75.14,70.029,1.8,-3.0,2.4,-3.0,0.294,0.242,0.29,0.281,77,8,204.56,195.12,201.76,195.7,76.4,69.76,73.52,71.325,0.0,-0.6,0.1,-0.625,0.323,0.274,0.325,0.278,-25,-1,-4.56,-13.64,2.92,-4.957,-1.52,-0.92,1.62,-1.296,1.8,-2.4,2.3,-2.375,-0.028,-0.032,-0.035,0.002,0
2025-04-06,Fracture,Paper Rex,BOOM Esports,138,10,177.64,205.44,186.06,210.5,68.84,74.8,68.78,76.28,-0.2,2.0,-3.2,3.5,0.213,0.267,0.251,0.303,5,0,219.52,,219.52,,76.72,,76.72,,2.0,,2.0,,0.323,,0.323,,133,10,-41.88,,-33.46,,-7.88,,-7.94,,-2.2,,-5.2,,-0.11,,-0.072,,0
2025-04-06,Ascent,BOOM Esports,Paper Rex,6,1,215.92,231.0,218.433,231.0,77.48,74.2,76.933,74.2,2.6,3.0,2.667,3.0,0.33,0.238,0.314,0.238,139,18,188.96,198.04,183.62,196.04,70.52,70.24,68.22,71.16,0.2,-1.0,-3.8,0.1,0.237,0.303,0.234,0.306,-133,-17,26.96,32.96,34.813,34.96,6.96,3.96,8.713,3.04,2.4,4.0,6.467,2.9,0.092,-0.064,0.08,-0.068,0
2025-04-06,Lotus,TALON,Nongshim RedForce,71,14,196.6,191.72,190.04,185.92,72.8,70.48,69.46,69.78,0.4,2.6,-0.5,0.1,0.268,0.262,0.235,0.298,6,0,185.32,,179.833,,70.92,,68.567,,0.2,,-1.167,,0.289,,0.269,,65,14,11.28,,10.207,,1.88,,0.893,,0.2,,0.667,,-0.021,,-0.034,,1
2025-04-06,Fracture,TALON,Nongshim RedForce,72,5,197.64,206.72,194.5,206.72,75.36,74.96,71.44,74.96,-0.2,0.6,-0.1,0.6,0.281,0.263,0.259,0.263,7,0,182.16,,178.857,,68.24,,67.229,,0.6,,-0.571,,0.261,,0.258,,65,5,15.48,,15.643,,7.12,,4.211,,-0.8,,0.471,,0.02,,0.001,,1
2025-04-07,Haven,T1,Team Secret,113,15,208.8,213.0,203.32,199.92,72.72,75.72,72.06,71.74,-1.0,2.6,0.4,0.3,0.372,0.339,0.319,0.299,75,11,195.88,187.52,198.88,199.7,66.64,67.36,70.68,71.66,-3.2,-3.2,-1.7,-0.9,0.228,0.264,0.286,0.291,38,4,12.92,25.48,4.44,0.22,6.08,8.36,1.38,0.08,2.2,5.8,2.1,1.2,0.143,0.075,0.032,0.008,1
2025-04-07,Icebox,T1,Team Secret,114,4,215.2,209.9,206.92,209.9,74.96,72.35,73.62,72.35,1.6,-0.5,1.1,-0.5,0.387,0.315,0.344,0.315,76,7,179.08,208.36,193.52,204.714,62.68,73.6,68.88,71.714,-4.6,2.4,-2.0,0.857,0.205,0.321,0.258,0.3,38,-3,36.12,1.54,13.4,5.186,12.28,-1.25,4.74,0.636,6.2,-2.9,3.1,-1.357,0.182,-0.006,0.086,0.015,0
2025-04-07,Lotus,T1,Team Secret,115,22,211.08,207.68,205.92,202.26,73.24,75.92,73.26,73.92,0.4,-0.6,-0.1,0.6,0.354,0.273,0.33,0.266,77,14,185.76,194.08,192.36,193.42,64.88,71.16,68.24,69.74,-3.4,-2.8,-1.7,-1.7,0.196,0.222,0.244,0.245,38,8,25.32,13.6,13.56,8.84,8.36,4.76,5.02,4.18,3.8,2.2,1.6,2.3,0.158,0.051,0.087,0.021,1
2025-04-07,Split,DRX,Global Esports,129,14,204.0,194.84,196.44,192.8,74.64,70.84,73.0,70.0,5.2,1.8,1.8,-0.4,0.377,0.279,0.309,0.272,51,5,184.48,206.2,178.74,206.2,67.8,72.64,67.32,72.64,-1.4,2.6,-1.5,2.6,0.247,0.284,0.253,0.284,78,9,19.52,-11.36,17.7,-13.4,6.84,-1.8,5.68,-2.64,6.6,-0.8,3.3,-3.0,0.13,-0.005,0.056,-0.013,1
2025-04-07,Ascent,Global Esports,DRX,52,8,188.36,183.08,177.06,188.5,68.4,67.24,65.74,67.7,-2.6,0.0,-2.5,0.25,0.231,0.23,0.213,0.245,130,17,210.8,195.52,198.98,196.86,78.04,72.88,74.5,73.7,5.8,0.2,2.4,0.1,0.356,0.285,0.324,0.314,-78,-9,-22.44,-12.44,-21.92,-8.36,-9.64,-5.64,-8.76,-6.0,-8.4,-0.2,-4.9,0.15,-0.125,-0.055,-0.111,-0.07,0
2025-04-09,Pearl,BBL Esports,"Movistar KOI						
							(KOI)",53,3,196.8,182.733,191.38,182.733,70.48,67.267,68.52,67.267,-0.2,-4.0,2.1,-4.0,0.238,0.197,0.271,0.197,16,1,175.68,164.0,185.14,164.0,68.92,65.8,72.74,65.8,-2.6,-11.0,-1.5,-11.0,0.225,0.059,0.214,0.059,37,2,21.12,18.733,6.24,18.733,1.56,1.467,-4.22,1.467,2.4,7.0,3.6,7.0,0.013,0.138,0.057,0.138,1
2025-04-09,Fracture,Natus Vincere,GIANTX,84,7,189.08,193.52,184.84,195.771,71.52,71.48,71.12,73.114,0.4,2.8,1.8,2.571,0.353,0.329,0.302,0.331,30,0,177.24,,180.22,,63.56,,66.22,,-6.4,,-3.2,,0.166,,0.194,,54,7,11.84,,4.62,,7.96,,4.9,,6.8,,5.0,,0.187,,0.109,,0
2025-04-09,Pearl,GIANTX,Natus Vincere,31,0,182.44,,183.26,,65.24,,66.88,,-5.2,,-2.6,,0.184,,0.194,,85,7,194.56,209.68,185.3,213.6,73.44,76.16,70.62,79.229,-0.4,1.8,0.5,2.143,0.343,0.292,0.301,0.289,-54,-7,-12.12,,-2.04,,-8.2,,-3.74,,-4.8,,-3.1,,-0.158,,-0.107,,0
2025-04-09,Split,GIANTX,Natus Vincere,32,6,189.04,174.8,180.58,169.867,67.6,65.28,66.02,66.233,-3.0,-3.0,-3.0,-1.833,0.188,0.19,0.18,0.2,86,16,200.92,196.04,187.62,201.92,74.24,72.56,70.46,74.7,0.8,0.4,0.3,1.3,0.354,0.305,0.303,0.311,-54,-10,-11.88,-21.24,-7.04,-32.053,-6.64,-7.28,-4.44,-8.467,-3.8,-3.4,-3.3,-3.133,-0.167,-0.115,-0.123,-0.111,0
2025-04-09,Icebox,"Movistar KOI						
							(KOI)",BBL Esports,17,5,167.16,194.0,181.96,194.0,64.56,73.76,71.28,73.76,-3.0,3.2,-2.0,3.2,0.164,0.247,0.199,0.247,54,6,199.84,193.16,192.38,192.733,71.12,68.36,68.96,68.0,-1.2,-1.4,1.1,-2.5,0.264,0.296,0.271,0.298,-37,-1,-32.68,0.84,-10.42,1.267,-6.56,5.4,2.32,5.76,-1.8,4.6,-3.1,5.7,-0.101,-0.049,-0.072,-0.051,0
2025-04-10,Split,Team Liquid,FUT Esports,86,14,195.12,199.64,193.3,192.58,64.88,73.28,67.98,72.44,0.2,1.4,1.2,0.2,0.256,0.272,0.253,0.269,92,15,215.92,198.2,203.58,192.58,80.48,72.12,74.2,69.42,4.6,-1.0,2.5,-1.3,0.281,0.369,0.266,0.326,-6,-1,-20.8,1.44,-10.28,-0.0,-15.6,1.16,-6.22,3.02,-4.4,2.4,-1.3,1.5,-0.025,-0.097,-0.013,-0.057,1
2025-04-10,Icebox,Team Vitality,Team Heretics,91,10,193.96,210.28,190.34,203.24,72.04,72.6,69.1,70.2,-0.6,2.4,-2.2,0.7,0.286,0.273,0.263,0.257,106,15,221.28,212.56,201.24,205.42,78.96,75.8,73.12,73.8,5.4,3.2,1.5,1.9,0.307,0.335,0.263,0.352,-15,-5,-27.32,-2.28,-10.9,-2.18,-6.92,-3.2,-4.02,-3.6,-6.0,-0.8,-3.7,-1.2,-0.021,-0.061,0.0,-0.096,0
2025-04-10,Lotus,Team Liquid,FUT Esports,87,18,197.8,178.2,193.82,190.72,65.84,65.64,67.38,70.24,0.6,-2.4,1.2,-1.4,0.283,0.159,0.253,0.244,93,20,208.36,218.96,202.0,214.02,76.04,77.6,74.18,75.58,2.0,2.8,2.5,2.7,0.244,0.329,0.264,0.293,-6,-2,-10.56,-40.76,-8.18,-23.3,-10.2,-11.96,-6.8,-5.34,-1.4,-5.2,-1.3,-4.1,0.039,-0.171,-0.011,-0.048,1
2025-04-10,Haven,Team Heretics,Team Vitality,107,9,219.68,197.92,204.66,189.244,79.92,76.92,74.18,73.578,6.6,2.6,2.8,1.333,0.314,0.343,0.272,0.314,92,12,190.76,176.8,188.16,181.86,70.28,63.12,68.02,65.56,-2.4,-5.6,-2.5,-5.3,0.236,0.217,0.253,0.27,15,-3,28.92,21.12,16.5,7.384,9.64,13.8,6.16,8.018,9.0,8.2,5.3,6.633,0.078,0.126,0.019,0.044,1
2025-04-11,Lotus,Apeks,FNATIC,6,1,183.92,206.0,191.433,206.0,65.48,75.6,67.9,75.6,-3.2,-3.0,-2.0,-3.0,0.222,0.304,0.24,0.304,122,31,198.36,185.52,202.62,200.76,71.72,67.88,72.32,72.78,4.4,-1.8,3.5,1.0,0.365,0.249,0.348,0.288,-116,-30,-14.44,20.48,-11.187,5.24,-6.24,7.72,-4.42,2.82,-7.6,-1.2,-5.5,-4.0,-0.143,0.055,-0.108,0.017,0
2025-04-11,Split,FNATIC,Apeks,123,15,195.64,206.2,202.36,205.46,72.84,74.44,73.54,74.7,4.4,2.4,3.9,1.8,0.376,0.306,0.354,0.317,7,2,178.96,188.0,188.0,188.0,65.6,64.7,66.971,64.7,-3.0,-1.0,-2.0,-1.0,0.23,0.198,0.246,0.198,116,13,16.68,18.2,14.36,17.46,7.24,9.74,6.569,10.0,7.4,3.4,5.9,2.8,0.146,0.108,0.108,0.119,1
2025-04-11,Haven,Gentle Mates,Karmine Corp,29,1,199.2,198.8,198.18,198.8,72.52,72.4,71.6,72.4,-0.6,0.0,-2.2,0.0,0.318,0.385,0.268,0.385,71,5,201.2,172.72,197.78,172.72,74.92,62.56,74.7,62.56,-0.4,0.0,1.5,0.0,0.411,0.153,0.391,0.153,-42,-4,-2.0,26.08,0.4,26.08,-2.4,9.84,-3.1,9.84,-0.2,-0.0,-3.7,-0.0,-0.093,0.231,-0.123,0.231,0
2025-04-11,Pearl,Karmine Corp,Gentle Mates,72,3,193.04,183.0,197.5,183.0,73.96,66.133,74.92,66.133,0.4,0.0,1.7,0.0,0.391,0.231,0.387,0.231,30,0,197.48,,196.9,,72.64,,71.42,,-1.0,,-2.3,,0.295,,0.256,,42,3,-4.44,,0.6,,1.32,,3.5,,1.4,,4.0,,0.095,,0.131,,1
2025-04-11,Ascent,2Game Esports,100 Thieves,7,1,191.4,190.4,193.229,190.4,73.64,82.2,70.743,82.2,-1.8,-1.0,-1.143,-1.0,0.25,0.316,0.248,0.316,75,10,202.32,222.28,196.44,207.24,71.24,80.0,71.66,73.98,-0.6,4.2,-0.1,1.3,0.289,0.338,0.265,0.297,-68,-9,-10.92,-31.88,-3.211,-16.84,2.4,2.2,-0.917,8.22,-1.2,-5.2,-1.043,-2.3,-0.039,-0.023,-0.017,0.019,0
2025-04-11,Lotus,G2 Esports,LEVIATÁN,78,18,211.8,217.6,207.38,214.84,76.88,78.28,76.08,77.16,0.8,2.4,0.6,1.8,0.336,0.341,0.323,0.332,112,17,189.2,195.64,183.7,197.44,69.84,73.4,69.52,74.26,0.2,1.2,0.1,1.7,0.213,0.245,0.219,0.269,-34,1,22.6,21.96,23.68,17.4,7.04,4.88,6.56,2.9,0.6,1.2,0.5,0.1,0.123,0.097,0.104,0.063,1
2025-04-11,Fracture,LEVIATÁN,G2 Esports,113,1,191.64,201.2,185.44,201.2,69.96,75.4,69.36,75.4,0.6,1.0,0.6,1.0,0.218,0.286,0.22,0.286,79,1,207.72,166.6,207.56,166.6,75.08,61.4,75.74,61.4,0.0,-11.0,0.8,-11.0,0.33,0.118,0.328,0.118,34,0,-16.08,34.6,-22.12,34.6,-5.12,14.0,-6.38,14.0,0.6,12.0,-0.2,12.0,-0.112,0.168,-0.109,0.168,1
2025-04-11,Haven,G2 Esports,LEVIATÁN,80,7,208.68,185.48,206.12,191.971,75.72,68.8,75.74,70.943,2.8,-4.4,1.8,-3.714,0.289,0.296,0.312,0.3,114,9,208.96,210.16,188.72,200.467,76.76,74.8,70.7,73.978,0.2,2.6,0.0,0.778,0.289,0.31,0.233,0.262,-34,-2,-0.28,-24.68,17.4,-8.495,-1.04,-6.0,5.04,-3.035,2.6,-7.0,1.8,-4.492,-0.0,-0.014,0.08,0.037,1
2025-04-11,Icebox,2Game Esports,100 Thieves,8,1,188.0,179.4,193.275,179.4,72.16,68.4,71.175,68.4,-3.0,-7.0,-1.0,-7.0,0.243,0.158,0.244,0.158,76,9,202.52,208.76,195.92,207.578,71.32,73.92,71.4,75.089,-1.0,-1.8,0.1,-0.333,0.294,0.334,0.256,0.35,-68,-8,-14.52,-29.36,-2.645,-28.178,0.84,-5.52,-0.225,-6.689,-2.0,-5.2,-1.1,-6.667,-0.05,-0.176,-0.013,-0.192,0
2025-04-12,Pearl,Team Secret,Nongshim RedForce,78,2,193.6,220.0,191.8,220.0,68.2,76.1,67.7,76.1,-1.8,0.0,-1.6,0.0,0.179,0.299,0.223,0.299,8,1,187.84,160.4,180.1,160.4,66.36,76.6,67.225,76.6,0.6,-3.0,-0.875,-3.0,0.24,0.261,0.245,0.261,70,1,5.76,59.6,11.7,59.6,1.84,-0.5,0.475,-0.5,-2.4,3.0,-0.725,3.0,-0.062,0.038,-0.022,0.038,0
2025-04-12,Icebox,DRX,BOOM Esports,131,8,215.36,189.24,200.16,200.85,81.12,67.76,75.18,71.7,5.6,0.4,2.6,0.875,0.366,0.271,0.322,0.311,7,0,213.88,,214.971,,78.92,,76.971,,4.4,,2.429,,0.293,,0.297,,124,8,1.48,,-14.811,,2.2,,-1.791,,1.2,,0.171,,0.074,,0.026,,0
2025-04-12,Haven,BOOM Esports,DRX,8,2,202.8,211.9,212.3,211.9,75.96,73.8,76.4,73.8,3.8,-1.0,2.25,-1.0,0.269,0.292,0.289,0.292,132,19,210.44,185.28,197.96,188.3,79.2,68.52,74.76,70.62,3.8,-0.2,2.7,-0.8,0.343,0.319,0.33,0.333,-124,-17,-7.64,26.62,14.34,23.6,-3.24,5.28,1.64,3.18,-0.0,-0.8,-0.45,-0.2,-0.074,-0.027,-0.041,-0.042,0
2025-04-12,Ascent,BOOM Esports,DRX,9,2,201.24,212.6,212.222,212.6,74.0,75.7,75.444,75.7,2.2,2.0,1.778,2.0,0.273,0.214,0.283,0.214,133,18,213.28,201.12,201.6,197.16,78.72,75.52,74.66,75.64,4.0,1.8,4.3,1.2,0.323,0.297,0.324,0.303,-124,-16,-12.04,11.48,10.622,15.44,-4.72,0.18,0.784,0.06,-1.8,0.2,-2.522,0.8,-0.049,-0.083,-0.041,-0.088,1
2025-04-12,Lotus,Cloud9,FURIA,78,16,207.48,189.28,199.72,196.12,79.4,69.0,73.58,73.68,1.4,-2.2,0.7,-1.7,0.341,0.251,0.337,0.278,63,6,155.32,171.28,169.62,174.633,60.68,64.0,63.62,64.833,-4.8,-4.2,-2.8,-5.5,0.177,0.141,0.179,0.151,15,10,52.16,18.0,30.1,21.487,18.72,5.0,9.96,8.847,6.2,2.0,3.5,3.8,0.165,0.11,0.157,0.127,1
2025-04-12,Pearl,Cloud9,FURIA,79,9,197.68,194.12,202.78,195.022,75.36,71.08,74.72,71.711,-0.6,0.0,0.6,-0.333,0.353,0.277,0.369,0.293,64,7,169.48,173.84,167.1,178.486,64.36,64.36,63.74,67.514,-3.0,-6.4,-2.7,-4.286,0.213,0.228,0.192,0.258,15,2,28.2,20.28,35.68,16.537,11.0,6.72,10.98,4.197,2.4,6.4,3.3,3.952,0.14,0.049,0.177,0.035,1
2025-04-12,Lotus,LOUD,Sentinels,106,13,198.48,196.08,199.94,192.2,72.04,71.6,72.1,71.06,1.2,0.2,0.4,-0.1,0.227,0.284,0.272,0.287,102,21,209.24,185.44,204.56,196.94,75.76,70.64,73.58,73.42,-0.2,-0.6,-0.7,0.1,0.292,0.255,0.291,0.293,4,-8,-10.76,10.64,-4.62,-4.74,-3.72,0.96,-1.48,-2.36,1.4,0.8,1.1,-0.2,-0.065,0.029,-0.019,-0.006,1
2025-04-12,Haven,Sentinels,LOUD,103,11,203.36,208.72,206.74,199.88,74.32,74.64,74.84,74.4,-1.0,-1.4,-0.7,-0.9,0.264,0.339,0.309,0.288,107,11,197.48,200.68,199.46,205.84,72.56,73.52,71.98,78.12,3.2,2.4,0.9,3.5,0.277,0.316,0.271,0.332,-4,0,5.88,8.04,7.28,-5.96,1.76,1.12,2.86,-3.72,-4.2,-3.8,-1.6,-4.4,-0.013,0.023,0.038,-0.045,1
2025-04-12,Split,Nongshim RedForce,Team Secret,9,2,189.64,185.3,181.289,185.3,67.08,68.4,67.289,68.4,1.2,0.5,-0.444,0.5,0.217,0.333,0.242,0.333,79,10,193.16,203.68,193.0,192.8,68.36,76.8,68.08,71.98,-1.4,1.4,-1.7,-0.6,0.187,0.309,0.212,0.26,-70,-8,-3.52,-18.38,-11.711,-7.5,-1.28,-8.4,-0.791,-3.58,2.6,-0.9,1.256,1.1,0.03,0.024,0.03,0.073,1
2025-04-12,Split,LOUD,Sentinels,108,16,192.8,193.16,194.42,196.66,70.04,68.8,70.64,71.68,2.4,-2.4,0.4,-1.4,0.268,0.207,0.243,0.254,104,16,208.28,212.08,208.68,211.28,75.84,79.8,75.0,78.22,-0.4,2.4,-0.3,1.6,0.273,0.383,0.309,0.327,4,0,-15.48,-18.92,-14.26,-14.62,-5.8,-11.0,-4.36,-6.54,2.8,-4.8,0.7,-3.0,-0.005,-0.176,-0.066,-0.073,0
2025-04-13,Pearl,Gen.G,Global Esports,122,5,221.16,191.12,206.14,191.12,80.28,69.12,72.94,69.12,0.4,-0.2,0.6,-0.2,0.394,0.2,0.323,0.2,53,7,178.64,203.36,174.8,200.571,65.32,73.12,65.32,72.914,-4.6,0.0,-2.8,0.143,0.202,0.326,0.203,0.319,69,-2,42.52,-12.24,31.34,-9.451,14.96,-4.0,7.62,-3.794,5.0,-0.2,3.4,-0.343,0.192,-0.126,0.12,-0.119,1
2025-04-13,Lotus,Evil Geniuses,"VISA KRÜ						
							(KRÜ Esports)",105,19,184.32,193.6,186.52,195.48,66.6,70.16,66.86,68.3,-1.6,-0.4,-4.0,-1.2,0.215,0.265,0.201,0.259,8,1,201.72,196.8,202.6,196.8,74.04,70.0,74.175,70.0,3.6,4.0,2.75,4.0,0.348,0.5,0.294,0.5,97,18,-17.4,-3.2,-16.08,-1.32,-7.44,0.16,-7.315,-1.7,-5.2,-4.4,-6.75,-5.2,-0.133,-0.235,-0.093,-0.241,1
2025-04-13,Pearl,Evil Geniuses,"VISA KRÜ						
							(KRÜ Esports)",106,12,188.52,201.24,190.9,199.16,68.84,72.6,69.3,70.6,-1.2,1.6,-2.9,0.2,0.228,0.274,0.221,0.286,9,1,194.88,220.4,197.689,220.4,71.0,78.0,72.067,78.0,2.4,5.0,1.889,5.0,0.312,0.316,0.268,0.316,97,11,-6.36,-19.16,-6.789,-21.24,-2.16,-5.4,-2.767,-7.4,-3.6,-3.4,-4.789,-4.8,-0.083,-0.042,-0.047,-0.029,1
2025-04-13,Icebox,NRG,MIBR,87,3,195.24,211.267,200.16,211.267,75.48,77.0,75.48,77.0,1.2,-1.0,0.4,-1.0,0.247,0.329,0.264,0.329,53,9,197.72,184.84,203.92,183.289,75.44,65.88,75.48,66.756,1.6,-3.0,2.5,-0.556,0.302,0.222,0.286,0.229,34,-6,-2.48,26.427,-3.76,27.978,0.04,11.12,0.0,10.244,-0.4,2.0,-2.1,-0.444,-0.055,0.107,-0.022,0.1,0
2025-04-13,Haven,NRG,MIBR,88,10,191.08,201.16,199.42,201.78,71.92,75.08,74.84,74.14,-0.6,-1.2,0.1,-0.2,0.198,0.393,0.245,0.339,54,3,202.16,197.0,202.1,197.0,74.64,75.6,74.02,75.6,1.2,4.667,2.0,4.667,0.352,0.278,0.31,0.278,34,7,-11.08,4.16,-2.68,4.78,-2.72,-0.52,0.82,-1.46,-1.8,-5.867,-1.9,-4.867,-0.153,0.116,-0.065,0.061,0
2025-04-13,Haven,Global Esports,Gen.G,54,5,174.28,195.16,173.98,195.16,65.72,74.28,66.08,74.28,-5.0,-0.2,-3.1,-0.2,0.162,0.295,0.204,0.295,123,15,212.64,207.36,206.22,203.84,79.68,72.96,74.16,73.42,0.2,0.8,0.2,2.4,0.372,0.309,0.328,0.317,-69,-10,-38.36,-12.2,-32.24,-8.68,-13.96,1.32,-8.08,0.86,-5.2,-1.0,-3.3,-2.6,-0.21,-0.014,-0.124,-0.022,0
2025-04-13,Icebox,T1,Rex Regum Qeon,116,5,215.2,208.72,210.56,208.72,72.92,71.68,72.78,71.68,-1.0,-1.6,-0.7,-1.6,0.35,0.297,0.343,0.297,62,6,210.52,209.12,201.78,209.733,76.24,72.4,73.52,72.4,1.8,-0.4,-0.5,0.167,0.339,0.299,0.298,0.285,54,-1,4.68,-0.4,8.78,-1.013,-3.32,-0.72,-0.74,-0.72,-2.8,-1.2,-0.2,-1.767,0.011,-0.001,0.045,0.012,0
2025-04-13,Lotus,Rex Regum Qeon,T1,63,9,218.68,189.2,202.12,195.467,74.52,66.96,73.02,71.533,2.2,-2.6,0.8,-0.667,0.356,0.308,0.322,0.277,117,23,218.2,209.92,210.38,203.56,73.16,75.04,72.4,73.56,-2.0,-0.2,-1.4,-0.7,0.319,0.264,0.344,0.268,-54,-14,0.48,-20.72,-8.26,-8.093,1.36,-8.08,0.62,-2.027,4.2,-2.4,2.2,0.033,0.038,0.045,-0.021,0.009,1
2025-04-13,Pearl,T1,Rex Regum Qeon,118,11,205.64,202.84,207.22,193.0,71.08,66.96,71.9,68.24,-1.8,-1.2,-1.4,-2.4,0.272,0.212,0.322,0.227,64,5,219.36,192.4,204.64,192.4,74.04,69.72,74.04,69.72,2.2,2.4,1.8,2.4,0.379,0.233,0.324,0.233,54,6,-13.72,10.44,2.58,0.6,-2.96,-2.76,-2.14,-1.48,-4.0,-3.6,-3.2,-4.8,-0.107,-0.021,-0.002,-0.006,1
2025-04-14,Split,ZETA DIVISION,TALON,73,8,184.8,180.08,184.46,188.575,64.56,66.72,64.18,68.775,0.8,1.0,-0.2,1.125,0.239,0.249,0.224,0.276,73,5,191.16,186.48,196.04,186.48,72.16,64.72,71.58,64.72,-1.0,-3.6,0.0,-3.6,0.298,0.188,0.276,0.188,0,3,-6.36,-6.4,-11.58,2.095,-7.6,2.0,-7.4,4.055,1.8,4.6,-0.2,4.725,-0.059,0.061,-0.052,0.088,1
2025-04-14,Pearl,DetonatioN FocusMe,Paper Rex,54,5,165.28,186.36,172.32,186.36,62.28,71.76,65.48,71.76,-4.2,-2.8,-3.6,-2.8,0.139,0.209,0.169,0.209,140,14,195.08,203.96,185.66,204.34,72.44,73.4,69.44,74.24,0.2,0.2,-3.2,-0.2,0.302,0.371,0.244,0.344,-86,-9,-29.8,-17.6,-13.34,-17.98,-10.16,-1.64,-3.96,-2.48,-4.4,-3.0,-0.4,-2.6,-0.163,-0.163,-0.075,-0.135,0
2025-04-14,Ascent,Paper Rex,DetonatioN FocusMe,141,19,190.44,198.96,189.64,196.68,71.32,71.28,70.18,71.7,-2.0,-1.2,-2.1,0.0,0.296,0.339,0.26,0.302,55,11,166.24,191.8,175.72,184.06,61.56,72.6,65.68,69.96,-3.8,1.0,-2.9,-1.1,0.159,0.32,0.188,0.281,86,8,24.2,7.16,13.92,12.62,9.76,-1.32,4.5,1.74,1.8,-2.2,0.8,1.1,0.137,0.019,0.072,0.021,0
2025-04-14,Lotus,DetonatioN FocusMe,Paper Rex,56,14,173.0,162.8,177.74,175.5,63.36,60.12,65.58,63.76,-3.2,-5.4,-2.3,-3.8,0.185,0.123,0.22,0.172,142,26,193.64,180.84,190.2,199.62,72.56,69.4,70.7,74.24,-2.8,-2.8,-1.9,0.4,0.294,0.262,0.262,0.323,-86,-12,-20.64,-18.04,-12.46,-24.12,-9.2,-9.28,-5.12,-10.48,-0.4,-2.6,-0.4,-4.2,-0.109,-0.139,-0.043,-0.152,0
2025-04-14,Lotus,ZETA DIVISION,TALON,74,11,194.32,188.08,184.3,199.26,67.52,67.32,64.2,70.88,2.6,-1.8,0.1,-0.9,0.25,0.229,0.218,0.266,74,15,196.16,190.12,198.76,188.5,74.24,71.8,72.9,70.86,-1.2,0.0,-0.6,-0.3,0.278,0.269,0.283,0.294,0,-4,-1.84,-2.04,-14.46,10.76,-6.72,-4.48,-8.7,0.02,3.8,-1.8,0.7,-0.6,-0.028,-0.04,-0.065,-0.029,1
2025-04-16,Split,Team Liquid,"Movistar KOI						
							(KOI)",88,15,212.16,200.6,201.0,193.5,71.32,72.16,70.02,72.62,2.8,1.8,2.6,0.5,0.316,0.272,0.281,0.271,18,2,170.32,200.8,180.64,200.8,63.44,78.3,70.08,78.3,-2.8,-1.0,-2.6,-1.0,0.206,0.28,0.209,0.28,70,13,41.84,-0.2,20.36,-7.3,7.88,-6.14,-0.06,-5.68,5.6,2.8,5.2,1.5,0.11,-0.009,0.072,-0.01,1
2025-04-16,Lotus,"Movistar KOI						
							(KOI)",Team Liquid,19,2,173.08,147.4,184.78,147.4,65.64,59.1,69.68,59.1,-2.0,-5.5,-3.0,-5.5,0.185,0.192,0.226,0.192,89,19,214.24,191.96,205.0,195.94,73.96,69.36,71.44,71.56,2.4,-1.6,2.2,-0.8,0.332,0.222,0.292,0.254,-70,-17,-41.16,-44.56,-20.22,-48.54,-8.32,-10.26,-1.76,-12.46,-4.4,-3.9,-5.2,-4.7,-0.147,-0.03,-0.066,-0.062,0
2025-04-16,Ascent,Apeks,Team Vitality,8,1,185.28,229.0,188.55,229.0,68.08,80.0,67.0,80.0,-2.4,4.0,-2.0,4.0,0.271,0.333,0.261,0.333,93,9,179.36,194.76,186.1,195.6,65.44,69.16,68.06,69.889,-4.6,-2.0,-2.1,-1.667,0.23,0.332,0.257,0.321,-85,-8,5.92,34.24,2.45,33.4,2.64,10.84,-1.06,10.111,2.2,6.0,0.1,5.667,0.041,0.001,0.004,0.013,0
2025-04-16,Lotus,Team Vitality,Apeks,94,20,187.4,209.76,187.52,204.62,68.8,76.8,68.66,74.42,-4.2,1.4,-2.3,-0.5,0.266,0.303,0.268,0.27,9,2,180.4,186.7,187.778,186.7,66.76,68.5,67.222,68.5,-1.8,-2.5,-1.778,-2.5,0.222,0.291,0.238,0.291,85,18,7.0,23.06,-0.258,17.92,2.04,8.3,1.438,5.92,-2.4,3.9,-0.522,2.0,0.044,0.012,0.03,-0.021,1
2025-04-17,Haven,GIANTX,FNATIC,33,2,177.92,175.7,175.1,175.7,63.32,65.1,63.32,65.1,-4.6,-4.0,-4.3,-4.0,0.169,0.176,0.157,0.176,124,18,197.0,214.28,198.08,210.36,73.24,79.0,72.02,75.82,4.0,6.0,3.3,4.3,0.377,0.376,0.334,0.386,-91,-16,-19.08,-38.58,-22.98,-34.66,-9.92,-13.9,-8.7,-10.72,-8.6,-10.0,-7.6,-8.3,-0.209,-0.2,-0.176,-0.21,0
2025-04-17,Lotus,GIANTX,FNATIC,34,6,176.44,192.2,174.84,191.667,62.88,69.48,63.12,69.7,-3.2,-1.0,-4.3,-0.5,0.153,0.234,0.159,0.251,125,32,200.04,189.88,199.84,199.54,74.12,70.6,72.84,73.0,3.4,-0.4,2.6,1.1,0.4,0.306,0.352,0.293,-91,-26,-23.6,2.32,-25.0,-7.873,-11.24,-1.12,-9.72,-3.3,-6.6,-0.6,-6.9,-1.6,-0.246,-0.071,-0.193,-0.042,0
2025-04-17,Ascent,FNATIC,GIANTX,126,10,205.72,201.2,203.62,201.36,74.68,71.88,73.88,73.22,1.2,-4.6,2.7,-0.7,0.452,0.241,0.392,0.268,35,2,179.8,203.3,178.52,203.3,66.08,73.6,64.82,73.6,-1.6,0.5,-4.0,0.5,0.14,0.381,0.153,0.381,91,8,25.92,-2.1,25.1,-1.94,8.6,-1.72,9.06,-0.38,2.8,-5.1,6.7,-1.2,0.313,-0.14,0.239,-0.113,0
2025-04-17,Haven,BBL Esports,Gentle Mates,55,6,201.56,207.0,197.56,203.7,71.0,76.32,70.5,74.833,0.2,4.4,2.1,3.0,0.271,0.324,0.263,0.308,31,2,180.48,194.5,190.54,194.5,66.2,72.7,69.72,72.7,-2.2,-1.0,-3.0,-1.0,0.245,0.327,0.248,0.327,24,4,21.08,12.5,7.02,9.2,4.8,3.62,0.78,2.133,2.4,5.4,5.1,4.0,0.026,-0.003,0.015,-0.019,1
2025-04-17,Lotus,BBL Esports,Gentle Mates,56,6,214.44,182.68,200.78,184.967,74.52,65.68,70.86,67.333,2.4,-1.6,1.7,-0.5,0.301,0.254,0.256,0.248,32,4,166.92,159.85,181.62,159.85,62.0,58.55,67.56,58.55,-4.2,-6.25,-3.0,-6.25,0.167,0.173,0.224,0.173,24,2,47.52,22.83,19.16,25.117,12.52,7.13,3.3,8.783,6.6,4.65,4.7,5.75,0.134,0.081,0.031,0.075,1
2025-04-18,Icebox,G2 Esports,Cloud9,81,12,213.24,201.96,207.88,204.56,75.76,68.32,75.74,70.54,2.8,-0.6,1.6,-1.5,0.315,0.27,0.326,0.283,80,6,202.56,207.64,207.0,202.833,77.72,71.92,77.16,71.1,-0.8,2.8,0.8,1.667,0.363,0.336,0.375,0.305,1,6,10.68,-5.68,0.88,1.727,-1.96,-3.6,-1.42,-0.56,3.6,-3.4,0.8,-3.167,-0.048,-0.065,-0.049,-0.022,1
2025-04-18,Haven,G2 Esports,Cloud9,82,8,206.4,192.12,208.26,195.05,71.92,69.24,75.6,71.325,1.2,-5.2,1.5,-3.25,0.307,0.293,0.33,0.312,81,8,201.44,170.84,202.94,181.85,75.4,66.92,75.94,68.625,0.4,-3.8,0.8,-0.375,0.326,0.188,0.336,0.277,1,0,4.96,21.28,5.32,13.2,-3.48,2.32,-0.34,2.7,0.8,-1.4,0.7,-2.875,-0.02,0.105,-0.006,0.035,0
2025-04-18,Pearl,Team Heretics,Natus Vincere,108,4,215.72,166.6,202.88,166.6,78.6,64.55,73.38,64.55,5.2,-1.0,2.3,-1.0,0.301,0.243,0.261,0.243,87,8,216.36,210.28,198.22,214.8,77.84,76.12,72.9,79.2,2.8,1.4,2.0,2.125,0.386,0.298,0.338,0.296,21,-4,-0.64,-43.68,4.66,-48.2,0.76,-11.57,0.48,-14.65,2.4,-2.4,0.3,-3.125,-0.085,-0.055,-0.077,-0.053,1
2025-04-18,Pearl,G2 Esports,Cloud9,83,3,201.28,197.067,206.54,197.067,71.44,73.467,74.16,73.467,0.0,2.0,0.4,2.0,0.267,0.257,0.302,0.257,82,10,205.0,198.68,204.78,198.64,75.56,73.76,75.98,73.42,1.0,-0.2,0.5,-0.1,0.347,0.325,0.335,0.307,1,-7,-3.72,-1.613,1.76,-1.573,-4.12,-0.293,-1.82,0.047,-1.0,2.2,-0.1,2.1,-0.08,-0.068,-0.033,-0.049,1
2025-04-18,Pearl,FUT Esports,Karmine Corp,94,7,192.28,214.44,198.0,217.171,70.32,77.16,72.14,78.571,-0.8,3.0,1.0,2.857,0.212,0.295,0.253,0.324,73,4,206.84,199.85,203.14,199.85,78.44,71.95,76.54,71.95,1.0,0.75,1.6,0.75,0.421,0.273,0.393,0.273,21,3,-14.56,14.59,-5.14,17.321,-8.12,5.21,-4.4,6.621,-1.8,2.25,-0.6,2.107,-0.209,0.022,-0.139,0.051,0
2025-04-18,Ascent,Karmine Corp,FUT Esports,74,8,212.28,191.08,205.24,180.5,80.2,69.88,76.88,66.675,2.4,-1.0,1.6,-1.75,0.425,0.202,0.368,0.199,95,9,190.52,192.68,195.34,196.956,69.4,70.32,71.0,72.622,-1.0,2.2,0.6,2.0,0.231,0.303,0.249,0.326,-21,-1,21.76,-1.6,9.9,-16.456,10.8,-0.44,5.88,-5.947,3.4,-3.2,1.0,-3.75,0.194,-0.101,0.12,-0.127,0
2025-04-18,Lotus,FUT Esports,Karmine Corp,96,21,186.92,201.36,198.64,203.94,66.64,72.04,72.16,72.78,-1.8,0.4,1.5,1.2,0.264,0.288,0.268,0.274,75,16,211.24,198.16,204.46,197.66,79.84,78.56,76.6,76.42,2.8,2.0,1.0,1.7,0.382,0.35,0.364,0.344,21,5,-24.32,3.2,-5.82,6.28,-13.2,-6.52,-4.44,-3.64,-4.6,-1.6,0.5,-0.5,-0.118,-0.062,-0.096,-0.071,1
2025-04-18,Icebox,MIBR,FURIA,55,10,203.28,189.88,202.26,187.34,75.6,66.44,74.9,67.42,1.0,-0.6,1.3,-0.1,0.377,0.261,0.316,0.256,65,9,172.04,195.0,163.92,186.0,64.0,70.44,62.76,67.467,-2.0,-1.6,-3.2,-1.667,0.214,0.305,0.189,0.27,-10,1,31.24,-5.12,38.34,1.34,11.6,-4.0,12.14,-0.047,3.0,1.0,4.5,1.567,0.163,-0.044,0.127,-0.014,1
2025-04-18,Ascent,MIBR,FURIA,56,4,205.12,191.75,202.54,191.75,75.32,69.4,74.88,69.4,0.6,1.25,1.1,1.25,0.431,0.19,0.347,0.19,66,10,164.32,186.6,161.68,195.06,61.72,67.96,61.98,71.92,-1.8,-3.4,-3.1,-1.7,0.166,0.155,0.169,0.242,-10,-6,40.8,5.15,40.86,-3.31,13.6,1.44,12.9,-2.52,2.4,4.65,4.2,2.95,0.265,0.035,0.179,-0.053,0
2025-04-18,Haven,Team Heretics,Natus Vincere,109,10,212.36,201.44,208.54,190.52,77.84,75.72,75.38,73.44,6.8,3.2,4.3,1.0,0.311,0.326,0.293,0.313,88,3,211.28,195.133,199.0,195.133,74.36,73.533,72.4,73.533,-1.0,3.667,0.3,3.667,0.35,0.389,0.352,0.389,21,7,1.08,6.307,9.54,-4.613,3.48,2.187,2.98,-0.093,7.8,-0.467,4.0,-2.667,-0.039,-0.063,-0.059,-0.076,1
2025-04-18,Split,FURIA,MIBR,67,7,171.08,184.48,162.26,185.914,64.44,70.24,61.82,69.4,-1.0,-1.8,-3.6,-1.857,0.201,0.214,0.192,0.24,57,7,205.72,178.56,202.86,179.086,74.6,68.36,74.74,66.771,1.4,0.6,1.6,-2.714,0.38,0.224,0.337,0.233,10,0,-34.64,5.92,-40.6,6.829,-10.16,1.88,-12.92,2.629,-2.4,-2.4,-5.2,0.857,-0.179,-0.01,-0.145,0.007,0
2025-04-19,Lotus,Global Esports,Paper Rex,55,13,176.88,175.2,171.68,183.2,67.12,66.64,65.56,68.32,-6.2,0.0,-3.6,1.0,0.206,0.206,0.205,0.247,143,27,207.44,184.12,192.54,200.94,75.44,70.36,72.14,74.02,-0.2,-3.0,-0.2,0.3,0.331,0.255,0.272,0.327,-88,-14,-30.56,-8.92,-20.86,-17.74,-8.32,-3.72,-6.58,-5.7,-6.0,3.0,-3.4,0.7,-0.125,-0.049,-0.067,-0.08,0
2025-04-19,Haven,T1,TALON,119,16,203.08,215.6,209.14,203.14,69.92,75.92,72.44,72.02,-4.2,3.4,-1.3,1.4,0.266,0.366,0.326,0.312,75,8,194.72,188.8,196.12,192.05,72.28,67.0,71.74,67.075,-2.4,-2.0,-1.2,-3.125,0.263,0.281,0.266,0.286,44,8,8.36,26.8,13.02,11.09,-2.36,8.92,0.7,4.945,-1.8,5.4,-0.1,4.525,0.002,0.085,0.06,0.026,0
2025-04-19,Icebox,T1,TALON,120,6,198.44,208.24,204.76,208.967,68.72,71.12,70.98,71.333,-4.2,-1.8,-1.9,-2.167,0.27,0.274,0.312,0.284,76,7,203.84,181.96,200.22,192.143,74.68,65.72,73.74,67.686,-1.2,0.0,-0.4,1.0,0.289,0.299,0.279,0.296,44,-1,-5.4,26.28,4.54,16.824,-5.96,5.4,-2.76,3.648,-3.0,-1.8,-1.5,-3.167,-0.019,-0.024,0.034,-0.012,0
2025-04-19,Icebox,100 Thieves,"VISA KRÜ						
							(KRÜ Esports)",77,10,205.64,212.68,197.84,209.4,74.0,76.44,72.6,75.88,-1.8,-1.4,0.4,-0.2,0.317,0.332,0.269,0.357,10,2,195.24,211.0,197.78,211.0,70.8,75.8,71.76,75.8,1.6,4.0,1.7,4.0,0.232,0.303,0.251,0.303,67,8,10.4,1.68,0.06,-1.6,3.2,0.64,0.84,0.08,-3.4,-5.4,-1.3,-4.2,0.085,0.028,0.018,0.054,0
2025-04-19,Fracture,100 Thieves,"VISA KRÜ						
							(KRÜ Esports)",78,6,198.8,198.16,194.7,194.933,70.52,73.48,71.6,73.033,-2.4,2.4,-0.8,2.667,0.267,0.273,0.26,0.262,11,1,192.72,150.8,204.38,150.8,69.84,55.2,73.88,55.2,1.0,-4.0,2.5,-4.0,0.231,0.062,0.281,0.062,67,5,6.08,47.36,-9.68,44.133,0.68,18.28,-2.28,17.833,-3.4,6.4,-3.3,6.667,0.036,0.21,-0.021,0.199,0
2025-04-19,Pearl,Sentinels,2Game Esports,105,8,213.2,201.2,208.4,201.7,77.64,71.28,75.1,71.375,1.0,0.0,-0.6,-0.75,0.324,0.277,0.3,0.289,9,2,181.36,193.7,190.311,193.7,71.32,73.0,70.756,73.0,-2.8,0.5,-1.0,0.5,0.18,0.178,0.228,0.178,96,6,31.84,7.5,18.089,8.0,6.32,-1.72,4.344,-1.625,3.8,-0.5,0.4,-1.25,0.145,0.099,0.071,0.111,1
2025-04-19,Haven,Sentinels,2Game Esports,106,12,212.0,209.52,212.78,204.42,78.08,75.32,77.9,74.6,1.2,-1.8,0.6,-0.5,0.316,0.333,0.285,0.304,10,1,182.12,203.6,189.6,203.6,71.88,65.0,70.8,65.0,-2.2,4.0,-1.3,4.0,0.193,0.292,0.228,0.292,96,11,29.88,5.92,23.18,0.82,6.2,10.32,7.1,9.6,3.4,-5.8,1.9,-4.5,0.124,0.042,0.058,0.013,1
2025-04-19,Split,Paper Rex,Global Esports,144,18,208.6,218.44,198.78,202.72,75.08,78.0,72.8,72.28,0.6,1.8,0.4,-2.2,0.331,0.312,0.284,0.311,56,6,176.28,203.16,180.38,202.933,67.24,71.32,67.52,71.733,-4.6,0.4,-3.0,1.0,0.184,0.248,0.216,0.259,88,12,32.32,15.28,18.4,-0.213,7.84,6.68,5.28,0.547,5.2,1.4,3.4,-3.2,0.147,0.064,0.068,0.052,1
2025-04-20,Lotus,ZETA DIVISION,Nongshim RedForce,75,12,200.2,195.76,191.48,204.44,70.68,68.44,67.4,72.9,3.4,-1.8,1.9,0.3,0.272,0.254,0.245,0.281,10,1,201.48,173.0,187.74,173.0,69.8,59.2,68.7,59.2,2.2,3.0,0.4,3.0,0.241,0.19,0.243,0.19,65,11,-1.28,22.76,3.74,31.44,0.88,9.24,-1.3,13.7,1.2,-4.8,1.5,-2.7,0.031,0.064,0.002,0.09,0
2025-04-20,Pearl,Nongshim RedForce,ZETA DIVISION,11,2,203.36,175.6,194.34,175.6,70.68,72.2,70.8,72.2,2.0,0.0,1.1,0.0,0.226,0.239,0.258,0.239,76,2,191.4,179.8,190.2,179.8,69.24,71.3,66.96,71.3,2.4,0.0,2.5,0.0,0.274,0.169,0.265,0.169,-65,0,11.96,-4.2,4.14,-4.2,1.44,0.9,3.84,0.9,-0.4,0.0,-1.4,0.0,-0.048,0.07,-0.007,0.07,0
2025-04-20,Lotus,DRX,Gen.G,134,15,200.36,214.64,202.18,205.52,74.44,82.52,74.54,77.06,1.6,3.8,3.4,-0.7,0.283,0.425,0.33,0.356,124,22,215.04,207.0,208.48,212.36,81.72,77.88,74.5,78.68,4.4,2.2,1.6,2.8,0.44,0.317,0.354,0.318,10,-7,-14.68,7.64,-6.3,-6.84,-7.28,4.64,0.04,-1.62,-2.8,1.6,1.8,-3.5,-0.157,0.107,-0.024,0.038,0
2025-04-20,Split,Nongshim RedForce,ZETA DIVISION,12,3,208.4,205.467,195.28,205.467,73.04,72.733,70.64,72.733,1.4,3.0,1.0,3.0,0.247,0.306,0.254,0.306,77,9,200.4,179.24,189.48,192.111,72.72,65.88,66.86,69.556,3.4,2.0,1.7,1.333,0.274,0.25,0.255,0.279,-65,-6,8.0,26.227,5.8,13.356,0.32,6.853,3.78,3.178,-2.0,1.0,-0.7,1.667,-0.027,0.055,-0.001,0.026,1
2025-04-20,Lotus,Evil Geniuses,LOUD,107,20,194.32,203.44,194.76,198.44,68.64,73.84,69.36,69.82,-0.8,-0.6,-2.2,-0.2,0.228,0.265,0.22,0.27,109,14,191.16,191.44,187.36,193.3,69.16,70.0,67.94,70.8,1.6,2.2,-0.3,0.4,0.292,0.317,0.232,0.281,-2,6,3.16,12.0,7.4,5.14,-0.52,3.84,1.42,-0.98,-2.4,-2.8,-1.9,-0.6,-0.063,-0.052,-0.012,-0.011,0
2025-04-20,Pearl,Evil Geniuses,LOUD,108,13,194.0,205.64,199.02,206.54,68.2,72.68,70.62,71.94,-0.6,1.6,-1.7,1.1,0.235,0.26,0.231,0.311,110,9,196.04,201.2,193.78,205.889,69.44,72.48,68.84,74.133,2.0,-0.8,0.6,1.222,0.309,0.219,0.252,0.25,-2,4,-2.04,4.44,5.24,0.651,-1.24,0.2,1.78,-2.193,-2.6,2.4,-2.3,-0.122,-0.074,0.041,-0.02,0.061,1
2025-04-20,Split,LOUD,Evil Geniuses,111,17,193.92,183.2,196.2,197.22,68.04,66.8,70.04,72.04,-0.2,-4.2,0.5,-0.9,0.278,0.199,0.253,0.263,109,13,200.72,192.36,198.54,194.96,69.84,67.08,70.66,68.66,0.8,-0.4,-0.7,-1.0,0.229,0.243,0.241,0.245,2,4,-6.8,-9.16,-2.34,2.26,-1.8,-0.28,-0.62,3.38,-1.0,-3.8,1.2,0.1,0.05,-0.044,0.012,0.019,0
2025-04-20,Fracture,LEVIATÁN,NRG,115,2,208.52,211.2,186.98,211.2,77.68,77.3,70.02,77.3,0.8,-3.5,-0.8,-3.5,0.271,0.351,0.216,0.351,89,5,182.56,195.48,194.9,195.48,69.4,73.8,73.62,73.8,-1.8,-1.0,0.0,-1.0,0.139,0.295,0.211,0.295,26,-3,25.96,15.72,-7.92,15.72,8.28,3.5,-3.6,3.5,2.6,-2.5,-0.8,-2.5,0.131,0.056,0.004,0.056,0
2025-04-20,Icebox,NRG,LEVIATÁN,90,4,182.8,205.95,195.62,205.95,70.2,74.7,74.08,74.7,-1.8,-1.75,0.5,-1.75,0.143,0.275,0.227,0.275,116,22,197.88,190.64,189.22,206.76,74.64,69.0,70.9,74.1,-1.4,0.6,-1.1,3.0,0.312,0.322,0.252,0.315,-26,-18,-15.08,15.31,6.4,-0.81,-4.44,5.7,3.18,0.6,-0.4,-2.35,1.6,-4.75,-0.169,-0.048,-0.025,-0.04,1
2025-04-20,Ascent,DRX,Gen.G,135,19,192.48,201.64,201.64,194.94,70.16,74.8,74.1,73.56,1.2,1.2,3.5,0.3,0.232,0.303,0.294,0.284,125,22,218.76,208.76,213.18,203.36,81.08,75.76,75.8,74.48,3.8,1.6,1.2,1.3,0.447,0.316,0.371,0.288,10,-3,-26.28,-7.12,-11.54,-8.42,-10.92,-0.96,-1.7,-0.92,-2.6,-0.4,2.3,-1.0,-0.215,-0.013,-0.077,-0.004,1
2025-04-20,Split,Gen.G,DRX,126,14,204.6,189.6,210.56,187.98,78.0,68.56,76.8,69.16,2.0,-3.4,1.3,-1.0,0.377,0.333,0.37,0.329,136,15,186.96,191.52,201.16,191.2,67.52,70.44,74.32,70.14,0.0,1.2,2.8,0.1,0.243,0.271,0.304,0.279,-10,-1,17.64,-1.92,9.4,-3.22,10.48,-1.88,2.48,-0.98,2.0,-4.6,-1.5,-1.1,0.134,0.062,0.066,0.051,0
2025-04-21,Lotus,Team Secret,Rex Regum Qeon,80,15,184.36,193.96,190.12,190.96,65.56,70.4,66.1,68.1,-1.8,-1.4,-2.5,-1.9,0.15,0.198,0.189,0.218,65,10,217.28,193.44,207.72,197.9,74.64,69.36,74.72,72.24,3.0,-2.0,3.0,-0.4,0.355,0.319,0.326,0.288,15,5,-32.92,0.52,-17.6,-6.94,-9.08,1.04,-8.62,-4.14,-4.8,0.6,-5.5,-1.5,-0.205,-0.122,-0.137,-0.07,1
2025-04-21,Ascent,Team Secret,Rex Regum Qeon,81,9,196.48,216.56,187.78,214.2,69.12,79.88,65.9,77.822,-1.6,3.6,-3.1,2.778,0.192,0.296,0.199,0.331,66,12,209.72,215.76,204.98,202.54,71.4,77.88,73.5,72.74,2.8,1.8,2.6,-1.7,0.308,0.333,0.306,0.307,15,-3,-13.24,0.8,-17.2,11.66,-2.28,2.0,-7.6,5.082,-4.4,1.8,-5.7,4.478,-0.116,-0.036,-0.108,0.024,1
2025-04-21,Haven,Team Secret,Rex Regum Qeon,82,12,195.64,181.28,190.7,193.68,70.64,65.24,67.76,69.44,-2.0,-2.0,-2.7,-1.5,0.182,0.247,0.189,0.278,67,9,202.16,203.8,206.34,207.267,70.56,72.2,73.4,73.289,2.8,-0.6,2.3,-1.556,0.28,0.303,0.309,0.302,15,3,-6.52,-22.52,-15.64,-13.587,0.08,-6.96,-5.64,-3.849,-4.8,-1.4,-5.0,0.056,-0.098,-0.056,-0.12,-0.025,0
2025-04-21,Ascent,DetonatioN FocusMe,BOOM Esports,57,12,182.16,198.04,174.76,186.08,66.08,74.48,63.98,70.14,-4.0,2.2,-3.6,-0.3,0.19,0.32,0.198,0.29,10,3,207.72,217.133,213.62,217.133,75.6,78.0,76.16,78.0,2.8,4.0,2.4,4.0,0.244,0.238,0.283,0.238,47,9,-25.56,-19.093,-38.86,-31.053,-9.52,-3.52,-12.18,-7.86,-6.8,-1.8,-6.0,-4.3,-0.054,0.082,-0.085,0.051,0
2025-04-21,Fracture,DetonatioN FocusMe,BOOM Esports,58,5,185.56,193.4,175.94,193.4,65.04,72.12,64.0,72.12,-4.8,0.0,-4.0,0.0,0.205,0.193,0.205,0.193,11,1,208.68,213.0,212.3,213.0,76.4,78.0,76.94,78.0,3.8,6.0,3.2,6.0,0.263,0.273,0.296,0.273,47,4,-23.12,-19.6,-36.36,-19.6,-11.36,-5.88,-12.94,-5.88,-8.6,-6.0,-7.2,-6.0,-0.057,-0.08,-0.091,-0.08,0
2025-04-23,Ascent,FUT Esports,BBL Esports,97,10,185.72,200.04,200.82,197.32,65.72,71.32,73.1,72.2,-2.4,2.2,1.1,1.8,0.283,0.373,0.282,0.339,57,11,208.92,184.8,201.42,195.94,73.92,67.8,71.72,71.02,1.4,2.8,1.3,2.5,0.292,0.252,0.266,0.294,40,-1,-23.2,15.24,-0.6,1.38,-8.2,3.52,1.38,1.18,-3.8,-0.6,-0.2,-0.7,-0.009,0.12,0.016,0.045,0
2025-04-23,Icebox,FUT Esports,BBL Esports,98,8,189.76,212.8,199.06,201.725,65.36,73.48,70.7,71.3,-2.4,0.0,-0.2,0.625,0.283,0.286,0.264,0.268,58,7,219.48,199.2,208.14,197.486,76.44,70.88,73.46,69.057,2.8,1.2,1.3,-0.714,0.314,0.29,0.276,0.294,40,1,-29.72,13.6,-9.08,4.239,-11.08,2.6,-2.76,2.243,-5.2,-1.2,-1.5,1.339,-0.03,-0.004,-0.012,-0.026,0
2025-04-23,Lotus,Apeks,GIANTX,10,3,183.2,188.067,188.08,188.067,68.08,70.4,67.92,70.4,-0.6,-1.667,-1.6,-1.667,0.215,0.267,0.236,0.267,36,7,175.64,186.32,179.04,189.571,64.32,68.4,64.78,69.743,-3.4,-2.2,-4.3,-0.429,0.154,0.152,0.169,0.223,-26,-4,7.56,1.747,9.04,-1.505,3.76,2.0,3.14,0.657,2.8,0.533,2.7,-1.238,0.061,0.114,0.067,0.044,0
2025-04-23,Ascent,Apeks,GIANTX,11,2,179.0,205.3,181.46,205.3,66.96,74.5,66.22,74.5,0.4,2.0,-1.4,2.0,0.223,0.194,0.223,0.194,37,3,180.32,199.867,184.68,199.867,66.52,72.8,67.06,72.8,-4.2,-0.667,-3.6,-0.667,0.194,0.384,0.191,0.384,-26,-1,-1.32,5.433,-3.22,5.433,0.44,1.7,-0.84,1.7,4.6,2.667,2.2,2.667,0.029,-0.19,0.032,-0.19,0
2025-04-24,Ascent,Cloud9,Sentinels,83,14,204.48,191.6,205.98,195.32,73.8,72.96,76.6,73.02,-0.6,1.0,0.4,1.3,0.324,0.238,0.332,0.254,107,7,214.24,191.92,211.74,196.829,79.44,68.72,77.6,70.743,2.4,-0.4,1.1,-0.857,0.293,0.29,0.292,0.293,-24,7,-9.76,-0.32,-5.76,-1.509,-5.64,4.24,-1.0,2.277,-3.0,1.4,-0.7,2.157,0.031,-0.052,0.04,-0.039,0
2025-04-24,Pearl,Sentinels,Cloud9,108,9,221.68,209.56,212.52,203.533,81.48,75.64,77.9,72.8,3.6,0.8,1.3,-0.222,0.288,0.288,0.276,0.281,84,11,201.64,203.4,199.66,195.52,72.24,75.4,73.8,72.28,-0.2,0.4,-0.4,-0.7,0.282,0.371,0.318,0.307,24,-2,20.04,6.16,12.86,8.013,9.24,0.24,4.1,0.52,3.8,0.4,1.7,0.478,0.006,-0.084,-0.042,-0.025,1
2025-04-24,Split,Gentle Mates,"Movistar KOI						
							(KOI)",33,6,166.48,189.68,183.2,185.967,62.12,72.04,68.02,70.2,-3.4,0.4,-2.6,-0.167,0.172,0.23,0.238,0.227,20,3,171.0,197.533,180.2,197.533,66.48,75.2,68.58,75.2,-2.2,-1.333,-2.7,-1.333,0.186,0.279,0.22,0.279,13,3,-4.52,-7.853,3.0,-11.567,-4.36,-3.16,-0.56,-5.0,-1.2,1.733,0.1,1.167,-0.014,-0.049,0.018,-0.052,1
2025-04-24,Icebox,"Movistar KOI						
							(KOI)",Gentle Mates,21,6,184.56,196.2,180.12,191.633,69.12,73.52,69.02,71.5,-0.8,1.2,-1.7,1.0,0.236,0.264,0.23,0.251,34,6,170.36,199.76,184.78,196.2,63.96,72.28,68.24,70.033,-2.8,3.2,-1.7,3.167,0.22,0.335,0.269,0.306,-13,0,14.2,-3.56,-4.66,-4.567,5.16,1.24,0.78,1.467,2.0,-2.0,-0.0,-2.167,0.016,-0.071,-0.039,-0.054,1
2025-04-24,Fracture,"Movistar KOI						
							(KOI)",Gentle Mates,22,0,189.64,,178.4,,71.84,,68.2,,-0.4,,-1.7,,0.267,,0.215,,35,1,164.28,201.8,180.88,201.8,60.76,72.6,66.7,72.6,-3.8,-4.0,-2.4,-4.0,0.219,0.324,0.257,0.324,-13,-1,25.36,,-2.48,,11.08,,1.5,,3.4,,0.7,,0.049,,-0.041,,1
2025-04-24,Haven,Team Vitality,Natus Vincere,95,13,192.24,175.44,192.06,182.26,70.72,63.68,70.2,65.78,-2.0,-4.2,-1.8,-4.2,0.274,0.259,0.281,0.264,89,4,196.56,181.55,192.82,181.55,68.36,67.05,69.94,67.05,-2.4,0.75,-1.0,0.75,0.28,0.323,0.317,0.323,6,9,-4.32,-6.11,-0.76,0.71,2.36,-3.37,0.26,-1.27,0.4,-4.95,-0.8,-4.95,-0.006,-0.063,-0.036,-0.059,0
2025-04-24,Icebox,Natus Vincere,Team Vitality,90,2,205.04,183.2,199.8,183.2,72.16,68.8,72.8,68.8,1.6,-0.5,0.6,-0.5,0.279,0.293,0.311,0.293,96,11,194.36,201.6,194.16,197.88,69.92,69.0,70.98,68.4,-4.2,-1.6,-2.4,0.0,0.309,0.242,0.298,0.245,-6,-9,10.68,-18.4,5.64,-14.68,2.24,-0.2,1.82,0.4,5.8,1.1,3.0,-0.5,-0.03,0.051,0.013,0.047,1
2025-04-24,Split,MIBR,100 Thieves,58,8,209.92,186.4,203.82,182.625,75.04,69.4,75.24,67.7,2.0,1.6,1.8,-2.25,0.401,0.251,0.351,0.246,79,12,198.56,200.88,200.26,194.96,71.96,76.32,72.96,73.24,-1.8,-1.0,-0.5,0.0,0.286,0.308,0.283,0.308,-21,-4,11.36,-14.48,3.56,-12.335,3.08,-6.92,2.28,-5.54,3.8,2.6,2.3,-2.25,0.115,-0.058,0.068,-0.063,1
2025-04-24,Icebox,100 Thieves,MIBR,80,11,196.56,208.48,199.44,205.32,74.48,75.52,72.86,74.32,0.2,-1.8,-0.2,-0.4,0.324,0.331,0.307,0.341,59,11,203.4,195.8,202.78,187.42,74.48,69.4,74.56,67.62,0.6,1.0,0.9,-0.6,0.362,0.323,0.357,0.269,21,0,-6.84,12.68,-3.34,17.9,0.0,6.12,-1.7,6.7,-0.4,-2.8,-1.1,0.2,-0.038,0.007,-0.05,0.072,0
2025-04-25,Fracture,100 Thieves,NRG,81,7,187.52,193.0,195.02,195.486,72.12,72.32,71.72,73.514,-1.6,1.8,-1.3,2.429,0.272,0.267,0.283,0.268,91,6,194.8,190.52,198.06,194.967,73.52,72.76,75.22,73.767,0.0,0.0,1.4,-0.333,0.195,0.272,0.242,0.3,-10,1,-7.28,2.48,-3.04,0.519,-1.4,-0.44,-3.5,-0.252,-1.6,1.8,-2.7,2.762,0.077,-0.005,0.041,-0.032,1
2025-04-25,Haven,100 Thieves,NRG,82,9,188.0,197.4,196.82,202.489,73.28,71.68,73.64,74.089,-0.6,0.8,-1.2,2.222,0.254,0.267,0.286,0.291,92,11,190.68,199.96,192.96,197.92,73.92,75.24,74.7,73.82,-0.6,-0.6,0.3,0.2,0.208,0.348,0.227,0.31,-10,-2,-2.68,-2.56,3.86,4.569,-0.64,-3.56,-1.06,0.269,0.0,1.4,-1.5,2.022,0.047,-0.081,0.058,-0.019,1
2025-04-25,Fracture,Evil Geniuses,Cloud9,110,14,208.64,209.28,196.48,215.22,73.04,77.76,69.82,77.48,1.0,0.4,-0.3,1.5,0.292,0.349,0.253,0.324,85,6,192.36,200.56,197.46,203.367,69.92,70.64,73.82,71.133,-0.8,-2.2,-0.8,-1.167,0.251,0.309,0.307,0.296,25,8,16.28,8.72,-0.98,11.853,3.12,7.12,-4.0,6.347,1.8,2.6,0.5,2.667,0.041,0.039,-0.053,0.028,1
2025-04-25,Icebox,Cloud9,Evil Geniuses,86,7,193.64,200.96,197.54,199.743,70.72,68.84,73.06,70.486,-1.2,1.4,-0.4,1.714,0.265,0.299,0.296,0.277,111,4,206.24,165.6,197.38,165.6,71.76,60.75,70.3,60.75,0.0,-2.0,-0.6,-2.0,0.285,0.22,0.257,0.22,-25,3,-12.6,35.36,0.16,34.143,-1.04,8.09,2.76,9.736,-1.2,3.4,0.2,3.714,-0.02,0.079,0.039,0.057,0
2025-04-26,Icebox,Gen.G,TALON,127,10,195.96,205.64,208.56,199.9,74.28,75.12,77.28,71.22,-1.2,1.6,-0.4,0.3,0.332,0.319,0.363,0.278,77,8,205.28,185.6,201.46,195.7,73.52,65.48,74.44,68.95,1.2,1.2,0.5,2.0,0.276,0.246,0.278,0.298,50,2,-9.32,20.04,7.1,4.2,0.76,9.64,2.84,2.27,-2.4,0.4,-0.9,-1.7,0.056,0.073,0.085,-0.02,1
2025-04-26,Pearl,Gen.G,TALON,128,6,198.8,187.68,205.72,193.167,74.68,69.68,77.18,70.767,0.2,-2.0,0.2,-0.167,0.346,0.193,0.359,0.217,78,4,192.84,186.3,192.0,186.3,70.56,64.15,71.36,64.15,-0.8,-0.25,-0.9,-0.25,0.234,0.287,0.266,0.287,50,2,5.96,1.38,13.72,6.867,4.12,5.53,5.82,6.617,1.0,-1.75,1.1,0.083,0.112,-0.094,0.093,-0.07,1
2025-04-26,Lotus,T1,DRX,121,24,184.84,201.28,200.02,197.86,65.4,71.76,69.16,72.2,-5.8,-0.2,-3.4,-1.1,0.226,0.24,0.288,0.244,137,16,192.84,211.36,201.64,201.42,69.84,80.4,74.52,75.66,2.0,3.8,2.9,-0.1,0.229,0.349,0.286,0.328,-16,8,-8.0,-10.08,-1.62,-3.56,-4.44,-8.64,-5.36,-3.46,-7.8,-4.0,-6.3,-1.0,-0.003,-0.109,0.002,-0.083,0
2025-04-26,Fracture,DRX,T1,138,10,191.08,191.6,202.18,191.32,70.68,72.8,74.7,72.42,2.4,-3.2,3.2,-2.8,0.247,0.264,0.285,0.298,122,15,180.44,189.28,199.32,194.5,64.32,70.6,68.74,72.7,-5.6,2.0,-3.8,1.5,0.239,0.292,0.279,0.262,16,-5,10.64,2.32,2.86,-3.18,6.36,2.2,5.96,-0.28,8.0,-5.2,7.0,-4.3,0.008,-0.028,0.006,0.036,1
2025-04-26,Lotus,"VISA KRÜ						
							(KRÜ Esports)",MIBR,12,2,199.52,177.6,200.44,177.6,70.32,62.6,72.12,62.6,0.6,-0.5,1.9,-0.5,0.229,0.279,0.278,0.279,60,10,212.16,201.04,207.72,194.26,76.68,73.2,76.14,70.92,2.6,0.8,1.8,-0.4,0.314,0.275,0.346,0.276,-48,-8,-12.64,-23.44,-7.28,-16.66,-6.36,-10.6,-4.02,-8.32,-2.0,-1.3,0.1,-0.1,-0.086,0.004,-0.068,0.003,0
2025-04-26,Icebox,"VISA KRÜ						
							(KRÜ Esports)",MIBR,13,3,195.16,212.933,198.44,212.933,69.4,76.0,71.72,76.0,-0.2,4.0,1.7,4.0,0.213,0.323,0.28,0.323,61,12,212.16,211.84,208.64,197.06,75.76,73.88,75.54,71.04,2.0,2.4,1.3,0.5,0.259,0.337,0.345,0.286,-48,-9,-17.0,1.093,-10.2,15.873,-6.36,2.12,-3.82,4.96,-2.2,1.6,0.4,3.5,-0.046,-0.014,-0.065,0.037,0
2025-04-26,Split,Sentinels,G2 Esports,109,17,218.76,207.8,213.52,210.64,81.36,79.24,78.6,77.46,3.4,2.4,1.5,1.8,0.294,0.37,0.284,0.319,84,5,202.88,202.88,205.3,202.88,73.0,74.0,74.04,74.0,1.8,-0.6,0.9,-0.6,0.256,0.255,0.293,0.255,25,12,15.88,4.92,8.22,7.76,8.36,5.24,4.56,3.46,1.6,3.0,0.6,2.4,0.038,0.116,-0.01,0.065,0
2025-04-26,Icebox,Sentinels,G2 Esports,110,10,210.4,197.44,211.8,193.96,80.8,71.72,79.22,71.06,3.6,1.0,2.3,-1.1,0.255,0.313,0.29,0.304,85,13,208.16,206.96,208.42,205.28,75.64,70.36,75.68,70.0,-0.6,-0.6,1.1,-1.6,0.32,0.315,0.304,0.274,25,-3,2.24,-9.52,3.38,-11.32,5.16,1.36,3.54,1.06,4.2,1.6,1.2,0.5,-0.065,-0.002,-0.015,0.03,1
2025-04-26,Ascent,Sentinels,G2 Esports,111,8,208.16,203.36,210.08,200.8,77.64,73.84,77.86,72.25,2.8,0.2,2.0,-0.5,0.294,0.279,0.305,0.285,86,10,202.4,195.12,207.82,195.16,74.84,70.48,75.3,70.32,-0.6,1.0,1.1,0.4,0.29,0.307,0.302,0.306,25,-2,5.76,8.24,2.26,5.64,2.8,3.36,2.56,1.93,3.4,-0.8,0.9,-0.9,0.004,-0.028,0.003,-0.021,1
2025-04-26,Haven,Gen.G,TALON,129,16,202.08,209.64,208.56,203.86,75.36,73.88,78.54,73.32,-1.0,2.8,1.7,3.2,0.369,0.343,0.404,0.329,79,9,181.36,194.16,188.76,194.911,65.44,68.56,69.84,68.4,-1.0,-0.4,-1.1,-2.111,0.211,0.28,0.245,0.294,50,7,20.72,15.48,19.8,8.949,9.92,5.32,8.7,4.92,-0.0,3.2,2.8,5.311,0.158,0.064,0.16,0.036,0
2025-04-27,Fracture,DRX,Rex Regum Qeon,139,11,197.88,190.12,199.12,194.1,73.0,71.88,73.72,73.16,4.4,-1.8,3.0,-2.1,0.276,0.271,0.28,0.306,68,3,201.24,194.467,209.96,194.467,71.0,74.467,72.76,74.467,3.0,3.333,2.6,3.333,0.266,0.167,0.311,0.167,71,8,-3.36,-4.347,-10.84,-0.367,2.0,-2.587,0.96,-1.307,1.4,-5.133,0.4,-5.433,0.011,0.105,-0.031,0.14,1
2025-04-27,Icebox,DRX,Rex Regum Qeon,140,9,204.92,184.84,198.7,198.467,74.76,67.04,72.46,71.333,2.6,-0.6,1.9,0.667,0.324,0.238,0.278,0.308,69,7,197.4,211.36,208.38,209.429,70.24,72.4,72.14,71.629,3.4,1.8,2.8,0.857,0.23,0.308,0.304,0.3,71,2,7.52,-26.52,-9.68,-10.962,4.52,-5.36,0.32,-0.295,-0.8,-2.4,-0.9,-0.19,0.094,-0.069,-0.026,0.007,0
2025-04-27,Ascent,BOOM Esports,Gen.G,12,4,212.04,217.3,212.96,217.3,76.56,79.0,77.74,79.0,4.2,5.75,4.3,5.75,0.282,0.271,0.287,0.271,130,23,187.24,200.4,203.0,200.7,71.92,73.44,76.5,74.4,-2.0,0.2,0.9,0.9,0.315,0.289,0.381,0.283,-118,-19,24.8,16.9,9.96,16.6,4.64,5.56,1.24,4.6,6.2,5.55,3.4,4.85,-0.033,-0.018,-0.094,-0.013,0
2025-04-27,Pearl,100 Thieves,G2 Esports,83,4,191.28,192.45,195.04,192.45,75.4,73.3,72.96,73.3,0.2,1.75,-1.1,1.75,0.276,0.276,0.271,0.276,87,4,200.36,200.65,203.38,200.65,75.36,75.75,73.64,75.75,-1.0,3.0,0.1,3.0,0.254,0.255,0.28,0.255,-4,0,-9.08,-8.2,-8.34,-8.2,0.04,-2.45,-0.68,-2.45,1.2,-1.25,-1.2,-1.25,0.021,0.02,-0.009,0.02,0
2025-04-27,Split,BOOM Esports,Gen.G,13,0,204.64,,203.72,,74.08,,75.02,,2.2,,3.0,,0.255,,0.262,,131,15,193.84,184.16,199.22,184.98,72.52,67.64,75.26,68.48,0.2,-4.2,1.1,-2.6,0.363,0.317,0.37,0.322,-118,-15,10.8,,4.5,,1.56,,-0.24,,2.0,,1.9,,-0.108,,-0.108,,0
2025-04-27,Haven,100 Thieves,G2 Esports,84,10,190.0,202.2,194.28,201.98,73.44,72.8,72.7,74.28,-1.6,2.2,-1.7,2.0,0.275,0.322,0.281,0.295,88,9,208.2,196.88,204.74,193.178,78.44,70.52,74.94,70.356,1.2,-4.2,0.6,-3.222,0.284,0.291,0.276,0.291,-4,1,-18.2,5.32,-10.46,8.802,-5.0,2.28,-2.24,3.924,-2.8,6.4,-2.3,5.222,-0.009,0.03,0.005,0.004,0
2025-04-27,Lotus,DRX,Rex Regum Qeon,141,17,201.2,207.2,194.08,200.56,73.16,77.76,70.34,75.34,0.8,4.6,0.4,0.6,0.275,0.351,0.259,0.323,70,11,204.16,201.48,210.72,199.2,72.48,71.2,73.56,72.18,3.4,0.6,3.2,0.3,0.26,0.268,0.307,0.297,71,6,-2.96,5.72,-16.64,1.36,0.68,6.56,-3.22,3.16,-2.6,4.0,-2.8,0.3,0.015,0.082,-0.049,0.026,0
2025-04-27,Lotus,Evil Geniuses,"VISA KRÜ						
							(KRÜ Esports)",112,21,203.08,194.0,198.7,196.4,71.76,69.2,70.2,68.58,0.4,-2.4,-0.2,-1.0,0.292,0.257,0.26,0.259,14,3,194.2,184.6,194.54,184.6,71.08,66.2,71.04,66.2,0.8,0.0,1.6,0.0,0.223,0.266,0.268,0.266,98,18,8.88,9.4,4.16,11.8,0.68,3.0,-0.84,2.38,-0.4,-2.4,-1.8,-1.0,0.068,-0.009,-0.007,-0.007,1
2025-04-27,Icebox,"VISA KRÜ						
							(KRÜ Esports)",Evil Geniuses,15,4,194.76,198.1,195.0,198.1,73.72,72.9,72.26,72.9,0.4,3.0,1.0,3.0,0.234,0.27,0.233,0.27,113,5,206.6,175.04,200.3,175.04,73.28,63.0,70.74,63.0,1.6,-1.2,0.5,-1.2,0.311,0.234,0.273,0.234,-98,-1,-11.84,23.06,-5.3,23.06,0.44,9.9,1.52,9.9,-1.2,4.2,0.5,4.2,-0.077,0.037,-0.04,0.037,0
2025-04-27,Split,G2 Esports,100 Thieves,89,6,209.52,213.04,206.2,205.867,78.84,77.8,75.92,76.1,1.8,-0.4,1.8,-1.167,0.304,0.324,0.28,0.286,85,13,187.12,189.64,191.84,193.24,71.96,74.36,73.22,72.98,-4.0,0.2,-1.9,-0.1,0.229,0.311,0.277,0.311,4,-7,22.4,23.4,14.36,12.627,6.88,3.44,2.7,3.12,5.8,-0.6,3.7,-1.067,0.076,0.013,0.004,-0.025,0
2025-05-02,Lotus,Team Liquid,Karmine Corp,90,20,216.36,190.24,203.4,192.28,79.48,72.08,71.8,71.76,3.2,-1.2,2.3,-0.1,0.342,0.233,0.295,0.252,76,17,204.96,193.76,203.08,193.72,75.8,75.48,75.36,75.76,1.4,1.0,0.5,1.8,0.309,0.32,0.36,0.339,14,3,11.4,-3.52,0.32,-1.44,3.68,-3.4,-3.56,-4.0,1.8,-2.2,1.8,-1.9,0.033,-0.087,-0.065,-0.088,1
2025-05-02,Icebox,Team Liquid,Karmine Corp,91,8,211.2,190.84,203.16,196.275,79.6,67.28,72.24,69.575,4.0,-4.6,2.1,-2.375,0.333,0.258,0.295,0.275,77,11,201.2,195.32,197.12,199.68,75.08,73.44,74.52,72.82,-0.8,-1.0,-0.2,-2.1,0.227,0.342,0.309,0.311,14,-3,10.0,-4.48,6.04,-3.405,4.52,-6.16,-2.28,-3.245,4.8,-3.6,2.3,-0.275,0.106,-0.084,-0.014,-0.036,0
2025-05-02,Lotus,FNATIC,Team Heretics,127,33,202.72,187.8,200.54,199.12,73.44,71.32,72.58,73.24,1.2,-0.4,2.8,1.4,0.39,0.372,0.377,0.333,110,23,218.92,203.48,214.68,198.54,81.84,75.72,78.58,74.74,7.2,0.8,5.1,-0.5,0.348,0.352,0.314,0.295,17,10,-16.2,-15.68,-14.14,0.58,-8.4,-4.4,-6.0,-1.5,-6.0,-1.2,-2.3,1.9,0.042,0.021,0.064,0.038,0
2025-05-02,Pearl,Evil Geniuses,G2 Esports,114,14,207.44,196.64,204.08,208.36,73.2,70.12,71.52,73.14,1.2,0.8,1.0,1.2,0.332,0.239,0.28,0.3,90,5,205.04,204.0,206.6,204.0,74.76,76.2,75.2,76.2,2.6,4.0,1.0,4.0,0.277,0.258,0.299,0.258,24,9,2.4,-7.36,-2.52,4.36,-1.56,-6.08,-3.68,-3.06,-1.4,-3.2,-0.0,-2.8,0.055,-0.018,-0.019,0.042,0
2025-05-02,Split,Evil Geniuses,G2 Esports,115,14,207.28,193.96,207.96,193.18,71.2,67.56,72.12,68.68,1.6,-1.2,1.3,-0.4,0.323,0.251,0.308,0.246,91,7,210.12,214.88,206.26,204.8,76.24,77.0,75.54,74.686,2.2,-0.4,0.8,-1.0,0.252,0.344,0.271,0.289,24,7,-2.84,-20.92,1.7,-11.62,-5.04,-9.44,-3.42,-6.006,-0.6,-0.8,0.5,0.6,0.071,-0.093,0.036,-0.043,0
2025-05-02,Lotus,G2 Esports,Evil Geniuses,92,19,215.68,219.08,208.02,212.28,77.64,79.04,76.5,75.98,3.4,1.4,1.2,0.8,0.27,0.338,0.262,0.318,116,22,199.68,198.04,202.96,200.08,69.2,69.4,70.48,69.82,1.2,-0.6,0.6,-0.4,0.29,0.274,0.287,0.282,-24,-3,16.0,21.04,5.06,12.2,8.44,9.64,6.02,6.16,2.2,2.0,0.6,1.2,-0.019,0.065,-0.025,0.036,0
2025-05-02,Split,MIBR,Sentinels,62,9,210.56,192.52,208.14,183.578,76.52,71.28,75.56,68.022,1.2,1.4,1.3,-2.333,0.343,0.256,0.361,0.252,112,18,197.88,200.4,206.06,203.58,75.04,77.68,77.24,76.12,2.2,2.0,2.3,0.9,0.307,0.303,0.3,0.301,-50,-9,12.68,-7.88,2.08,-20.002,1.48,-6.4,-1.68,-8.098,-1.0,-0.6,-1.0,-3.233,0.036,-0.047,0.062,-0.049,0
2025-05-02,Haven,FNATIC,Team Heretics,128,19,201.16,214.04,198.4,212.66,69.0,78.72,70.92,76.2,0.6,4.6,2.5,3.4,0.365,0.396,0.37,0.389,111,11,211.56,215.16,216.42,197.56,78.6,80.24,78.78,75.88,5.8,3.6,5.6,2.3,0.342,0.359,0.324,0.329,17,8,-10.4,-1.12,-18.02,15.1,-9.6,-1.52,-7.86,0.32,-5.2,1.0,-3.1,1.1,0.023,0.038,0.046,0.06,0
2025-05-02,Lotus,Sentinels,MIBR,113,22,194.16,182.88,207.92,193.88,73.16,69.52,77.32,72.86,1.4,-0.6,2.5,-0.5,0.345,0.26,0.316,0.285,63,11,206.12,203.4,208.02,194.12,75.56,72.4,75.3,71.14,1.4,0.8,1.7,-0.5,0.326,0.285,0.364,0.271,50,11,-11.96,-20.52,-0.1,-0.24,-2.4,-2.88,2.02,1.72,-0.0,-1.4,0.8,-0.0,0.019,-0.025,-0.047,0.013,1
2025-05-03,Pearl,Nongshim RedForce,TALON,13,3,213.48,183.133,200.66,183.133,75.0,71.8,70.68,71.8,2.8,0.0,1.7,0.0,0.295,0.257,0.268,0.257,80,5,189.76,177.72,192.24,177.72,69.84,61.84,71.06,61.84,2.8,-1.0,0.2,-1.0,0.272,0.242,0.268,0.242,-67,-2,23.72,5.413,8.42,5.413,5.16,9.96,-0.38,9.96,-0.0,1.0,1.5,1.0,0.023,0.015,0.0,0.015,1
2025-05-03,Ascent,Nongshim RedForce,TALON,14,1,218.0,152.4,203.82,152.4,76.64,56.8,71.86,56.8,3.4,-8.0,2.3,-8.0,0.301,0.167,0.259,0.167,81,13,177.32,173.68,190.58,185.0,65.84,65.16,70.26,67.2,0.4,-3.4,-0.4,-0.5,0.252,0.191,0.27,0.234,-67,-12,40.68,-21.28,13.24,-32.6,10.8,-8.36,1.6,-10.4,3.0,-4.6,2.7,-7.5,0.05,-0.025,-0.011,-0.068,0
2025-05-03,Fracture,T1,Paper Rex,123,16,183.8,196.36,194.72,194.5,66.04,73.64,68.56,73.12,-5.6,3.8,-3.7,2.0,0.248,0.276,0.26,0.26,145,11,213.04,209.76,204.06,211.86,75.12,75.16,73.78,76.64,0.8,1.8,0.5,3.3,0.321,0.29,0.312,0.305,-22,5,-29.24,-13.4,-9.34,-17.36,-9.08,-1.52,-5.22,-3.52,-6.4,2.0,-4.2,-1.3,-0.074,-0.015,-0.052,-0.045,1
2025-05-03,Haven,Nongshim RedForce,TALON,15,1,203.76,209.0,202.62,209.0,73.08,73.4,71.44,73.4,2.2,0.0,2.2,0.0,0.27,0.389,0.255,0.389,82,10,173.2,198.48,189.24,196.66,64.64,70.4,69.08,69.54,-1.8,1.8,-0.3,-0.9,0.307,0.329,0.291,0.306,-67,-9,30.56,10.52,13.38,12.34,8.44,3.0,2.36,3.86,4.0,-1.8,2.5,0.9,-0.037,0.06,-0.036,0.083,0
2025-05-03,Ascent,G2 Esports,MIBR,93,11,214.48,192.32,211.34,193.76,75.88,70.28,77.16,70.02,2.2,1.4,1.7,-0.2,0.263,0.275,0.273,0.302,64,5,201.96,194.92,202.68,194.92,73.24,70.08,73.86,70.08,0.4,1.8,0.5,1.8,0.315,0.179,0.339,0.179,29,6,12.52,-2.6,8.66,-1.16,2.64,0.2,3.3,-0.06,1.8,-0.4,1.2,-2.0,-0.053,0.096,-0.065,0.123,1
2025-05-03,Haven,MIBR,G2 Esports,65,4,191.52,198.1,201.84,198.1,68.24,75.95,72.46,75.95,-3.2,3.25,-0.3,3.25,0.325,0.327,0.32,0.327,94,10,214.28,200.36,211.9,195.66,74.92,73.92,76.88,71.78,2.2,-1.2,2.0,-2.0,0.24,0.295,0.272,0.297,-29,-6,-22.76,-2.26,-10.06,2.44,-6.68,2.03,-4.42,4.17,-5.4,4.45,-2.3,5.25,0.086,0.031,0.048,0.03,1
2025-05-03,Lotus,G2 Esports,MIBR,95,20,211.04,218.6,208.04,215.42,75.8,77.64,75.28,76.24,2.4,1.2,2.5,1.6,0.248,0.317,0.262,0.319,66,12,189.2,206.88,200.68,189.9,68.04,74.2,71.9,69.04,-3.2,0.0,-0.6,-1.7,0.329,0.297,0.294,0.263,29,8,21.84,11.72,7.36,25.52,7.76,3.44,3.38,7.2,5.6,1.2,3.1,3.3,-0.081,0.02,-0.032,0.056,1
2025-05-03,Lotus,T1,Paper Rex,124,25,190.8,191.04,196.94,199.54,69.12,67.28,69.52,72.48,-3.8,-2.2,-4.0,-1.9,0.244,0.235,0.255,0.267,146,28,204.92,186.64,197.68,198.42,73.2,70.92,72.26,73.38,0.4,-2.2,-0.8,0.5,0.255,0.255,0.276,0.304,-22,-3,-14.12,4.4,-0.74,1.12,-4.08,-3.64,-2.74,-0.9,-4.2,0.0,-3.2,-2.4,-0.011,-0.02,-0.021,-0.037,0
2025-05-03,Ascent,Paper Rex,T1,147,20,215.76,198.48,204.7,196.1,76.64,71.92,74.6,71.88,3.0,-1.6,0.1,-1.0,0.294,0.335,0.294,0.293,125,10,185.88,201.96,192.16,204.94,66.64,76.48,67.68,74.02,-4.8,3.2,-4.5,1.8,0.221,0.364,0.246,0.302,22,10,29.88,-3.48,12.54,-8.84,10.0,-4.56,6.92,-2.14,7.8,-4.8,4.6,-2.8,0.073,-0.029,0.048,-0.009,1
2025-05-03,Split,MIBR,G2 Esports,67,10,191.32,191.32,200.94,183.74,67.6,71.48,72.06,68.16,-1.6,0.6,-0.2,-1.9,0.282,0.27,0.313,0.252,96,8,211.36,215.64,210.74,208.125,75.28,77.44,75.76,75.6,1.2,0.0,1.7,-0.625,0.28,0.338,0.266,0.291,-29,2,-20.04,-24.32,-9.8,-24.385,-7.68,-5.96,-3.7,-7.44,-2.8,0.6,-1.9,-1.275,0.003,-0.068,0.047,-0.039,0
2025-05-04,Lotus,Paper Rex,BOOM Esports,148,29,217.48,204.12,212.46,204.12,76.76,76.08,76.1,75.88,2.4,2.2,1.1,2.0,0.284,0.288,0.308,0.317,14,1,196.68,249.0,198.96,249.0,73.24,87.2,73.62,87.2,1.2,4.0,1.7,4.0,0.238,0.357,0.255,0.357,134,28,20.8,-44.88,13.5,-44.88,3.52,-11.12,2.48,-11.32,1.2,-1.8,-0.6,-2.0,0.047,-0.069,0.052,-0.041,1
2025-05-04,Fracture,Paper Rex,BOOM Esports,149,12,223.76,197.76,216.18,206.2,79.32,72.16,77.2,74.6,4.2,0.6,2.4,2.4,0.263,0.241,0.297,0.28,15,2,186.0,212.0,196.86,212.0,67.36,78.0,71.48,78.0,-1.8,4.5,0.5,4.5,0.225,0.279,0.234,0.279,134,10,37.76,-14.24,19.32,-5.8,11.96,-5.84,5.72,-3.4,6.0,-3.9,1.9,-2.1,0.038,-0.038,0.063,0.001,1
2025-05-04,Pearl,G2 Esports,Sentinels,97,6,206.84,206.96,211.26,205.533,75.04,77.16,76.34,76.4,2.2,2.8,2.8,3.0,0.307,0.236,0.289,0.235,114,10,194.0,210.32,206.38,203.68,72.52,77.92,76.94,73.44,2.8,1.0,3.1,-0.1,0.352,0.314,0.323,0.29,-17,-4,12.84,-3.36,4.88,1.853,2.52,-0.76,-0.6,2.96,-0.6,1.8,-0.3,3.1,-0.045,-0.079,-0.035,-0.054,0
2025-05-04,Ascent,G2 Esports,Sentinels,98,12,204.84,208.72,209.66,193.34,75.48,76.12,75.68,70.2,2.4,3.4,2.3,0.6,0.305,0.299,0.284,0.283,115,9,200.84,196.68,205.62,199.2,71.72,73.0,76.26,72.289,1.4,0.0,2.5,0.0,0.382,0.278,0.319,0.299,-17,3,4.0,12.04,4.04,-5.86,3.76,3.12,-0.58,-2.089,1.0,3.4,-0.2,0.6,-0.077,0.021,-0.035,-0.017,1
2025-05-04,Icebox,DRX,TALON,142,10,197.28,176.4,195.06,195.84,70.28,66.0,70.06,70.58,-0.6,-2.6,0.7,-0.1,0.301,0.21,0.265,0.289,83,9,181.48,183.44,187.16,191.133,67.2,66.44,68.88,67.956,1.2,-1.6,0.2,1.0,0.329,0.253,0.281,0.289,59,1,15.8,-7.04,7.9,4.707,3.08,-0.44,1.18,2.624,-1.8,-1.0,0.5,-1.1,-0.028,-0.043,-0.016,0.0,1
2025-05-04,Fracture,DRX,TALON,143,12,200.48,196.28,195.78,194.94,70.84,72.68,70.76,73.4,-1.6,-1.8,0.4,-1.8,0.33,0.305,0.289,0.297,84,6,186.48,216.0,183.92,208.4,68.48,77.64,66.96,74.933,2.2,1.6,0.6,1.0,0.351,0.322,0.281,0.289,59,6,14.0,-19.72,11.86,-13.46,2.36,-4.96,3.8,-1.533,-3.8,-3.4,-0.2,-2.8,-0.021,-0.018,0.008,0.007,1
2025-05-04,Split,Sentinels,G2 Esports,116,19,198.68,204.16,203.42,204.9,71.8,76.84,74.72,76.78,2.4,1.4,2.6,0.9,0.36,0.3,0.327,0.326,99,9,204.12,213.64,209.2,208.2,75.88,77.8,75.4,76.178,-0.4,0.6,0.9,0.222,0.327,0.355,0.283,0.307,17,10,-5.44,-9.48,-5.78,-3.3,-4.08,-0.96,-0.68,0.602,2.8,0.8,1.7,0.678,0.033,-0.055,0.044,0.019,0
2025-05-04,Haven,Sentinels,G2 Esports,117,13,197.08,212.32,197.48,207.66,71.48,75.88,73.26,75.08,2.4,-0.2,2.3,-0.4,0.322,0.356,0.314,0.301,100,11,203.52,196.92,207.28,191.6,75.92,72.4,75.86,70.64,-1.4,0.2,0.5,-2.1,0.312,0.31,0.28,0.297,17,2,-6.44,15.4,-9.8,16.06,-4.44,3.48,-2.6,4.44,3.8,-0.4,1.8,1.7,0.01,0.046,0.035,0.004,0
2025-05-08,Lotus,Natus Vincere,BBL Esports,91,17,197.88,185.08,199.4,187.7,72.04,68.44,73.14,70.36,2.2,-3.2,1.5,-0.9,0.284,0.247,0.319,0.287,59,7,222.2,185.76,211.02,185.886,76.92,68.6,74.02,68.371,4.2,0.8,1.5,-0.429,0.288,0.28,0.276,0.257,32,10,-24.32,-0.68,-11.62,1.814,-4.88,-0.16,-0.88,1.989,-2.0,-4.0,-0.0,-0.471,-0.003,-0.033,0.043,0.03,0
2025-05-08,Fracture,BBL Esports,Natus Vincere,60,3,218.48,193.467,210.02,193.467,76.76,67.333,73.88,67.333,3.0,-0.667,1.6,-0.667,0.306,0.258,0.289,0.258,92,8,182.52,190.84,199.44,194.45,67.72,70.6,72.78,72.4,-1.2,0.4,0.8,1.5,0.247,0.308,0.316,0.318,-32,-5,35.96,2.627,10.58,-0.983,9.04,-3.267,1.1,-5.067,4.2,-1.067,0.8,-2.167,0.059,-0.05,-0.028,-0.06,1
2025-05-08,Split,FUT Esports,FNATIC,99,16,201.12,197.92,196.7,194.84,67.52,72.68,68.92,70.22,-1.2,-0.2,-1.0,-1.7,0.336,0.376,0.274,0.326,129,16,197.0,207.52,197.0,204.44,69.96,74.52,71.6,74.0,-1.0,3.2,1.5,2.4,0.316,0.316,0.347,0.309,-30,0,4.12,-9.6,-0.3,-9.6,-2.44,-1.84,-2.68,-3.78,-0.2,-3.4,-2.5,-4.1,0.02,0.06,-0.073,0.017,0
2025-05-08,Lotus,FUT Esports,FNATIC,100,22,197.64,203.92,194.08,204.76,66.68,73.08,68.04,72.84,-1.0,1.0,-1.0,0.7,0.339,0.261,0.285,0.284,130,34,195.36,198.68,197.7,197.66,70.64,70.8,72.38,71.74,-0.2,0.6,1.6,0.5,0.286,0.4,0.343,0.318,-30,-12,2.28,5.24,-3.62,7.1,-3.96,2.28,-4.34,1.1,-0.8,0.4,-2.6,0.2,0.053,-0.139,-0.058,-0.034,0
2025-05-09,Lotus,Rex Regum Qeon,Gen.G,71,12,205.6,206.72,207.66,202.24,73.36,72.72,72.38,73.72,2.2,-0.2,2.5,0.3,0.294,0.273,0.301,0.311,132,23,203.44,209.84,199.7,209.22,74.6,77.32,74.44,77.12,3.4,0.4,1.1,1.4,0.359,0.357,0.345,0.328,-61,-11,2.16,-3.12,7.96,-6.98,-1.24,-4.6,-2.06,-3.4,-1.2,-0.6,1.4,-1.1,-0.065,-0.084,-0.044,-0.017,0
2025-05-09,Icebox,Gen.G,Rex Regum Qeon,133,11,202.6,208.56,200.7,202.52,74.16,76.8,74.42,73.06,2.0,4.6,1.1,0.5,0.363,0.326,0.354,0.29,72,8,198.84,213.0,200.5,212.525,71.8,72.32,71.18,72.775,3.0,3.2,2.9,1.625,0.294,0.312,0.287,0.314,61,3,3.76,-4.44,0.2,-10.005,2.36,4.48,3.24,0.285,-1.0,1.4,-1.8,-1.125,0.069,0.013,0.067,-0.024,1
2025-05-09,Ascent,Karmine Corp,Natus Vincere,78,9,192.6,190.08,199.72,181.422,71.56,70.92,75.0,67.444,-2.6,-1.6,-0.8,-1.556,0.202,0.206,0.311,0.2,93,15,185.36,188.36,198.32,193.86,70.48,70.24,72.42,70.1,1.6,3.0,0.3,0.3,0.251,0.206,0.301,0.235,-15,-6,7.24,1.72,1.4,-12.438,1.08,0.68,2.58,-2.656,-4.2,-4.6,-1.1,-1.856,-0.05,-0.0,0.011,-0.035,0
2025-05-09,Split,Team Vitality,FUT Esports,97,10,191.28,180.16,191.02,187.46,69.88,66.56,70.08,69.12,-3.4,-1.2,-2.9,0.9,0.344,0.291,0.29,0.317,101,17,191.68,189.08,189.3,194.96,65.2,69.28,65.92,70.68,0.0,-0.4,-0.9,-1.2,0.279,0.333,0.272,0.338,-4,-7,-0.4,-8.92,1.72,-7.5,4.68,-2.72,4.16,-1.56,-3.4,-0.8,-2.0,2.1,0.065,-0.042,0.019,-0.021,0
2025-05-09,Fracture,FUT Esports,Team Vitality,102,3,187.92,207.933,186.82,207.933,64.36,77.067,65.04,77.067,1.0,-3.667,-0.7,-3.667,0.317,0.277,0.3,0.277,98,4,190.16,182.05,184.76,182.05,69.56,63.75,67.5,63.75,-5.2,-1.75,-4.9,-1.75,0.304,0.302,0.267,0.302,4,-1,-2.24,25.883,2.06,25.883,-5.2,13.317,-2.46,13.317,6.2,-1.917,4.2,-1.917,0.013,-0.024,0.033,-0.024,1
2025-05-09,Split,Karmine Corp,Natus Vincere,79,8,187.6,181.4,199.94,175.05,71.0,70.96,75.6,68.025,-4.6,-0.4,-1.1,0.125,0.198,0.228,0.312,0.172,94,17,195.84,207.76,196.2,206.92,75.12,75.2,71.74,76.0,4.4,3.8,1.0,2.2,0.284,0.361,0.282,0.319,-15,-9,-8.24,-26.36,3.74,-31.87,-4.12,-4.24,3.86,-7.975,-9.0,-4.2,-2.1,-2.075,-0.086,-0.133,0.029,-0.147,0
2025-05-09,Icebox,Karmine Corp,Natus Vincere,80,12,189.8,200.36,200.52,202.52,71.28,74.0,75.56,72.88,-4.6,-2.2,-0.9,-2.9,0.207,0.397,0.294,0.321,95,3,191.24,184.6,198.14,184.6,72.48,72.0,72.32,72.0,1.6,1.333,1.6,1.333,0.315,0.32,0.297,0.32,-15,9,-1.44,15.76,2.38,17.92,-1.2,2.0,3.24,0.88,-6.2,-3.533,-2.5,-4.233,-0.108,0.077,-0.003,0.001,1
2025-05-09,Lotus,DRX,Paper Rex,144,18,198.4,202.72,198.14,202.12,70.36,73.32,71.68,75.28,-0.8,4.6,1.8,1.7,0.315,0.32,0.296,0.342,150,30,222.88,222.88,217.96,208.0,79.64,79.96,77.38,76.72,4.4,5.2,2.6,1.9,0.244,0.291,0.283,0.288,-6,-12,-24.48,-20.16,-19.82,-5.88,-9.28,-6.64,-5.7,-1.44,-5.2,-0.6,-0.8,-0.2,0.071,0.029,0.013,0.053,0
2025-05-09,Icebox,Paper Rex,DRX,151,13,231.24,196.92,218.08,209.0,81.52,69.8,77.36,75.38,4.4,-5.0,2.4,-0.3,0.298,0.29,0.277,0.361,145,11,194.52,191.08,199.72,192.18,69.92,71.24,72.34,68.76,0.4,-1.0,1.5,-0.5,0.298,0.262,0.311,0.29,6,2,36.72,5.84,18.36,16.82,11.6,-1.44,5.02,6.62,4.0,-4.0,0.9,0.2,-0.0,0.028,-0.034,0.071,1
2025-05-10,Ascent,Rex Regum Qeon,Paper Rex,73,13,193.56,212.28,197.4,201.8,72.08,77.52,71.54,73.04,2.0,0.2,2.5,-1.4,0.278,0.286,0.272,0.295,152,21,220.72,211.84,218.24,204.16,76.72,76.08,76.68,74.66,1.6,0.0,2.3,0.0,0.275,0.336,0.285,0.313,-79,-8,-27.16,0.44,-20.84,-2.36,-4.64,1.44,-5.14,-1.62,0.4,0.2,0.2,-1.4,0.002,-0.05,-0.013,-0.018,1
2025-05-10,Icebox,Rex Regum Qeon,Paper Rex,74,9,194.44,209.6,195.92,208.533,72.88,73.96,71.56,72.533,1.4,3.2,2.4,1.556,0.32,0.325,0.275,0.306,153,14,209.8,206.76,213.64,205.86,72.84,71.36,74.8,73.84,0.4,-4.4,1.4,-0.4,0.247,0.314,0.266,0.344,-79,-5,-15.36,2.84,-17.72,2.673,0.04,2.6,-3.24,-1.307,1.0,7.6,1.0,1.956,0.073,0.011,0.009,-0.038,0
2025-05-10,Pearl,Rex Regum Qeon,Paper Rex,75,6,177.32,183.96,190.74,193.733,66.48,67.24,69.48,69.7,-2.0,2.6,0.7,3.167,0.275,0.235,0.268,0.237,154,15,209.72,202.48,216.74,202.2,74.56,73.04,76.94,73.54,1.0,-1.0,2.6,0.0,0.289,0.357,0.276,0.354,-79,-9,-32.4,-18.52,-26.0,-8.467,-8.08,-5.8,-7.46,-3.84,-3.0,3.6,-1.9,3.167,-0.013,-0.122,-0.008,-0.117,1
2025-05-10,Split,Team Liquid,FNATIC,92,16,204.72,211.96,201.26,193.36,78.52,75.0,72.18,72.5,4.8,2.6,2.7,0.3,0.324,0.305,0.304,0.265,131,17,195.28,207.92,200.5,204.36,70.64,75.32,72.66,74.42,-1.2,2.6,0.0,1.9,0.248,0.304,0.35,0.304,-39,-1,9.44,4.04,0.76,-11.0,7.88,-0.32,-0.48,-1.92,6.0,0.0,2.7,-1.6,0.076,0.001,-0.047,-0.039,0
2025-05-10,Ascent,Team Heretics,BBL Esports,112,4,209.84,171.65,214.76,171.65,78.4,62.65,79.16,62.65,5.2,-4.0,5.9,-4.0,0.368,0.162,0.341,0.162,61,12,209.32,191.2,211.88,198.1,74.56,67.92,74.54,71.54,1.4,2.2,1.9,2.8,0.313,0.247,0.307,0.28,51,-8,0.52,-19.55,2.88,-26.45,3.84,-5.27,4.62,-8.89,3.8,-6.2,4.0,-6.8,0.055,-0.085,0.034,-0.118,1
2025-05-10,Fracture,Rex Regum Qeon,Paper Rex,76,4,178.64,196.0,192.12,196.0,66.64,74.55,70.0,74.55,-1.6,3.5,0.3,3.5,0.268,0.177,0.281,0.177,155,13,201.4,204.76,212.14,206.72,74.0,74.16,76.82,74.78,0.8,1.6,2.6,1.4,0.31,0.259,0.277,0.26,-79,-9,-22.76,-8.76,-20.02,-10.72,-7.36,0.39,-6.82,-0.23,-2.4,1.9,-2.3,2.1,-0.043,-0.082,0.004,-0.083,0
2025-05-10,Fracture,FNATIC,Team Liquid,132,5,197.4,199.6,200.06,199.6,72.72,73.68,73.08,73.68,-1.6,4.8,-0.2,4.8,0.283,0.328,0.337,0.328,93,8,190.24,194.72,201.2,199.975,75.68,68.16,73.5,70.0,3.0,0.6,2.9,-0.5,0.282,0.242,0.299,0.277,39,-3,7.16,4.88,-1.14,-0.375,-2.96,5.52,-0.42,3.68,-4.6,4.2,-3.1,5.3,0.001,0.086,0.038,0.051,1
2025-05-10,Icebox,FNATIC,Team Liquid,133,10,198.96,201.8,200.06,211.22,76.4,73.64,72.7,77.16,-1.4,-1.2,-0.4,0.2,0.285,0.287,0.325,0.322,94,9,183.0,176.36,198.62,193.8,72.76,63.36,73.36,69.311,2.6,-2.0,2.5,-1.444,0.303,0.242,0.317,0.28,39,1,15.96,25.44,1.44,17.42,3.64,10.28,-0.66,7.849,-4.0,0.8,-2.9,1.644,-0.019,0.045,0.007,0.042,0
2025-05-10,Icebox,BBL Esports,Team Heretics,62,8,210.16,196.76,209.54,201.575,73.96,68.4,73.94,70.2,0.4,1.4,0.9,-0.375,0.304,0.255,0.298,0.294,113,16,209.72,212.12,212.72,206.04,79.08,77.32,78.84,74.56,6.6,5.4,5.9,3.0,0.377,0.351,0.339,0.347,-51,-8,0.44,-15.36,-3.18,-4.465,-5.12,-8.92,-4.9,-4.36,-6.2,-4.0,-5.0,-3.375,-0.073,-0.096,-0.041,-0.053,0
2025-05-10,Split,Rex Regum Qeon,Paper Rex,77,11,176.56,210.24,187.7,195.76,66.64,77.8,69.22,72.72,-4.2,3.6,-0.6,0.9,0.25,0.294,0.272,0.261,156,19,205.88,221.64,218.56,204.66,77.48,77.48,79.5,72.48,3.8,1.4,4.1,-1.3,0.323,0.309,0.311,0.305,-79,-8,-29.32,-11.4,-30.86,-8.9,-10.84,0.32,-10.28,0.24,-8.0,2.2,-4.7,2.2,-0.074,-0.015,-0.039,-0.045,1
2025-05-11,Icebox,Gen.G,Rex Regum Qeon,134,12,200.96,212.52,201.52,205.68,73.6,76.84,74.48,74.08,1.0,4.0,0.0,0.7,0.336,0.353,0.353,0.309,78,10,179.84,192.2,186.7,202.54,66.24,66.52,69.16,70.16,-4.0,0.4,-1.0,0.4,0.256,0.298,0.267,0.294,56,2,21.12,20.32,14.82,3.14,7.36,10.32,5.32,3.92,5.0,3.6,1.0,0.3,0.08,0.055,0.086,0.015,0
2025-05-11,Haven,Rex Regum Qeon,Gen.G,79,10,181.24,199.76,187.84,206.84,66.88,70.44,69.88,72.88,-4.2,-1.4,-1.4,-0.8,0.239,0.317,0.279,0.304,135,17,208.84,201.24,198.04,201.86,75.6,72.16,73.76,73.22,3.0,1.6,0.5,1.9,0.338,0.354,0.327,0.324,-56,-7,-27.6,-1.48,-10.2,4.98,-8.72,-1.72,-3.88,-0.34,-7.2,-3.0,-1.9,-2.7,-0.1,-0.037,-0.047,-0.02,0
2025-05-11,Ascent,Gen.G,Rex Regum Qeon,136,24,208.64,195.72,201.24,200.88,75.52,73.2,74.02,75.4,1.0,1.8,0.6,1.6,0.321,0.3,0.342,0.295,80,14,187.56,211.04,182.44,201.0,70.44,78.32,68.46,73.34,-2.0,1.4,-2.0,-0.9,0.249,0.301,0.262,0.309,56,10,21.08,-15.32,18.8,-0.12,5.08,-5.12,5.56,2.06,3.0,0.4,2.6,2.5,0.072,-0.001,0.08,-0.015,0
2025-05-11,Lotus,Gen.G,Rex Regum Qeon,137,24,200.48,212.4,201.96,209.76,71.92,78.4,73.26,77.54,-2.0,-0.8,0.7,1.0,0.313,0.385,0.336,0.331,81,13,188.0,196.56,183.32,193.66,69.88,70.08,68.26,70.66,-0.4,1.4,-1.0,-0.2,0.253,0.287,0.26,0.293,56,11,12.48,15.84,18.64,16.1,2.04,8.32,5.0,6.88,-1.6,-2.2,1.7,1.2,0.06,0.098,0.076,0.038,0
2025-05-11,Icebox,Natus Vincere,Team Liquid,96,4,192.48,186.85,195.18,186.85,70.64,71.3,71.34,71.3,0.2,0.5,1.2,0.5,0.302,0.317,0.293,0.317,95,10,193.32,179.72,204.84,196.42,72.52,64.04,76.0,69.72,4.0,-0.8,3.6,-0.7,0.324,0.239,0.333,0.285,1,-6,-0.84,7.13,-9.66,-9.57,-1.88,7.26,-4.66,1.58,-3.8,1.3,-2.4,1.2,-0.023,0.078,-0.04,0.032,1
2025-05-11,Split,Team Liquid,Natus Vincere,96,17,187.88,206.52,199.54,193.1,71.16,74.96,75.38,72.66,2.6,2.8,3.3,0.5,0.309,0.298,0.321,0.268,97,18,195.52,206.96,189.02,207.16,72.76,75.4,70.24,74.52,0.6,2.8,-0.3,2.0,0.314,0.384,0.28,0.329,-1,-1,-7.64,-0.44,10.52,-14.06,-1.6,-0.44,5.14,-1.86,2.0,0.0,3.6,-1.5,-0.005,-0.086,0.041,-0.061,1
2025-05-11,Ascent,FUT Esports,BBL Esports,103,11,187.52,197.4,188.64,199.32,67.08,69.28,66.22,71.78,1.0,0.6,-0.7,1.9,0.331,0.352,0.307,0.336,63,13,210.2,192.04,214.84,196.88,73.04,69.32,74.74,70.9,-0.8,0.4,1.0,2.0,0.324,0.245,0.319,0.263,40,-2,-22.68,5.36,-26.2,2.44,-5.96,-0.04,-8.52,0.88,1.8,0.2,-1.7,-0.1,0.007,0.107,-0.012,0.073,0
2025-05-11,Split,FUT Esports,BBL Esports,104,18,187.68,196.72,194.4,195.2,68.52,71.4,68.02,70.38,1.6,0.8,0.2,-0.7,0.299,0.407,0.318,0.357,64,5,204.44,188.76,213.32,188.76,72.72,69.48,74.82,69.48,-1.4,-2.2,1.4,-2.2,0.353,0.299,0.32,0.299,40,13,-16.76,7.96,-18.92,6.44,-4.2,1.92,-6.8,0.9,3.0,3.0,-1.2,1.5,-0.053,0.107,-0.003,0.058,0
2025-05-11,Ascent,Team Liquid,Natus Vincere,97,14,198.56,198.64,201.64,204.48,74.16,71.2,76.34,74.24,2.0,-1.4,3.4,0.0,0.304,0.249,0.314,0.308,98,16,193.8,187.24,189.58,195.1,72.16,69.52,71.32,70.82,-0.2,2.8,0.7,0.2,0.297,0.188,0.274,0.245,-1,-2,4.76,11.4,12.06,9.38,2.0,1.68,5.02,3.42,2.2,-4.2,2.7,-0.2,0.007,0.061,0.04,0.063,1
2025-05-16,Fracture,Team Liquid,BBL Esports,98,9,208.84,189.44,199.54,199.156,75.52,65.68,75.6,69.844,4.0,-1.4,3.5,-0.444,0.327,0.239,0.305,0.289,65,4,208.52,196.3,213.5,196.3,74.32,68.4,75.54,68.4,-0.8,-0.75,1.1,-0.75,0.373,0.302,0.34,0.302,33,5,0.32,-6.86,-13.96,2.856,1.2,-2.72,0.06,1.444,4.8,-0.65,2.4,0.306,-0.046,-0.064,-0.035,-0.014,1
2025-05-16,Split,BBL Esports,Team Liquid,66,6,202.36,200.76,205.84,195.267,73.12,72.48,73.84,71.667,0.2,1.0,0.8,-0.667,0.334,0.326,0.323,0.327,99,18,211.28,209.0,197.14,200.84,77.4,77.4,75.08,74.88,3.2,3.4,2.9,0.8,0.317,0.304,0.31,0.275,-33,-12,-8.92,-8.24,8.7,-5.573,-4.28,-4.92,-1.24,-3.213,-3.0,-2.4,-2.1,-1.467,0.017,0.022,0.013,0.052,1
2025-05-16,Haven,Team Liquid,BBL Esports,100,11,203.64,173.2,198.48,182.16,75.72,60.76,74.12,65.8,2.8,-0.4,3.4,0.0,0.27,0.187,0.297,0.233,67,7,204.84,214.56,207.5,210.4,72.4,77.76,73.18,75.943,0.4,4.0,0.4,3.571,0.362,0.35,0.333,0.321,33,4,-1.2,-41.36,-9.02,-28.24,3.32,-17.0,0.94,-10.143,2.4,-4.4,3.0,-3.571,-0.091,-0.163,-0.035,-0.089,1
2025-05-16,Icebox,Team Heretics,FNATIC,114,17,210.52,208.44,211.44,207.74,78.84,76.12,78.34,74.8,4.8,5.2,5.8,3.3,0.354,0.353,0.333,0.348,134,11,205.4,199.96,201.2,207.9,77.12,73.08,73.54,76.1,-1.4,-2.4,-1.2,-0.8,0.323,0.291,0.32,0.31,-20,6,5.12,8.48,10.24,-0.16,1.72,3.04,4.8,-1.3,6.2,7.6,7.0,4.1,0.031,0.062,0.013,0.038,0
2025-05-16,Fracture,FNATIC,Team Heretics,135,6,207.92,202.36,201.64,200.233,76.56,75.2,73.6,74.467,-1.4,4.0,-0.8,4.0,0.333,0.315,0.31,0.318,115,3,197.96,186.2,208.44,186.2,73.4,67.267,77.62,67.267,2.6,-1.667,4.9,-1.667,0.295,0.238,0.322,0.238,20,3,9.96,16.16,-6.8,14.033,3.16,7.933,-4.02,7.2,-4.0,5.667,-5.7,5.667,0.038,0.077,-0.012,0.08,1
2025-05-17,Ascent,Team Heretics,Team Liquid,116,5,194.0,177.6,202.78,177.6,71.0,65.24,74.8,65.24,1.8,-2.2,3.8,-2.2,0.284,0.199,0.313,0.199,101,15,207.24,206.44,197.56,205.92,75.24,74.92,73.2,74.58,2.8,0.4,2.7,0.3,0.254,0.282,0.281,0.313,15,-10,-13.24,-28.84,5.22,-28.32,-4.24,-9.68,1.6,-9.34,-1.0,-2.6,1.1,-2.5,0.03,-0.083,0.031,-0.113,1
2025-05-17,Haven,Team Liquid,Team Heretics,102,12,197.32,179.84,197.94,187.7,71.36,63.48,72.76,67.3,1.6,0.2,1.8,0.7,0.247,0.202,0.276,0.238,117,12,198.32,221.44,204.08,199.6,70.92,82.84,74.66,76.72,1.2,4.6,3.2,2.4,0.253,0.383,0.311,0.358,-15,0,-1.0,-41.6,-6.14,-11.9,0.44,-19.36,-1.9,-9.42,0.4,-4.4,-1.4,-1.7,-0.006,-0.181,-0.035,-0.12,0
2025-05-17,Icebox,Team Liquid,Team Heretics,103,11,185.32,177.0,197.08,192.7,66.36,65.44,70.94,69.4,-0.6,0.8,1.7,-1.3,0.206,0.241,0.266,0.273,118,18,203.64,204.04,206.68,207.76,72.04,75.44,75.56,74.96,0.6,3.4,3.6,3.0,0.234,0.3,0.305,0.325,-15,-7,-18.32,-27.04,-9.6,-15.06,-5.68,-10.0,-4.62,-5.56,-1.2,-2.6,-1.9,-4.3,-0.028,-0.059,-0.039,-0.052,0
2025-05-18,Fracture,FNATIC,Team Heretics,136,7,210.0,206.8,202.64,204.257,78.44,75.88,74.54,76.0,0.2,3.4,-0.5,3.857,0.312,0.287,0.28,0.318,119,4,213.08,185.15,211.8,185.15,75.8,65.95,77.32,65.95,0.4,-2.0,2.6,-2.0,0.233,0.218,0.294,0.218,17,3,-3.08,21.65,-9.16,19.107,2.64,9.93,-2.78,10.05,-0.2,5.4,-3.1,5.857,0.079,0.069,-0.014,0.1,1
2025-05-18,Icebox,FNATIC,Team Heretics,137,12,210.48,198.32,203.94,206.46,77.8,73.16,75.26,74.74,0.4,-2.2,-0.6,-1.5,0.326,0.316,0.304,0.305,120,19,214.0,213.36,205.98,213.16,76.96,77.8,75.18,76.92,0.6,3.6,1.6,3.2,0.251,0.283,0.273,0.309,17,-7,-3.52,-15.04,-2.04,-6.7,0.84,-4.64,0.08,-2.18,-0.2,-5.8,-2.2,-4.7,0.075,0.033,0.031,-0.003,1
2025-05-18,Split,FNATIC,Team Heretics,138,18,212.92,202.8,205.94,200.86,77.72,74.52,77.06,73.9,2.4,2.0,0.5,1.5,0.345,0.327,0.315,0.307,121,11,214.76,201.68,204.38,195.14,78.04,71.0,74.52,69.66,-0.8,0.4,0.5,0.5,0.274,0.289,0.279,0.289,17,7,-1.84,1.12,1.56,5.72,-0.32,3.52,2.54,4.24,3.2,1.6,0.0,1.0,0.071,0.038,0.036,0.018,1
2025-06-07,Sunset,"Guangzhou Huadu Bilibili Gaming						
							(Bilibili Gaming)",Team Liquid,0,0,,,,,,,,,,,,,,,,,104,2,175.76,193.3,193.52,193.3,60.36,71.4,68.88,71.4,-0.4,1.0,1.4,1.0,0.166,0.233,0.241,0.233,-104,-2,,,,,,,,,,,,,,,,,1
2025-06-07,Icebox,Team Heretics,Paper Rex,122,20,199.44,206.16,198.88,209.36,72.0,75.52,71.46,75.66,-2.0,0.6,-0.4,1.9,0.239,0.264,0.246,0.299,157,15,208.2,214.6,214.46,209.08,78.76,75.36,77.74,75.74,4.0,-1.8,2.8,-0.2,0.336,0.328,0.305,0.344,-35,5,-8.76,-8.44,-15.58,0.28,-6.76,0.16,-6.28,-0.08,-6.0,2.4,-3.2,2.1,-0.096,-0.064,-0.059,-0.045,0
2025-06-07,Icebox,Team Liquid,"Guangzhou Huadu Bilibili Gaming						
							(Bilibili Gaming)",105,12,173.24,180.88,188.44,188.36,60.24,64.4,67.98,67.54,-2.2,1.6,0.3,-1.3,0.18,0.268,0.225,0.272,1,0,198.6,,198.6,,77.4,,77.4,,5.0,,5.0,,0.391,,0.391,,104,12,-25.36,,-10.16,,-17.16,,-9.42,,-7.2,,-4.7,,-0.211,,-0.166,,0
2025-06-07,Haven,"Guangzhou Huadu Bilibili Gaming						
							(Bilibili Gaming)",Team Liquid,2,0,203.5,,203.5,,75.8,,75.8,,4.0,,4.0,,0.37,,0.37,,106,13,168.88,180.36,188.06,183.34,59.24,61.96,67.24,64.9,-3.2,0.2,-0.2,0.2,0.199,0.181,0.227,0.213,-104,-13,34.62,,15.44,,16.56,,8.56,,7.2,,4.2,,0.17,,0.143,,0
2025-06-07,Pearl,Paper Rex,Team Heretics,158,16,211.96,194.24,210.88,199.72,81.16,71.96,77.0,72.86,5.4,-2.0,2.9,-0.3,0.339,0.355,0.293,0.36,123,5,189.32,173.0,196.48,173.0,67.76,66.48,69.9,66.48,-3.6,1.8,-1.5,1.8,0.253,0.271,0.243,0.271,35,11,22.64,21.24,14.4,26.72,13.4,5.48,7.1,6.38,9.0,-3.8,4.4,-2.1,0.086,0.084,0.05,0.089,1
2025-06-08,Split,Wolves Esports,Sentinels,0,0,,,,,,,,,,,,,,,,,118,20,195.6,200.64,194.88,203.98,69.72,76.04,71.44,77.42,1.2,2.2,1.3,2.3,0.284,0.269,0.314,0.332,-118,-20,,,,,,,,,,,,,,,,,0
2025-06-08,Lotus,Wolves Esports,Sentinels,1,0,192.4,,192.4,,68.2,,68.2,,2.0,,2.0,,0.292,,0.292,,119,23,194.76,181.36,194.38,193.34,69.36,68.76,70.94,73.46,-0.8,0.8,1.0,0.7,0.287,0.245,0.32,0.287,-118,-23,-2.36,,-1.98,,-1.16,,-2.74,,2.8,,1.0,,0.004,,-0.028,,0
2025-06-08,Sunset,MIBR,Gen.G,68,4,188.56,191.7,197.34,191.7,65.92,65.0,70.74,65.0,-3.4,-2.0,-1.0,-2.0,0.267,0.203,0.297,0.203,138,7,196.08,194.64,199.34,201.857,70.2,68.84,72.18,71.086,-1.8,-2.6,0.1,0.286,0.29,0.207,0.327,0.263,-70,-3,-7.52,-2.94,-2.0,-10.157,-4.28,-3.84,-1.44,-6.086,-1.6,0.6,-1.1,-2.286,-0.023,-0.004,-0.03,-0.06,0
2025-06-08,Haven,Gen.G,MIBR,139,18,200.52,200.04,200.74,199.68,71.64,71.0,72.62,72.02,-0.4,1.6,0.3,0.7,0.271,0.344,0.304,0.326,69,5,185.12,198.04,193.54,198.04,64.36,75.2,68.8,75.2,-3.0,2.4,-1.3,2.4,0.25,0.322,0.283,0.322,70,13,15.4,2.0,7.2,1.64,7.28,-4.2,3.82,-3.18,2.6,-0.8,1.6,-1.7,0.021,0.022,0.021,0.004,1
2025-06-09,Icebox,Sentinels,"Guangzhou Huadu Bilibili Gaming						
							(Bilibili Gaming)",120,11,195.72,203.4,198.28,197.04,70.76,71.88,71.24,72.14,-1.6,0.8,-0.1,-0.6,0.311,0.349,0.347,0.339,3,1,204.6,208.4,204.6,208.4,74.933,74.2,74.933,74.2,1.333,3.0,1.333,3.0,0.335,0.348,0.335,0.348,117,10,-8.88,-5.0,-6.32,-11.36,-4.173,-2.32,-3.693,-2.06,-2.933,-2.2,-1.433,-3.6,-0.024,0.001,0.011,-0.008,0
2025-06-09,Sunset,Sentinels,"Guangzhou Huadu Bilibili Gaming						
							(Bilibili Gaming)",121,8,190.96,204.52,194.82,205.125,69.76,71.8,70.78,71.95,-2.2,-1.6,0.1,-1.5,0.314,0.267,0.337,0.28,4,1,206.65,198.6,206.65,198.6,75.75,77.4,75.75,77.4,0.5,5.0,0.5,5.0,0.331,0.391,0.331,0.391,117,7,-15.69,5.92,-11.83,6.525,-5.99,-5.6,-4.97,-5.45,-2.7,-6.6,-0.4,-6.5,-0.017,-0.125,0.006,-0.111,1
2025-06-09,Lotus,"Guangzhou Huadu Bilibili Gaming						
							(Bilibili Gaming)",Sentinels,5,0,198.44,,198.44,,71.04,,71.04,,0.4,,0.4,,0.298,,0.298,,122,24,198.92,196.72,198.0,194.8,70.68,72.76,71.08,73.44,-3.0,-0.2,-0.3,0.4,0.358,0.296,0.34,0.311,-117,-24,-0.48,,0.44,,0.36,,-0.04,,3.4,,0.7,,-0.059,,-0.042,,0
2025-06-09,Ascent,Paper Rex,Gen.G,159,22,210.16,202.64,209.94,201.22,80.68,72.08,77.62,72.42,4.2,-1.0,2.6,-0.9,0.335,0.291,0.312,0.284,140,25,213.0,193.76,210.92,200.88,76.12,70.92,75.86,74.24,1.2,-0.4,2.1,0.6,0.338,0.289,0.338,0.295,19,-3,-2.84,8.88,-0.98,0.34,4.56,1.16,1.76,-1.82,3.0,-0.6,0.5,-1.5,-0.003,0.002,-0.026,-0.011,0
2025-06-09,Icebox,Gen.G,Paper Rex,141,13,216.4,202.56,212.52,205.82,76.56,73.52,76.04,74.12,1.4,2.8,1.2,1.0,0.313,0.309,0.317,0.31,160,16,214.12,216.76,207.76,208.48,80.76,77.48,77.38,75.24,4.2,0.8,2.5,-0.3,0.341,0.326,0.326,0.326,-19,-3,2.28,-14.2,4.76,-2.66,-4.2,-3.96,-1.34,-1.12,-2.8,2.0,-1.3,1.3,-0.028,-0.017,-0.009,-0.016,1
2025-06-10,Icebox,Team Liquid,MIBR,107,13,174.0,181.28,185.66,186.06,60.96,65.6,66.16,66.44,-1.8,1.6,-0.1,-1.5,0.214,0.276,0.231,0.267,70,13,169.04,216.48,180.28,200.36,62.88,78.0,65.56,72.06,-2.8,2.8,-3.0,0.4,0.208,0.418,0.266,0.31,37,0,4.96,-35.2,5.38,-14.3,-1.92,-12.4,0.6,-5.62,1.0,-1.2,2.9,-1.9,0.006,-0.142,-0.036,-0.043,1
2025-06-10,Sunset,Team Liquid,MIBR,108,3,180.04,185.267,182.68,185.267,64.48,69.067,65.42,69.067,0.0,-1.0,-0.3,-1.0,0.252,0.214,0.229,0.214,71,5,165.36,184.0,177.28,184.0,62.36,62.24,65.2,62.24,-4.0,-2.8,-3.6,-2.8,0.189,0.196,0.259,0.196,37,-2,14.68,1.267,5.4,1.267,2.12,6.827,0.22,6.827,4.0,1.8,3.3,1.8,0.063,0.018,-0.03,0.018,1
2025-06-10,Pearl,Team Heretics,Wolves Esports,124,6,165.08,169.36,189.08,165.6,59.68,65.44,67.74,63.967,-5.0,1.6,-2.3,0.833,0.214,0.262,0.223,0.238,2,0,179.4,,179.4,,66.9,,66.9,,4.5,,4.5,,0.241,,0.241,,122,6,-14.32,,9.68,,-7.22,,0.84,,-9.5,,-6.8,,-0.027,,-0.018,,0
2025-06-10,Lotus,Team Heretics,Wolves Esports,125,24,164.36,200.28,189.18,199.1,58.48,73.24,67.72,75.2,-4.0,-0.2,-1.7,0.3,0.229,0.295,0.24,0.307,3,1,181.2,166.4,181.2,166.4,65.867,65.6,65.867,65.6,2.0,7.0,2.0,7.0,0.262,0.19,0.262,0.19,122,23,-16.84,33.88,7.98,32.7,-7.387,7.64,1.853,9.6,-6.0,-7.2,-3.7,-6.7,-0.034,0.105,-0.023,0.117,0
2025-06-11,Lotus,Team Liquid,Paper Rex,109,21,190.56,195.8,183.16,192.12,70.68,74.84,65.52,71.68,1.8,1.6,0.7,0.1,0.285,0.275,0.225,0.254,161,31,198.72,227.64,202.3,204.24,72.68,80.92,75.08,75.16,0.4,4.4,2.1,0.8,0.299,0.315,0.311,0.288,-52,-10,-8.16,-31.84,-19.14,-12.12,-2.0,-6.08,-9.56,-3.48,1.4,-2.8,-1.4,-0.7,-0.013,-0.04,-0.086,-0.035,0
2025-06-11,Sunset,Team Liquid,Paper Rex,110,4,195.04,191.35,184.14,191.35,71.96,71.55,66.1,71.55,2.8,0.75,0.3,0.75,0.305,0.235,0.242,0.235,162,16,199.88,210.04,204.04,213.3,73.8,75.68,76.28,77.48,0.8,-0.6,2.4,1.2,0.283,0.347,0.309,0.372,-52,-12,-4.84,-18.69,-19.9,-21.95,-1.84,-4.13,-10.18,-5.93,2.0,1.35,-2.1,-0.45,0.021,-0.111,-0.067,-0.137,0
2025-06-11,Split,Team Liquid,Paper Rex,111,19,191.84,203.52,180.36,201.58,71.24,75.24,65.24,74.26,2.2,2.0,-0.5,1.7,0.277,0.251,0.238,0.261,163,20,198.4,225.84,205.18,204.98,73.92,77.96,77.54,72.08,0.8,2.4,3.1,-1.5,0.338,0.34,0.338,0.295,-52,-1,-6.56,-22.32,-24.82,-3.4,-2.68,-2.72,-12.3,2.18,1.4,-0.4,-3.6,3.2,-0.061,-0.089,-0.1,-0.034,1
2025-06-11,Ascent,"Guangzhou Huadu Bilibili Gaming						
							(Bilibili Gaming)",Wolves Esports,6,0,192.12,,193.2,,69.36,,70.7,,-1.4,,-0.333,,0.274,,0.294,,4,0,186.4,,186.4,,66.95,,66.95,,1.5,,1.5,,0.288,,0.288,,2,0,5.72,,6.8,,2.41,,3.75,,-2.9,,-1.833,,-0.013,,0.006,,0
2025-06-11,Split,"Guangzhou Huadu Bilibili Gaming						
							(Bilibili Gaming)",Wolves Esports,7,0,185.04,,190.314,,67.44,,69.829,,-3.6,,-1.429,,0.238,,0.276,,5,1,194.12,192.4,194.12,192.4,69.08,68.2,69.08,68.2,2.8,2.0,2.8,2.0,0.297,0.292,0.297,0.292,2,-1,-9.08,,-3.806,,-1.64,,0.749,,-6.4,,-4.229,,-0.059,,-0.021,,0
2025-06-13,Lotus,G2 Esports,Paper Rex,101,21,200.76,217.52,206.06,214.5,75.16,76.84,75.22,76.26,1.8,-0.8,1.5,0.2,0.318,0.319,0.299,0.321,164,32,189.96,223.76,200.06,203.94,69.32,79.84,75.0,75.1,-2.0,2.8,1.1,-0.1,0.345,0.288,0.34,0.272,-63,-11,10.8,-6.24,6.0,10.56,5.84,-3.0,0.22,1.16,3.8,-3.6,0.4,0.3,-0.027,0.03,-0.041,0.049,0
2025-06-13,Split,G2 Esports,Paper Rex,102,10,197.84,207.72,202.34,205.3,72.84,77.28,73.94,75.64,0.4,0.2,1.3,-0.2,0.29,0.352,0.298,0.303,165,21,189.92,217.12,202.02,209.76,69.16,74.8,74.96,73.08,-2.0,-1.6,1.1,-2.0,0.328,0.352,0.335,0.321,-63,-11,7.92,-9.4,0.32,-4.46,3.68,2.48,-1.02,2.56,2.4,1.8,0.2,1.8,-0.039,0.0,-0.037,-0.018,0
2025-06-13,Lotus,Xi Lai Gaming,Sentinels,0,0,,,,,,,,,,,,,,,,,123,25,195.52,192.44,195.56,191.42,74.16,74.36,71.94,73.64,-0.6,-0.6,0.3,0.2,0.394,0.298,0.339,0.308,-123,-25,,,,,,,,,,,,,,,,,0
2025-06-13,Sunset,Sentinels,Xi Lai Gaming,124,9,201.88,206.28,198.32,206.578,76.8,72.6,73.08,72.356,0.0,-1.4,-0.4,-1.333,0.384,0.321,0.336,0.299,1,0,168.4,,168.4,,66.0,,66.0,,-1.0,,-1.0,,0.105,,0.105,,123,9,33.48,,29.92,,10.8,,7.08,,1.0,,0.6,,0.279,,0.23,,1
2025-06-14,Split,FNATIC,Gen.G,139,19,216.92,204.36,211.16,205.32,79.44,76.08,78.28,75.86,4.2,2.2,1.4,1.7,0.354,0.319,0.339,0.33,142,16,222.92,191.4,211.7,188.02,80.24,70.88,76.08,69.68,4.2,-1.0,1.1,-2.1,0.35,0.322,0.332,0.306,-3,3,-6.0,12.96,-0.54,17.3,-0.8,5.2,2.2,6.18,0.0,3.2,0.3,3.8,0.003,-0.003,0.007,0.024,1
2025-06-14,Sunset,Gen.G,FNATIC,143,8,222.52,202.92,209.3,206.3,80.04,72.2,75.12,72.6,3.2,-1.0,0.7,1.0,0.357,0.238,0.324,0.272,140,6,213.8,205.68,210.86,203.3,78.8,69.92,77.68,69.933,4.4,-0.6,1.5,-1.833,0.356,0.339,0.345,0.316,3,2,8.72,-2.76,-1.56,3.0,1.24,2.28,-2.56,2.667,-1.2,-0.4,-0.8,2.833,0.001,-0.101,-0.021,-0.044,1
2025-06-14,Ascent,Rex Regum Qeon,Wolves Esports,82,15,205.68,208.72,191.12,204.54,73.96,76.6,70.3,74.18,2.0,3.0,-1.1,0.5,0.263,0.309,0.256,0.318,6,1,195.32,225.0,194.833,225.0,71.6,77.6,71.033,77.6,2.6,8.0,2.5,8.0,0.325,0.333,0.32,0.333,76,14,10.36,-16.28,-3.713,-20.46,2.36,-1.0,-0.733,-3.42,-0.6,-5.0,-3.6,-7.5,-0.062,-0.024,-0.063,-0.015,0
2025-06-14,Icebox,Rex Regum Qeon,Wolves Esports,83,11,205.48,195.8,192.66,202.46,75.44,69.84,70.84,71.12,1.2,0.6,-1.4,0.1,0.267,0.312,0.262,0.306,7,0,201.92,,195.486,,73.68,,71.743,,1.6,,2.429,,0.329,,0.304,,76,11,3.56,,-2.826,,1.76,,-0.903,,-0.4,,-3.829,,-0.062,,-0.042,,0
2025-06-14,Haven,FNATIC,Gen.G,141,20,201.52,204.72,205.76,211.96,74.12,77.56,76.28,77.22,4.4,3.2,2.3,3.2,0.335,0.331,0.324,0.375,144,19,214.68,210.08,207.6,203.56,77.76,76.12,74.7,73.48,1.4,1.6,0.5,1.6,0.375,0.369,0.323,0.341,-3,1,-13.16,-5.36,-1.84,8.4,-3.64,1.44,1.58,3.74,3.0,1.6,1.8,1.6,-0.04,-0.038,0.0,0.034,0
2025-06-15,Icebox,G2 Esports,Xi Lai Gaming,103,14,198.04,202.32,201.44,201.4,74.4,69.72,74.94,69.62,-0.4,0.4,1.0,-1.2,0.281,0.308,0.293,0.268,2,0,170.8,,170.8,,63.4,,63.4,,-1.0,,-1.0,,0.132,,0.132,,101,14,27.24,,30.64,,11.0,,11.54,,0.6,,2.0,,0.149,,0.161,,1
2025-06-15,Haven,G2 Esports,Xi Lai Gaming,104,12,202.96,199.2,203.54,192.34,75.56,72.56,75.72,70.68,2.2,3.0,0.9,-0.7,0.286,0.307,0.307,0.302,3,0,161.8,,161.8,,57.267,,57.267,,-3.333,,-3.333,,0.129,,0.129,,101,12,41.16,,41.74,,18.293,,18.453,,5.533,,4.233,,0.157,,0.177,,1
2025-06-15,Lotus,FNATIC,Rex Regum Qeon,142,35,199.96,206.16,205.22,198.84,73.04,72.88,75.42,71.76,3.6,-0.2,2.0,-0.4,0.318,0.442,0.322,0.328,84,14,200.44,200.68,190.84,194.94,73.28,72.6,70.08,69.78,0.2,0.6,-2.0,-1.0,0.229,0.247,0.234,0.278,58,21,-0.48,5.48,14.38,3.9,-0.24,0.28,5.34,1.98,3.4,-0.8,4.0,0.6,0.089,0.194,0.088,0.05,1
2025-06-15,Haven,Rex Regum Qeon,FNATIC,85,11,194.44,187.96,191.0,204.26,70.64,65.92,70.54,72.32,-0.8,-2.6,-1.4,0.0,0.193,0.285,0.221,0.302,143,21,202.72,200.48,207.82,209.22,74.72,74.28,76.22,76.06,2.4,2.0,2.4,2.9,0.312,0.343,0.328,0.37,-58,-10,-8.28,-12.52,-16.82,-4.96,-4.08,-8.36,-5.68,-3.74,-3.2,-4.6,-3.8,-2.9,-0.119,-0.058,-0.108,-0.068,1
2025-06-15,Ascent,Rex Regum Qeon,FNATIC,86,16,190.56,202.48,189.28,208.8,70.2,75.16,70.04,75.68,-2.2,1.0,-1.3,1.0,0.219,0.301,0.236,0.327,144,11,192.04,195.68,204.48,200.24,70.24,70.08,74.84,72.72,1.6,-2.0,2.9,-0.5,0.285,0.239,0.319,0.279,-58,5,-1.48,6.8,-15.2,8.56,-0.04,5.08,-4.8,2.96,-3.8,3.0,-4.2,1.5,-0.066,0.062,-0.083,0.047,0
2025-06-16,Sunset,Paper Rex,Sentinels,166,17,201.96,210.4,200.34,210.86,74.68,75.56,73.68,77.08,-0.6,-0.8,-0.1,1.4,0.36,0.394,0.329,0.386,125,10,207.44,208.12,201.58,208.84,78.32,73.76,74.54,73.4,1.6,-1.6,0.0,-1.1,0.382,0.341,0.347,0.306,41,7,-5.48,2.28,-1.24,2.02,-3.64,1.8,-0.86,3.68,-2.2,0.8,-0.1,2.5,-0.021,0.054,-0.017,0.08,1
2025-06-16,Sunset,Wolves Esports,Gen.G,8,0,205.56,,196.425,,74.8,,71.45,,3.2,,2.75,,0.344,,0.313,,145,9,204.08,202.48,208.54,205.4,74.2,71.68,75.16,72.511,0.2,-1.2,0.7,0.556,0.333,0.276,0.336,0.288,-137,-9,1.48,,-12.115,,0.6,,-3.71,,3.0,,2.05,,0.011,,-0.022,,1
2025-06-16,Split,Paper Rex,Sentinels,167,22,198.76,214.72,199.32,210.62,73.32,74.48,73.56,73.6,-1.4,-2.4,-0.3,-1.6,0.381,0.355,0.332,0.325,126,21,212.0,191.0,201.48,201.54,79.08,73.16,74.42,76.48,2.0,1.4,-0.1,1.9,0.368,0.295,0.341,0.339,41,1,-13.24,23.72,-2.16,9.08,-5.76,1.32,-0.86,-2.88,-3.4,-3.8,-0.2,-3.5,0.013,0.059,-0.009,-0.014,1
2025-06-16,Split,Wolves Esports,Gen.G,9,2,203.88,195.4,196.111,195.4,74.4,74.5,71.089,74.5,4.4,1.5,3.111,1.5,0.344,0.363,0.319,0.363,146,17,198.76,195.72,207.58,188.28,73.44,72.52,75.0,70.32,-1.0,-0.8,0.2,-2.3,0.328,0.327,0.32,0.319,-137,-15,5.12,-0.32,-11.469,7.12,0.96,1.98,-3.911,4.18,5.4,2.3,2.911,3.8,0.016,0.036,-0.001,0.044,1
2025-06-17,Lotus,Gen.G,G2 Esports,147,25,189.36,213.8,206.14,212.82,71.76,78.04,76.0,78.34,-1.8,0.2,1.2,1.1,0.29,0.403,0.32,0.336,105,22,209.84,214.36,206.68,212.82,77.4,75.92,76.66,75.74,2.0,-0.6,0.3,0.5,0.308,0.308,0.31,0.316,42,3,-20.48,-0.56,-0.54,0.0,-5.64,2.12,-0.66,2.6,-3.8,0.8,0.9,0.6,-0.017,0.095,0.011,0.019,0
2025-06-17,Haven,Gen.G,G2 Esports,148,20,184.92,199.92,203.72,203.64,69.32,74.2,74.68,73.58,-1.4,1.8,0.9,1.3,0.259,0.345,0.308,0.327,106,13,213.88,198.6,207.32,195.36,80.2,73.76,77.68,71.5,0.8,2.0,1.3,-1.6,0.314,0.304,0.316,0.298,42,7,-28.96,1.32,-3.6,8.28,-10.88,0.44,-3.0,2.08,-2.2,-0.2,-0.4,2.9,-0.055,0.042,-0.008,0.029,1
2025-06-17,Icebox,Gen.G,G2 Esports,149,14,184.8,202.0,199.74,207.66,69.96,73.4,73.86,75.48,0.4,2.2,0.9,2.4,0.225,0.333,0.3,0.329,107,15,210.36,205.92,204.1,208.92,80.52,72.44,76.68,72.5,-0.4,0.6,0.0,0.7,0.323,0.316,0.306,0.287,42,-1,-25.56,-3.92,-4.36,-1.26,-10.56,0.96,-2.82,2.98,0.8,1.6,0.9,1.7,-0.098,0.017,-0.006,0.041,0
2025-06-17,Sunset,FNATIC,Sentinels,145,7,196.0,197.44,204.9,198.114,71.24,68.56,75.02,68.771,0.8,1.2,2.6,-1.143,0.293,0.324,0.325,0.301,127,11,203.64,206.64,201.28,211.24,77.24,72.4,73.96,74.04,1.6,-1.2,-0.7,0.1,0.292,0.319,0.325,0.319,18,-4,-7.64,-9.2,3.62,-13.126,-6.0,-3.84,1.06,-5.269,-0.8,2.4,3.3,-1.243,0.001,0.005,0.0,-0.019,0
2025-06-17,Ascent,Sentinels,FNATIC,128,10,207.68,197.04,201.6,198.9,75.92,72.32,75.04,71.94,0.0,1.2,-0.3,0.5,0.283,0.301,0.338,0.3,146,12,198.32,201.84,199.92,200.4,71.96,71.24,73.04,71.98,1.0,-0.6,2.7,-1.4,0.315,0.279,0.325,0.287,-18,-2,9.36,-4.8,1.68,-1.5,3.96,1.08,2.0,-0.04,-1.0,1.8,-3.0,1.9,-0.032,0.022,0.013,0.013,0
2025-06-17,Icebox,Sentinels,FNATIC,129,12,195.36,196.08,198.62,196.36,72.84,68.8,74.82,72.3,-1.8,-0.8,-0.9,0.8,0.249,0.322,0.317,0.34,147,13,202.6,209.12,201.28,205.36,73.72,77.4,73.38,74.44,3.0,2.0,3.3,-0.3,0.33,0.336,0.324,0.303,-18,-1,-7.24,-13.04,-2.66,-9.0,-0.88,-8.6,1.44,-2.14,-4.8,-2.8,-4.2,1.1,-0.081,-0.014,-0.007,0.037,0
2025-06-20,Split,G2 Esports,FNATIC,108,11,210.36,204.04,204.2,208.54,80.04,75.8,77.22,76.8,-0.2,0.8,-0.3,0.2,0.363,0.298,0.322,0.311,148,20,198.12,205.16,200.42,205.68,71.52,76.44,73.12,75.44,4.2,2.6,3.3,2.5,0.327,0.323,0.319,0.315,-40,-9,12.24,-1.12,3.78,2.86,8.52,-0.64,4.1,1.36,-4.4,-1.8,-3.6,-2.3,0.036,-0.026,0.003,-0.004,0
2025-06-20,Lotus,Paper Rex,Wolves Esports,168,33,207.68,221.24,203.04,203.94,75.04,79.68,74.48,75.3,-2.2,3.2,-0.7,0.5,0.356,0.292,0.347,0.274,10,2,197.04,184.2,195.58,184.2,73.72,67.9,71.4,67.9,2.4,3.5,2.6,3.5,0.361,0.277,0.329,0.277,158,31,10.64,37.04,7.46,19.74,1.32,11.78,3.08,7.4,-4.6,-0.3,-3.3,-3.0,-0.004,0.015,0.018,-0.003,1
2025-06-20,Ascent,Wolves Esports,Paper Rex,11,2,196.56,212.2,195.94,212.2,72.16,76.8,71.88,76.8,1.4,5.0,2.0,5.0,0.328,0.271,0.327,0.271,169,23,212.0,205.0,200.98,201.52,76.28,73.8,72.8,72.02,0.6,0.2,-0.7,-0.4,0.347,0.306,0.346,0.304,-158,-21,-15.44,7.2,-5.04,10.68,-4.12,3.0,-0.92,4.78,0.8,4.8,2.7,5.4,-0.019,-0.035,-0.019,-0.033,0
2025-06-20,Lotus,FNATIC,G2 Esports,149,36,208.56,212.96,200.3,199.24,75.48,76.04,72.86,71.96,6.6,0.0,4.1,-0.9,0.347,0.403,0.316,0.326,109,23,200.44,209.0,201.7,213.3,76.28,74.6,75.92,76.44,-4.0,-1.4,-0.9,0.5,0.314,0.292,0.3,0.316,40,13,8.12,3.96,-1.4,-14.06,-0.8,1.44,-3.06,-4.48,10.6,1.4,5.0,-1.4,0.033,0.111,0.016,0.01,1
2025-06-21,Lotus,FNATIC,Wolves Esports,150,37,205.84,214.88,200.92,202.38,75.24,75.32,73.24,72.96,8.4,1.4,4.6,0.5,0.33,0.386,0.312,0.346,12,3,196.08,188.133,199.0,188.133,71.44,69.6,72.56,69.6,0.8,1.0,1.2,1.0,0.334,0.274,0.331,0.274,138,34,9.76,26.747,1.92,14.247,3.8,5.72,0.68,3.36,7.6,0.4,3.4,-0.5,-0.003,0.112,-0.02,0.071,0
2025-06-21,Ascent,FNATIC,Wolves Esports,151,13,203.96,202.28,201.14,201.2,74.52,70.36,73.24,71.68,6.2,1.0,3.6,-1.2,0.293,0.302,0.304,0.291,13,3,195.04,207.133,200.3,207.133,71.8,75.333,73.3,75.333,1.2,3.0,2.2,3.0,0.336,0.26,0.34,0.26,138,10,8.92,-4.853,0.84,-5.933,2.72,-4.973,-0.06,-3.653,5.0,-2.0,1.4,-4.2,-0.043,0.042,-0.036,0.031,1
2025-06-21,Icebox,Wolves Esports,FNATIC,14,1,187.64,203.0,195.76,203.0,68.6,69.4,71.5,69.4,-0.4,5.0,2.0,5.0,0.285,0.381,0.315,0.381,152,14,209.28,202.48,205.94,208.04,75.28,74.84,74.5,75.62,5.0,2.6,4.0,1.4,0.269,0.293,0.3,0.317,-138,-13,-21.64,0.52,-10.18,-5.04,-6.68,-5.44,-3.0,-6.22,-5.4,2.4,-2.0,3.6,0.016,0.088,0.015,0.064,0
2025-06-21,Split,FNATIC,Wolves Esports,153,21,214.84,211.2,206.48,209.36,76.6,79.32,74.06,76.92,4.4,4.4,4.3,3.8,0.288,0.316,0.307,0.316,15,3,184.68,193.867,190.86,193.867,64.6,74.4,69.16,74.4,-1.4,0.333,0.5,0.333,0.237,0.381,0.299,0.381,138,18,30.16,17.333,15.62,15.493,12.0,4.92,4.9,2.52,5.8,4.067,3.8,3.467,0.051,-0.065,0.008,-0.065,1
2025-06-22,Sunset,Paper Rex,FNATIC,170,18,213.68,202.96,201.8,207.26,77.32,73.96,73.24,76.04,0.8,-2.6,-0.6,0.0,0.346,0.399,0.337,0.385,154,8,211.64,193.88,210.1,195.675,75.48,68.92,75.48,68.35,1.8,2.8,4.2,-0.5,0.309,0.309,0.328,0.303,16,10,2.04,9.08,-8.3,11.585,1.84,5.04,-2.24,7.69,-1.0,-5.4,-4.8,0.5,0.037,0.09,0.009,0.082,1
2025-06-22,Icebox,Paper Rex,FNATIC,171,17,211.64,200.24,206.8,200.18,76.04,71.28,75.36,71.92,-0.6,-0.4,-0.6,-1.1,0.368,0.276,0.364,0.306,155,15,207.72,216.92,206.78,209.36,73.48,77.84,74.36,75.74,1.2,4.8,4.8,1.8,0.281,0.335,0.306,0.311,16,2,3.92,-16.68,0.02,-9.18,2.56,-6.56,1.0,-3.82,-1.8,-5.2,-5.4,-2.9,0.087,-0.059,0.058,-0.006,0
2025-06-22,Pearl,FNATIC,Paper Rex,156,0,214.96,,209.46,,75.64,,75.08,,4.2,,5.2,,0.324,,0.308,,172,17,211.16,199.52,204.96,201.94,74.32,75.84,73.82,74.82,-1.4,-1.8,-1.4,-0.1,0.356,0.348,0.369,0.349,-16,-17,3.8,,4.5,,1.32,,1.26,,5.6,,6.6,,-0.032,,-0.06,,0
2025-06-22,Lotus,Paper Rex,FNATIC,173,34,202.32,214.12,205.0,209.12,72.16,76.52,73.6,76.3,-1.6,1.8,-1.9,2.0,0.359,0.281,0.358,0.285,157,38,203.56,205.04,206.42,196.42,72.48,72.52,73.88,71.92,3.6,0.0,4.3,-0.2,0.301,0.29,0.285,0.331,16,-4,-1.24,9.08,-1.42,12.7,-0.32,4.0,-0.28,4.38,-5.2,1.8,-6.2,2.2,0.058,-0.009,0.073,-0.046,1
2025-07-15,Icebox,TALON,BOOM Esports,85,10,182.36,187.72,186.06,188.86,65.6,66.92,67.72,67.06,-1.0,0.0,0.9,1.0,0.336,0.241,0.304,0.277,16,1,182.96,193.6,195.82,193.6,65.8,72.4,71.1,72.4,-4.2,1.0,-0.2,1.0,0.199,0.238,0.231,0.238,69,9,-0.6,-5.88,-9.76,-4.74,-0.2,-5.48,-3.38,-5.34,3.2,-1.0,1.1,-0.0,0.138,0.003,0.073,0.039,1
2025-07-15,Lotus,Nongshim RedForce,Team Secret,16,2,196.08,195.7,199.72,195.7,71.0,68.5,70.84,68.5,0.8,1.0,1.4,1.0,0.243,0.253,0.235,0.253,83,16,198.76,197.72,196.18,194.72,71.28,71.92,69.74,69.78,-3.4,-1.8,-2.6,-1.8,0.223,0.231,0.201,0.224,-67,-14,-2.68,-2.02,3.54,0.98,-0.28,-3.42,1.1,-1.28,4.2,2.8,4.0,2.8,0.02,0.022,0.034,0.029,1
2025-07-15,Ascent,Team Secret,Nongshim RedForce,84,10,189.52,214.92,191.34,214.5,69.2,79.92,68.78,78.36,-3.6,2.2,-2.5,2.9,0.208,0.274,0.198,0.32,17,2,203.24,163.5,205.82,163.5,73.28,60.2,73.16,60.2,1.6,-3.0,1.5,-3.0,0.235,0.129,0.241,0.129,67,8,-13.72,51.42,-14.48,51.0,-4.08,19.72,-4.38,18.16,-5.2,5.2,-4.0,5.9,-0.026,0.145,-0.043,0.191,0
2025-07-15,Sunset,Team Secret,Nongshim RedForce,85,9,192.44,205.48,188.4,211.222,70.64,73.36,68.1,75.8,-2.6,3.4,-2.2,4.111,0.239,0.335,0.194,0.33,18,0,202.48,,207.98,,73.88,,74.44,,1.4,,2.1,,0.224,,0.26,,67,9,-10.04,,-19.58,,-3.24,,-6.34,,-4.0,,-4.3,,0.015,,-0.065,,1
2025-07-15,Bind,TALON,BOOM Esports,86,5,196.76,210.56,187.04,210.56,69.28,76.24,67.56,76.24,1.0,2.8,0.7,2.8,0.349,0.364,0.3,0.364,17,0,176.92,,194.48,,63.2,,69.88,,-5.6,,-0.7,,0.167,,0.224,,69,5,19.84,,-7.44,,6.08,,-2.32,,6.6,,1.4,,0.182,,0.076,,1
2025-07-16,Bind,GIANTX,Team Vitality,38,3,195.8,187.667,186.86,187.667,73.24,71.533,68.28,71.533,-0.4,3.667,-2.5,3.667,0.258,0.301,0.213,0.301,99,9,176.48,196.72,181.94,194.644,65.72,69.12,67.26,70.044,-4.8,-3.8,-4.5,-2.0,0.254,0.226,0.26,0.238,-61,-6,19.32,-9.053,4.92,-6.978,7.52,2.413,1.02,1.489,4.4,7.467,2.0,5.667,0.004,0.075,-0.047,0.063,1
2025-07-16,Sunset,GIANTX,Team Vitality,39,5,196.4,184.08,186.42,184.08,74.2,68.28,68.54,68.28,0.2,2.6,-1.5,2.6,0.281,0.233,0.217,0.233,100,13,175.92,204.96,184.08,206.8,65.92,74.88,68.32,76.26,-5.6,0.4,-3.8,-0.9,0.26,0.252,0.267,0.289,-61,-8,20.48,-20.88,2.34,-22.72,8.28,-6.6,0.22,-7.98,5.8,2.2,2.3,3.5,0.021,-0.019,-0.05,-0.055,1
2025-07-16,Corrode,Natus Vincere,Apeks,99,0,190.52,,193.18,,69.8,,72.46,,-3.2,,0.6,,0.286,,0.285,,12,0,183.24,,181.1,,68.68,,67.14,,-0.4,,-1.7,,0.204,,0.217,,87,0,7.28,,12.08,,1.12,,5.32,,-2.8,,2.3,,0.082,,0.068,,1
2025-07-16,Sunset,Apeks,Natus Vincere,13,0,173.8,,179.54,,66.24,,67.16,,-0.4,,-1.4,,0.168,,0.22,,100,5,194.04,187.0,192.64,187.0,71.68,67.96,72.08,67.96,-2.8,-1.0,-0.6,-1.0,0.299,0.262,0.307,0.262,-87,-5,-20.24,,-13.1,,-5.44,,-4.92,,2.4,,-0.8,,-0.13,,-0.087,,1
2025-07-16,Haven,T1,Paper Rex,126,17,189.6,211.56,187.22,203.74,66.88,73.24,66.14,72.22,-4.0,1.2,-4.9,1.2,0.213,0.346,0.219,0.307,174,4,198.8,189.95,205.4,189.95,71.32,67.8,73.8,67.8,-2.0,0.5,-0.7,0.5,0.366,0.179,0.357,0.179,-48,13,-9.2,21.61,-18.18,13.79,-4.44,5.44,-7.66,4.42,-2.0,0.7,-4.2,0.7,-0.153,0.166,-0.137,0.128,0
2025-07-16,Lotus,Paper Rex,T1,175,35,201.52,204.6,207.6,213.74,71.76,73.56,74.54,76.76,-0.6,0.8,0.1,3.0,0.384,0.325,0.365,0.308,127,26,192.84,184.48,186.64,200.88,67.2,63.2,65.76,71.54,-4.8,-4.0,-5.2,-2.1,0.212,0.216,0.226,0.267,48,9,8.68,20.12,20.96,12.86,4.56,10.36,8.78,5.22,4.2,4.8,5.3,5.1,0.172,0.109,0.139,0.042,1
2025-07-16,Haven,Gen.G,DRX,150,21,182.8,198.04,193.44,203.84,69.2,74.12,71.7,74.0,0.0,1.0,0.1,1.9,0.2,0.307,0.266,0.325,146,20,194.12,186.76,197.66,193.26,69.52,66.88,71.34,72.12,2.4,-0.6,1.6,0.2,0.332,0.281,0.303,0.329,4,1,-11.32,11.28,-4.22,10.58,-0.32,7.24,0.36,1.88,-2.4,1.6,-1.5,1.7,-0.132,0.026,-0.037,-0.004,1
2025-07-16,Corrode,Gen.G,DRX,151,0,184.92,,191.84,,70.08,,71.76,,1.4,,0.2,,0.23,,0.279,,147,0,192.64,,194.96,,70.08,,70.18,,1.8,,0.6,,0.301,,0.301,,4,0,-7.72,,-3.12,,-0.0,,1.58,,-0.4,,-0.4,,-0.071,,-0.022,,1
2025-07-16,Icebox,Natus Vincere,Apeks,101,5,186.08,188.76,189.28,188.76,69.4,72.4,70.02,72.4,-3.0,0.0,-1.4,0.0,0.3,0.32,0.301,0.32,14,1,179.2,160.8,179.8,160.8,68.44,54.8,67.6,54.8,0.2,-5.0,-0.8,-5.0,0.21,0.158,0.216,0.158,87,4,6.88,27.96,9.48,27.96,0.96,17.6,2.42,17.6,-3.2,5.0,-0.6,5.0,0.09,0.162,0.085,0.162,1
2025-07-17,Icebox,Team Liquid,"Movistar KOI						
							(KOI)",112,14,192.24,185.44,183.12,180.9,72.84,66.68,66.9,65.02,3.4,1.8,0.8,-0.1,0.267,0.276,0.241,0.259,23,7,197.4,206.68,183.86,194.8,74.72,76.76,69.08,72.857,2.8,3.2,0.0,1.857,0.258,0.293,0.232,0.253,89,7,-5.16,-21.24,-0.74,-13.9,-1.88,-10.08,-2.18,-7.837,0.6,-1.4,0.8,-1.957,0.009,-0.018,0.008,0.006,0
2025-07-17,Sunset,Gentle Mates,FUT Esports,36,7,176.2,184.84,178.34,194.171,65.72,67.44,65.96,70.543,-4.4,-2.8,-3.3,-1.714,0.251,0.268,0.248,0.281,105,8,181.4,203.48,189.52,200.875,66.84,71.0,66.76,71.85,0.8,1.6,-0.1,1.0,0.255,0.293,0.297,0.327,-69,-1,-5.2,-18.64,-11.18,-6.704,-1.12,-3.56,-0.8,-1.307,-5.2,-4.4,-3.2,-2.714,-0.005,-0.025,-0.049,-0.046,0
2025-07-17,Lotus,FUT Esports,Gentle Mates,106,23,194.28,197.28,192.98,201.96,71.52,70.36,68.36,72.02,1.0,2.0,0.5,1.2,0.291,0.229,0.285,0.264,37,5,187.32,167.8,177.12,167.8,67.84,61.48,64.92,61.48,-4.2,-5.0,-4.2,-5.0,0.284,0.208,0.226,0.208,69,18,6.96,29.48,15.86,34.16,3.68,8.88,3.44,10.54,5.2,7.0,4.7,6.2,0.007,0.021,0.059,0.056,1
2025-07-17,Bind,Team Liquid,"Movistar KOI						
							(KOI)",113,9,192.52,205.56,186.28,201.844,71.52,73.8,68.0,73.044,0.2,-1.0,0.1,-1.889,0.248,0.319,0.25,0.33,24,2,203.0,187.2,188.04,187.2,76.4,71.4,71.02,71.4,5.0,-4.0,1.5,-4.0,0.272,0.193,0.229,0.193,89,7,-10.48,18.36,-1.76,14.644,-4.88,2.4,-3.02,1.644,-4.8,3.0,-1.4,2.111,-0.024,0.126,0.021,0.137,1
2025-07-17,Lotus,Team Liquid,"Movistar KOI						
							(KOI)",114,22,199.6,199.36,195.08,192.46,73.08,76.8,71.88,72.1,0.0,2.8,0.9,0.3,0.258,0.299,0.272,0.244,25,3,205.88,157.667,188.44,157.667,74.72,64.6,70.6,64.6,3.8,-3.333,0.8,-3.333,0.241,0.219,0.213,0.219,89,19,-6.28,41.693,6.64,34.793,-1.64,12.2,1.28,7.5,-3.8,6.133,0.1,3.633,0.017,0.08,0.058,0.025,1
2025-07-17,Bind,Gentle Mates,FUT Esports,38,0,190.76,,178.62,,70.16,,66.14,,-3.8,,-3.6,,0.268,,0.22,,107,9,194.28,182.64,191.1,191.911,70.88,68.44,67.62,69.8,-0.8,-2.2,0.1,-0.667,0.248,0.245,0.283,0.281,-69,-9,-3.52,,-12.48,,-0.72,,-1.48,,-3.0,,-3.7,,0.02,,-0.063,,1
2025-07-17,Corrode,Global Esports,Rex Regum Qeon,57,0,176.92,,182.64,,68.04,,68.22,,-3.2,,-2.9,,0.169,,0.2,,87,0,177.32,,191.5,,65.44,,69.7,,-2.0,,0.0,,0.216,,0.239,,-30,0,-0.4,,-8.86,,2.6,,-1.48,,-1.2,,-2.9,,-0.046,,-0.039,,1
2025-07-17,Haven,Rex Regum Qeon,Global Esports,88,12,170.28,194.04,187.88,199.74,62.04,68.12,68.74,71.24,-2.8,-0.2,-0.8,0.0,0.177,0.316,0.222,0.315,58,6,192.0,186.56,185.32,192.067,71.68,70.08,68.5,73.067,-0.4,-3.6,-2.5,-1.833,0.222,0.257,0.212,0.283,30,6,-21.72,7.48,2.56,7.673,-9.64,-1.96,0.24,-1.827,-2.4,3.4,1.7,1.833,-0.045,0.059,0.01,0.032,0
2025-07-17,Haven,ZETA DIVISION,DetonatioN FocusMe,78,13,192.04,187.36,188.42,186.92,70.72,64.24,67.64,65.28,1.8,-0.2,1.3,0.3,0.268,0.212,0.253,0.207,59,5,188.44,169.56,176.86,169.56,65.56,65.0,63.92,65.0,-4.0,-2.2,-4.1,-2.2,0.272,0.134,0.205,0.134,19,8,3.6,17.8,11.56,17.36,5.16,-0.76,3.72,0.28,5.8,2.0,5.4,2.5,-0.005,0.077,0.048,0.072,0
2025-07-17,Lotus,ZETA DIVISION,DetonatioN FocusMe,79,13,170.8,188.2,182.56,200.66,65.0,67.04,66.26,72.84,0.4,0.8,1.5,1.1,0.221,0.261,0.236,0.272,60,15,198.6,163.92,182.42,172.86,70.44,61.28,66.0,62.84,-3.2,-6.2,-3.5,-5.0,0.308,0.142,0.233,0.162,19,-2,-27.8,24.28,0.14,27.8,-5.44,5.76,0.26,10.0,3.6,7.0,5.0,6.1,-0.087,0.12,0.002,0.111,1
2025-07-17,Icebox,DetonatioN FocusMe,ZETA DIVISION,61,3,184.24,178.733,178.62,178.733,66.88,66.333,65.12,66.333,-4.4,-5.0,-3.8,-5.0,0.239,0.16,0.212,0.16,80,4,170.36,191.3,185.28,191.3,66.4,64.2,68.54,64.2,-0.6,-2.5,1.4,-2.5,0.224,0.189,0.248,0.189,-19,-1,13.88,-12.567,-6.66,-12.567,0.48,2.133,-3.42,2.133,-3.8,-2.5,-5.2,-2.5,0.014,-0.029,-0.036,-0.029,1
2025-07-18,Bind,Karmine Corp,FNATIC,81,8,194.08,191.96,199.52,195.175,72.24,72.8,74.02,73.275,-3.8,3.6,-1.2,3.125,0.243,0.334,0.276,0.326,158,18,196.12,205.52,205.48,197.72,70.36,74.0,73.48,72.4,1.8,-0.8,3.1,-0.8,0.264,0.375,0.276,0.318,-77,-10,-2.04,-13.56,-5.96,-2.545,1.88,-1.2,0.54,0.875,-5.6,4.4,-4.3,3.925,-0.022,-0.042,-0.001,0.008,0
2025-07-18,Icebox,DRX,Nongshim RedForce,148,12,185.32,187.56,192.9,191.94,67.6,68.44,69.22,68.6,1.8,0.6,0.1,0.0,0.249,0.284,0.29,0.302,19,1,200.96,186.6,209.48,186.6,72.6,67.8,74.62,67.8,1.6,3.0,2.5,3.0,0.212,0.13,0.257,0.13,129,11,-15.64,0.96,-16.58,5.34,-5.0,0.64,-5.4,0.8,0.2,-2.4,-2.4,-3.0,0.037,0.154,0.033,0.171,1
2025-07-18,Bind,DRX,Nongshim RedForce,149,19,186.16,187.88,192.28,195.42,68.96,68.2,69.66,70.4,0.2,-3.6,-0.3,-2.2,0.265,0.28,0.29,0.274,20,0,202.72,,203.24,,72.76,,72.92,,1.6,,1.9,,0.227,,0.249,,129,19,-16.56,,-10.96,,-3.8,,-3.26,,-1.4,,-2.2,,0.038,,0.042,,0
2025-07-18,Lotus,DRX,Nongshim RedForce,150,19,180.84,200.76,187.68,203.64,68.4,71.44,69.16,75.52,-0.8,3.4,-0.2,2.8,0.25,0.29,0.274,0.341,21,3,209.72,208.467,202.9,208.467,74.48,73.133,72.74,73.133,3.8,2.0,2.3,2.0,0.273,0.252,0.258,0.252,129,16,-28.88,-7.707,-15.22,-4.827,-6.08,-1.693,-3.58,2.387,-4.6,1.4,-2.5,0.8,-0.023,0.038,0.016,0.088,1
2025-07-18,Ascent,T1,BOOM Esports,128,11,193.28,201.68,188.54,201.76,63.96,74.32,65.0,72.32,-4.8,2.0,-5.2,1.2,0.235,0.344,0.242,0.285,18,5,181.28,205.16,192.96,205.16,65.28,75.2,69.68,75.2,-2.4,2.8,-0.1,2.8,0.193,0.238,0.224,0.238,110,6,12.0,-3.48,-4.42,-3.4,-1.32,-0.88,-4.68,-2.88,-2.4,-0.8,-5.1,-1.6,0.042,0.106,0.017,0.047,1
2025-07-18,Corrode,T1,BOOM Esports,129,0,188.16,,189.48,,61.72,,65.42,,-3.6,,-3.7,,0.233,,0.239,,19,0,183.32,,190.0,,65.64,,69.44,,-2.6,,-0.7,,0.201,,0.219,,110,0,4.84,,-0.52,,-3.92,,-4.02,,-1.0,,-3.0,,0.032,,0.019,,1
2025-07-18,Bind,LEVIATÁN,LOUD,117,10,189.52,194.36,189.36,199.66,73.16,70.08,71.5,72.82,-2.2,0.2,-1.0,0.3,0.308,0.259,0.261,0.27,112,10,193.24,192.64,195.36,203.24,68.2,71.12,70.38,71.32,-1.0,-1.6,1.1,-2.2,0.237,0.294,0.257,0.299,5,0,-3.72,1.72,-6.0,-3.58,4.96,-1.04,1.12,1.5,-1.2,1.8,-2.1,2.5,0.071,-0.035,0.004,-0.029,1
2025-07-18,Ascent,LEVIATÁN,LOUD,118,17,191.92,197.44,191.78,206.8,74.84,70.36,72.4,71.98,-1.0,-1.8,-0.2,-1.1,0.325,0.259,0.272,0.304,113,20,197.2,179.8,195.0,194.4,70.48,64.68,70.26,70.38,-2.4,-2.6,0.0,2.5,0.267,0.191,0.267,0.248,5,-3,-5.28,17.64,-3.22,12.4,4.36,5.68,2.14,1.6,1.4,0.8,-0.2,-3.6,0.059,0.068,0.004,0.056,0
2025-07-18,Icebox,LEVIATÁN,LOUD,119,23,182.36,185.8,195.66,202.7,71.4,70.56,74.08,74.12,-0.4,0.0,-0.1,2.4,0.32,0.302,0.304,0.322,114,12,200.4,186.08,195.78,196.24,71.52,63.84,70.34,68.36,-0.8,-1.0,0.4,1.3,0.267,0.182,0.279,0.281,5,11,-18.04,-0.28,-0.12,6.46,-0.12,6.72,3.74,5.76,0.4,1.0,-0.5,1.1,0.054,0.121,0.025,0.04,0
2025-07-18,Lotus,Karmine Corp,FNATIC,82,18,193.24,191.16,197.22,194.0,71.16,74.92,73.12,76.2,-2.8,-0.6,-1.8,0.7,0.262,0.293,0.245,0.307,159,39,198.36,205.44,205.0,202.06,70.92,74.8,73.2,72.8,3.0,-0.2,2.4,0.2,0.272,0.284,0.29,0.342,-77,-21,-5.12,-14.28,-7.78,-8.06,0.24,0.12,-0.08,3.4,-5.8,-0.4,-4.2,0.5,-0.01,0.009,-0.046,-0.035,1
2025-07-18,Bind,Cloud9,FURIA,87,5,187.52,179.64,196.26,179.64,67.88,66.72,71.72,66.72,-2.2,-1.2,-0.6,-1.2,0.259,0.24,0.303,0.24,68,8,171.6,191.88,163.46,196.25,64.44,72.0,62.56,72.475,-1.0,-1.8,-2.9,-0.25,0.235,0.194,0.206,0.249,19,-3,15.92,-12.24,32.8,-16.61,3.44,-5.28,9.16,-5.755,-1.2,0.6,2.3,-0.95,0.024,0.046,0.097,-0.008,1
2025-07-18,Haven,FURIA,Cloud9,69,8,158.28,189.12,163.88,194.65,57.92,70.36,61.14,70.65,-3.2,-3.6,-3.1,-1.625,0.198,0.266,0.206,0.288,88,9,198.2,182.04,201.34,186.689,72.04,68.48,72.92,69.333,0.4,-2.2,-0.1,0.0,0.259,0.238,0.291,0.286,-19,-1,-39.92,7.08,-37.46,7.961,-14.12,1.88,-11.78,1.317,-3.6,-1.4,-3.0,-1.625,-0.061,0.028,-0.086,0.002,0
2025-07-18,Sunset,BBL Esports,Team Heretics,68,6,202.32,201.56,206.26,199.7,72.6,72.92,72.82,72.3,0.8,3.8,0.0,3.167,0.35,0.306,0.337,0.303,126,15,166.84,185.52,190.8,197.5,59.2,71.68,68.62,75.3,-2.0,-1.2,-1.4,1.6,0.229,0.245,0.251,0.305,-58,-9,35.48,16.04,15.46,2.2,13.4,1.24,4.2,-3.0,2.8,5.0,1.4,1.567,0.121,0.06,0.086,-0.002,0
2025-07-18,Haven,Team Heretics,BBL Esports,127,13,181.6,223.08,190.52,204.64,64.72,83.04,68.36,77.88,-0.6,4.4,-1.3,2.7,0.243,0.348,0.241,0.362,69,8,201.84,211.64,203.14,209.15,70.0,75.64,71.36,75.225,0.2,2.6,-0.6,2.875,0.329,0.307,0.341,0.307,58,5,-20.24,11.44,-12.62,-4.51,-5.28,7.4,-3.0,2.655,-0.8,1.8,-0.7,-0.175,-0.086,0.041,-0.1,0.055,1
2025-07-18,Icebox,Team Heretics,BBL Esports,128,21,191.16,199.72,190.24,205.92,67.8,71.56,67.78,74.44,1.4,-2.4,-1.1,1.5,0.234,0.254,0.244,0.303,70,9,190.72,196.36,199.62,202.844,65.52,66.96,69.92,70.089,-2.0,0.6,-1.4,-0.778,0.29,0.221,0.332,0.291,58,12,0.44,3.36,-9.38,3.076,2.28,4.6,-2.14,4.351,3.4,-3.0,0.3,2.278,-0.056,0.033,-0.088,0.011,0
2025-07-18,Icebox,FNATIC,Karmine Corp,160,16,198.72,217.04,203.22,208.5,70.04,77.2,71.76,75.14,2.0,7.6,1.6,2.6,0.282,0.354,0.282,0.323,83,13,197.2,205.64,194.9,200.94,73.0,73.88,72.28,72.68,-1.8,-0.8,-2.2,-2.0,0.268,0.431,0.235,0.318,77,3,1.52,11.4,8.32,7.56,-2.96,3.32,-0.52,2.46,3.8,8.4,3.8,4.6,0.013,-0.077,0.046,0.005,1
2025-07-19,Corrode,"VISA KRÜ						
							(KRÜ Esports)",MIBR,16,0,192.56,,192.64,,74.12,,71.98,,-0.8,,0.1,,0.203,,0.217,,72,0,161.32,,176.32,,62.48,,65.04,,-6.8,,-4.2,,0.185,,0.233,,-56,0,31.24,,16.32,,11.64,,6.94,,6.0,,4.3,,0.019,,-0.016,,0
2025-07-19,Ascent,2Game Esports,Evil Geniuses,11,2,172.04,192.0,183.24,192.0,65.08,78.2,69.12,78.2,-3.4,-0.5,-2.4,-0.5,0.153,0.265,0.21,0.265,117,16,201.28,203.96,202.18,212.18,68.64,70.12,70.2,74.52,0.4,-2.8,0.4,1.8,0.287,0.349,0.29,0.345,-106,-14,-29.24,-11.96,-18.94,-20.18,-3.56,8.08,-1.08,3.68,-3.8,2.3,-2.8,-2.3,-0.134,-0.084,-0.079,-0.08,0
2025-07-19,Lotus,2Game Esports,Evil Geniuses,12,2,172.88,195.9,182.14,195.9,65.8,66.8,69.72,66.8,-1.6,-2.5,-1.7,-2.5,0.177,0.307,0.214,0.307,118,23,197.8,212.2,202.2,201.94,67.68,72.8,70.48,70.56,-0.8,0.8,0.4,-0.5,0.3,0.302,0.305,0.288,-106,-21,-24.92,-16.3,-20.06,-6.04,-1.88,-6.0,-0.76,-3.76,-0.8,-3.3,-2.1,-2.0,-0.122,0.005,-0.092,0.019,0
2025-07-19,Sunset,2Game Esports,Evil Geniuses,13,0,171.64,,179.82,,63.64,,67.9,,-1.2,,-2.1,,0.193,,0.218,,119,5,198.64,201.84,203.04,201.84,67.52,72.16,70.36,72.16,-1.6,1.6,-0.2,1.6,0.283,0.345,0.307,0.345,-106,-5,-27.0,,-23.22,,-3.88,,-2.46,,0.4,,-1.9,,-0.09,,-0.089,,1
2025-07-19,Lotus,Global Esports,Team Secret,59,14,200.68,171.16,187.48,182.56,72.44,63.44,69.08,68.6,0.0,-0.2,-2.5,1.7,0.271,0.169,0.216,0.239,86,17,190.16,191.2,193.32,191.2,69.44,70.44,69.28,69.56,-3.2,-2.6,-2.4,-2.3,0.233,0.219,0.212,0.228,-27,-3,10.52,-20.04,-5.84,-8.64,3.0,-7.0,-0.2,-0.96,3.2,2.4,-0.1,4.0,0.038,-0.05,0.004,0.011,0
2025-07-19,Bind,Team Secret,Global Esports,87,2,188.92,153.7,192.28,153.7,68.48,59.6,69.56,59.6,-5.6,-3.0,-3.8,-3.0,0.246,0.095,0.214,0.095,60,0,204.52,,190.7,,72.4,,69.76,,3.6,,-1.3,,0.268,,0.237,,27,2,-15.6,,1.58,,-3.92,,-0.2,,-9.2,,-2.5,,-0.022,,-0.023,,1
2025-07-19,Ascent,"VISA KRÜ						
							(KRÜ Esports)",MIBR,17,1,183.48,169.4,191.5,169.4,73.68,70.6,72.0,70.6,-0.6,1.0,0.0,1.0,0.206,0.316,0.217,0.316,73,6,163.24,192.92,175.9,194.6,64.32,68.32,65.12,68.9,-5.4,-0.8,-4.4,0.0,0.213,0.2,0.24,0.197,-56,-5,20.24,-23.52,15.6,-25.2,9.36,2.28,6.88,1.7,4.8,1.8,4.4,1.0,-0.007,0.116,-0.023,0.119,1
2025-07-19,Haven,MIBR,"VISA KRÜ						
							(KRÜ Esports)",74,6,163.0,182.72,174.06,183.8,65.2,72.28,64.78,71.933,-5.8,0.0,-4.4,0.667,0.194,0.278,0.222,0.28,18,1,193.76,242.8,194.46,242.8,77.04,90.6,73.22,90.6,0.8,5.0,0.3,5.0,0.244,0.333,0.228,0.333,56,5,-30.76,-60.08,-20.4,-59.0,-11.84,-18.32,-8.44,-18.667,-6.6,-5.0,-4.7,-4.333,-0.05,-0.055,-0.006,-0.053,0
2025-07-19,Lotus,DetonatioN FocusMe,Paper Rex,62,16,197.36,158.16,189.76,167.42,69.48,60.52,67.78,61.8,-2.4,-5.0,-3.2,-4.6,0.279,0.126,0.234,0.147,176,36,205.56,207.72,208.6,217.68,72.36,73.8,74.2,77.36,1.0,1.6,0.2,3.0,0.354,0.32,0.361,0.317,-114,-20,-8.2,-49.56,-18.84,-50.26,-2.88,-13.28,-6.42,-15.56,-3.4,-6.6,-3.4,-7.6,-0.075,-0.194,-0.127,-0.171,0
2025-07-19,Haven,DetonatioN FocusMe,Paper Rex,63,6,196.56,186.36,191.06,181.833,69.92,70.48,67.48,68.967,-1.0,-1.2,-2.9,-1.167,0.297,0.185,0.251,0.183,177,5,210.6,196.16,210.88,196.16,75.92,70.08,75.12,70.08,3.4,2.0,1.0,2.0,0.352,0.218,0.354,0.218,-114,1,-14.04,-9.8,-19.82,-14.327,-6.0,0.4,-7.64,-1.113,-4.4,-3.2,-3.9,-3.167,-0.055,-0.034,-0.103,-0.035,0
2025-07-19,Corrode,Team Secret,Global Esports,88,0,195.28,,197.02,,71.16,,71.22,,-3.2,,-3.3,,0.274,,0.248,,61,1,197.72,219.0,187.0,219.0,69.64,77.0,68.44,77.0,2.0,6.0,-1.3,6.0,0.265,0.45,0.225,0.45,27,-1,-2.44,,10.02,,1.52,,2.78,,-5.2,,-2.0,,0.009,,0.024,,0
2025-07-20,Icebox,ZETA DIVISION,TALON,81,5,173.44,187.64,182.42,187.64,64.4,61.96,66.82,61.96,-1.2,-2.4,0.6,-2.4,0.212,0.191,0.243,0.191,87,11,194.8,194.0,184.0,188.34,69.2,68.64,66.92,66.8,0.0,0.6,-0.9,1.1,0.297,0.225,0.302,0.28,-6,-6,-21.36,-6.36,-1.58,-0.7,-4.8,-6.68,-0.1,-4.84,-1.2,-3.0,1.5,-3.5,-0.086,-0.034,-0.059,-0.089,0
2025-07-20,Bind,ZETA DIVISION,TALON,82,3,175.16,190.867,187.78,190.867,63.24,64.8,67.98,64.8,-3.2,0.0,0.1,0.0,0.214,0.296,0.244,0.296,88,6,200.6,201.92,191.04,207.167,70.84,73.88,69.02,75.433,0.4,1.6,0.8,1.167,0.311,0.336,0.32,0.359,-6,-3,-25.44,-11.053,-3.26,-16.3,-7.6,-9.08,-1.04,-10.633,-3.6,-1.6,-0.7,-1.167,-0.097,-0.04,-0.076,-0.063,0
2025-07-20,Ascent,Gen.G,Rex Regum Qeon,152,26,195.0,195.32,192.18,205.34,72.32,70.0,72.04,74.9,1.2,-0.8,-0.3,0.8,0.254,0.25,0.272,0.297,89,17,172.0,192.24,186.22,204.0,60.48,70.04,66.88,73.96,-2.2,0.6,-1.0,1.2,0.16,0.279,0.194,0.306,63,9,23.0,3.08,5.96,1.34,11.84,-0.04,5.16,0.94,3.4,-1.4,0.7,-0.4,0.094,-0.028,0.078,-0.008,1
2025-07-20,Sunset,100 Thieves,NRG,86,3,194.92,196.733,191.22,196.733,73.52,70.333,72.82,70.333,-2.2,-3.667,-1.9,-3.667,0.263,0.278,0.267,0.278,93,6,192.68,186.76,191.88,196.167,74.04,66.76,72.98,69.633,0.2,-1.0,-0.2,-0.333,0.244,0.196,0.221,0.219,-7,-3,2.24,9.973,-0.66,0.567,-0.52,3.573,-0.16,0.7,-2.4,-2.667,-1.7,-3.333,0.019,0.082,0.046,0.059,1
2025-07-20,Haven,Rex Regum Qeon,Gen.G,90,13,173.68,199.2,184.06,200.92,62.4,68.24,66.52,70.4,-3.2,0.4,-2.0,-0.2,0.17,0.28,0.181,0.288,153,22,202.96,209.52,193.94,205.38,76.48,78.16,72.9,75.16,3.4,3.2,1.0,2.4,0.297,0.342,0.278,0.348,-63,-9,-29.28,-10.32,-9.88,-4.46,-14.08,-9.92,-6.38,-4.76,-6.6,-2.8,-3.0,-2.6,-0.128,-0.062,-0.097,-0.059,1
2025-07-20,Corrode,G2 Esports,Sentinels,110,0,194.88,,202.36,,74.2,,75.8,,-4.8,,-1.4,,0.299,,0.303,,130,0,185.04,,196.24,,69.4,,73.86,,-4.0,,-1.2,,0.239,,0.31,,-20,0,9.84,,6.12,,4.8,,1.94,,-0.8,,-0.2,,0.06,,-0.007,,0
2025-07-20,Ascent,Sentinels,G2 Esports,131,11,189.64,189.08,200.82,194.96,72.24,72.24,75.66,71.6,-2.2,0.2,-0.1,0.1,0.265,0.28,0.317,0.289,111,13,186.16,212.32,200.02,199.58,69.96,77.08,75.08,73.26,-7.8,0.8,-3.5,0.7,0.276,0.289,0.295,0.295,20,-2,3.48,-23.24,0.8,-4.62,2.28,-4.84,0.58,-1.66,5.6,-0.6,3.4,-0.6,-0.011,-0.009,0.021,-0.006,0
2025-07-20,Lotus,Sentinels,G2 Esports,132,26,189.36,202.88,196.5,194.16,71.8,78.64,74.52,74.64,-2.0,0.4,-0.2,-0.1,0.295,0.362,0.293,0.308,112,24,193.24,205.48,201.8,212.28,70.92,73.56,75.72,76.3,-6.4,-2.6,-3.4,-0.6,0.262,0.292,0.292,0.315,20,2,-3.88,-2.6,-5.3,-18.12,0.88,5.08,-1.2,-1.66,4.4,3.0,3.2,0.5,0.032,0.07,0.001,-0.007,1
2025-07-20,Bind,100 Thieves,NRG,87,12,197.64,198.0,192.82,209.78,72.88,71.84,73.08,75.82,-2.0,-1.6,-1.3,0.9,0.267,0.199,0.261,0.289,94,12,188.28,181.44,185.42,186.56,70.08,66.88,69.74,66.26,-1.4,-4.6,-1.6,-2.6,0.246,0.2,0.193,0.248,-7,0,9.36,16.56,7.4,23.22,2.8,4.96,3.34,9.56,-0.6,3.0,0.3,3.5,0.021,-0.001,0.068,0.041,1
2025-07-20,Sunset,Rex Regum Qeon,Gen.G,91,3,174.04,199.6,182.3,199.6,63.0,76.733,66.6,76.733,-2.6,-2.667,-2.4,-2.667,0.152,0.309,0.185,0.309,154,10,199.52,201.44,192.16,204.18,75.16,71.76,72.56,72.62,1.4,-1.4,0.9,-0.1,0.297,0.26,0.261,0.278,-63,-7,-25.48,-1.84,-9.86,-4.58,-12.16,4.973,-5.96,4.113,-4.0,-1.267,-3.3,-2.567,-0.145,0.048,-0.076,0.031,1
2025-07-23,Lotus,BBL Esports,GIANTX,71,8,200.52,190.76,201.44,188.575,68.8,70.16,70.96,69.15,-2.4,2.0,-1.1,0.125,0.31,0.302,0.322,0.27,40,8,198.52,183.96,189.16,192.05,73.08,67.6,69.58,70.525,0.8,-4.6,-0.4,-1.125,0.357,0.158,0.248,0.239,31,0,2.0,6.8,12.28,-3.475,-4.28,2.56,1.38,-1.375,-3.2,6.6,-0.7,1.25,-0.048,0.144,0.073,0.031,1
2025-07-23,Corrode,BBL Esports,GIANTX,72,0,200.84,,202.84,,68.72,,70.56,,-1.6,,-0.6,,0.305,,0.333,,41,0,200.44,,188.04,,74.4,,69.36,,1.4,,-1.0,,0.337,,0.246,,31,0,0.4,,14.8,,-5.68,,1.2,,-3.0,,0.4,,-0.033,,0.087,,0
2025-07-23,Icebox,GIANTX,BBL Esports,42,2,199.4,168.5,189.86,168.5,73.24,59.1,69.88,59.1,3.4,-0.5,-0.4,-0.5,0.334,0.273,0.264,0.273,73,10,199.32,207.56,200.82,204.86,67.52,72.24,70.06,71.28,-2.0,2.4,-0.6,-0.5,0.313,0.246,0.331,0.295,-31,-8,0.08,-39.06,-10.96,-36.36,5.72,-13.14,-0.18,-12.18,5.4,-2.9,0.2,0.0,0.021,0.027,-0.067,-0.022,1
2025-07-23,Lotus,Apeks,Karmine Corp,15,4,172.56,181.75,177.88,181.75,65.6,68.55,66.84,68.55,-0.4,0.25,-0.5,0.25,0.19,0.25,0.203,0.25,84,19,201.36,196.84,194.48,195.66,71.16,76.76,71.08,76.28,-1.4,-0.8,-3.0,0.1,0.268,0.254,0.233,0.29,-69,-15,-28.8,-15.09,-16.6,-13.91,-5.56,-8.21,-4.24,-7.73,1.0,1.05,2.5,0.15,-0.078,-0.004,-0.031,-0.04,0
2025-07-23,Sunset,Apeks,Karmine Corp,16,1,181.2,208.6,180.1,208.6,68.68,80.0,67.82,80.0,0.8,3.0,0.6,3.0,0.217,0.263,0.22,0.263,85,8,201.2,197.52,195.5,198.275,69.68,73.04,70.48,73.775,-3.8,1.6,-4.2,-0.5,0.277,0.225,0.242,0.269,-69,-7,-20.0,11.08,-15.4,10.325,-1.0,6.96,-2.66,6.225,4.6,1.4,4.8,3.5,-0.06,0.038,-0.022,-0.005,1
2025-07-23,Icebox,Karmine Corp,Apeks,86,14,200.2,209.0,197.14,198.92,69.72,72.16,70.98,71.24,-3.8,-2.4,-3.8,-2.1,0.266,0.379,0.254,0.31,17,2,185.68,159.2,184.46,159.2,70.04,57.4,69.36,57.4,1.6,-4.0,0.6,-4.0,0.239,0.138,0.221,0.138,69,12,14.52,49.8,12.68,39.72,-0.32,14.76,1.62,13.84,-5.4,1.6,-4.4,1.9,0.027,0.241,0.033,0.173,1
2025-07-24,Bind,Team Heretics,Gentle Mates,129,11,201.76,197.72,183.42,203.12,72.4,71.96,66.04,76.02,1.8,0.2,-1.6,0.8,0.242,0.299,0.228,0.32,39,1,198.84,220.2,184.6,220.2,71.72,76.0,67.84,76.0,-3.8,-2.0,-3.3,-2.0,0.255,0.35,0.237,0.35,90,10,2.92,-22.48,-1.18,-17.08,0.68,-4.04,-1.8,0.02,5.6,2.2,1.7,2.8,-0.013,-0.051,-0.009,-0.03,1
2025-07-24,Ascent,Gentle Mates,Team Heretics,40,2,203.24,220.5,183.76,220.5,73.92,79.0,67.34,79.0,-4.0,-4.5,-3.9,-4.5,0.235,0.319,0.227,0.319,130,6,212.04,187.8,188.2,185.1,74.88,68.52,66.68,67.433,2.8,0.2,-0.6,-1.333,0.237,0.216,0.233,0.224,-90,-4,-8.8,32.7,-4.44,35.4,-0.96,10.48,0.66,11.567,-6.8,-4.7,-3.3,-3.167,-0.001,0.103,-0.006,0.095,1
2025-07-24,Corrode,Natus Vincere,Team Liquid,102,1,189.32,222.2,192.42,222.2,68.6,82.6,70.68,82.6,-2.0,2.0,-0.7,2.0,0.328,0.438,0.321,0.438,115,0,203.64,,199.34,,73.96,,72.96,,-0.6,,1.1,,0.309,,0.307,,-13,1,-14.32,,-6.92,,-5.36,,-2.28,,-1.4,,-1.8,,0.018,,0.014,,0
2025-07-24,Sunset,Natus Vincere,Team Liquid,103,6,191.0,174.4,192.4,181.467,68.84,64.12,70.5,66.267,-1.4,-3.2,-0.8,-1.333,0.312,0.235,0.305,0.271,116,5,216.12,185.04,203.98,185.04,77.08,69.72,74.16,69.72,0.6,-0.6,1.4,-0.6,0.346,0.221,0.311,0.221,-13,1,-25.12,-10.64,-11.58,-3.573,-8.24,-5.6,-3.66,-3.453,-2.0,-2.6,-2.2,-0.733,-0.034,0.014,-0.007,0.05,0
2025-07-24,Corrode,Team Heretics,Gentle Mates,131,0,210.08,,188.46,,74.08,,66.64,,3.2,,0.6,,0.244,,0.236,,41,0,204.0,,190.1,,74.56,,70.14,,-3.2,,-3.8,,0.259,,0.255,,90,0,6.08,,-1.64,,-0.48,,-3.5,,6.4,,4.4,,-0.015,,-0.019,,1
2025-07-25,Haven,Global Esports,Gen.G,62,7,200.64,192.16,188.78,196.686,69.96,70.48,69.0,73.886,3.2,-3.8,0.0,-1.286,0.308,0.313,0.239,0.306,155,23,197.4,205.04,190.1,202.54,73.44,76.8,71.32,73.9,0.8,2.6,0.4,2.1,0.317,0.325,0.258,0.335,-93,-16,3.24,-12.88,-1.32,-5.854,-3.48,-6.32,-2.32,-0.014,2.4,-6.4,-0.4,-3.386,-0.008,-0.012,-0.019,-0.029,0
2025-07-25,Haven,FUT Esports,Team Vitality,108,10,188.84,174.8,188.18,189.56,67.68,64.28,67.38,69.86,0.0,-5.2,0.5,-3.7,0.238,0.267,0.285,0.314,101,14,177.92,171.48,186.14,182.8,67.32,62.52,68.62,66.2,-3.4,-5.8,-3.8,-4.8,0.257,0.242,0.283,0.249,7,-4,10.92,3.32,2.04,6.76,0.36,1.76,-1.24,3.66,3.4,0.6,4.3,1.1,-0.018,0.025,0.002,0.065,0
2025-07-25,Lotus,Team Vitality,FUT Esports,102,21,194.04,205.6,192.66,205.38,72.84,75.44,71.36,74.74,-0.6,2.0,-2.0,-0.1,0.283,0.28,0.314,0.271,109,24,181.4,195.64,184.54,202.62,65.56,68.92,67.04,72.02,-2.0,0.4,-0.2,1.3,0.217,0.256,0.258,0.283,-7,-3,12.64,9.96,8.12,2.76,7.28,6.52,4.32,2.72,1.4,1.6,-1.8,-1.4,0.067,0.024,0.056,-0.012,1
2025-07-25,Ascent,"Movistar KOI						
							(KOI)",FNATIC,26,1,208.4,175.2,196.48,175.2,75.68,69.0,72.4,69.0,4.0,-4.0,1.6,-4.0,0.22,0.1,0.228,0.1,161,14,196.4,207.56,205.68,204.92,68.68,72.32,72.16,72.32,1.2,2.2,2.7,-1.0,0.271,0.314,0.298,0.297,-135,-13,12.0,-32.36,-9.2,-29.72,7.0,-3.32,0.24,-3.32,2.8,-6.2,-1.1,-3.0,-0.052,-0.214,-0.07,-0.197,0
2025-07-25,Haven,FNATIC,"Movistar KOI						
							(KOI)",162,22,206.92,187.52,205.24,202.5,71.08,70.16,71.78,74.74,3.4,0.2,3.5,2.2,0.288,0.274,0.294,0.336,27,0,200.92,,195.28,,71.08,,71.46,,0.6,,0.1,,0.207,,0.237,,135,22,6.0,,9.96,,0.0,,0.32,,2.8,,3.4,,0.081,,0.057,,1
2025-07-25,Icebox,Sentinels,FURIA,133,13,187.32,186.24,197.5,191.7,70.24,65.48,73.08,70.14,-2.0,-3.0,-1.0,-0.5,0.299,0.322,0.291,0.33,70,10,161.56,191.96,166.8,181.88,60.08,69.88,62.04,66.46,-3.6,0.0,-2.8,-1.7,0.217,0.29,0.216,0.25,63,3,25.76,-5.72,30.7,9.82,10.16,-4.4,11.04,3.68,1.6,-3.0,1.8,1.2,0.081,0.032,0.075,0.08,1
2025-07-25,Sunset,Sentinels,FURIA,134,12,203.44,209.12,199.4,212.16,73.68,74.44,73.26,75.06,0.2,-1.0,-0.8,0.1,0.336,0.36,0.292,0.313,71,2,164.64,196.3,164.48,196.3,60.28,68.0,61.0,68.0,-3.8,3.0,-2.8,3.0,0.205,0.14,0.185,0.14,63,10,38.8,12.82,34.92,15.86,13.4,6.44,12.26,7.06,4.0,-4.0,2.0,-2.9,0.131,0.221,0.107,0.174,1
2025-07-25,Haven,G2 Esports,2Game Esports,113,14,190.4,198.28,200.38,197.58,69.24,75.4,74.64,72.96,-5.6,1.4,-2.9,-1.4,0.233,0.347,0.298,0.319,14,2,181.44,171.8,181.4,171.8,65.16,56.6,68.24,56.6,-0.6,-1.5,-1.7,-1.5,0.232,0.205,0.206,0.205,99,12,8.96,26.48,18.98,25.78,4.08,18.8,6.4,16.36,-5.0,2.9,-1.2,0.1,0.002,0.142,0.092,0.114,1
2025-07-25,Ascent,2Game Esports,G2 Esports,15,3,178.16,188.333,180.14,188.333,63.2,74.8,67.54,74.8,0.2,1.0,-1.0,1.0,0.221,0.252,0.207,0.252,114,14,198.4,209.96,199.42,201.34,71.92,75.44,74.1,73.64,-3.4,0.8,-3.7,0.4,0.263,0.275,0.288,0.288,-99,-11,-20.24,-21.627,-19.28,-13.007,-8.72,-0.64,-6.56,1.16,3.6,0.2,2.7,0.6,-0.042,-0.022,-0.082,-0.036,0
2025-07-25,Icebox,DetonatioN FocusMe,TALON,64,4,191.88,194.95,190.16,194.95,67.4,69.25,66.48,69.25,-1.6,-3.25,-2.8,-3.25,0.3,0.208,0.286,0.208,89,12,214.28,199.24,200.38,190.6,76.32,71.04,72.4,68.38,2.0,3.4,2.1,1.7,0.329,0.281,0.34,0.29,-25,-8,-22.4,-4.29,-10.22,4.35,-8.92,-1.79,-5.92,0.87,-3.6,-6.65,-4.9,-4.95,-0.029,-0.073,-0.054,-0.082,1
2025-07-25,Corrode,DetonatioN FocusMe,TALON,65,0,184.68,,191.64,,64.52,,67.48,,-0.6,,-1.9,,0.3,,0.304,,90,0,208.36,,195.36,,75.64,,70.62,,1.4,,0.2,,0.307,,0.322,,-25,0,-23.68,,-3.72,,-11.12,,-3.14,,-2.0,,-2.1,,-0.007,,-0.018,,0
2025-07-25,Corrode,Global Esports,Gen.G,63,2,189.36,211.7,190.68,211.7,67.32,74.9,69.5,74.9,0.4,6.0,0.0,6.0,0.231,0.361,0.226,0.361,156,1,203.0,221.2,193.96,221.2,73.36,83.0,71.72,83.0,2.2,1.0,1.8,1.0,0.35,0.368,0.29,0.368,-93,1,-13.64,-9.5,-3.28,-9.5,-6.04,-8.1,-2.22,-8.1,-1.8,5.0,-1.8,5.0,-0.119,-0.007,-0.064,-0.007,0
2025-07-25,Icebox,Gen.G,Global Esports,157,15,200.8,204.32,197.9,204.98,72.96,74.72,72.64,74.92,3.2,2.4,2.2,2.0,0.366,0.314,0.31,0.316,64,7,178.64,209.64,189.66,210.229,63.76,74.16,68.1,72.714,-1.2,-1.2,-0.6,-0.857,0.172,0.266,0.221,0.268,93,8,22.16,-5.32,8.24,-5.249,9.2,0.56,4.54,2.206,4.4,3.6,2.8,2.857,0.194,0.048,0.089,0.048,0
2025-07-25,Sunset,TALON,DetonatioN FocusMe,91,6,204.08,195.12,200.42,193.367,75.8,69.56,72.54,69.233,1.4,-1.2,1.2,-1.333,0.336,0.238,0.342,0.247,66,5,193.68,187.6,188.96,187.6,66.24,74.04,66.56,74.04,-0.6,-1.8,-2.5,-1.8,0.304,0.229,0.271,0.229,25,1,10.4,7.52,11.46,5.767,9.56,-4.48,5.98,-4.807,2.0,0.6,3.7,0.467,0.032,0.01,0.071,0.019,0
2025-07-26,Corrode,100 Thieves,"VISA KRÜ						
							(KRÜ Esports)",88,0,196.92,,194.1,,73.0,,74.2,,-2.2,,-1.0,,0.287,,0.281,,19,1,204.0,158.0,199.1,158.0,81.4,70.8,76.24,70.8,0.8,0.0,0.8,0.0,0.267,0.318,0.245,0.318,69,-1,-7.08,,-5.0,,-8.4,,-2.04,,-3.0,,-1.8,,0.02,,0.036,,1
2025-07-26,Bind,"VISA KRÜ						
							(KRÜ Esports)",100 Thieves,20,0,195.76,,195.26,,76.52,,75.12,,-0.6,,-0.1,,0.26,,0.247,,89,13,204.6,194.12,197.3,209.48,76.8,70.76,75.12,76.5,1.2,-2.0,-0.2,1.0,0.31,0.258,0.292,0.292,-69,-13,-8.84,,-2.04,,-0.28,,-0.0,,-1.8,,0.1,,-0.05,,-0.045,,0
2025-07-26,Corrode,LOUD,NRG,115,0,198.4,,197.22,,71.84,,70.64,,0.0,,1.0,,0.267,,0.288,,95,0,188.16,,185.48,,70.52,,70.36,,-1.8,,-1.8,,0.234,,0.188,,20,0,10.24,,11.74,,1.32,,0.28,,1.8,,2.8,,0.032,,0.099,,0
2025-07-26,Haven,NRG,LOUD,96,12,186.24,193.28,190.52,198.18,70.24,71.6,71.88,73.56,-2.0,-0.2,-1.0,0.0,0.249,0.328,0.222,0.323,116,12,188.16,193.72,191.04,202.52,67.72,70.8,67.88,76.44,0.4,0.4,0.1,3.1,0.249,0.28,0.264,0.302,-20,0,-1.92,-0.44,-0.52,-4.34,2.52,0.8,4.0,-2.88,-2.4,-0.6,-1.1,-3.1,0.0,0.049,-0.041,0.021,1
2025-07-26,Icebox,Nongshim RedForce,Rex Regum Qeon,22,2,203.52,185.0,203.38,185.0,72.04,66.1,72.66,66.1,3.4,2.5,2.5,2.5,0.273,0.149,0.254,0.149,92,12,185.92,191.64,181.62,201.5,67.72,70.68,66.58,71.54,-2.0,-1.4,-2.0,0.2,0.171,0.263,0.194,0.285,-70,-10,17.6,-6.64,21.76,-16.5,4.32,-4.58,6.08,-5.44,5.4,3.9,4.5,2.3,0.102,-0.114,0.06,-0.137,0
2025-07-26,Haven,Nongshim RedForce,Rex Regum Qeon,23,2,194.92,194.5,198.7,194.5,67.6,70.4,70.74,70.4,1.2,-4.0,1.3,-4.0,0.241,0.285,0.233,0.285,93,14,202.6,193.04,186.44,198.42,73.44,68.92,67.74,70.56,0.8,2.0,-1.0,0.7,0.214,0.274,0.196,0.288,-70,-12,-7.68,1.46,12.26,-3.92,-5.84,1.48,3.0,-0.16,0.4,-6.0,2.3,-4.7,0.027,0.011,0.037,-0.003,0
2025-07-26,Corrode,Nongshim RedForce,Rex Regum Qeon,24,0,184.92,,192.94,,66.4,,69.5,,-1.2,,0.2,,0.241,,0.227,,94,1,204.0,156.8,188.0,156.8,76.56,59.0,68.52,59.0,2.2,-6.0,0.0,-6.0,0.27,0.1,0.215,0.1,-70,-1,-19.08,,4.94,,-10.16,,0.98,,-3.4,,0.2,,-0.028,,0.012,,1
2025-07-26,Sunset,ZETA DIVISION,T1,83,8,181.72,191.8,186.88,200.45,61.4,73.08,66.06,75.55,-4.2,-0.2,-1.2,0.625,0.237,0.29,0.252,0.307,130,6,194.16,190.44,190.02,188.567,64.68,71.6,65.66,71.5,-1.2,-2.0,-3.0,-1.333,0.285,0.237,0.253,0.232,-47,2,-12.44,1.36,-3.14,11.883,-3.28,1.48,0.4,4.05,-3.0,1.8,1.8,1.958,-0.048,0.053,-0.001,0.075,0
2025-07-26,Corrode,ZETA DIVISION,T1,84,0,198.68,,184.74,,65.84,,65.42,,-3.2,,-1.4,,0.244,,0.232,,131,1,201.32,186.2,195.46,186.2,68.44,65.4,67.66,65.4,-0.4,1.0,-2.2,1.0,0.345,0.391,0.279,0.391,-47,-1,-2.64,,-10.72,,-2.6,,-2.24,,-2.8,,0.8,,-0.101,,-0.047,,0
2025-07-27,Lotus,Evil Geniuses,Cloud9,120,24,194.8,211.28,201.04,202.44,68.0,72.2,69.6,71.18,-2.4,-0.2,-0.4,-0.3,0.246,0.294,0.285,0.28,89,17,206.64,192.56,204.14,196.26,76.88,69.84,74.56,73.64,1.6,-3.6,0.7,-1.9,0.27,0.306,0.276,0.299,31,7,-11.84,18.72,-3.1,6.18,-8.88,2.36,-4.96,-2.46,-4.0,3.4,-1.1,1.6,-0.023,-0.011,0.009,-0.019,0
2025-07-27,Icebox,DRX,Team Secret,151,13,188.2,188.6,191.16,188.92,69.72,70.48,69.62,69.12,-1.8,-1.6,0.3,-0.6,0.252,0.31,0.292,0.29,89,8,205.48,212.04,197.5,206.8,73.0,74.12,71.1,72.2,-3.6,2.4,-3.6,1.5,0.282,0.322,0.245,0.297,62,5,-17.28,-23.44,-6.34,-17.88,-3.28,-3.64,-1.48,-3.08,1.8,-4.0,3.9,-2.1,-0.031,-0.012,0.047,-0.006,1
2025-07-27,Corrode,Team Secret,DRX,90,1,198.32,205.2,195.38,205.2,69.44,71.8,70.04,71.8,-3.2,-6.0,-2.9,-6.0,0.25,0.227,0.245,0.227,152,1,200.4,183.8,196.52,183.8,72.92,66.2,71.5,66.2,-1.4,-1.0,0.2,-1.0,0.284,0.211,0.292,0.211,-62,0,-2.08,21.4,-1.14,21.4,-3.48,5.6,-1.46,5.6,-1.8,-5.0,-3.1,-5.0,-0.034,0.017,-0.048,0.017,0
2025-07-27,Bind,Paper Rex,BOOM Esports,178,18,216.32,197.2,209.32,203.42,76.8,72.36,74.48,74.66,4.4,1.8,1.4,1.7,0.323,0.286,0.341,0.299,20,1,186.84,178.4,186.42,178.4,69.44,70.4,68.4,70.4,-1.4,7.0,-1.6,7.0,0.2,0.238,0.212,0.238,158,17,29.48,18.8,22.9,25.02,7.36,1.96,6.08,4.26,5.8,-5.2,3.0,-5.3,0.123,0.048,0.129,0.061,1
2025-07-27,Lotus,Paper Rex,BOOM Esports,179,37,218.28,209.08,208.54,216.42,77.92,74.28,74.62,77.06,3.4,2.4,0.7,2.6,0.342,0.326,0.354,0.307,21,2,186.76,210.9,184.86,210.9,70.24,70.2,68.02,70.2,-0.6,-1.5,-2.4,-1.5,0.191,0.29,0.195,0.29,158,35,31.52,-1.82,23.68,5.52,7.68,4.08,6.6,6.86,4.0,3.9,3.1,4.1,0.151,0.036,0.159,0.018,1
2025-07-27,Haven,Evil Geniuses,Cloud9,121,9,193.72,191.48,196.7,186.733,66.4,72.04,67.8,69.311,-2.8,-0.6,-0.8,-3.222,0.236,0.251,0.263,0.27,90,10,216.96,190.68,204.66,190.58,79.04,73.52,74.48,71.28,2.6,-1.2,0.9,0.4,0.265,0.25,0.258,0.285,31,-1,-23.24,0.8,-7.96,-3.847,-12.64,-1.48,-6.68,-1.969,-5.4,0.6,-1.7,-3.622,-0.029,0.001,0.005,-0.015,0
2025-07-27,Lotus,LEVIATÁN,MIBR,120,18,183.6,190.92,196.06,194.7,70.28,70.36,73.98,72.8,-2.0,2.2,-0.6,1.4,0.342,0.238,0.306,0.262,75,13,175.84,207.32,172.44,195.08,67.2,74.2,65.04,70.22,-4.2,1.6,-3.5,-0.4,0.235,0.303,0.221,0.272,45,5,7.76,-16.4,23.62,-0.38,3.08,-3.84,8.94,2.58,2.2,0.6,2.9,1.8,0.107,-0.065,0.085,-0.01,1
2025-07-27,Sunset,MIBR,LEVIATÁN,76,6,173.24,183.48,169.3,185.0,67.2,63.72,64.78,64.367,-2.6,-3.8,-3.3,-3.333,0.24,0.227,0.214,0.213,121,11,190.08,210.56,193.98,216.78,72.28,77.08,73.46,78.14,-1.6,4.8,-1.5,5.3,0.313,0.345,0.313,0.343,-45,-5,-16.84,-27.08,-24.68,-31.78,-5.08,-13.36,-8.68,-13.773,-1.0,-8.6,-1.8,-8.633,-0.073,-0.117,-0.098,-0.13,0
2025-07-30,Bind,FUT Esports,GIANTX,110,10,191.68,180.68,186.54,190.42,67.44,66.92,67.14,69.22,-3.0,-1.4,-1.1,-0.4,0.248,0.254,0.252,0.278,43,4,197.56,187.95,196.68,187.95,71.28,71.4,72.26,71.4,1.8,3.75,0.7,3.75,0.36,0.299,0.309,0.299,67,6,-5.88,-7.27,-10.14,2.47,-3.84,-4.48,-5.12,-2.18,-4.8,-5.15,-1.8,-4.15,-0.113,-0.045,-0.057,-0.02,1
2025-07-30,Sunset,Gentle Mates,BBL Esports,42,8,205.64,188.56,196.48,194.6,75.28,68.0,71.56,70.225,-1.6,-0.8,-2.9,-2.25,0.272,0.226,0.278,0.267,74,7,198.6,197.56,200.22,199.6,68.0,69.44,69.0,71.057,-0.8,1.2,-0.3,2.143,0.286,0.311,0.308,0.308,-32,1,7.04,-9.0,-3.74,-5.0,7.28,-1.44,2.56,-0.832,-0.8,-2.0,-2.6,-4.393,-0.014,-0.085,-0.03,-0.041,0
2025-07-30,Lotus,Gentle Mates,BBL Esports,43,6,190.88,182.36,190.82,175.967,68.4,68.56,69.28,65.367,-4.4,-2.8,-4.1,-3.833,0.244,0.249,0.256,0.218,75,9,210.48,200.0,200.6,190.911,73.72,70.84,69.62,68.978,2.4,2.6,0.2,0.111,0.319,0.335,0.305,0.282,-32,-3,-19.6,-17.64,-9.78,-14.944,-5.32,-2.28,-0.34,-3.611,-6.8,-5.4,-4.3,-3.944,-0.075,-0.086,-0.049,-0.064,0
2025-07-30,Haven,GIANTX,FUT Esports,44,3,195.96,179.067,196.18,179.067,69.36,65.467,71.78,65.467,-1.4,-2.333,-0.6,-2.333,0.324,0.175,0.303,0.175,111,11,190.24,177.36,192.26,185.38,66.56,64.44,69.04,67.66,-1.8,-6.0,-0.4,-4.7,0.27,0.257,0.28,0.273,-67,-8,5.72,1.707,3.92,-6.313,2.8,1.027,2.74,-2.193,0.4,3.667,-0.2,2.367,0.054,-0.081,0.022,-0.098,0
2025-07-30,Sunset,GIANTX,FUT Esports,45,6,193.6,183.56,196.06,184.667,69.08,68.08,71.08,67.633,-1.4,2.8,-0.3,2.667,0.269,0.266,0.313,0.267,112,9,192.24,208.56,193.26,204.689,66.12,73.56,68.5,73.244,-2.0,2.6,-1.4,1.556,0.281,0.307,0.264,0.327,-67,-3,1.36,-25.0,2.8,-20.022,2.96,-5.48,2.58,-5.611,0.6,0.2,1.1,1.111,-0.012,-0.041,0.048,-0.06,1
2025-07-31,Haven,"Movistar KOI						
							(KOI)",Karmine Corp,28,1,193.96,183.8,195.68,183.8,69.2,65.2,71.96,65.2,-1.4,-4.0,0.7,-4.0,0.22,0.292,0.239,0.292,87,6,205.36,168.84,199.3,176.6,72.72,62.2,71.94,64.467,-1.8,-0.4,-2.3,0.333,0.316,0.196,0.289,0.205,-59,-5,-11.4,14.96,-3.62,7.2,-3.52,3.0,0.02,0.733,0.4,-3.6,3.0,-4.333,-0.096,0.096,-0.05,0.087,0
2025-07-31,Sunset,"Movistar KOI						
							(KOI)",Karmine Corp,29,1,181.68,149.6,192.34,149.6,65.52,73.0,70.96,73.0,-4.2,2.0,0.4,2.0,0.186,0.1,0.229,0.1,88,9,203.16,194.4,200.18,197.867,72.52,72.24,72.76,73.533,-0.6,1.4,-1.2,-0.222,0.326,0.249,0.297,0.271,-59,-8,-21.48,-44.8,-7.84,-48.267,-7.0,0.76,-1.8,-0.533,-3.6,0.6,1.6,2.222,-0.14,-0.149,-0.068,-0.171,0
2025-07-31,Lotus,Apeks,Team Liquid,18,5,192.44,186.6,183.12,186.6,73.04,70.52,69.64,70.52,0.8,2.6,0.2,2.6,0.251,0.267,0.21,0.267,117,23,222.6,204.84,207.42,191.52,78.32,77.64,75.58,71.64,0.8,2.6,2.1,0.1,0.359,0.363,0.313,0.261,-99,-18,-30.16,-18.24,-24.3,-4.92,-5.28,-7.12,-5.94,-1.12,-0.0,-0.0,-1.9,2.5,-0.108,-0.097,-0.104,0.006,0
2025-07-31,Ascent,Team Liquid,Apeks,118,16,228.56,202.68,210.54,200.74,81.92,73.12,76.72,72.54,4.0,0.2,2.1,0.0,0.39,0.285,0.319,0.3,19,3,185.16,199.733,182.18,199.733,69.68,73.0,69.06,73.0,-1.2,-0.667,-0.5,-0.667,0.22,0.19,0.215,0.19,99,13,43.4,2.947,28.36,1.007,12.24,0.12,7.66,-0.46,5.2,0.867,2.6,0.667,0.17,0.094,0.104,0.11,1
2025-07-31,Lotus,Karmine Corp,"Movistar KOI						
							(KOI)",89,20,211.56,198.24,206.46,198.4,77.96,74.48,74.56,76.94,0.8,-3.8,-0.3,-0.4,0.321,0.27,0.295,0.295,30,4,174.28,167.75,190.08,167.75,62.24,68.0,68.48,68.0,-3.8,-1.75,0.0,-1.75,0.189,0.2,0.215,0.2,59,16,37.28,30.49,16.38,30.65,15.72,6.48,6.08,8.94,4.6,-2.05,-0.3,1.35,0.132,0.07,0.079,0.095,0
2025-07-31,Corrode,Apeks,Team Liquid,20,1,189.44,145.2,181.0,145.2,72.12,55.0,68.86,55.0,-1.4,-2.0,-0.9,-2.0,0.258,0.188,0.224,0.188,119,1,218.36,222.2,208.98,222.2,79.96,78.0,76.52,78.0,3.8,0.0,1.9,0.0,0.388,0.35,0.323,0.35,-99,0,-28.92,-77.0,-27.98,-77.0,-7.84,-23.0,-7.66,-23.0,-5.2,-2.0,-2.8,-2.0,-0.131,-0.162,-0.1,-0.162,1
2025-08-01,Ascent,Team Secret,Gen.G,91,11,187.08,204.24,188.62,210.38,68.88,74.44,69.16,77.52,-3.6,-0.2,-3.4,2.4,0.217,0.238,0.225,0.298,158,27,189.88,197.32,196.42,203.04,67.64,73.04,72.06,74.4,-0.2,1.6,1.6,1.6,0.293,0.286,0.295,0.301,-67,-16,-2.8,6.92,-7.8,7.34,1.24,1.4,-2.9,3.12,-3.4,-1.8,-5.0,0.8,-0.076,-0.048,-0.07,-0.003,0
2025-08-01,Ascent,Natus Vincere,FNATIC,104,17,188.44,179.96,189.48,194.1,68.08,66.76,68.94,70.02,-1.8,1.8,-2.5,-0.3,0.312,0.202,0.299,0.249,163,15,207.8,215.36,201.96,208.28,72.12,74.6,71.24,73.24,4.6,4.6,3.2,0.0,0.308,0.338,0.286,0.29,-59,2,-19.36,-35.4,-12.48,-14.18,-4.04,-7.84,-2.3,-3.22,-6.4,-2.8,-5.7,-0.3,0.003,-0.136,0.013,-0.041,1
2025-08-01,Icebox,Natus Vincere,FNATIC,105,6,181.76,191.28,187.9,192.733,66.72,72.72,69.2,72.467,-0.8,1.0,-1.8,0.5,0.303,0.339,0.301,0.345,164,17,202.48,211.32,200.42,204.82,70.24,74.76,70.58,73.96,2.4,7.8,2.7,2.8,0.272,0.346,0.272,0.331,-59,-11,-20.72,-20.04,-12.52,-12.087,-3.52,-2.04,-1.38,-1.493,-3.2,-6.8,-4.5,-2.3,0.031,-0.006,0.029,0.014,0
2025-08-01,Bind,FNATIC,Natus Vincere,165,19,203.36,212.6,201.04,199.78,69.76,75.6,69.9,72.96,1.0,0.8,1.5,-0.8,0.295,0.389,0.289,0.324,106,11,194.32,186.52,190.2,192.82,69.36,69.88,69.38,70.46,1.0,2.4,-1.0,-0.6,0.281,0.295,0.291,0.291,59,8,9.04,26.08,10.84,6.96,0.4,5.72,0.52,2.5,-0.0,-1.6,2.5,-0.2,0.014,0.093,-0.002,0.033,1
2025-08-01,Haven,Team Heretics,Team Vitality,132,14,203.48,220.4,192.54,209.16,70.8,80.08,67.76,78.5,2.0,3.6,0.7,3.1,0.263,0.353,0.253,0.348,103,15,204.04,187.8,197.1,186.72,76.92,68.6,73.24,67.22,3.2,-3.8,-1.0,-3.4,0.318,0.297,0.311,0.261,29,-1,-0.56,32.6,-4.56,22.44,-6.12,11.48,-5.48,11.28,-1.2,7.4,1.7,6.5,-0.055,0.056,-0.058,0.087,1
2025-08-01,Lotus,Gen.G,Team Secret,159,26,200.24,206.84,199.88,205.02,70.88,73.8,73.02,74.74,1.6,0.2,1.5,0.5,0.309,0.355,0.303,0.308,92,18,176.84,193.96,182.88,195.0,64.6,70.4,66.54,71.72,-3.0,-4.2,-4.3,-2.8,0.197,0.219,0.222,0.237,67,8,23.4,12.88,17.0,10.02,6.28,3.4,6.48,3.02,4.6,4.4,5.8,3.3,0.113,0.136,0.082,0.071,1
2025-08-01,Ascent,Team Heretics,Team Vitality,133,7,201.08,197.64,196.12,185.571,69.56,72.32,68.68,67.371,1.6,0.4,1.5,-0.857,0.275,0.265,0.255,0.236,104,10,210.36,205.2,193.42,199.08,76.96,72.8,71.34,71.12,2.4,-1.6,-1.2,-1.5,0.318,0.382,0.286,0.339,29,-3,-9.28,-7.56,2.7,-13.509,-7.4,-0.48,-2.66,-3.749,-0.8,2.0,2.7,0.643,-0.043,-0.118,-0.031,-0.103,1
2025-08-01,Haven,LEVIATÁN,NRG,122,10,199.36,211.08,194.44,199.52,72.36,77.08,72.76,73.98,-1.4,3.2,-1.8,0.7,0.322,0.302,0.315,0.246,97,13,193.16,198.84,191.92,200.16,70.44,74.0,72.18,73.78,-1.8,0.4,-1.2,-0.5,0.298,0.326,0.253,0.339,25,-3,6.2,12.24,2.52,-0.64,1.92,3.08,0.58,0.2,0.4,2.8,-0.6,1.2,0.023,-0.024,0.062,-0.093,1
2025-08-01,Lotus,NRG,LEVIATÁN,98,13,191.52,190.24,192.1,198.04,72.0,70.12,73.02,72.54,-1.0,0.8,-0.4,2.0,0.301,0.236,0.273,0.267,123,19,197.6,187.24,194.76,194.0,71.44,70.2,73.14,72.64,-4.0,0.8,-2.5,0.5,0.337,0.238,0.331,0.249,-25,-6,-6.08,3.0,-2.66,4.04,0.56,-0.08,-0.12,-0.1,3.0,-0.0,2.1,1.5,-0.035,-0.002,-0.058,0.018,1
2025-08-01,Ascent,2Game Esports,FURIA,16,4,184.96,184.75,178.5,184.75,64.6,69.9,64.84,69.9,0.6,-0.5,-1.4,-0.5,0.235,0.237,0.194,0.237,72,11,158.6,193.2,164.84,191.14,59.24,69.32,61.84,70.38,-5.2,-3.8,-3.1,-2.1,0.114,0.235,0.158,0.26,-56,-7,26.36,-8.45,13.66,-6.39,5.36,0.58,3.0,-0.48,5.8,3.3,1.7,1.6,0.121,0.002,0.036,-0.023,1
2025-08-01,Sunset,FURIA,2Game Esports,73,3,162.04,186.267,166.82,186.267,59.72,66.6,62.08,66.6,-4.0,-1.667,-2.5,-1.667,0.084,0.093,0.159,0.093,17,1,194.96,215.6,183.92,215.6,67.0,75.0,66.4,75.0,-1.2,2.0,-1.4,2.0,0.243,0.3,0.21,0.3,56,2,-32.92,-29.333,-17.1,-29.333,-7.28,-8.4,-4.32,-8.4,-2.8,-3.667,-1.1,-3.667,-0.16,-0.207,-0.051,-0.207,0
2025-08-01,Corrode,2Game Esports,FURIA,18,0,205.84,,188.74,,71.36,,67.5,,0.0,,-0.6,,0.272,,0.233,,74,0,169.16,,163.72,,62.32,,60.12,,-4.2,,-3.7,,0.072,,0.135,,-56,0,36.68,,25.02,,9.04,,7.38,,4.2,,3.1,,0.2,,0.097,,0
2025-08-01,Corrode,TALON,T1,92,1,200.72,206.2,197.76,206.2,73.52,78.2,71.36,78.2,1.2,4.0,0.6,4.0,0.305,0.455,0.301,0.455,132,2,206.08,207.2,199.46,207.2,69.96,69.4,68.58,69.4,1.8,2.0,-1.5,2.0,0.365,0.386,0.289,0.386,-40,-1,-5.36,-1.0,-1.7,-1.0,3.56,8.8,2.78,8.8,-0.6,2.0,2.1,2.0,-0.06,0.068,0.013,0.068,1
2025-08-01,Icebox,LEVIATÁN,NRG,124,24,196.28,183.12,189.32,198.12,72.24,70.12,71.82,72.16,-2.2,-2.0,-1.3,0.7,0.308,0.273,0.314,0.316,99,5,204.48,208.24,196.38,208.24,77.64,75.32,73.86,75.32,-0.4,-0.8,-0.9,-0.8,0.368,0.287,0.307,0.287,25,19,-8.2,-25.12,-7.06,-10.12,-5.4,-5.2,-2.04,-3.16,-1.8,-1.2,-0.4,1.5,-0.059,-0.014,0.007,0.029,0
2025-08-01,Lotus,TALON,T1,93,16,195.76,185.0,198.18,186.38,72.8,68.96,71.82,69.88,-0.6,-2.4,-0.1,-0.6,0.288,0.226,0.3,0.269,133,27,205.44,185.64,199.36,196.66,72.36,62.08,68.16,69.0,2.0,-4.0,-1.4,-2.3,0.364,0.236,0.299,0.255,-40,-11,-9.68,-0.64,-1.18,-10.28,0.44,6.88,3.66,0.88,-2.6,1.6,1.3,1.7,-0.075,-0.011,0.001,0.014,1
2025-08-02,Ascent,DRX,Rex Regum Qeon,153,20,208.32,198.56,196.82,195.3,77.04,74.72,72.32,73.1,0.6,1.8,1.2,0.7,0.324,0.3,0.287,0.288,95,18,212.0,186.52,192.84,199.4,80.96,69.32,71.68,73.42,4.4,-0.4,0.6,-0.1,0.273,0.255,0.222,0.271,58,2,-3.68,12.04,3.98,-4.1,-3.92,5.4,0.64,-0.32,-3.8,2.2,0.6,0.8,0.051,0.044,0.065,0.017,1
2025-08-02,Bind,DRX,Rex Regum Qeon,154,20,209.4,195.64,197.78,189.58,75.68,70.4,72.32,68.34,1.0,-2.8,0.6,-3.0,0.337,0.274,0.301,0.25,96,2,207.6,191.7,190.82,191.7,79.32,66.9,71.16,66.9,3.6,-7.0,0.5,-7.0,0.237,0.392,0.194,0.392,58,18,1.8,3.94,6.96,-2.12,-3.64,3.5,1.16,1.44,-2.6,4.2,0.1,4.0,0.1,-0.118,0.106,-0.142,1
2025-08-02,Corrode,BOOM Esports,DetonatioN FocusMe,22,1,190.44,190.4,183.68,190.4,71.56,72.2,67.38,72.2,-0.8,-1.0,-3.2,-1.0,0.209,0.217,0.188,0.217,67,1,188.16,180.6,192.76,180.6,66.84,62.8,68.16,62.8,0.6,-4.0,-0.9,-4.0,0.307,0.091,0.293,0.091,-45,0,2.28,9.8,-9.08,9.8,4.72,9.4,-0.78,9.4,-1.4,3.0,-2.3,3.0,-0.098,0.126,-0.105,0.126,0
2025-08-02,Lotus,BOOM Esports,DetonatioN FocusMe,23,3,188.44,207.0,184.86,207.0,69.2,70.667,67.24,70.667,-1.6,-2.667,-2.0,-2.667,0.175,0.266,0.184,0.266,68,17,200.64,154.72,198.6,167.26,71.2,59.12,70.56,62.1,0.8,-5.4,-0.1,-4.4,0.313,0.156,0.305,0.162,-45,-14,-12.2,52.28,-13.74,39.74,-2.0,11.547,-3.32,8.567,-2.4,2.733,-1.9,1.733,-0.139,0.11,-0.121,0.104,0
2025-08-02,Lotus,Cloud9,Sentinels,91,18,219.92,205.32,206.78,200.36,77.76,73.72,74.24,74.64,2.0,-1.8,0.4,-0.9,0.307,0.308,0.286,0.289,135,27,217.52,203.72,201.28,193.3,78.2,77.64,73.8,73.58,4.4,0.4,0.2,-0.1,0.366,0.389,0.303,0.324,-44,-9,2.4,1.6,5.5,7.06,-0.44,-3.92,0.44,1.06,-2.4,-2.2,0.2,-0.8,-0.059,-0.08,-0.016,-0.036,0
2025-08-02,Haven,Cloud9,Sentinels,92,11,210.96,201.44,199.24,190.3,80.28,73.52,74.08,70.18,2.0,-0.6,-0.1,-0.8,0.265,0.284,0.262,0.265,136,14,218.0,212.2,203.82,209.34,79.6,73.0,75.92,75.24,2.2,-1.2,0.0,-0.4,0.379,0.35,0.322,0.313,-44,-3,-7.04,-10.76,-4.58,-19.04,0.68,0.52,-1.84,-5.06,-0.2,0.6,-0.1,-0.4,-0.114,-0.066,-0.06,-0.048,0
2025-08-02,Icebox,100 Thieves,MIBR,90,12,216.04,196.64,201.58,201.66,79.76,72.24,75.86,73.28,3.4,-3.2,-0.3,-0.9,0.386,0.265,0.307,0.326,77,14,168.92,211.48,165.12,198.16,65.48,77.08,63.98,71.48,-1.0,1.6,-3.9,-0.7,0.205,0.413,0.195,0.318,13,-2,47.12,-14.84,36.46,3.5,14.28,-4.84,11.88,1.8,4.4,-4.8,3.6,-0.2,0.181,-0.148,0.113,0.008,0
2025-08-02,Bind,MIBR,100 Thieves,78,4,174.96,171.75,169.1,171.75,66.6,60.45,65.46,60.45,-1.2,0.0,-3.3,0.0,0.211,0.23,0.212,0.23,91,14,212.08,195.6,203.5,208.2,79.4,72.48,76.46,75.96,3.6,-0.8,0.7,1.0,0.392,0.303,0.328,0.312,-13,-10,-37.12,-23.85,-34.4,-36.45,-12.8,-12.03,-11.0,-15.51,-4.8,0.8,-4.0,-1.0,-0.181,-0.073,-0.115,-0.081,1
2025-08-03,Bind,LOUD,"VISA KRÜ						
							(KRÜ Esports)",117,11,179.48,188.24,186.36,197.14,65.4,71.0,66.8,70.86,1.4,-3.0,0.2,-3.2,0.231,0.279,0.234,0.294,21,1,184.4,149.0,188.48,149.0,72.64,59.0,73.38,59.0,-0.6,-2.0,-0.7,-2.0,0.252,0.167,0.227,0.167,96,10,-4.92,39.24,-2.12,48.14,-7.24,12.0,-6.58,11.86,2.0,-1.0,0.9,-1.2,-0.021,0.113,0.006,0.127,1
2025-08-03,Ascent,"VISA KRÜ						
							(KRÜ Esports)",LOUD,22,2,191.04,209.7,187.26,209.7,71.4,80.4,72.54,80.4,-0.2,4.5,-0.4,4.5,0.224,0.372,0.215,0.372,118,21,189.28,185.04,193.24,192.5,66.04,65.52,68.26,70.02,2.8,-0.8,0.2,2.0,0.233,0.232,0.25,0.241,-96,-19,1.76,24.66,-5.98,17.2,5.36,14.88,4.28,10.38,-3.0,5.3,-0.6,2.5,-0.009,0.14,-0.035,0.131,1
2025-08-03,Haven,G2 Esports,Evil Geniuses,115,15,204.6,200.36,199.74,200.36,73.6,74.92,73.9,74.42,-0.6,-0.4,-2.7,-0.8,0.259,0.332,0.279,0.313,122,10,185.76,191.32,193.52,186.16,66.32,70.44,67.48,69.26,-1.8,-0.4,-0.7,-2.6,0.234,0.237,0.261,0.269,-7,5,18.84,9.04,6.22,14.2,7.28,4.48,6.42,5.16,1.2,0.0,-2.0,1.8,0.025,0.095,0.018,0.044,1
2025-08-03,Corrode,Evil Geniuses,G2 Esports,123,0,182.36,,190.08,,66.0,,66.84,,-1.6,,-1.2,,0.164,,0.232,,116,1,214.64,177.6,200.4,177.6,77.72,63.8,73.84,63.8,2.6,-13.0,-2.6,-13.0,0.306,0.238,0.291,0.238,7,-1,-32.28,,-10.32,,-11.72,,-7.0,,-4.2,,1.4,,-0.142,,-0.059,,1
2025-08-03,Lotus,Paper Rex,ZETA DIVISION,180,38,216.32,211.52,208.92,216.38,76.4,74.24,74.08,76.96,2.8,3.4,1.1,3.3,0.328,0.329,0.356,0.31,85,14,186.32,199.0,178.34,202.66,59.12,72.4,62.76,74.72,-4.6,2.2,-2.6,1.3,0.187,0.299,0.205,0.288,95,24,30.0,12.52,30.58,13.72,17.28,1.84,11.32,2.24,7.4,1.2,3.7,2.0,0.141,0.029,0.15,0.022,0
2025-08-03,Bind,Global Esports,Nongshim RedForce,65,1,185.16,159.6,194.84,159.6,66.64,54.4,69.52,54.4,-1.2,-6.0,1.2,-6.0,0.218,0.167,0.243,0.167,25,1,185.92,215.0,194.32,215.0,68.88,76.0,70.82,76.0,-2.0,3.0,-0.2,3.0,0.291,0.412,0.259,0.412,40,0,-0.76,-55.4,0.52,-55.4,-2.24,-21.6,-1.3,-21.6,0.8,-9.0,1.4,-9.0,-0.073,-0.245,-0.016,-0.245,0
2025-08-03,Corrode,Nongshim RedForce,Global Esports,26,1,186.68,188.4,198.2,188.4,69.48,76.8,71.98,76.8,-1.6,-2.0,1.1,-2.0,0.257,0.417,0.265,0.417,66,3,191.12,198.067,194.42,198.067,70.44,70.267,70.04,70.267,-1.0,2.0,0.5,2.0,0.242,0.291,0.253,0.291,-40,-2,-4.44,-9.667,3.78,-9.667,-0.96,6.533,1.94,6.533,-0.6,-4.0,0.6,-4.0,0.015,0.126,0.012,0.126,1
2025-08-03,Ascent,Evil Geniuses,G2 Esports,124,17,181.8,201.28,190.22,210.98,65.76,69.72,66.64,73.46,-0.8,-2.6,-1.2,1.0,0.181,0.353,0.232,0.355,117,15,213.56,212.56,203.4,203.84,76.96,78.04,73.94,74.26,2.0,1.2,-2.2,1.1,0.32,0.269,0.291,0.288,7,2,-31.76,-11.28,-13.18,7.14,-11.2,-8.32,-7.3,-0.8,-2.8,-3.8,1.0,-0.1,-0.139,0.084,-0.059,0.067,0
2025-08-03,Haven,LOUD,"VISA KRÜ						
							(KRÜ Esports)",119,13,180.04,179.96,190.22,195.62,62.92,66.04,67.22,73.76,2.4,0.6,0.8,2.1,0.228,0.223,0.247,0.296,23,2,181.12,223.8,187.44,223.8,68.84,88.0,72.94,88.0,-2.4,2.5,-0.8,2.5,0.198,0.28,0.221,0.28,96,11,-1.08,-43.84,2.78,-28.18,-5.92,-21.96,-5.72,-14.24,4.8,-1.9,1.6,-0.4,0.031,-0.057,0.027,0.016,0
2025-08-03,Sunset,ZETA DIVISION,Paper Rex,86,9,195.24,193.4,184.34,200.289,64.32,72.84,64.36,74.867,-3.0,1.4,-2.1,0.667,0.192,0.233,0.202,0.285,181,19,209.2,195.0,207.38,206.24,73.8,70.96,73.08,75.36,1.2,-3.4,1.1,-0.8,0.339,0.39,0.347,0.389,-95,-10,-13.96,-1.6,-23.04,-5.951,-9.48,1.88,-8.72,-0.493,-4.2,4.8,-3.2,1.467,-0.147,-0.158,-0.145,-0.105,1
2025-08-06,Lotus,"Movistar KOI						
							(KOI)",Apeks,31,5,171.16,170.68,189.78,170.68,60.6,68.4,68.14,68.4,-4.8,-1.8,-0.4,-1.8,0.242,0.242,0.231,0.242,21,6,188.76,179.84,184.98,184.2,70.48,68.04,69.58,69.3,-3.8,1.8,-1.5,1.0,0.241,0.227,0.229,0.24,10,-1,-17.6,-9.16,4.8,-13.52,-9.88,0.36,-1.44,-0.9,-1.0,-3.6,1.1,-2.8,0.001,0.015,0.002,0.002,0
2025-08-06,Haven,Apeks,"Movistar KOI						
							(KOI)",22,1,187.24,176.8,186.46,176.8,70.2,67.6,70.12,67.6,-4.6,-6.0,-1.5,-6.0,0.264,0.25,0.252,0.25,32,2,174.6,170.7,187.76,170.7,63.72,62.1,67.4,62.1,-1.6,-4.5,-0.5,-4.5,0.248,0.234,0.227,0.234,-10,-1,12.64,6.1,-1.3,6.1,6.48,5.5,2.72,5.5,-3.0,-1.5,-1.0,-1.5,0.017,0.016,0.024,0.016,0
2025-08-06,Haven,Team Heretics,FUT Esports,134,15,209.0,222.64,205.38,212.04,70.16,79.48,71.28,77.6,2.8,4.4,2.3,3.8,0.317,0.359,0.279,0.342,113,12,195.44,183.04,192.14,186.2,67.32,65.12,67.5,67.54,-3.2,-4.8,-1.6,-4.1,0.273,0.284,0.255,0.282,21,3,13.56,39.6,13.24,25.84,2.84,14.36,3.78,10.06,6.0,9.2,3.9,7.9,0.044,0.075,0.024,0.061,1
2025-08-06,Bind,Team Heretics,FUT Esports,135,12,203.4,205.8,207.72,205.7,68.72,74.24,71.8,75.6,1.0,0.6,1.9,1.0,0.345,0.282,0.291,0.308,114,11,203.76,184.72,192.58,193.98,70.32,67.28,67.94,70.32,-1.2,1.4,-1.6,0.8,0.28,0.279,0.248,0.282,21,1,-0.36,21.08,15.14,11.72,-1.6,6.96,3.86,5.28,2.2,-0.8,3.5,0.2,0.065,0.003,0.043,0.026,1
2025-08-06,Ascent,Apeks,"Movistar KOI						
							(KOI)",23,4,187.84,194.55,190.14,194.55,70.32,72.8,71.68,72.8,-2.8,-1.5,-1.0,-1.5,0.262,0.22,0.257,0.22,33,2,176.16,175.8,185.06,175.8,64.56,63.5,66.88,63.5,-1.4,-7.0,-1.4,-7.0,0.275,0.15,0.247,0.15,-10,2,11.68,18.75,5.08,18.75,5.76,9.3,4.8,9.3,-1.4,5.5,0.4,5.5,-0.013,0.07,0.009,0.07,0
2025-08-07,Corrode,Karmine Corp,Natus Vincere,90,0,206.6,,203.9,,79.0,,74.34,,3.6,,-0.1,,0.308,,0.292,,107,2,190.64,205.9,189.98,205.9,67.68,77.3,68.14,77.3,1.2,1.0,-0.4,1.0,0.237,0.269,0.282,0.269,-17,-2,15.96,,13.92,,11.32,,6.2,,2.4,,0.3,,0.071,,0.01,,0
2025-08-07,Sunset,Karmine Corp,Natus Vincere,91,10,205.92,198.64,203.06,203.0,77.76,73.04,73.74,75.24,2.6,2.0,-0.6,0.1,0.287,0.258,0.277,0.271,108,7,196.0,169.96,193.5,178.971,67.92,61.68,68.38,64.686,1.8,-6.0,0.2,-2.714,0.303,0.235,0.308,0.266,-17,3,9.92,28.68,9.56,24.029,9.84,11.36,5.36,10.554,0.8,8.0,-0.8,2.814,-0.015,0.023,-0.031,0.005,0
2025-08-07,Ascent,Gentle Mates,GIANTX,44,3,185.4,214.867,192.12,214.867,66.24,78.0,68.98,78.0,-3.2,-3.667,-3.5,-3.667,0.228,0.328,0.241,0.328,46,4,195.08,203.35,197.76,203.35,69.04,75.3,71.72,75.3,-0.6,1.0,0.4,1.0,0.277,0.368,0.307,0.368,-2,-1,-9.68,11.517,-5.64,11.517,-2.8,2.7,-2.74,2.7,-2.6,-4.667,-3.9,-4.667,-0.05,-0.04,-0.066,-0.04,0
2025-08-07,Corrode,GIANTX,Gentle Mates,47,1,195.96,204.2,197.68,204.2,69.92,70.2,71.58,70.2,-2.2,4.0,0.6,4.0,0.28,0.333,0.307,0.333,45,1,187.36,205.8,195.3,205.8,66.32,71.6,70.12,71.6,-0.8,2.0,-2.4,2.0,0.256,0.231,0.246,0.231,2,0,8.6,-1.6,2.38,-1.6,3.6,-1.4,1.46,-1.4,-1.4,2.0,3.0,2.0,0.024,0.103,0.061,0.103,0
2025-08-07,Haven,Gentle Mates,GIANTX,46,3,188.28,177.0,196.14,177.0,65.56,67.6,70.06,67.6,0.2,-3.0,-1.5,-3.0,0.263,0.218,0.261,0.218,48,4,186.16,178.25,191.86,178.25,66.36,64.85,68.82,64.85,-2.4,-1.0,-0.3,-1.0,0.237,0.171,0.299,0.171,-2,-1,2.12,-1.25,4.28,-1.25,-0.8,2.75,1.24,2.75,2.6,-2.0,-1.2,-2.0,0.025,0.047,-0.038,0.047,0
2025-08-08,Lotus,Team Vitality,BBL Esports,105,22,208.6,210.36,192.26,210.38,75.56,79.28,70.74,76.38,2.4,4.8,-1.6,1.1,0.297,0.281,0.278,0.281,76,10,206.16,198.96,203.34,191.96,71.32,70.56,70.06,69.08,1.2,0.8,-0.6,-0.3,0.299,0.297,0.304,0.277,29,12,2.44,11.4,-11.08,18.42,4.24,8.72,0.68,7.3,1.2,4.0,-1.0,1.4,-0.002,-0.016,-0.026,0.004,1
2025-08-08,Icebox,Team Vitality,BBL Esports,106,12,213.56,187.72,195.74,193.12,77.76,65.16,72.54,67.4,3.0,-3.6,-0.2,-0.7,0.311,0.214,0.284,0.251,77,11,200.52,217.52,200.68,205.34,71.2,74.16,69.96,71.26,1.2,2.4,-0.2,0.5,0.274,0.273,0.289,0.285,29,1,13.04,-29.8,-4.94,-12.22,6.56,-9.0,2.58,-3.86,1.8,-6.0,0.0,-1.2,0.037,-0.059,-0.005,-0.033,0
2025-08-08,Bind,TALON,Paper Rex,94,7,193.08,206.24,203.68,211.4,72.12,76.16,74.22,77.0,-1.0,3.4,0.5,2.286,0.299,0.319,0.314,0.345,182,19,205.48,199.68,208.04,204.78,73.2,73.0,74.56,75.56,0.0,2.0,1.7,1.9,0.329,0.342,0.34,0.324,-88,-12,-12.4,6.56,-4.36,6.62,-1.08,3.16,-0.34,1.44,-1.0,1.4,-1.2,0.386,-0.03,-0.023,-0.026,0.021,0
2025-08-08,Icebox,Paper Rex,TALON,183,18,199.6,197.36,207.96,197.14,72.2,70.0,74.5,69.9,-0.4,-0.2,2.0,-2.6,0.354,0.278,0.339,0.284,95,13,197.12,187.56,202.74,186.58,73.24,67.88,74.44,66.68,0.0,-0.2,0.7,0.5,0.31,0.265,0.308,0.256,88,5,2.48,9.8,5.22,10.56,-1.04,2.12,0.06,3.22,-0.4,-0.0,1.3,-3.1,0.044,0.012,0.03,0.028,1
2025-08-08,Bind,NRG,MIBR,100,13,206.16,181.68,197.16,184.46,76.2,67.52,73.36,66.66,0.2,-4.0,-0.8,-2.7,0.374,0.186,0.304,0.243,79,5,182.84,175.68,172.92,175.68,69.16,62.04,67.18,62.04,-1.6,-2.0,-3.7,-2.0,0.258,0.246,0.226,0.246,21,8,23.32,6.0,24.24,8.78,7.04,5.48,6.18,4.62,1.8,-2.0,2.9,-0.7,0.116,-0.06,0.078,-0.003,1
2025-08-08,Ascent,Nongshim RedForce,Gen.G,27,3,188.6,179.133,196.06,179.133,70.44,66.8,71.24,66.8,-2.0,-1.0,0.7,-1.0,0.257,0.202,0.265,0.202,160,28,212.12,209.6,204.76,205.0,75.64,75.44,74.54,74.44,3.8,3.0,2.3,1.6,0.332,0.316,0.324,0.303,-133,-25,-23.52,-30.467,-8.7,-25.867,-5.2,-8.64,-3.3,-7.64,-5.8,-4.0,-1.6,-2.6,-0.075,-0.114,-0.059,-0.101,1
2025-08-08,Lotus,Nongshim RedForce,Gen.G,28,4,197.0,207.1,195.96,207.1,73.48,72.4,70.54,72.4,0.0,2.0,0.6,2.0,0.311,0.252,0.276,0.252,161,27,204.28,205.32,203.64,206.16,73.04,72.96,73.2,75.42,1.8,0.4,2.0,1.3,0.262,0.323,0.306,0.32,-133,-23,-7.28,1.78,-7.68,0.94,0.44,-0.56,-2.66,-3.02,-1.8,1.6,-1.4,0.7,0.049,-0.071,-0.03,-0.069,1
2025-08-08,Lotus,MIBR,NRG,80,14,182.6,192.2,179.22,197.44,70.44,70.52,68.82,71.72,-0.6,0.0,-2.4,0.4,0.273,0.298,0.254,0.282,101,14,201.72,192.04,193.98,198.0,75.04,71.68,72.64,72.36,-1.2,-0.8,-1.6,1.3,0.362,0.266,0.305,0.282,-21,0,-19.12,0.16,-14.76,-0.56,-4.6,-1.16,-3.82,-0.64,0.6,0.8,-0.8,-0.9,-0.089,0.031,-0.052,0.0,0
2025-08-08,Lotus,Cloud9,2Game Esports,93,19,194.12,193.32,196.16,196.96,75.72,73.56,73.88,75.34,1.4,-1.4,0.9,-0.7,0.261,0.272,0.26,0.281,19,3,204.16,193.067,192.8,193.067,71.72,65.667,68.44,65.667,1.6,-1.0,0.5,-1.0,0.258,0.302,0.245,0.302,74,16,-10.04,0.253,3.36,3.893,4.0,7.893,5.44,9.673,-0.2,-0.4,0.4,0.3,0.002,-0.03,0.015,-0.02,1
2025-08-08,Bind,Cloud9,2Game Esports,94,6,188.72,199.72,197.68,189.767,72.16,73.68,74.52,70.067,1.4,2.0,1.5,0.167,0.285,0.286,0.277,0.249,20,0,207.92,,193.04,,74.64,,68.92,,0.8,,0.5,,0.265,,0.243,,74,6,-19.2,,4.64,,-2.48,,5.6,,0.6,,1.0,,0.02,,0.034,,1
2025-08-08,Bind,Team Liquid,FNATIC,120,10,215.72,218.64,209.68,206.16,77.84,79.0,75.9,74.42,4.4,0.6,1.9,-1.2,0.334,0.348,0.321,0.332,166,20,204.96,206.08,200.68,204.82,70.32,72.28,69.5,74.06,-0.6,-0.8,0.3,-1.0,0.323,0.387,0.297,0.367,-46,-10,10.76,12.56,9.0,1.34,7.52,6.72,6.4,0.36,5.0,1.4,1.6,-0.2,0.011,-0.039,0.024,-0.035,1
2025-08-08,Bind,Team Vitality,BBL Esports,107,10,197.92,202.92,195.98,195.1,70.08,71.92,71.46,70.46,-0.8,-3.8,-0.7,-2.2,0.238,0.267,0.26,0.248,78,6,208.96,184.36,204.14,188.067,74.76,68.2,71.14,70.333,4.0,-1.0,1.0,0.167,0.314,0.229,0.313,0.284,29,4,-11.04,18.56,-8.16,7.033,-4.68,3.72,0.32,0.127,-4.8,-2.8,-1.7,-2.367,-0.076,0.038,-0.053,-0.036,0
2025-08-08,Ascent,Team Liquid,FNATIC,121,17,213.68,201.32,214.9,200.74,77.92,73.68,77.5,73.38,4.4,1.0,2.5,0.4,0.34,0.304,0.343,0.292,167,16,194.84,217.72,200.88,206.7,68.84,75.64,69.96,72.86,-2.6,2.6,0.4,0.3,0.309,0.338,0.298,0.289,-46,1,18.84,-16.4,14.02,-5.96,9.08,-1.96,7.54,0.52,7.0,-1.6,2.1,0.1,0.032,-0.034,0.045,0.004,1
2025-08-09,Corrode,ZETA DIVISION,BOOM Esports,87,1,200.0,172.6,187.58,172.6,66.64,58.0,64.94,58.0,-0.6,-3.0,-1.9,-3.0,0.208,0.143,0.211,0.143,24,2,189.8,179.4,186.56,179.4,69.92,65.4,67.78,65.4,-0.2,1.0,-1.4,1.0,0.191,0.142,0.196,0.142,63,-1,10.2,-6.8,1.02,-6.8,-3.28,-7.4,-2.84,-7.4,-0.4,-4.0,-0.5,-4.0,0.017,0.001,0.015,0.001,1
2025-08-09,Lotus,ZETA DIVISION,BOOM Esports,88,15,201.16,209.56,191.44,202.34,71.2,77.68,66.3,74.22,0.4,5.2,-1.9,1.4,0.246,0.316,0.242,0.279,25,4,189.4,202.45,188.12,202.45,68.8,70.25,69.12,70.25,0.8,-2.25,-0.3,-2.25,0.156,0.264,0.178,0.264,63,11,11.76,7.11,3.32,-0.11,2.4,7.43,-2.82,3.97,-0.4,7.45,-1.6,3.65,0.09,0.052,0.063,0.015,0
2025-08-09,Icebox,Global Esports,DRX,67,8,188.04,213.36,194.34,212.5,70.28,76.24,70.12,73.775,-2.2,-0.6,0.5,0.25,0.247,0.292,0.278,0.289,155,14,213.52,201.28,197.18,193.06,77.0,73.68,72.7,70.36,2.4,-1.2,0.8,-0.9,0.363,0.323,0.307,0.281,-88,-6,-25.48,12.08,-2.84,19.44,-6.72,2.56,-2.58,3.415,-4.6,0.6,-0.3,1.15,-0.116,-0.031,-0.029,0.009,0
2025-08-09,Lotus,Global Esports,DRX,68,15,195.96,172.48,192.66,183.74,70.04,63.32,68.68,68.74,-0.4,0.8,0.0,2.2,0.296,0.172,0.263,0.239,156,20,215.24,194.64,201.72,204.64,77.8,68.08,73.76,75.3,2.6,2.2,0.4,3.0,0.365,0.261,0.308,0.343,-88,-5,-19.28,-22.16,-9.06,-20.9,-7.76,-4.76,-5.08,-6.56,-3.0,-1.4,-0.4,-0.8,-0.07,-0.089,-0.045,-0.104,0
2025-08-09,Ascent,ZETA DIVISION,BOOM Esports,89,15,200.12,203.28,199.4,197.66,71.6,70.08,68.72,69.88,1.0,-2.8,-1.1,-2.2,0.282,0.31,0.263,0.273,26,6,189.08,195.36,187.92,201.3,67.16,73.44,68.7,73.567,-0.6,0.6,-0.6,1.0,0.197,0.226,0.194,0.228,63,9,11.04,7.92,11.48,-3.64,4.44,-3.36,0.02,-3.687,1.6,-3.4,-0.5,-3.2,0.085,0.083,0.069,0.045,1
2025-08-09,Bind,LEVIATÁN,"VISA KRÜ						
							(KRÜ Esports)",125,11,192.36,192.56,187.98,201.18,72.08,70.2,71.18,73.04,-1.4,1.4,-1.7,1.5,0.325,0.259,0.333,0.289,24,2,184.32,170.1,194.16,170.1,67.56,61.8,74.48,61.8,-2.4,0.0,-0.8,0.0,0.212,0.174,0.24,0.174,101,9,8.04,22.46,-6.18,31.08,4.52,8.4,-3.3,11.24,1.0,1.4,-0.9,1.5,0.113,0.085,0.094,0.114,0
2025-08-09,Ascent,"VISA KRÜ						
							(KRÜ Esports)",LEVIATÁN,25,3,195.16,206.6,195.46,206.6,71.16,79.4,73.84,79.4,-1.2,2.0,-0.9,2.0,0.273,0.346,0.266,0.346,126,18,189.88,185.32,189.98,203.6,69.48,65.84,70.88,70.88,-0.6,-3.0,-1.1,-1.6,0.3,0.279,0.306,0.311,-101,-15,5.28,21.28,5.48,3.0,1.68,13.56,2.96,8.52,-0.6,5.0,0.2,3.6,-0.027,0.067,-0.04,0.035,0
2025-08-09,Haven,"VISA KRÜ						
							(KRÜ Esports)",LEVIATÁN,26,3,196.88,222.8,190.64,222.8,70.4,85.0,71.52,85.0,-2.6,1.667,-1.6,1.667,0.286,0.287,0.269,0.287,127,11,194.16,205.08,196.76,201.7,71.12,74.92,71.74,74.24,1.6,2.2,0.1,0.5,0.283,0.325,0.302,0.264,-101,-8,2.72,17.72,-6.12,21.1,-0.72,10.08,-0.22,10.76,-4.2,-0.533,-1.7,1.167,0.003,-0.038,-0.033,0.023,0
2025-08-09,Corrode,Sentinels,Evil Geniuses,137,1,221.4,218.2,205.38,218.2,82.4,81.8,77.1,81.8,1.6,13.0,-0.2,13.0,0.4,0.381,0.348,0.381,125,1,180.48,200.8,187.64,200.8,66.4,69.0,67.2,69.0,-0.6,2.0,-1.5,2.0,0.174,0.333,0.21,0.333,12,0,40.92,17.4,17.74,17.4,16.0,12.8,9.9,12.8,2.2,11.0,1.3,11.0,0.226,0.048,0.137,0.048,1
2025-08-09,Lotus,Sentinels,Evil Geniuses,138,28,229.96,207.0,208.64,194.18,85.52,80.2,77.88,74.48,4.2,-0.8,1.1,0.0,0.394,0.398,0.347,0.321,126,25,176.88,200.2,185.3,201.82,65.72,67.32,66.06,70.58,-1.6,-2.0,-2.2,-1.3,0.178,0.244,0.207,0.255,12,3,53.08,6.8,23.34,-7.64,19.8,12.88,11.82,3.9,5.8,1.2,3.3,1.3,0.216,0.154,0.139,0.067,1
2025-08-10,Sunset,100 Thieves,LOUD,92,4,204.56,208.0,201.1,208.0,77.68,74.15,75.28,74.15,4.2,-1.0,1.1,-1.0,0.383,0.297,0.325,0.297,120,7,175.48,194.04,186.94,204.457,61.96,68.92,66.9,72.429,0.8,-2.2,0.4,-0.143,0.201,0.213,0.234,0.296,-28,-3,29.08,13.96,14.16,3.543,15.72,5.23,8.38,1.721,3.4,1.2,0.7,-0.857,0.182,0.084,0.091,0.001,0
2025-08-10,Bind,LOUD,100 Thieves,121,12,191.08,195.32,189.62,198.74,68.56,70.36,68.14,71.04,2.2,-3.4,1.3,-4.2,0.232,0.259,0.24,0.292,93,15,198.4,200.08,197.66,205.28,73.8,75.2,73.4,75.16,3.4,1.8,0.6,1.2,0.323,0.33,0.305,0.303,28,-3,-7.32,-4.76,-8.04,-6.54,-5.24,-4.84,-5.26,-4.12,-1.2,-5.2,0.7,-5.4,-0.091,-0.071,-0.065,-0.011,0
2025-08-10,Lotus,100 Thieves,LOUD,94,7,195.16,189.12,199.88,187.714,72.08,68.68,74.44,68.057,2.4,-1.2,1.8,-1.714,0.32,0.245,0.315,0.246,122,15,194.52,197.64,187.0,194.52,70.12,70.0,67.76,70.44,0.4,3.0,0.9,0.6,0.258,0.326,0.245,0.297,-28,-8,0.64,-8.52,12.88,-6.806,1.96,-1.32,6.68,-2.383,2.0,-4.2,0.9,-2.314,0.062,-0.081,0.07,-0.05,1
2025-08-10,Sunset,Team Secret,Rex Regum Qeon,93,10,162.0,206.16,178.64,210.06,61.92,71.36,66.54,74.98,-5.8,1.6,-4.5,3.0,0.131,0.326,0.203,0.326,97,4,197.72,205.85,191.82,205.85,77.0,77.3,72.36,77.3,2.2,-1.25,0.1,-1.25,0.246,0.297,0.209,0.297,-4,6,-35.72,0.31,-13.18,4.21,-15.08,-5.94,-5.82,-2.32,-8.0,2.85,-4.6,4.25,-0.114,0.028,-0.006,0.028,0
2025-08-10,Sunset,T1,DetonatioN FocusMe,134,7,203.4,193.36,195.78,192.2,72.2,72.0,66.96,72.4,-1.0,-3.6,-2.3,-1.286,0.301,0.269,0.267,0.259,69,6,207.36,192.36,199.62,192.333,74.84,73.36,71.12,75.2,2.2,0.2,0.3,-0.167,0.313,0.218,0.306,0.251,65,1,-3.96,1.0,-3.84,-0.133,-2.64,-1.36,-4.16,-2.8,-3.2,-3.8,-2.6,-1.119,-0.011,0.051,-0.039,0.008,1
2025-08-10,Icebox,Rex Regum Qeon,Team Secret,98,13,197.4,192.84,200.0,202.92,78.04,72.04,75.74,72.18,2.2,-1.2,1.5,1.0,0.258,0.243,0.236,0.278,94,9,150.92,196.56,178.2,200.178,58.12,67.96,65.56,69.533,-6.2,0.8,-4.9,1.222,0.123,0.267,0.203,0.27,4,4,46.48,-3.72,21.8,2.742,19.92,4.08,10.18,2.647,8.4,-2.0,6.4,-0.222,0.135,-0.024,0.033,0.007,1
2025-08-10,Ascent,FURIA,G2 Esports,75,12,179.4,199.12,170.48,190.22,65.88,71.44,62.98,69.88,-5.4,-1.8,-4.5,-1.3,0.116,0.238,0.167,0.239,118,16,221.12,217.04,205.76,204.68,79.68,79.44,74.46,74.86,1.4,2.2,-2.1,1.8,0.321,0.274,0.277,0.275,-43,-4,-41.72,-17.92,-35.28,-14.46,-13.8,-8.0,-11.48,-4.98,-6.8,-4.0,-2.4,-3.1,-0.204,-0.036,-0.11,-0.036,0
2025-08-10,Haven,T1,DetonatioN FocusMe,135,18,207.12,208.32,200.64,205.96,73.24,71.4,68.96,72.18,-1.8,-0.6,-1.5,0.3,0.307,0.341,0.296,0.325,70,7,203.44,189.36,194.06,179.657,73.04,67.96,68.78,66.971,1.0,-0.8,0.2,-1.857,0.259,0.221,0.279,0.207,65,11,3.68,18.96,6.58,26.303,0.2,3.44,0.18,5.209,-2.8,0.2,-1.7,2.157,0.049,0.12,0.017,0.117,1
2025-08-10,Corrode,FURIA,G2 Esports,76,1,181.12,210.2,172.88,210.2,66.64,80.0,63.46,80.0,-4.8,-10.0,-4.3,-10.0,0.149,0.385,0.177,0.385,119,2,216.0,192.1,207.2,192.1,79.44,67.8,75.68,67.8,1.4,-7.5,-1.0,-7.5,0.365,0.286,0.314,0.286,-43,-1,-34.88,18.1,-34.32,18.1,-12.8,12.2,-12.22,12.2,-6.2,-2.5,-3.3,-2.5,-0.216,0.099,-0.137,0.099,0
2025-08-10,Ascent,Team Secret,Rex Regum Qeon,95,12,157.56,193.08,177.94,205.42,61.2,69.48,65.32,75.56,-5.4,-2.4,-4.3,1.3,0.123,0.23,0.187,0.287,99,19,204.76,179.96,204.38,195.5,78.0,66.76,77.28,72.54,0.6,-0.6,1.4,0.4,0.274,0.201,0.272,0.251,-4,-7,-47.2,13.12,-26.44,9.92,-16.8,2.72,-11.96,3.02,-6.0,-1.8,-5.7,0.9,-0.151,0.029,-0.085,0.036,1
2025-08-13,Haven,Rex Regum Qeon,T1,100,15,199.6,192.92,205.8,196.34,73.32,70.88,77.14,70.66,-0.2,1.8,2.1,0.2,0.306,0.276,0.29,0.297,136,19,201.2,202.4,201.26,207.74,70.56,69.76,69.5,72.72,-2.0,-2.2,-1.2,0.5,0.314,0.359,0.33,0.345,-36,-4,-1.6,-9.48,4.54,-11.4,2.76,1.12,7.64,-2.06,1.8,4.0,3.3,-0.3,-0.008,-0.083,-0.04,-0.048,1
2025-08-13,Sunset,T1,Rex Regum Qeon,137,8,190.24,192.48,198.16,193.775,68.28,70.12,69.12,72.175,-3.4,-3.8,-0.8,-1.5,0.288,0.303,0.327,0.279,101,5,209.32,212.4,208.46,212.4,76.12,80.4,77.72,80.4,0.6,0.6,2.1,0.6,0.346,0.313,0.291,0.313,36,3,-19.08,-19.92,-10.3,-18.625,-7.84,-10.28,-8.6,-8.225,-4.0,-4.4,-2.9,-2.1,-0.058,-0.01,0.035,-0.034,1
2025-08-13,Lotus,TALON,Nongshim RedForce,96,17,190.96,191.68,197.52,187.28,69.88,71.4,72.84,70.26,-3.6,-1.0,-1.1,-0.5,0.279,0.222,0.307,0.263,29,5,206.32,206.16,195.62,206.16,75.48,72.64,70.94,72.64,1.0,1.6,-0.1,1.6,0.346,0.274,0.294,0.274,67,12,-15.36,-14.48,1.9,-18.88,-5.6,-1.24,1.9,-2.38,-4.6,-2.6,-1.0,-2.1,-0.067,-0.052,0.014,-0.011,1
2025-08-13,Corrode,Natus Vincere,"Movistar KOI						
							(KOI)",109,3,207.08,209.4,197.76,209.4,71.16,75.933,69.62,75.933,4.0,1.667,1.1,1.667,0.309,0.322,0.311,0.322,34,0,191.04,,186.36,,69.16,,67.34,,1.4,,-1.4,,0.31,,0.248,,75,3,16.04,,11.4,,2.0,,2.28,,2.6,,2.5,,-0.001,,0.063,,0
2025-08-13,Icebox,"Movistar KOI						
							(KOI)",Natus Vincere,35,8,201.16,206.44,187.72,197.825,73.4,75.84,67.82,73.425,2.8,3.0,-0.5,2.75,0.364,0.313,0.276,0.265,110,7,210.92,201.32,196.34,196.143,70.76,73.64,68.74,72.257,1.8,2.0,0.5,1.286,0.291,0.339,0.297,0.326,-75,1,-9.76,5.12,-8.62,1.682,2.64,2.2,-0.92,1.168,1.0,1.0,-1.0,1.464,0.072,-0.026,-0.021,-0.061,0
2025-08-13,Corrode,TALON,Nongshim RedForce,97,2,196.92,203.2,198.82,203.2,74.96,77.8,74.24,77.8,-0.2,2.5,0.5,2.5,0.331,0.379,0.318,0.379,30,2,197.8,200.5,191.86,200.5,71.88,75.9,70.38,75.9,-0.4,-1.0,-1.2,-1.0,0.285,0.333,0.288,0.333,67,0,-0.88,2.7,6.96,2.7,3.08,1.9,3.86,1.9,0.2,3.5,1.7,3.5,0.046,0.046,0.03,0.046,1
2025-08-13,Lotus,FNATIC,Apeks,168,40,189.2,200.88,198.5,203.52,65.24,72.48,68.68,72.68,-4.6,1.0,0.0,0.4,0.256,0.243,0.282,0.342,24,7,188.12,187.04,186.64,186.943,68.76,70.84,69.22,70.171,-3.2,1.0,-2.2,0.0,0.265,0.253,0.242,0.264,144,33,1.08,13.84,11.86,16.577,-3.52,1.64,-0.54,2.509,-1.4,-0.0,2.2,0.4,-0.008,-0.01,0.04,0.079,1
2025-08-13,Bind,T1,Rex Regum Qeon,138,17,195.28,209.08,200.36,197.46,69.96,73.56,71.16,72.46,-3.4,0.4,-0.7,-2.3,0.293,0.289,0.328,0.268,102,3,211.8,186.2,204.76,186.2,75.76,67.067,76.38,67.067,1.6,-6.0,1.9,-6.0,0.323,0.364,0.284,0.364,36,14,-16.52,22.88,-4.4,11.26,-5.8,6.493,-5.22,5.393,-5.0,6.4,-2.6,3.7,-0.03,-0.075,0.044,-0.096,1
2025-08-13,Bind,Apeks,FNATIC,25,0,186.6,,188.02,,67.6,,69.86,,-1.0,,-1.2,,0.246,,0.252,,169,21,191.8,203.28,197.14,202.28,65.64,72.52,67.94,73.64,-4.6,0.0,-1.1,0.0,0.274,0.351,0.273,0.354,-144,-21,-5.2,,-9.12,,1.96,,1.92,,3.6,,-0.1,,-0.027,,-0.021,,0
2025-08-13,Ascent,Natus Vincere,"Movistar KOI						
							(KOI)",111,18,212.48,181.44,203.4,195.2,72.0,68.6,70.68,71.92,0.2,3.0,0.6,1.4,0.313,0.252,0.297,0.267,36,3,204.0,194.533,187.58,194.533,72.88,69.667,66.74,69.667,3.6,-1.667,-0.6,-1.667,0.327,0.218,0.285,0.218,75,15,8.48,-13.093,15.82,0.667,-0.88,-1.067,3.94,2.253,-3.4,4.667,1.2,3.067,-0.014,0.034,0.012,0.05,1
2025-08-14,Ascent,GIANTX,Team Heretics,49,5,196.28,204.4,196.12,204.4,70.52,75.16,69.94,75.16,1.4,0.0,0.0,0.0,0.274,0.364,0.299,0.364,136,8,208.36,203.6,209.22,190.025,70.92,74.08,72.5,68.625,0.2,2.0,1.7,-0.25,0.374,0.287,0.309,0.246,-87,-3,-12.08,0.8,-13.1,14.375,-0.4,1.08,-2.56,6.535,1.2,-2.0,-1.7,0.25,-0.1,0.077,-0.01,0.117,0
2025-08-14,Haven,GIANTX,Team Heretics,50,5,196.08,188.88,194.84,188.88,70.52,68.32,69.8,68.32,0.0,0.6,-0.7,0.6,0.292,0.196,0.281,0.196,137,16,212.0,214.96,207.74,215.06,74.64,75.04,72.72,77.64,1.4,2.6,1.7,3.1,0.375,0.355,0.319,0.357,-87,-11,-15.92,-26.08,-12.9,-26.18,-4.12,-6.72,-2.92,-9.32,-1.4,-2.0,-2.4,-2.5,-0.082,-0.16,-0.038,-0.161,0
2025-08-14,Corrode,Gentle Mates,Team Vitality,47,2,179.52,207.0,192.58,207.0,62.8,71.9,69.04,71.9,-1.6,2.5,-1.6,2.5,0.264,0.306,0.268,0.306,108,0,189.44,,196.74,,65.52,,71.22,,-3.0,,0.1,,0.243,,0.28,,-61,2,-9.92,,-4.16,,-2.72,,-2.18,,1.4,,-1.7,,0.021,,-0.013,,0
2025-08-14,Lotus,Gentle Mates,Team Vitality,48,7,185.6,184.08,188.24,178.371,66.16,69.12,67.28,65.343,-0.6,-2.2,-2.5,-2.714,0.286,0.256,0.265,0.225,109,23,196.6,209.6,203.48,213.02,71.44,80.52,74.2,78.68,-1.2,4.4,0.6,1.9,0.264,0.271,0.291,0.297,-61,-16,-11.0,-25.52,-15.24,-34.649,-5.28,-11.4,-6.92,-13.337,0.6,-6.6,-3.1,-4.614,0.022,-0.015,-0.026,-0.072,1
2025-08-14,Ascent,Team Vitality,Gentle Mates,110,11,194.2,202.32,201.4,194.02,71.08,71.24,73.32,68.76,-0.8,-2.4,0.8,-2.6,0.264,0.378,0.28,0.321,49,4,189.4,209.05,187.4,209.05,69.44,75.6,67.84,75.6,-1.0,-1.75,-2.1,-1.75,0.305,0.323,0.266,0.323,61,7,4.8,-6.73,14.0,-15.03,1.64,-4.36,5.48,-6.84,0.2,-0.65,2.9,-0.85,-0.041,0.055,0.014,-0.002,1
2025-08-14,Bind,Paper Rex,T1,184,20,203.04,195.88,210.66,204.12,71.32,71.8,74.62,75.56,3.0,1.0,3.2,2.0,0.332,0.332,0.337,0.331,139,18,195.32,211.08,199.36,198.28,69.92,74.84,71.06,72.68,-0.8,2.4,-0.9,-1.2,0.355,0.308,0.328,0.279,45,2,7.72,-15.2,11.3,5.84,1.4,-3.04,3.56,2.88,3.8,-1.4,4.1,3.2,-0.023,0.025,0.009,0.053,1
2025-08-14,Sunset,Paper Rex,T1,185,20,204.2,195.52,210.26,205.48,73.4,71.76,74.9,74.86,2.2,-2.6,2.5,-1.0,0.334,0.374,0.331,0.374,140,9,189.08,200.52,198.1,195.533,69.28,72.6,71.26,72.733,-0.4,-2.6,-1.1,-1.444,0.302,0.332,0.305,0.28,45,11,15.12,-5.0,12.16,9.947,4.12,-0.84,3.64,2.127,2.6,0.0,3.6,0.444,0.032,0.042,0.026,0.094,1
2025-08-14,Lotus,TALON,DRX,98,18,199.44,197.6,197.6,195.94,72.92,75.48,72.86,73.72,0.0,0.2,-0.3,1.5,0.35,0.29,0.319,0.307,157,21,208.08,200.36,204.24,205.86,77.12,71.88,75.02,76.14,2.6,1.4,0.6,2.6,0.356,0.303,0.32,0.326,-59,-3,-8.64,-2.76,-6.64,-9.92,-4.2,3.6,-2.16,-2.42,-2.6,-1.2,-0.9,-1.1,-0.005,-0.013,-0.0,-0.019,1
2025-08-14,Haven,TALON,DRX,99,11,195.24,201.32,194.16,196.12,72.32,73.88,72.22,70.3,-0.2,4.8,-0.6,-0.4,0.357,0.326,0.328,0.317,158,21,198.4,193.28,203.36,191.78,72.56,70.16,74.8,71.64,-0.4,1.4,0.1,0.8,0.333,0.292,0.329,0.315,-59,-10,-3.16,8.04,-9.2,4.34,-0.24,3.72,-2.58,-1.34,0.2,3.4,-0.7,-1.2,0.024,0.034,-0.001,0.002,1
2025-08-14,Bind,DRX,TALON,159,21,192.6,194.24,201.0,187.08,70.52,70.44,73.1,67.74,0.0,-2.2,0.5,-2.9,0.298,0.257,0.317,0.255,100,8,199.08,201.84,198.1,207.775,74.12,74.56,73.68,75.825,0.2,0.8,0.1,1.5,0.353,0.308,0.332,0.338,59,13,-6.48,-7.6,2.9,-20.695,-3.6,-4.12,-0.58,-8.085,-0.2,-3.0,0.4,-4.4,-0.056,-0.051,-0.014,-0.084,1
2025-08-15,Ascent,DetonatioN FocusMe,Nongshim RedForce,71,13,204.52,195.92,199.1,187.78,74.68,71.36,70.46,70.36,2.2,0.8,0.8,-1.3,0.277,0.335,0.29,0.293,31,4,193.64,186.7,190.16,186.7,69.16,68.35,69.32,68.35,-1.8,-0.25,-1.7,-0.25,0.291,0.267,0.274,0.267,40,9,10.88,9.22,8.94,1.08,5.52,3.01,1.14,2.01,4.0,1.05,2.5,-1.05,-0.014,0.068,0.017,0.026,0
2025-08-15,Lotus,Nongshim RedForce,DetonatioN FocusMe,32,6,189.28,200.72,188.94,196.1,70.0,72.56,70.22,70.333,-1.6,-0.8,-1.8,-0.167,0.319,0.258,0.288,0.247,72,18,198.24,168.32,193.2,168.78,72.24,63.48,69.54,62.34,0.4,-4.4,0.5,-4.3,0.239,0.201,0.273,0.16,-40,-12,-8.96,32.4,-4.26,27.32,-2.24,9.08,0.68,7.993,-2.0,3.6,-2.3,4.133,0.08,0.058,0.015,0.087,1
2025-08-15,Lotus,LEVIATÁN,100 Thieves,128,20,194.64,179.8,196.12,191.02,71.52,67.4,71.48,72.12,2.6,0.2,-0.7,1.0,0.251,0.219,0.294,0.231,95,8,196.0,193.52,206.02,191.25,71.44,69.16,75.6,68.975,2.0,-1.2,2.7,-1.5,0.29,0.274,0.338,0.259,33,12,-1.36,-13.72,-9.9,-0.23,0.08,-1.76,-4.12,3.145,0.6,1.4,-3.4,2.5,-0.039,-0.055,-0.044,-0.028,1
2025-08-15,Sunset,LEVIATÁN,100 Thieves,129,12,209.64,208.4,202.96,216.26,75.68,74.48,73.96,77.2,3.6,2.2,0.7,4.2,0.268,0.337,0.288,0.339,96,5,190.92,199.0,201.5,199.0,68.28,70.76,73.84,70.76,0.0,-1.8,1.8,-1.8,0.251,0.264,0.321,0.264,33,7,18.72,9.4,1.46,17.26,7.4,3.72,0.12,6.44,3.6,4.0,-1.1,6.0,0.017,0.073,-0.033,0.075,1
2025-08-15,Haven,LEVIATÁN,100 Thieves,130,12,219.16,198.64,205.76,198.0,78.72,73.88,75.4,72.66,5.0,1.0,1.8,-0.1,0.27,0.295,0.298,0.254,97,11,186.88,190.12,195.72,194.86,66.48,69.96,72.08,73.2,-2.6,-1.2,0.8,0.7,0.233,0.245,0.308,0.27,33,1,32.28,8.52,10.04,3.14,12.24,3.92,3.32,-0.54,7.6,2.2,1.0,-0.8,0.037,0.05,-0.01,-0.016,0
2025-08-15,Haven,Rex Regum Qeon,Gen.G,103,16,199.6,201.04,198.5,194.5,69.56,73.56,73.8,69.74,-1.2,2.4,0.5,-0.1,0.293,0.299,0.276,0.292,162,24,200.6,201.76,200.7,205.92,69.8,74.28,71.38,75.2,0.6,2.6,1.9,2.1,0.209,0.325,0.288,0.347,-59,-8,-1.0,-0.72,-2.2,-11.42,-0.24,-0.72,2.42,-5.46,-1.8,-0.2,-1.4,-2.2,0.084,-0.026,-0.012,-0.055,0
2025-08-15,Haven,"VISA KRÜ						
							(KRÜ Esports)",NRG,27,4,198.4,216.8,194.72,216.8,72.12,82.05,71.76,82.05,-3.2,1.0,-1.7,1.0,0.32,0.302,0.272,0.302,102,14,199.12,191.84,196.14,199.5,73.52,72.6,71.98,73.84,-0.6,-0.4,-1.2,-1.0,0.358,0.273,0.328,0.339,-75,-10,-0.72,24.96,-1.42,17.3,-1.4,9.45,-0.22,8.21,-2.6,1.4,-0.5,2.0,-0.038,0.029,-0.056,-0.037,0
2025-08-15,Lotus,"VISA KRÜ						
							(KRÜ Esports)",NRG,28,4,190.16,188.8,185.64,188.8,68.44,70.2,68.64,70.2,-3.4,-0.5,-2.9,-0.5,0.283,0.238,0.24,0.238,103,15,204.8,199.68,198.16,199.54,73.84,73.4,72.92,72.76,-0.6,-0.8,-0.8,1.3,0.352,0.307,0.327,0.294,-75,-11,-14.64,-10.88,-12.52,-10.74,-5.4,-3.2,-4.28,-2.56,-2.8,0.3,-2.1,-1.8,-0.069,-0.069,-0.086,-0.057,0
2025-08-15,Sunset,"VISA KRÜ						
							(KRÜ Esports)",NRG,29,0,182.52,,183.42,,67.24,,67.4,,-3.4,,-2.9,,0.283,,0.248,,104,7,205.12,185.36,204.8,189.686,74.44,67.0,76.04,67.086,0.2,-0.6,-0.1,-1.286,0.322,0.208,0.345,0.205,-75,-7,-22.6,,-21.38,,-7.2,,-8.64,,-3.6,,-2.8,,-0.039,,-0.097,,1
2025-08-15,Sunset,Team Liquid,Karmine Corp,122,6,217.0,204.08,219.8,193.833,78.28,74.52,78.3,72.367,3.4,2.2,2.1,1.333,0.327,0.265,0.343,0.243,92,11,205.8,206.52,205.58,202.08,74.52,75.12,73.62,73.72,1.4,3.0,-0.2,0.3,0.254,0.277,0.285,0.266,30,-5,11.2,-2.44,14.22,-8.247,3.76,-0.6,4.68,-1.353,2.0,-0.8,2.3,1.033,0.073,-0.012,0.058,-0.023,0
2025-08-15,Bind,Karmine Corp,Team Liquid,93,9,203.16,188.08,203.16,192.711,72.4,71.0,72.46,72.356,0.8,3.2,0.1,2.333,0.26,0.274,0.293,0.306,123,11,210.96,221.08,219.76,207.72,75.32,80.12,78.62,74.9,1.6,-0.2,2.8,-1.0,0.307,0.356,0.348,0.346,-30,-2,-7.8,-33.0,-16.6,-15.009,-2.92,-9.12,-6.16,-2.544,-0.8,3.4,-2.7,3.333,-0.047,-0.082,-0.056,-0.04,1
2025-08-15,Lotus,Team Liquid,Karmine Corp,124,24,212.68,200.92,215.52,196.44,74.16,76.96,77.06,73.16,2.0,2.4,2.9,0.4,0.295,0.351,0.342,0.287,94,21,194.12,191.16,202.84,194.66,66.88,71.68,72.42,75.12,-1.0,-4.4,-0.1,-1.2,0.285,0.209,0.303,0.279,30,3,18.56,9.76,12.68,1.78,7.28,5.28,4.64,-1.96,3.0,6.8,3.0,1.6,0.01,0.143,0.039,0.007,1
2025-08-15,Ascent,FUT Esports,BBL Esports,115,12,204.32,202.08,198.0,198.26,71.72,70.0,69.58,71.12,1.6,1.0,-0.7,1.8,0.276,0.326,0.262,0.308,79,14,211.92,188.8,205.26,192.84,76.72,68.64,72.36,69.4,3.4,-1.8,1.3,1.4,0.335,0.254,0.31,0.277,36,-2,-7.6,13.28,-7.26,5.42,-5.0,1.36,-2.78,1.72,-1.8,2.8,-2.0,0.4,-0.059,0.071,-0.049,0.03,0
2025-08-15,Sunset,BBL Esports,FUT Esports,80,8,207.88,201.64,209.18,203.6,72.8,72.92,73.26,73.275,2.6,4.2,2.5,3.375,0.302,0.332,0.31,0.324,116,10,196.76,205.24,193.5,203.52,67.52,72.72,67.04,72.92,-2.4,2.0,-2.1,1.0,0.241,0.273,0.256,0.315,-36,-2,11.12,-3.6,15.68,0.08,5.28,0.2,6.22,0.355,5.0,2.2,4.6,2.375,0.06,0.06,0.055,0.008,1
2025-08-15,Corrode,Rex Regum Qeon,Gen.G,104,2,186.8,177.7,195.78,177.7,67.88,72.0,72.94,72.0,0.0,-2.0,0.3,-2.0,0.272,0.112,0.273,0.112,163,2,208.36,215.7,199.12,215.7,73.48,82.0,70.56,82.0,1.6,3.5,0.7,3.5,0.261,0.409,0.277,0.409,-59,0,-21.56,-38.0,-3.34,-38.0,-5.6,-10.0,2.38,-10.0,-1.6,-5.5,-0.4,-5.5,0.011,-0.297,-0.004,-0.297,1
2025-08-15,Sunset,Gen.G,Rex Regum Qeon,164,11,195.6,199.52,197.92,198.7,69.36,71.12,70.12,70.62,0.0,-1.4,0.8,-1.1,0.215,0.292,0.262,0.261,105,6,199.48,207.48,199.54,208.267,70.72,77.8,72.02,77.933,1.0,1.2,0.4,0.667,0.288,0.305,0.297,0.293,59,5,-3.88,-7.96,-1.62,-9.567,-1.36,-6.68,-1.9,-7.313,-1.0,-2.6,0.4,-1.767,-0.073,-0.013,-0.035,-0.031,0
2025-08-16,Haven,2Game Esports,Sentinels,21,3,197.52,170.133,191.24,170.133,71.88,58.2,68.24,58.2,0.2,-1.0,0.4,-1.0,0.241,0.192,0.238,0.192,139,15,223.12,215.72,213.28,211.14,83.84,77.4,78.76,76.4,4.6,-0.4,2.4,-0.9,0.403,0.34,0.369,0.317,-118,-12,-25.6,-45.587,-22.04,-41.007,-11.96,-19.2,-10.52,-18.2,-4.4,-0.6,-2.0,-0.1,-0.162,-0.148,-0.131,-0.125,0
2025-08-16,Ascent,FURIA,Evil Geniuses,77,13,181.84,182.28,170.22,186.12,66.92,66.28,63.08,68.4,-2.8,-1.6,-4.0,-2.1,0.163,0.204,0.138,0.227,127,18,174.6,194.92,180.18,204.5,64.92,69.0,65.62,71.96,-3.2,-2.0,-2.5,0.3,0.164,0.307,0.199,0.333,-50,-5,7.24,-12.64,-9.96,-18.38,2.0,-2.72,-2.54,-3.56,0.4,0.4,-1.5,-2.4,-0.001,-0.103,-0.06,-0.106,0
2025-08-16,Corrode,DRX,Rex Regum Qeon,160,2,193.64,203.6,203.58,203.6,70.4,76.5,73.7,76.5,0.0,4.0,1.2,4.0,0.295,0.311,0.329,0.311,106,3,193.68,197.2,201.5,197.2,70.4,73.267,73.26,73.267,-2.2,-0.333,-0.8,-0.333,0.285,0.198,0.315,0.198,54,-1,-0.04,6.4,2.08,6.4,0.0,3.233,0.44,3.233,2.2,4.333,2.0,4.333,0.01,0.113,0.013,0.113,0
2025-08-16,Corrode,FURIA,Evil Geniuses,78,2,178.0,190.0,170.02,190.0,66.96,72.6,63.34,72.6,-4.6,-5.5,-4.3,-5.5,0.163,0.226,0.123,0.226,128,2,183.08,178.3,182.72,178.3,67.92,62.8,66.96,62.8,-1.8,-3.5,-1.7,-3.5,0.252,0.225,0.208,0.225,-50,0,-5.08,11.7,-12.7,11.7,-0.96,9.8,-3.62,9.8,-2.8,-2.0,-2.6,-2.0,-0.088,0.0,-0.084,0.0,0
2025-08-16,Lotus,Nongshim RedForce,T1,33,7,189.32,198.96,193.16,198.029,71.8,73.4,72.64,72.0,-1.0,0.4,-0.5,0.571,0.279,0.248,0.295,0.249,141,28,189.24,180.96,195.22,195.44,69.76,62.32,70.16,68.68,-1.0,-5.2,-1.5,-2.7,0.24,0.17,0.277,0.217,-108,-21,0.08,18.0,-2.06,2.589,2.04,11.08,2.48,3.32,-0.0,5.6,1.0,3.271,0.039,0.077,0.018,0.032,0
2025-08-16,Ascent,T1,Nongshim RedForce,142,12,199.12,203.48,194.68,203.84,73.32,73.4,70.8,74.3,1.2,2.2,-1.1,2.8,0.253,0.311,0.27,0.31,34,5,183.32,187.52,194.82,187.52,68.88,70.52,72.18,70.52,-2.4,0.0,-0.7,0.0,0.228,0.292,0.287,0.292,108,7,15.8,15.96,-0.14,16.32,4.44,2.88,-1.38,3.78,3.6,2.2,-0.4,2.8,0.026,0.02,-0.016,0.019,1
2025-08-16,Sunset,Sentinels,2Game Esports,140,13,216.52,219.28,217.02,211.9,82.4,77.92,80.3,74.86,3.0,2.4,3.7,0.4,0.403,0.379,0.385,0.323,22,2,179.68,228.7,187.32,228.7,65.52,80.1,66.26,80.1,0.6,5.0,-0.3,5.0,0.223,0.369,0.233,0.369,118,11,36.84,-9.42,29.7,-16.8,16.88,-2.18,14.04,-5.24,2.4,-2.6,4.0,-4.6,0.18,0.011,0.151,-0.046,0
2025-08-16,Icebox,DRX,Rex Regum Qeon,161,15,187.8,209.96,201.52,193.18,68.52,75.4,73.16,70.7,-1.4,0.0,0.6,-1.3,0.288,0.36,0.327,0.285,107,14,197.92,205.36,204.86,207.48,72.88,73.68,74.32,73.82,-0.8,-2.0,0.4,0.6,0.319,0.278,0.321,0.301,54,1,-10.12,4.6,-3.34,-14.3,-4.36,1.72,-1.16,-3.12,-0.6,2.0,0.2,-1.9,-0.031,0.083,0.006,-0.016,0
2025-08-16,Lotus,2Game Esports,Sentinels,23,4,172.96,191.2,189.4,191.2,63.56,68.25,67.46,68.25,0.2,-1.75,0.1,-1.75,0.199,0.276,0.236,0.276,141,29,208.12,210.04,213.06,203.38,77.4,81.32,78.5,77.04,1.4,1.6,1.8,0.7,0.378,0.407,0.378,0.352,-118,-25,-35.16,-18.84,-23.66,-12.18,-13.84,-13.07,-11.04,-8.79,-1.2,-3.35,-1.7,-2.45,-0.178,-0.131,-0.143,-0.075,0
2025-08-17,Haven,Rex Regum Qeon,T1,108,17,207.44,197.6,203.52,195.82,76.52,73.4,73.04,70.76,1.2,2.8,0.0,1.3,0.324,0.275,0.308,0.296,143,20,196.44,192.16,195.86,202.58,70.8,66.64,70.38,71.18,1.8,-3.0,-0.8,-0.2,0.278,0.331,0.285,0.335,-35,-3,11.0,5.44,7.66,-6.76,5.72,6.76,2.66,-0.42,-0.6,5.8,0.8,1.5,0.046,-0.056,0.023,-0.039,1
2025-08-17,Ascent,T1,Rex Regum Qeon,144,13,193.72,203.52,194.52,203.62,69.12,71.6,69.52,73.92,-1.0,2.2,-0.9,2.2,0.248,0.311,0.301,0.326,109,20,213.72,172.16,200.26,190.44,77.04,64.4,72.46,70.5,2.2,-2.6,1.1,0.2,0.342,0.2,0.307,0.255,35,-7,-20.0,31.36,-5.74,13.18,-7.92,7.2,-2.94,3.42,-3.2,4.8,-2.0,2.0,-0.094,0.112,-0.005,0.072,0
2025-08-17,Sunset,LOUD,MIBR,123,8,188.36,198.32,188.82,208.575,68.32,71.08,67.18,74.175,0.8,-2.0,1.8,0.5,0.258,0.241,0.245,0.301,81,7,188.16,179.0,180.7,182.629,71.68,64.44,69.44,64.657,-0.4,-2.2,-1.5,-2.571,0.276,0.198,0.258,0.201,42,1,0.2,19.32,8.12,25.946,-3.36,6.64,-2.26,9.518,1.2,0.2,3.3,3.071,-0.018,0.043,-0.012,0.1,0
2025-08-17,Icebox,LOUD,MIBR,124,13,192.24,198.96,186.14,194.84,69.6,67.64,66.26,67.2,-0.4,2.0,1.0,1.6,0.245,0.237,0.237,0.268,82,15,198.72,208.96,183.82,199.42,73.88,77.56,69.68,72.0,-0.2,0.6,-0.6,0.0,0.303,0.382,0.254,0.322,42,-2,-6.48,-10.0,2.32,-4.58,-4.28,-9.92,-3.42,-4.8,-0.2,1.4,1.6,1.6,-0.058,-0.146,-0.017,-0.054,0
2025-08-17,Lotus,Cloud9,G2 Esports,95,20,194.04,198.04,205.5,197.2,73.44,75.8,76.24,73.98,2.2,0.4,2.4,-0.5,0.292,0.289,0.279,0.276,120,25,218.68,200.84,211.64,209.72,81.16,73.4,77.38,75.52,0.6,-2.2,0.0,-0.5,0.388,0.292,0.323,0.305,-25,-5,-24.64,-2.8,-6.14,-12.52,-7.72,2.4,-1.14,-1.54,1.6,2.6,2.4,-0.0,-0.096,-0.004,-0.045,-0.029,0
2025-08-17,Ascent,Cloud9,G2 Esports,96,15,194.88,191.24,207.4,196.32,75.96,73.04,76.86,73.06,1.6,0.4,1.8,1.6,0.259,0.284,0.283,0.261,121,17,216.48,214.2,215.56,211.46,80.08,79.68,78.9,77.9,1.2,0.4,1.9,1.9,0.339,0.326,0.322,0.313,-25,-2,-21.6,-22.96,-8.16,-15.14,-4.12,-6.64,-2.04,-4.84,0.4,-0.0,-0.1,-0.3,-0.08,-0.043,-0.039,-0.052,0
2025-08-17,Haven,TALON,Paper Rex,101,12,199.28,200.0,195.12,195.38,76.52,75.04,73.2,70.42,2.2,4.4,-0.7,0.2,0.352,0.317,0.315,0.297,186,6,209.88,200.32,209.54,201.333,76.4,71.72,75.1,71.733,4.4,3.2,2.8,2.667,0.347,0.202,0.343,0.224,-85,6,-10.6,-0.32,-14.42,-5.953,0.12,3.32,-1.9,-1.313,-2.2,1.2,-3.5,-2.467,0.005,0.115,-0.028,0.073,0
2025-08-17,Bind,TALON,Paper Rex,102,9,195.32,197.44,196.12,204.289,73.8,74.44,74.38,75.556,0.0,-0.8,-0.1,0.889,0.313,0.286,0.322,0.333,187,21,212.16,202.72,208.82,204.84,75.16,75.64,74.18,75.28,5.2,2.0,2.6,1.7,0.356,0.359,0.342,0.328,-85,-12,-16.84,-5.28,-12.7,-0.551,-1.36,-1.2,0.2,0.276,-5.2,-2.8,-2.7,-0.811,-0.043,-0.073,-0.02,0.005,0
2025-08-17,Sunset,T1,Rex Regum Qeon,145,10,194.76,203.48,191.92,194.5,66.84,73.76,68.06,72.14,-1.2,-1.6,-0.8,-1.8,0.236,0.327,0.269,0.266,110,7,209.2,207.08,204.34,205.914,76.68,78.68,73.7,78.0,2.0,-1.4,1.5,-1.143,0.368,0.311,0.328,0.298,35,3,-14.44,-3.6,-12.42,-11.414,-9.84,-4.92,-5.64,-5.86,-3.2,-0.2,-2.3,-0.657,-0.132,0.016,-0.059,-0.032,1
2025-08-21,Ascent,BBL Esports,FNATIC,81,15,208.0,196.24,207.08,193.0,73.32,70.48,72.32,69.32,3.4,-0.2,2.3,2.0,0.305,0.239,0.302,0.265,170,17,199.72,207.16,201.54,204.5,69.72,71.4,69.74,71.32,-1.8,1.4,-0.4,0.4,0.285,0.274,0.29,0.277,-89,-2,8.28,-10.92,5.54,-11.5,3.6,-0.92,2.58,-2.0,5.2,-1.6,2.7,1.6,0.021,-0.036,0.012,-0.012,1
2025-08-21,Bind,Natus Vincere,GIANTX,112,12,222.04,188.08,206.34,193.08,76.64,68.2,72.16,70.06,-0.2,2.0,0.5,-0.4,0.351,0.287,0.294,0.283,51,5,183.16,186.52,189.12,186.52,66.04,69.4,67.54,69.4,-3.2,0.6,-1.9,0.6,0.238,0.261,0.258,0.261,61,7,38.88,1.56,17.22,6.56,10.6,-1.2,4.62,0.66,3.0,1.4,2.4,-1.0,0.113,0.026,0.036,0.021,1
2025-08-21,Haven,GIANTX,Natus Vincere,52,6,174.64,179.72,185.3,181.633,63.84,64.12,66.88,66.133,-3.2,-1.8,-2.7,-1.5,0.213,0.163,0.247,0.173,113,5,224.12,190.76,210.06,190.76,79.32,70.92,73.62,70.92,0.0,3.4,0.9,3.4,0.343,0.303,0.323,0.303,-61,1,-49.48,-11.04,-24.76,-9.127,-15.48,-6.8,-6.74,-4.787,-3.2,-5.2,-3.6,-4.9,-0.129,-0.14,-0.076,-0.129,1
2025-08-21,Ascent,Natus Vincere,GIANTX,114,19,214.6,193.72,210.84,196.78,76.6,71.64,73.88,72.92,-0.2,2.0,1.9,1.6,0.365,0.292,0.337,0.272,53,6,183.64,201.4,184.9,199.467,67.6,73.92,66.98,73.133,-2.4,-1.2,-2.4,-0.667,0.213,0.347,0.225,0.345,61,13,30.96,-7.68,25.94,-2.687,9.0,-2.28,6.9,-0.213,2.2,3.2,4.3,2.267,0.152,-0.055,0.112,-0.073,0
2025-08-21,Corrode,FNATIC,BBL Esports,171,0,194.24,,199.6,,68.8,,69.56,,-2.2,,-1.4,,0.219,,0.271,,82,1,216.28,192.8,208.4,192.8,75.92,64.2,73.56,64.2,4.6,-4.0,2.9,-4.0,0.335,0.25,0.305,0.25,89,-1,-22.04,,-8.8,,-7.12,,-4.0,,-6.8,,-4.3,,-0.116,,-0.034,,1
2025-08-21,Haven,BBL Esports,FNATIC,83,9,201.96,206.52,205.46,205.044,70.92,71.48,72.84,73.556,1.4,1.2,2.7,2.111,0.305,0.331,0.31,0.303,172,23,204.08,189.92,199.46,202.1,70.08,70.88,69.46,74.94,-1.0,-1.2,-1.8,2.4,0.223,0.271,0.266,0.324,-89,-14,-2.12,16.6,6.0,2.944,0.84,0.6,3.38,-1.384,2.4,2.4,4.5,-0.289,0.082,0.06,0.044,-0.02,1
2025-08-21,Sunset,G2 Esports,100 Thieves,122,1,216.08,191.4,214.82,191.4,80.4,74.2,78.68,74.2,2.2,-3.0,2.1,-3.0,0.339,0.238,0.329,0.238,98,6,195.0,199.76,196.7,196.5,69.84,71.36,71.82,70.3,-0.2,-1.6,1.6,-2.0,0.267,0.258,0.295,0.256,24,-5,21.08,-8.36,18.12,-5.1,10.56,2.84,6.86,3.9,2.4,-1.4,0.5,-1.0,0.072,-0.019,0.035,-0.018,1
2025-08-21,Corrode,Cloud9,LEVIATÁN,97,0,201.92,,206.44,,74.96,,77.62,,1.4,,1.7,,0.275,,0.27,,131,0,220.48,,205.18,,78.88,,74.18,,3.0,,1.2,,0.282,,0.291,,-34,0,-18.56,,1.26,,-3.92,,3.44,,-1.6,,0.5,,-0.007,,-0.021,,1
2025-08-21,Haven,Cloud9,LEVIATÁN,98,12,212.88,199.28,203.5,186.32,78.72,74.12,77.22,69.82,0.4,0.8,0.9,-0.7,0.29,0.317,0.275,0.254,132,13,209.52,196.04,201.84,198.3,75.36,72.28,73.24,72.54,1.4,-0.8,1.5,0.1,0.267,0.28,0.275,0.27,-34,-1,3.36,3.24,1.66,-11.98,3.36,1.84,3.98,-2.72,-1.0,1.6,-0.6,-0.8,0.024,0.037,0.0,-0.016,0
2025-08-21,Lotus,LEVIATÁN,Cloud9,133,21,215.32,188.88,204.98,197.5,77.28,71.76,74.4,74.3,2.2,3.0,2.4,2.4,0.267,0.238,0.259,0.248,99,21,207.28,197.84,198.0,193.56,77.72,76.36,74.94,72.68,-1.4,-0.8,0.0,-1.5,0.271,0.284,0.278,0.268,34,0,8.04,-8.96,6.98,3.94,-0.44,-4.6,-0.54,1.62,3.6,3.8,2.4,3.9,-0.004,-0.046,-0.019,-0.019,0
2025-08-21,Haven,G2 Esports,100 Thieves,123,16,216.68,209.48,218.9,203.2,81.6,77.68,80.64,75.04,4.2,0.0,2.8,0.1,0.386,0.356,0.353,0.333,99,12,184.32,188.36,189.74,195.34,68.32,69.68,70.2,72.5,-3.2,-1.4,-0.4,1.2,0.187,0.243,0.254,0.267,24,4,32.36,21.12,29.16,7.86,13.28,8.0,10.44,2.54,7.4,1.4,3.2,-1.1,0.199,0.114,0.1,0.066,1
2025-08-22,Corrode,NRG,G2 Esports,105,1,198.96,207.8,202.56,207.8,73.12,76.4,74.66,76.4,0.4,2.0,0.3,2.0,0.295,0.409,0.335,0.409,124,3,221.2,204.8,218.6,204.8,83.4,74.067,81.42,74.067,6.2,-4.667,3.8,-4.667,0.342,0.324,0.353,0.324,-19,-2,-22.24,3.0,-16.04,3.0,-10.28,2.333,-6.76,2.333,-5.8,6.667,-3.5,6.667,-0.047,0.085,-0.019,0.085,1
2025-08-22,Sunset,NRG,G2 Esports,106,8,204.28,183.2,203.0,187.15,73.64,65.88,74.34,66.45,1.6,1.6,0.2,-0.5,0.269,0.223,0.315,0.199,125,2,211.88,210.2,215.28,210.2,79.32,81.1,80.24,81.1,5.8,4.0,3.2,4.0,0.314,0.354,0.351,0.354,-19,6,-7.6,-27.0,-12.28,-23.05,-5.68,-15.22,-5.9,-14.65,-4.2,-2.4,-3.0,-4.5,-0.045,-0.132,-0.035,-0.156,0
2025-08-22,Corrode,Sentinels,Cloud9,142,2,217.0,228.3,219.2,228.3,79.16,82.5,80.78,82.5,4.4,11.0,3.0,11.0,0.373,0.367,0.387,0.367,100,1,196.72,211.0,195.38,211.0,75.36,82.8,74.4,82.8,-2.6,-1.0,-0.2,-1.0,0.281,0.348,0.286,0.348,42,1,20.28,17.3,23.82,17.3,3.8,-0.3,6.38,-0.3,7.0,12.0,3.2,12.0,0.092,0.019,0.1,0.019,1
2025-08-22,Lotus,Cloud9,Sentinels,101,22,193.32,200.36,194.1,196.46,75.08,78.4,75.52,74.12,-1.6,0.4,0.0,-1.6,0.296,0.264,0.278,0.285,143,30,210.48,220.2,220.22,206.32,78.2,82.32,81.86,78.34,2.8,3.0,3.5,1.2,0.372,0.384,0.383,0.341,-42,-8,-17.16,-19.84,-26.12,-9.86,-3.12,-3.92,-6.34,-4.22,-4.4,-2.6,-3.5,-2.8,-0.076,-0.12,-0.105,-0.056,0
2025-08-22,Icebox,Cloud9,Sentinels,102,8,192.16,192.8,197.04,199.125,76.72,65.6,75.84,69.275,-2.0,-0.6,-0.3,1.25,0.284,0.286,0.28,0.283,144,14,208.84,200.56,215.98,196.74,78.4,71.84,81.12,71.82,2.8,-1.2,3.7,0.3,0.356,0.345,0.379,0.334,-42,-6,-16.68,-7.76,-18.94,2.385,-1.68,-6.24,-5.28,-2.545,-4.8,0.6,-4.0,0.95,-0.072,-0.058,-0.1,-0.051,1
2025-08-22,Icebox,BBL Esports,Team Heretics,84,12,199.84,219.32,205.88,209.26,70.32,75.48,73.52,73.18,2.4,2.4,2.9,1.8,0.308,0.309,0.321,0.299,138,22,217.28,195.52,209.18,201.98,79.08,71.84,74.32,73.98,3.4,-3.6,2.5,0.8,0.383,0.222,0.329,0.288,-54,-10,-17.44,23.8,-3.3,7.28,-8.76,3.64,-0.8,-0.8,-1.0,6.0,0.4,1.0,-0.075,0.087,-0.008,0.012,1
2025-08-22,Ascent,Team Heretics,BBL Esports,139,9,213.72,207.72,211.36,191.689,77.88,75.28,74.02,69.667,3.2,3.6,3.0,0.222,0.319,0.334,0.318,0.258,85,16,205.44,208.8,206.66,196.8,72.48,74.24,72.64,71.02,0.2,2.0,1.4,2.4,0.317,0.307,0.309,0.28,54,-7,8.28,-1.08,4.7,-5.111,5.4,1.04,1.38,-1.353,3.0,1.6,1.6,-2.178,0.002,0.027,0.009,-0.022,0
2025-08-22,Ascent,GIANTX,Team Liquid,54,7,181.48,202.16,188.88,202.486,65.52,72.68,68.02,72.943,-4.0,-1.2,-1.3,-0.714,0.228,0.335,0.251,0.348,125,18,212.08,216.68,213.9,204.84,75.84,77.36,76.84,74.12,2.0,4.2,3.2,1.3,0.33,0.328,0.332,0.292,-71,-11,-30.6,-14.52,-25.02,-2.354,-10.32,-4.68,-8.82,-1.177,-6.0,-5.4,-4.5,-2.014,-0.101,0.007,-0.081,0.056,0
2025-08-22,Corrode,GIANTX,Team Liquid,55,2,183.64,179.9,189.86,179.9,67.08,62.7,68.8,62.7,-2.4,0.5,-1.2,0.5,0.232,0.286,0.262,0.286,126,2,208.48,210.4,211.08,210.4,74.92,71.3,76.42,71.3,1.2,0.0,2.8,0.0,0.322,0.3,0.331,0.3,-71,0,-24.84,-30.5,-21.22,-30.5,-7.84,-8.6,-7.62,-8.6,-3.6,0.5,-4.0,0.5,-0.09,-0.014,-0.069,-0.014,1
2025-08-22,Bind,NRG,G2 Esports,107,14,204.0,178.12,201.56,183.4,73.56,66.12,73.54,66.18,1.2,-4.0,0.3,-3.2,0.274,0.212,0.316,0.241,126,14,207.12,199.32,211.8,203.5,77.84,72.36,78.96,74.28,5.4,-1.0,3.3,0.6,0.31,0.297,0.325,0.33,-19,0,-3.12,-21.2,-10.24,-20.1,-4.28,-6.24,-5.42,-8.1,-4.2,-3.0,-3.0,-3.8,-0.036,-0.085,-0.009,-0.089,0
2025-08-22,Sunset,GIANTX,Team Liquid,56,7,194.36,188.96,188.76,188.286,70.4,70.8,68.22,69.057,0.4,4.2,-1.4,2.857,0.295,0.301,0.266,0.276,127,7,193.4,194.44,205.2,194.114,70.28,72.12,74.28,71.914,-0.4,0.8,1.5,0.857,0.298,0.253,0.313,0.247,-71,0,0.96,-5.48,-16.44,-5.829,0.12,-1.32,-6.06,-2.857,0.8,3.4,-2.9,2.0,-0.004,0.048,-0.046,0.029,0
2025-08-23,Corrode,Karmine Corp,FNATIC,95,1,194.76,191.2,200.68,191.2,66.0,65.4,72.5,65.4,-1.4,-3.0,1.1,-3.0,0.309,0.19,0.308,0.19,173,1,207.2,227.8,198.2,227.8,71.28,74.0,68.26,74.0,-0.6,6.0,-2.6,6.0,0.254,0.25,0.255,0.25,-78,0,-12.44,-36.6,2.48,-36.6,-5.28,-8.6,4.24,-8.6,-0.8,-9.0,3.7,-9.0,0.055,-0.06,0.053,-0.06,0
2025-08-23,Bind,FNATIC,Karmine Corp,174,22,208.24,209.92,200.02,205.08,71.72,74.96,68.68,73.96,0.8,2.0,-1.9,0.3,0.255,0.362,0.264,0.361,96,10,193.92,185.76,199.92,193.84,65.84,67.28,71.8,71.42,-0.8,1.2,0.9,1.5,0.317,0.259,0.302,0.315,78,12,14.32,24.16,0.1,11.24,5.88,7.68,-3.12,2.54,1.6,0.8,-2.8,-1.2,-0.062,0.103,-0.038,0.046,1
2025-08-23,Haven,Natus Vincere,Team Vitality,115,6,211.24,188.76,211.08,187.6,75.08,68.28,72.92,68.733,0.8,3.2,1.3,2.667,0.337,0.324,0.314,0.316,111,16,195.08,195.2,204.32,185.72,69.24,69.68,73.5,65.74,1.0,-3.2,2.0,-3.4,0.266,0.312,0.289,0.254,4,-10,16.16,-6.44,6.76,1.88,5.84,-1.4,-0.58,2.993,-0.2,6.4,-0.7,6.067,0.07,0.012,0.025,0.061,1
2025-08-23,Bind,Natus Vincere,Team Vitality,116,13,207.56,196.4,210.02,194.4,75.64,70.6,73.82,70.94,2.8,2.0,1.5,0.0,0.353,0.301,0.333,0.298,112,11,196.28,205.88,197.1,194.3,72.04,71.68,71.06,69.7,1.4,-2.4,0.3,-1.8,0.286,0.298,0.262,0.264,4,2,11.28,-9.48,12.92,0.1,3.6,-1.08,2.76,1.24,1.4,4.4,1.2,1.8,0.067,0.003,0.071,0.035,1
2025-08-23,Lotus,LEVIATÁN,"VISA KRÜ						
							(KRÜ Esports)",134,22,205.6,197.96,207.62,196.8,74.08,73.84,74.88,73.62,0.0,2.6,1.8,1.9,0.25,0.276,0.259,0.26,30,5,183.04,187.56,189.1,187.56,67.2,70.76,69.18,70.76,-3.8,-0.4,-2.5,-0.4,0.304,0.25,0.288,0.25,104,17,22.56,10.4,18.52,9.24,6.88,3.08,5.7,2.86,3.8,3.0,4.3,2.3,-0.054,0.026,-0.03,0.01,1
2025-08-23,Haven,Karmine Corp,FNATIC,97,7,189.2,175.56,197.5,182.257,66.44,65.28,70.48,66.686,-1.4,-1.2,0.0,1.0,0.328,0.228,0.291,0.226,175,24,198.6,184.2,199.16,199.12,69.92,68.32,69.82,73.52,-0.2,-1.8,-1.0,1.4,0.234,0.23,0.259,0.313,-78,-17,-9.4,-8.64,-1.66,-16.863,-3.48,-3.04,0.66,-6.834,-1.2,0.6,1.0,-0.4,0.094,-0.002,0.031,-0.087,1
2025-08-23,Haven,"VISA KRÜ						
							(KRÜ Esports)",LEVIATÁN,31,5,188.96,205.28,192.92,205.28,69.8,77.44,70.1,77.44,-2.0,0.0,-2.3,0.0,0.319,0.264,0.303,0.264,135,14,200.36,197.48,209.76,203.82,71.68,73.04,75.2,73.92,-0.6,-1.0,2.2,0.8,0.258,0.252,0.264,0.281,-104,-9,-11.4,7.8,-16.84,1.46,-1.88,4.4,-5.1,3.52,-1.4,1.0,-4.5,-0.8,0.06,0.011,0.038,-0.017,0
2025-08-23,Bind,Evil Geniuses,100 Thieves,129,12,191.84,214.4,186.82,201.9,70.28,76.84,68.02,72.16,-0.8,-0.6,-0.8,1.1,0.259,0.325,0.22,0.275,100,16,175.16,202.08,185.58,204.82,67.48,76.12,69.46,74.96,-5.2,3.2,-1.6,1.1,0.151,0.367,0.22,0.295,29,-4,16.68,12.32,1.24,-2.92,2.8,0.72,-1.44,-2.8,4.4,-3.8,0.8,-0.0,0.108,-0.042,-0.001,-0.021,0
2025-08-23,Corrode,100 Thieves,Evil Geniuses,101,1,188.08,230.8,189.5,230.8,72.28,85.6,70.28,85.6,-2.0,9.0,-1.0,9.0,0.232,0.412,0.241,0.412,130,3,187.48,200.4,183.98,200.4,68.68,68.8,67.54,68.8,-2.0,0.0,-1.3,0.0,0.271,0.273,0.222,0.273,-29,-2,0.6,30.4,5.52,30.4,3.6,16.8,2.74,16.8,0.0,9.0,0.3,9.0,-0.039,0.139,0.019,0.139,1
2025-08-23,Sunset,LEVIATÁN,"VISA KRÜ						
							(KRÜ Esports)",136,13,202.28,217.28,211.38,217.24,74.28,77.04,76.58,78.2,1.4,3.2,2.2,3.5,0.282,0.348,0.282,0.347,32,1,185.52,217.0,191.96,217.0,68.88,75.6,70.5,75.6,-2.4,-5.0,-2.8,-5.0,0.287,0.526,0.303,0.526,104,12,16.76,0.28,19.42,0.24,5.4,1.44,6.08,2.6,3.8,8.2,5.0,8.5,-0.006,-0.178,-0.022,-0.18,0
2025-08-24,Ascent,LEVIATÁN,NRG,137,19,202.72,191.36,206.12,204.12,75.64,67.0,75.5,71.58,1.0,-2.6,1.2,-1.2,0.28,0.242,0.273,0.299,108,12,193.44,197.16,199.12,194.5,69.8,72.8,71.82,72.78,-0.4,-0.2,-0.5,0.2,0.248,0.221,0.3,0.248,29,7,9.28,-5.8,7.0,9.62,5.84,-5.8,3.68,-1.2,1.4,-2.4,1.7,-1.4,0.032,0.022,-0.027,0.052,0
2025-08-24,Icebox,LEVIATÁN,NRG,138,25,188.0,179.16,201.66,194.28,70.24,69.36,73.76,71.5,-1.4,-3.2,0.4,-0.2,0.228,0.264,0.247,0.331,109,6,196.64,198.84,200.88,206.9,70.24,71.44,72.34,74.2,1.0,-1.0,0.6,0.0,0.282,0.252,0.302,0.287,29,19,-8.64,-19.68,0.78,-12.62,-0.0,-2.08,1.42,-2.7,-2.4,-2.2,-0.2,-0.2,-0.054,0.013,-0.055,0.043,0
2025-08-24,Haven,Cloud9,100 Thieves,103,13,189.36,196.04,201.12,183.44,74.16,71.64,76.44,69.28,-1.8,0.6,-0.7,-1.6,0.287,0.32,0.289,0.254,102,13,194.84,180.96,190.86,191.62,74.52,68.72,70.5,71.88,0.6,-3.8,-1.0,0.2,0.258,0.216,0.245,0.259,1,0,-5.48,15.08,10.26,-8.18,-0.36,2.92,5.94,-2.6,-2.4,4.4,0.3,-1.8,0.03,0.104,0.044,-0.005,1
2025-08-24,Icebox,100 Thieves,Cloud9,103,13,193.0,190.4,194.0,201.88,73.72,70.56,71.78,73.54,-0.8,-2.6,-0.5,-1.3,0.233,0.235,0.25,0.317,104,9,195.08,190.68,201.18,198.889,76.44,65.36,77.08,69.356,-0.8,-1.0,-1.1,1.111,0.308,0.281,0.29,0.292,-1,4,-2.08,-0.28,-7.18,2.991,-2.72,5.2,-5.3,4.184,-0.0,-1.6,0.6,-2.411,-0.075,-0.046,-0.04,0.025,0
2025-08-24,Haven,Natus Vincere,Team Heretics,117,7,200.92,189.44,211.48,190.229,73.16,69.84,74.9,70.343,2.8,3.8,1.3,3.429,0.316,0.309,0.333,0.328,140,17,212.72,222.68,208.06,222.06,77.8,77.56,73.26,80.2,4.6,3.8,2.8,4.2,0.285,0.33,0.315,0.357,-23,-10,-11.8,-33.24,3.42,-31.831,-4.64,-7.72,1.64,-9.857,-1.8,-0.0,-1.5,-0.771,0.031,-0.021,0.018,-0.029,1
2025-08-24,Icebox,Team Heretics,Natus Vincere,141,23,207.44,199.6,207.9,201.82,76.0,73.0,73.46,74.22,5.4,-2.4,2.8,0.5,0.245,0.194,0.309,0.247,118,8,198.4,208.72,211.26,199.675,70.84,73.4,75.08,72.875,1.6,0.6,0.8,0.875,0.308,0.328,0.325,0.325,23,15,9.04,-9.12,-3.36,2.145,5.16,-0.4,-1.62,1.345,3.8,-3.0,2.0,-0.375,-0.063,-0.134,-0.016,-0.078,0
2025-08-24,Sunset,GIANTX,FNATIC,57,8,195.92,180.8,185.28,186.475,69.48,67.28,66.66,67.8,1.4,4.8,-0.9,2.625,0.274,0.266,0.244,0.257,176,9,200.68,190.6,197.46,195.422,70.8,67.52,69.8,68.378,2.2,3.4,0.0,0.222,0.253,0.247,0.236,0.288,-119,-1,-4.76,-9.8,-12.18,-8.947,-1.32,-0.24,-3.14,-0.578,-0.8,1.4,-0.9,2.403,0.021,0.019,0.008,-0.031,1
2025-08-24,Lotus,FNATIC,GIANTX,177,41,193.24,196.04,198.66,204.5,69.04,69.52,69.56,72.78,-1.6,-1.2,-1.3,-0.6,0.246,0.237,0.235,0.32,58,9,197.2,186.8,190.42,193.222,70.36,69.52,68.98,71.333,3.8,-4.8,0.7,-1.0,0.287,0.185,0.25,0.245,119,32,-3.96,9.24,8.24,11.278,-1.32,-0.0,0.58,1.447,-5.4,3.6,-2.0,0.4,-0.041,0.052,-0.016,0.076,0
2025-08-29,Sunset,BBL Esports,Team Liquid,86,9,206.36,202.68,207.18,203.422,72.48,72.6,72.9,73.2,-1.0,3.8,1.2,3.0,0.308,0.332,0.307,0.316,128,8,199.36,205.72,205.16,198.05,72.4,75.2,73.86,72.9,-0.2,1.6,0.7,0.625,0.327,0.3,0.317,0.268,-42,1,7.0,-3.04,2.02,5.372,0.08,-2.6,-0.96,0.3,-0.8,2.2,0.5,2.375,-0.018,0.032,-0.01,0.048,1
2025-08-29,Ascent,BBL Esports,Team Liquid,87,17,203.8,207.56,210.04,199.38,71.28,74.0,73.6,70.96,-2.4,0.4,1.1,1.3,0.289,0.315,0.312,0.281,129,19,199.32,208.96,206.0,203.8,72.92,76.2,73.54,73.7,-1.2,2.4,0.4,0.5,0.304,0.314,0.3,0.282,-42,-2,4.48,-1.4,4.04,-4.42,-1.64,-2.2,0.06,-2.74,-1.2,-2.0,0.7,0.8,-0.015,0.001,0.013,-0.0,0
2025-08-29,Haven,NRG,Cloud9,110,15,213.36,200.04,206.16,200.6,76.48,74.76,74.8,74.92,1.4,0.8,0.9,-0.2,0.303,0.279,0.299,0.336,105,14,195.8,190.8,196.26,186.42,75.16,72.12,75.26,70.3,-2.0,0.0,-2.3,-1.1,0.311,0.331,0.296,0.284,5,1,17.56,9.24,9.9,14.18,1.32,2.64,-0.46,4.62,3.4,0.8,3.2,0.9,-0.007,-0.052,0.004,0.052,0
2025-08-29,Haven,GIANTX,Natus Vincere,59,7,194.2,187.8,187.84,184.343,71.2,68.12,68.36,67.257,3.8,0.0,-0.1,-1.143,0.274,0.185,0.251,0.183,119,8,213.64,192.08,214.12,193.225,75.6,69.36,76.1,70.925,1.8,2.2,0.8,2.75,0.319,0.296,0.342,0.33,-60,-1,-19.44,-4.28,-26.28,-8.882,-4.4,-1.24,-7.74,-3.668,2.0,-2.2,-0.9,-3.893,-0.045,-0.11,-0.091,-0.148,1
2025-08-29,Bind,Team Liquid,BBL Esports,130,12,204.12,226.44,208.1,207.04,72.96,81.16,74.4,74.22,-0.6,2.2,0.7,0.2,0.281,0.363,0.305,0.324,88,7,208.6,191.0,205.28,191.229,72.44,68.56,71.68,71.114,-1.8,-2.4,-0.2,0.0,0.273,0.25,0.289,0.287,42,5,-4.48,35.44,2.82,15.811,0.52,12.6,2.72,3.106,1.2,4.6,0.9,0.2,0.008,0.113,0.016,0.038,1
2025-08-29,Lotus,Cloud9,NRG,106,23,201.08,188.96,197.2,197.14,75.88,76.12,75.48,74.92,-1.2,-1.4,-1.4,-1.6,0.276,0.24,0.286,0.274,111,16,211.28,196.76,207.78,202.34,75.56,73.2,74.6,74.38,0.6,-1.8,1.1,1.7,0.321,0.304,0.295,0.291,-5,7,-10.2,-7.8,-10.58,-5.2,0.32,2.92,0.88,0.54,-1.8,0.4,-2.5,-3.3,-0.045,-0.063,-0.009,-0.017,0
2025-08-29,Corrode,NRG,Cloud9,112,2,215.64,210.0,209.82,210.0,77.2,74.8,75.38,74.8,2.0,1.5,1.6,1.5,0.307,0.313,0.291,0.313,107,2,201.44,200.3,196.8,200.3,73.6,79.2,75.16,79.2,-0.8,-1.0,-1.4,-1.0,0.276,0.326,0.28,0.326,5,0,14.2,9.7,13.02,9.7,3.6,-4.4,0.22,-4.4,2.8,2.5,3.0,2.5,0.031,-0.013,0.011,-0.013,1
2025-08-29,Sunset,G2 Esports,Sentinels,127,3,208.92,204.467,212.5,204.467,79.36,77.933,79.88,77.933,5.6,4.0,3.9,4.0,0.334,0.306,0.336,0.306,145,14,199.56,211.36,208.04,208.82,75.12,75.56,78.76,74.08,2.2,1.2,2.6,-0.1,0.325,0.354,0.364,0.337,-18,-11,9.36,-6.893,4.46,-4.353,4.24,2.373,1.12,3.853,3.4,2.8,1.3,4.1,0.008,-0.048,-0.028,-0.032,1
2025-08-29,Bind,G2 Esports,Sentinels,128,15,205.92,198.76,211.3,205.62,76.16,73.12,78.88,75.38,2.2,-1.0,3.2,1.0,0.312,0.323,0.349,0.349,146,11,207.12,180.88,207.62,192.8,77.44,65.88,77.42,71.04,4.6,-2.0,3.0,0.4,0.298,0.245,0.338,0.312,-18,4,-1.2,17.88,3.68,12.82,-1.28,7.24,1.46,4.34,-2.4,1.0,0.2,0.6,0.014,0.078,0.011,0.036,1
2025-08-29,Sunset,Natus Vincere,GIANTX,120,8,206.44,180.32,208.84,184.025,73.92,63.96,74.5,65.525,-0.2,-4.4,0.3,-2.375,0.323,0.276,0.33,0.267,60,9,201.44,185.16,192.54,188.756,73.68,68.6,70.38,68.978,4.8,4.2,1.2,3.778,0.303,0.26,0.267,0.262,60,-1,5.0,-4.84,16.3,-4.731,0.24,-4.64,4.12,-3.453,-5.0,-8.6,-0.9,-6.153,0.02,0.016,0.062,0.005,0
2025-08-29,Icebox,GIANTX,Natus Vincere,61,3,207.2,180.533,200.78,180.533,74.64,63.733,72.52,63.733,5.0,-1.0,2.7,-1.0,0.28,0.332,0.287,0.332,121,9,199.2,219.6,203.38,205.044,71.36,75.88,73.5,73.844,-2.4,1.0,0.2,0.778,0.285,0.354,0.319,0.337,-60,-6,8.0,-39.067,-2.6,-24.511,3.28,-12.147,-0.98,-10.111,7.4,-2.0,2.5,-1.778,-0.005,-0.022,-0.032,-0.005,0
2025-08-30,Corrode,TALON,Rex Regum Qeon,103,3,187.16,206.4,193.3,206.4,74.36,74.267,73.64,74.267,-0.8,2.333,-0.4,2.333,0.283,0.386,0.317,0.386,111,4,209.0,200.1,201.34,200.1,74.56,74.45,72.48,74.45,4.8,1.75,1.3,1.75,0.343,0.239,0.314,0.239,-8,-1,-21.84,6.3,-8.04,6.3,-0.2,-0.183,1.16,-0.183,-5.6,0.583,-1.7,0.583,-0.06,0.147,0.003,0.147,0
2025-08-30,Icebox,Rex Regum Qeon,TALON,112,15,207.72,220.68,202.82,206.44,73.56,79.92,73.22,73.22,3.4,0.8,1.3,0.6,0.34,0.29,0.33,0.294,104,14,183.56,191.72,189.4,187.58,71.6,68.16,71.96,67.3,-2.2,-1.6,-1.2,-1.6,0.265,0.283,0.311,0.268,8,1,24.16,28.96,13.42,18.86,1.96,11.76,1.26,5.92,5.6,2.4,2.5,2.2,0.075,0.007,0.018,0.026,1
2025-08-30,Haven,Rex Regum Qeon,TALON,113,18,207.64,199.84,207.54,199.52,72.76,75.32,74.64,71.78,3.2,4.8,2.2,2.6,0.395,0.343,0.36,0.311,105,13,176.52,202.24,187.8,195.52,66.6,76.0,70.36,71.5,-2.4,4.0,-1.1,1.0,0.242,0.322,0.298,0.302,8,5,31.12,-2.4,19.74,4.0,6.16,-0.68,4.28,0.28,5.6,0.8,3.3,1.6,0.153,0.02,0.062,0.01,0
2025-08-30,Sunset,TALON,Rex Regum Qeon,106,7,184.2,190.4,191.74,190.514,68.72,67.36,72.62,67.914,-0.4,-2.0,0.9,-2.286,0.254,0.229,0.303,0.238,114,8,202.56,206.68,208.14,204.025,71.96,76.72,74.5,76.725,0.4,0.4,1.3,-0.75,0.366,0.274,0.354,0.287,-8,-1,-18.36,-16.28,-16.4,-13.511,-3.24,-9.36,-1.88,-8.811,-0.8,-2.4,-0.4,-1.536,-0.113,-0.045,-0.051,-0.049,0
2025-08-30,Corrode,Team World,Glory Once Again,0,0,,,,,,,,,,,,,,,,,0,0,,,,,,,,,,,,,,,,,0,0,,,,,,,,,,,,,,,,,1
2025-08-30,Sunset,BBL Esports,GIANTX,89,10,210.36,212.2,205.1,204.08,71.6,75.6,70.96,73.28,-2.6,3.6,-0.1,2.6,0.232,0.36,0.27,0.314,62,10,209.72,201.24,202.82,192.66,75.88,71.2,72.68,69.74,4.6,4.8,3.0,3.7,0.299,0.291,0.286,0.262,27,0,0.64,10.96,2.28,11.42,-4.28,4.4,-1.72,3.54,-7.2,-1.2,-3.1,-1.1,-0.067,0.069,-0.016,0.052,0
2025-08-30,Ascent,GIANTX,BBL Esports,63,8,211.08,200.68,204.14,200.375,75.6,72.6,72.98,72.675,3.4,0.2,3.6,-0.125,0.314,0.31,0.301,0.338,90,18,195.48,205.92,200.46,198.98,67.4,72.24,69.94,70.78,-3.4,0.8,-1.6,0.6,0.217,0.307,0.267,0.276,-27,-10,15.6,-5.24,3.68,1.395,8.2,0.36,3.04,1.895,6.8,-0.6,5.2,-0.725,0.097,0.004,0.034,0.062,1
2025-08-30,Bind,Rex Regum Qeon,TALON,115,4,203.32,184.05,206.26,184.05,72.4,65.75,74.54,65.75,-0.4,-6.0,0.8,-6.0,0.343,0.33,0.356,0.33,107,10,186.12,191.56,190.72,201.06,68.2,73.76,71.0,75.0,0.4,-1.6,0.2,0.6,0.265,0.286,0.289,0.325,8,-6,17.2,-7.51,15.54,-17.01,4.2,-8.01,3.54,-9.25,-0.8,-4.4,0.6,-6.6,0.078,0.044,0.067,0.005,0
2025-08-30,Corrode,Team Alpha,Team Omega,0,0,,,,,,,,,,,,,,,,,0,0,,,,,,,,,,,,,,,,,0,0,,,,,,,,,,,,,,,,,1
2025-08-30,Lotus,Sentinels,NRG,147,31,195.8,215.52,206.4,209.2,73.76,81.2,76.46,79.92,2.6,3.8,3.5,2.1,0.296,0.38,0.335,0.371,113,17,230.64,203.08,212.04,202.1,82.48,75.28,76.14,74.2,5.4,-1.8,2.5,1.7,0.37,0.312,0.309,0.294,34,14,-34.84,12.44,-5.64,7.1,-8.72,5.92,0.32,5.72,-2.8,5.6,1.0,0.4,-0.074,0.067,0.025,0.077,0
2025-08-30,Icebox,NRG,Sentinels,114,7,228.76,211.6,212.7,213.486,81.68,76.32,75.96,76.914,4.2,1.8,2.6,1.0,0.371,0.261,0.326,0.284,148,15,188.2,195.28,199.34,196.36,70.8,70.32,74.5,71.02,2.2,-1.0,2.5,0.0,0.238,0.351,0.305,0.332,-34,-8,40.56,16.32,13.36,17.126,10.88,6.0,1.46,5.894,2.0,2.8,0.1,1.0,0.133,-0.09,0.021,-0.048,1
2025-08-30,Sunset,NRG,Sentinels,115,9,220.32,185.96,216.84,188.689,78.24,67.32,77.36,67.044,3.2,1.2,2.3,-0.889,0.376,0.245,0.34,0.223,149,15,187.56,208.8,198.2,208.46,68.96,74.08,73.68,73.92,0.8,2.2,1.8,0.3,0.244,0.317,0.3,0.329,-34,-6,32.76,-22.84,18.64,-19.771,9.28,-6.76,3.68,-6.876,2.4,-1.0,0.5,-1.189,0.132,-0.072,0.04,-0.106,0
2025-08-30,Corrode,Sentinels,NRG,150,3,196.64,220.8,198.1,220.8,71.48,81.133,73.3,81.133,1.4,7.667,1.8,7.667,0.232,0.361,0.279,0.361,116,3,216.76,220.8,214.02,220.8,77.76,78.333,76.66,78.333,3.2,5.333,1.9,5.333,0.376,0.364,0.349,0.364,34,0,-20.12,0.0,-15.92,0.0,-6.28,2.8,-3.36,2.8,-1.8,2.333,-0.1,2.333,-0.144,-0.004,-0.07,-0.004,0
2025-08-30,Bind,GIANTX,BBL Esports,64,6,220.44,186.44,207.32,183.1,77.48,69.0,74.34,68.433,5.0,-0.6,4.4,-0.167,0.32,0.283,0.297,0.255,91,8,180.56,193.68,193.46,193.375,60.92,68.6,66.7,70.8,-3.6,-0.8,-2.3,0.0,0.188,0.219,0.248,0.265,-27,-2,39.88,-7.24,13.86,-10.275,16.56,0.4,7.64,-2.367,8.6,0.2,6.7,-0.167,0.132,0.064,0.049,-0.011,1
2025-08-31,Bind,Rex Regum Qeon,Paper Rex,116,5,195.52,177.6,202.26,177.6,70.16,63.92,72.36,63.92,-1.4,-5.4,1.7,-5.4,0.325,0.287,0.334,0.287,188,22,214.6,209.16,207.1,203.78,75.76,78.64,73.98,75.3,4.8,2.6,2.2,1.6,0.351,0.377,0.352,0.326,-72,-17,-19.08,-31.56,-4.84,-26.18,-5.6,-14.72,-1.62,-11.38,-6.2,-8.0,-0.5,-7.0,-0.025,-0.09,-0.018,-0.039,0
2025-08-31,Haven,Paper Rex,Rex Regum Qeon,189,7,213.16,204.52,208.1,203.0,77.56,72.56,74.44,71.743,3.8,2.2,3.4,2.571,0.315,0.231,0.324,0.233,117,19,189.72,197.24,198.72,195.14,68.32,74.28,70.94,71.6,-3.4,2.8,0.0,2.4,0.322,0.326,0.331,0.3,72,-12,23.44,7.28,9.38,7.86,9.24,-1.72,3.5,0.143,7.2,-0.6,3.4,0.171,-0.007,-0.095,-0.007,-0.067,1
2025-08-31,Ascent,Rex Regum Qeon,Paper Rex,118,21,179.04,176.48,193.34,189.48,66.72,64.0,69.74,69.58,-4.0,-1.8,-0.4,-0.4,0.277,0.242,0.336,0.271,190,24,210.64,205.84,207.42,202.4,76.76,74.56,75.08,72.92,3.6,0.6,2.9,-0.3,0.322,0.287,0.328,0.313,-72,-3,-31.6,-29.36,-14.08,-12.92,-10.04,-10.56,-5.34,-3.34,-7.6,-2.4,-3.3,-0.1,-0.045,-0.045,0.008,-0.041,0
2025-08-31,Ascent,G2 Esports,NRG,129,18,200.64,212.44,210.92,212.38,73.6,78.0,78.5,77.54,0.0,2.0,3.1,1.4,0.314,0.323,0.328,0.306,117,13,213.2,207.48,214.42,200.74,77.36,76.72,77.28,74.4,4.0,1.2,3.0,1.5,0.383,0.27,0.345,0.284,12,5,-12.56,4.96,-3.5,11.64,-3.76,1.28,1.22,3.14,-4.0,0.8,0.1,-0.1,-0.069,0.054,-0.017,0.022,1
2025-08-31,Lotus,NRG,G2 Esports,118,18,202.36,216.36,216.5,203.3,74.76,79.28,78.62,74.7,0.8,-0.4,3.1,0.2,0.342,0.392,0.356,0.314,130,26,201.08,201.24,206.48,209.38,73.92,74.24,76.62,75.54,0.8,0.6,3.3,-0.1,0.331,0.281,0.323,0.3,-12,-8,1.28,15.12,10.02,-6.08,0.84,5.04,2.0,-0.84,-0.0,-1.0,-0.2,0.3,0.011,0.111,0.034,0.015,0
2025-08-31,Lotus,Rex Regum Qeon,Paper Rex,119,15,175.28,186.76,188.92,190.1,65.12,67.56,68.54,68.46,-3.2,-0.6,-1.4,-1.3,0.257,0.181,0.312,0.25,191,39,211.88,205.36,210.88,209.74,77.32,71.32,76.86,73.92,3.0,1.4,3.7,1.6,0.296,0.332,0.322,0.307,-72,-24,-36.6,-18.6,-21.96,-19.64,-12.2,-3.76,-8.32,-5.46,-6.2,-2.0,-5.1,-2.9,-0.039,-0.151,-0.01,-0.057,1
2025-08-31,Bind,NRG,G2 Esports,119,15,194.92,180.4,211.84,180.26,72.04,67.56,76.86,65.98,0.0,-3.8,2.1,-2.8,0.305,0.23,0.338,0.223,131,16,203.68,198.28,205.4,205.38,74.08,74.68,75.96,75.36,0.6,0.8,3.0,0.5,0.337,0.322,0.324,0.354,-12,-1,-8.76,-17.88,6.44,-25.12,-2.04,-7.12,0.9,-9.38,-0.6,-4.6,-0.9,-3.3,-0.032,-0.092,0.014,-0.132,0
2025-08-31,Corrode,Team EMEA,Team France,0,0,,,,,,,,,,,,,,,,,0,0,,,,,,,,,,,,,,,,,0,0,,,,,,,,,,,,,,,,,1
2025-08-31,Bind,Team Liquid,GIANTX,131,13,208.84,224.84,208.66,209.14,73.44,80.56,74.18,74.76,0.2,3.0,0.7,0.4,0.288,0.382,0.305,0.334,65,7,221.36,189.08,211.4,189.286,77.64,70.68,75.66,70.657,5.8,0.2,5.3,1.714,0.29,0.241,0.296,0.256,66,6,-12.52,35.76,-2.74,19.854,-4.2,9.88,-1.48,4.103,-5.6,2.8,-4.6,-1.314,-0.002,0.14,0.009,0.078,1
2025-08-31,Lotus,GIANTX,Team Liquid,66,10,213.04,197.32,210.12,194.46,75.92,74.08,75.28,71.8,4.6,-2.4,4.8,-1.0,0.272,0.219,0.276,0.251,132,25,214.52,206.36,203.96,198.3,76.12,76.64,73.2,74.36,1.2,2.6,0.4,0.7,0.316,0.391,0.307,0.312,-66,-15,-1.48,-9.04,6.16,-3.84,-0.2,-2.56,2.08,-2.56,3.4,-5.0,4.4,-1.7,-0.043,-0.171,-0.031,-0.061,0
2025-08-31,Sunset,GIANTX,Team Liquid,67,11,213.12,206.48,211.42,195.02,75.44,73.72,75.66,70.9,4.0,5.6,4.3,4.2,0.276,0.28,0.287,0.273,133,9,217.52,204.28,208.44,198.533,77.4,74.16,74.9,73.0,2.2,0.6,1.0,0.667,0.288,0.275,0.307,0.257,-66,2,-4.4,2.2,2.98,-3.513,-1.96,-0.44,0.76,-2.1,1.8,5.0,3.3,3.533,-0.012,0.005,-0.02,0.016,0
2025-09-12,Bind,Paper Rex,Xi Lai Gaming,192,23,208.24,209.04,210.2,203.12,76.0,78.4,75.58,75.38,2.8,2.6,4.0,2.2,0.28,0.341,0.318,0.314,4,0,169.45,,169.45,,60.95,,60.95,,-1.25,,-1.25,,0.133,,0.133,,188,23,38.79,,40.75,,15.05,,14.63,,4.05,,5.25,,0.147,,0.185,,1
2025-09-12,Sunset,Xi Lai Gaming,Paper Rex,5,1,170.32,173.2,170.32,173.2,60.44,60.8,60.44,60.8,-1.4,-1.0,-1.4,-1.0,0.17,0.158,0.17,0.158,193,21,211.32,201.08,212.96,205.56,76.4,74.6,76.08,75.14,2.8,-0.2,3.8,-0.4,0.265,0.402,0.308,0.374,-188,-20,-41.0,-27.88,-42.64,-32.36,-15.96,-13.8,-15.64,-14.34,-4.2,-0.8,-5.2,-0.6,-0.095,-0.244,-0.138,-0.217,0
2025-09-12,Corrode,Sentinels,GIANTX,151,4,186.72,207.3,196.92,207.3,69.92,77.75,73.68,77.75,-1.2,4.0,1.7,4.0,0.225,0.306,0.261,0.306,68,3,209.96,186.267,210.52,186.267,73.28,65.733,74.44,65.733,2.8,1.0,3.1,1.0,0.269,0.315,0.292,0.315,83,1,-23.24,21.033,-13.6,21.033,-3.36,12.017,-0.76,12.017,-4.0,3.0,-1.4,3.0,-0.044,-0.009,-0.03,-0.009,1
2025-09-12,Sunset,GIANTX,Sentinels,69,12,187.84,204.08,204.14,196.52,66.72,71.44,72.1,71.12,0.8,5.0,2.9,4.6,0.245,0.283,0.282,0.292,152,16,192.08,212.56,193.94,209.6,72.4,76.0,73.08,74.2,-0.8,2.0,0.9,0.4,0.241,0.319,0.269,0.319,-83,-4,-4.24,-8.48,10.2,-13.08,-5.68,-4.56,-0.98,-3.08,1.6,3.0,2.0,4.2,0.003,-0.036,0.014,-0.027,1
2025-09-12,Haven,Sentinels,GIANTX,153,16,190.92,213.4,189.56,211.06,72.12,77.84,71.46,76.24,-1.6,0.0,0.3,-0.7,0.241,0.34,0.24,0.34,70,8,189.08,195.0,205.22,189.025,66.84,71.52,72.24,69.25,-0.8,1.6,2.5,0.125,0.274,0.233,0.282,0.211,83,8,1.84,18.4,-15.66,22.035,5.28,6.32,-0.78,6.99,-0.8,-1.6,-2.2,-0.825,-0.033,0.108,-0.042,0.129,0
2025-09-13,Abyss,DRX,Team Liquid,162,7,183.56,212.0,195.82,211.829,65.92,77.6,71.52,76.457,-2.4,3.0,0.1,3.429,0.277,0.395,0.317,0.382,134,1,219.2,201.2,209.26,201.2,78.16,78.6,75.54,78.6,1.8,2.0,0.3,2.0,0.288,0.367,0.296,0.367,28,6,-35.64,10.8,-13.44,10.629,-12.24,-1.0,-4.02,-2.143,-4.2,1.0,-0.2,1.429,-0.011,0.028,0.02,0.016,1
2025-09-13,Bind,Team Liquid,DRX,135,14,209.76,216.92,206.94,211.24,76.84,78.04,74.9,75.92,1.0,2.8,0.2,0.9,0.294,0.342,0.287,0.331,163,22,185.68,192.68,192.04,185.42,69.32,71.68,70.94,67.82,-1.0,1.4,-0.7,-2.7,0.275,0.256,0.304,0.247,-28,-8,24.08,24.24,14.9,25.82,7.52,6.36,3.96,8.1,2.0,1.4,0.9,3.6,0.019,0.086,-0.017,0.083,0
2025-09-13,Abyss,EDward Gaming,NRG,74,2,177.44,209.4,195.8,209.4,63.64,77.1,71.72,77.1,-3.6,7.0,-1.1,7.0,0.186,0.345,0.216,0.345,120,0,192.56,,206.44,,71.04,,74.64,,-1.2,,1.0,,0.305,,0.34,,-46,2,-15.12,,-10.64,,-7.4,,-2.92,,-2.4,,-2.1,,-0.118,,-0.124,,0
2025-09-13,Corrode,NRG,EDward Gaming,121,4,199.0,216.85,207.88,216.85,71.6,78.25,74.68,78.25,-0.6,5.75,1.3,5.75,0.325,0.369,0.351,0.369,75,0,183.16,,190.86,,66.0,,70.0,,-2.8,,-2.2,,0.209,,0.218,,46,4,15.84,,17.02,,5.6,,4.68,,2.2,,3.5,,0.116,,0.132,,1
2025-09-14,Lotus,Dragon Ranger Gaming,T1,12,2,206.68,221.8,202.04,221.8,73.16,80.8,72.44,80.8,0.6,2.0,-0.2,2.0,0.327,0.271,0.289,0.271,146,29,201.24,191.8,195.24,196.54,69.32,65.4,69.54,68.58,-0.6,-3.4,-0.8,-1.8,0.266,0.211,0.253,0.226,-134,-27,5.44,30.0,6.8,25.26,3.84,15.4,2.9,12.22,1.2,5.4,0.6,3.8,0.061,0.06,0.036,0.045,0
2025-09-14,Sunset,Dragon Ranger Gaming,T1,13,0,212.2,,200.64,,75.36,,71.7,,2.0,,-0.6,,0.339,,0.279,,147,11,197.76,206.24,198.44,198.34,67.32,74.32,70.32,72.96,-2.0,-2.4,-0.4,-2.2,0.289,0.312,0.271,0.275,-134,-11,14.44,,2.2,,8.04,,1.38,,4.0,,-0.2,,0.05,,0.009,,0
2025-09-14,Corrode,Team Heretics,G2 Esports,142,1,200.32,186.8,206.16,186.8,70.92,59.4,72.78,59.4,4.6,-2.0,3.0,-2.0,0.2,0.346,0.287,0.346,132,4,198.92,199.5,203.92,199.5,70.4,72.1,74.88,72.1,0.6,-3.75,3.1,-3.75,0.305,0.308,0.319,0.308,10,-3,1.4,-12.7,2.24,-12.7,0.52,-12.7,-2.1,-12.7,4.0,1.75,-0.1,1.75,-0.105,0.038,-0.032,0.038,1
2025-09-14,Lotus,Team Heretics,G2 Esports,143,25,194.16,205.16,205.72,198.12,69.16,73.84,74.12,73.74,3.6,1.2,3.5,-0.9,0.177,0.298,0.28,0.301,133,27,189.12,203.6,197.52,208.98,68.32,74.88,72.24,75.4,0.4,1.2,1.3,0.3,0.285,0.27,0.298,0.289,10,-2,5.04,1.56,8.2,-10.86,0.84,-1.04,1.88,-1.66,3.2,-0.0,2.2,-1.2,-0.108,0.028,-0.018,0.013,1
2025-09-15,Haven,"Guangzhou Huadu Bilibili Gaming						
							(Bilibili Gaming)",MIBR,8,1,178.32,206.8,188.175,206.8,66.2,73.2,69.475,73.2,-3.0,-4.0,-1.375,-4.0,0.228,0.267,0.268,0.267,83,7,193.16,177.76,184.06,182.8,72.92,69.92,69.76,71.029,0.8,-1.2,-0.2,0.571,0.317,0.283,0.264,0.279,-75,-6,-14.84,29.04,4.115,24.0,-6.72,3.28,-0.285,2.171,-3.8,-2.8,-1.175,-4.571,-0.088,-0.016,0.005,-0.013,0
2025-09-15,Corrode,"Guangzhou Huadu Bilibili Gaming						
							(Bilibili Gaming)",MIBR,9,0,163.0,,182.4,,62.36,,68.311,,-3.6,,-1.778,,0.191,,0.253,,84,1,198.92,181.0,190.88,181.0,76.84,70.2,73.0,70.2,3.8,0.0,1.1,0.0,0.308,0.318,0.283,0.318,-75,-1,-35.92,,-8.48,,-14.48,,-4.689,,-7.4,,-2.878,,-0.117,,-0.03,,0
2025-09-15,Ascent,FNATIC,Rex Regum Qeon,178,18,193.52,200.64,200.36,201.46,68.8,69.2,70.04,69.78,-0.6,-1.4,-0.6,-0.2,0.253,0.204,0.253,0.253,120,22,174.08,175.92,188.7,184.08,64.2,65.12,68.3,67.58,-3.0,-2.2,-1.7,-0.8,0.243,0.238,0.293,0.258,58,-4,19.44,24.72,11.66,17.38,4.6,4.08,1.74,2.2,2.4,0.8,1.1,0.6,0.009,-0.034,-0.04,-0.005,1
2025-09-15,Abyss,Rex Regum Qeon,FNATIC,121,0,180.16,,187.84,,66.0,,68.08,,-1.8,,-1.6,,0.289,,0.307,,179,2,189.76,186.3,199.0,186.3,67.92,70.3,69.82,70.3,-1.2,1.5,-0.2,1.5,0.252,0.218,0.253,0.218,-58,-2,-9.6,,-11.16,,-1.92,,-1.74,,-0.6,,-1.4,,0.037,,0.054,,0
2025-09-17,Corrode,NRG,DRX,122,5,200.04,215.52,206.62,215.52,70.64,77.24,74.0,77.24,-3.2,3.4,0.4,3.4,0.316,0.361,0.349,0.361,164,3,189.92,197.867,191.26,197.867,71.88,72.0,71.2,72.0,-0.4,0.0,-0.2,0.0,0.29,0.298,0.294,0.298,-42,2,10.12,17.653,15.36,17.653,-1.24,5.24,2.8,5.24,-2.8,3.4,0.6,3.4,0.026,0.063,0.056,0.063,1
2025-09-17,Ascent,GIANTX,Paper Rex,71,9,193.56,208.4,203.3,206.156,69.08,73.12,72.5,74.089,-0.2,0.4,2.2,0.667,0.321,0.313,0.297,0.338,194,25,213.0,210.32,213.08,204.4,74.44,75.48,76.0,73.7,1.4,1.4,2.6,-0.1,0.304,0.305,0.31,0.32,-123,-16,-19.44,-1.92,-9.78,1.756,-5.36,-2.36,-3.5,0.389,-1.6,-1.0,-0.4,0.767,0.017,0.009,-0.013,0.018,1
2025-09-17,Sunset,GIANTX,Paper Rex,72,13,198.88,215.84,206.0,198.32,72.04,76.56,73.74,71.92,-0.2,5.8,1.9,5.3,0.334,0.342,0.305,0.304,195,22,209.6,206.16,210.12,208.28,73.36,73.24,75.06,74.4,2.2,-1.0,2.9,-0.9,0.301,0.38,0.312,0.387,-123,-9,-10.72,9.68,-4.12,-9.96,-1.32,3.32,-1.32,-2.48,-2.4,6.8,-1.0,6.2,0.033,-0.039,-0.007,-0.083,0
2025-09-17,Haven,NRG,DRX,123,16,201.48,205.84,201.92,202.9,70.52,74.16,72.64,74.7,-4.2,0.0,-1.7,-0.3,0.355,0.319,0.348,0.333,165,22,190.4,191.4,192.02,190.18,72.2,69.0,71.3,70.18,0.4,2.0,0.2,0.9,0.273,0.299,0.284,0.299,-42,-6,11.08,14.44,9.9,12.72,-1.68,5.16,1.34,4.52,-4.6,-2.0,-1.9,-1.2,0.082,0.019,0.065,0.035,0
2025-09-17,Lotus,DRX,NRG,166,22,193.68,194.48,190.74,200.84,74.16,69.52,71.34,73.64,2.2,-0.6,0.4,2.0,0.312,0.298,0.3,0.325,124,19,199.76,210.56,197.34,201.3,69.92,76.8,70.98,74.24,-3.8,-0.2,-1.9,-0.5,0.345,0.359,0.325,0.313,42,3,-6.08,-16.08,-6.6,-0.46,4.24,-7.28,0.36,-0.6,6.0,-0.4,2.3,2.5,-0.032,-0.061,-0.024,0.012,0
2025-09-17,Lotus,GIANTX,Paper Rex,73,11,192.88,196.28,201.42,194.24,70.0,72.52,71.64,71.0,-0.6,-2.2,1.1,-1.6,0.317,0.246,0.293,0.24,196,40,210.08,205.24,210.98,204.92,73.76,70.24,75.54,71.9,2.0,1.2,2.5,1.0,0.315,0.297,0.306,0.311,-123,-29,-17.2,-8.96,-9.56,-10.68,-3.76,2.28,-3.9,-0.9,-2.6,-3.4,-1.4,-2.6,0.002,-0.051,-0.012,-0.071,0
2025-09-18,Sunset,T1,Team Heretics,148,12,200.0,204.92,198.22,199.14,69.08,73.44,69.94,72.72,-2.8,-2.6,-0.5,-3.1,0.267,0.288,0.272,0.279,144,16,196.52,188.32,205.12,198.64,69.68,71.68,73.78,75.08,4.0,-0.8,3.6,1.2,0.229,0.237,0.274,0.295,4,-4,3.48,16.6,-6.9,0.5,-0.6,1.76,-3.84,-2.36,-6.8,-1.8,-4.1,-4.3,0.038,0.051,-0.002,-0.017,0
2025-09-18,Abyss,FNATIC,MIBR,180,3,195.68,197.733,197.14,197.733,70.08,74.867,70.0,74.867,0.4,4.667,0.1,4.667,0.255,0.245,0.245,0.245,85,0,205.36,,193.98,,77.72,,74.08,,3.2,,1.3,,0.302,,0.288,,95,3,-9.68,,3.16,,-7.64,,-4.08,,-2.8,,-1.2,,-0.047,,-0.043,,1
2025-09-18,Haven,MIBR,FNATIC,86,8,202.52,181.76,195.34,187.475,75.76,71.68,73.72,73.15,2.2,-1.0,0.9,1.125,0.292,0.278,0.284,0.278,181,25,198.36,186.64,199.52,195.68,71.2,67.56,71.0,72.56,-0.2,0.6,1.0,1.9,0.307,0.257,0.28,0.294,-95,-17,4.16,-4.88,-4.18,-8.205,4.56,4.12,2.72,0.59,2.4,-1.6,-0.1,-0.775,-0.014,0.021,0.005,-0.016,0
2025-09-18,Lotus,T1,Team Heretics,149,30,202.08,195.24,197.9,193.14,70.04,66.52,69.58,66.9,-0.4,-2.6,-0.7,-2.4,0.274,0.24,0.261,0.237,145,26,194.32,203.0,203.52,204.0,69.32,71.56,73.56,75.24,2.0,2.2,3.3,0.0,0.246,0.262,0.266,0.309,4,4,7.76,-7.76,-5.62,-10.86,0.72,-5.04,-3.98,-8.34,-2.4,-4.8,-4.0,-2.4,0.028,-0.022,-0.004,-0.071,0
2025-09-18,Bind,MIBR,FNATIC,87,6,192.16,177.12,195.44,175.667,74.4,65.24,74.14,63.7,1.4,-1.0,0.6,-0.833,0.31,0.265,0.306,0.263,182,23,197.76,205.88,195.5,205.7,73.0,74.12,71.02,74.06,2.6,2.2,0.5,0.7,0.315,0.347,0.281,0.361,-95,-17,-5.6,-28.76,-0.06,-30.033,1.4,-8.88,3.12,-10.36,-1.2,-3.2,0.1,-1.533,-0.005,-0.081,0.026,-0.098,1
2025-09-19,Sunset,Team Liquid,EDward Gaming,136,10,199.0,214.48,203.92,199.76,72.2,77.2,72.82,73.46,0.0,1.6,0.1,0.5,0.26,0.276,0.274,0.249,76,6,190.24,204.56,189.66,200.633,69.08,72.36,69.58,71.233,0.4,2.8,-1.0,1.833,0.242,0.264,0.222,0.252,60,4,8.76,9.92,14.26,-0.873,3.12,4.84,3.24,2.227,-0.4,-1.2,1.1,-1.333,0.018,0.012,0.052,-0.003,0
2025-09-19,Abyss,Team Liquid,EDward Gaming,137,2,187.0,186.8,200.76,186.8,69.48,72.6,72.8,72.6,-1.4,0.5,-0.1,0.5,0.199,0.35,0.258,0.35,77,3,194.0,204.8,189.2,204.8,69.72,75.0,69.2,75.0,0.8,4.667,-0.8,4.667,0.271,0.334,0.235,0.334,60,-1,-7.0,-18.0,11.56,-18.0,-0.24,-2.4,3.6,-2.4,-2.2,-4.167,0.7,-4.167,-0.072,0.016,0.023,0.016,1
2025-09-19,Bind,EDward Gaming,Team Liquid,78,12,195.08,189.88,185.36,198.14,69.32,71.56,66.64,73.58,0.8,1.0,-1.6,2.6,0.279,0.296,0.235,0.325,138,15,183.28,200.68,200.4,209.66,68.64,71.28,73.02,75.14,-1.2,0.8,0.5,0.7,0.219,0.315,0.253,0.332,-60,-3,11.8,-10.8,-15.04,-11.52,0.68,0.28,-6.38,-1.56,2.0,0.2,-2.1,1.9,0.061,-0.019,-0.018,-0.007,0
2025-09-19,Lotus,Sentinels,Xi Lai Gaming,154,32,186.36,209.96,186.96,206.84,70.88,80.4,69.92,79.02,-1.2,4.4,-0.2,2.4,0.212,0.315,0.228,0.352,6,1,175.28,168.4,174.133,168.4,61.0,66.0,61.833,66.0,-1.6,-1.0,-1.5,-1.0,0.193,0.105,0.179,0.105,148,31,11.08,41.56,12.827,38.44,9.88,14.4,8.087,13.02,0.4,5.4,1.3,3.4,0.018,0.209,0.049,0.246,0
2025-09-19,Haven,Sentinels,Xi Lai Gaming,155,17,179.76,205.96,188.2,207.74,69.8,75.16,70.64,75.24,-2.6,-0.4,-0.6,-1.1,0.201,0.319,0.217,0.326,7,1,181.12,192.4,178.171,192.4,64.88,72.0,64.457,72.0,-0.6,5.0,-0.714,5.0,0.245,0.143,0.213,0.143,148,16,-1.36,13.56,10.029,15.34,4.92,3.16,6.183,3.24,-2.0,-5.4,0.114,-6.1,-0.044,0.176,0.004,0.183,0
2025-09-19,Abyss,Sentinels,Xi Lai Gaming,156,2,177.76,188.5,182.24,188.5,68.08,70.1,69.0,70.1,-3.0,-1.0,-2.1,-1.0,0.201,0.267,0.213,0.267,8,0,196.68,,183.6,,72.08,,66.525,,2.8,,0.5,,0.287,,0.228,,148,2,-18.92,,-1.36,,-4.0,,2.475,,-5.8,,-2.6,,-0.086,,-0.015,,1
2025-09-20,Sunset,"Guangzhou Huadu Bilibili Gaming						
							(Bilibili Gaming)",Rex Regum Qeon,10,2,164.28,182.1,181.36,182.1,63.96,64.8,67.5,64.8,-4.0,2.5,-1.8,2.5,0.222,0.279,0.26,0.279,122,9,179.2,205.24,184.46,205.511,66.44,76.16,67.38,76.667,-2.2,-0.6,-2.8,-0.889,0.253,0.298,0.288,0.298,-112,-7,-14.92,-23.14,-3.1,-23.411,-2.48,-11.36,0.12,-11.867,-1.8,3.1,1.0,3.389,-0.031,-0.019,-0.028,-0.019,1
2025-09-20,Lotus,Rex Regum Qeon,"Guangzhou Huadu Bilibili Gaming						
							(Bilibili Gaming)",123,16,176.96,189.88,178.0,195.68,64.84,67.68,65.78,69.44,-3.0,-1.6,-3.5,-0.5,0.243,0.217,0.26,0.242,11,1,172.16,167.0,182.14,167.0,66.36,69.0,67.86,69.0,-2.4,-4.0,-1.9,-4.0,0.237,0.273,0.256,0.273,112,15,4.8,22.88,-4.14,28.68,-1.52,-1.32,-2.08,0.44,-0.6,2.4,-1.6,3.5,0.006,-0.056,0.004,-0.03,1
2025-09-20,Abyss,"Guangzhou Huadu Bilibili Gaming						
							(Bilibili Gaming)",Rex Regum Qeon,12,0,175.24,,180.14,,67.12,,67.28,,-1.0,,-2.3,,0.251,,0.245,,124,1,185.68,168.6,180.48,168.6,67.08,66.0,66.1,66.0,-2.4,-11.0,-2.8,-11.0,0.279,0.15,0.268,0.15,-112,-1,-10.44,,-0.34,,0.04,,1.18,,1.4,,0.5,,-0.028,,-0.023,,0
2025-09-20,Lotus,Dragon Ranger Gaming,G2 Esports,14,3,213.24,216.8,200.04,216.8,76.44,79.067,71.66,79.067,2.4,1.333,-0.5,1.333,0.344,0.264,0.281,0.264,134,28,188.6,198.64,194.62,203.82,66.44,71.44,70.02,73.02,-0.4,-0.2,-0.2,-0.8,0.271,0.244,0.292,0.268,-120,-25,24.64,18.16,5.42,12.98,10.0,7.627,1.64,6.047,2.8,1.533,-0.3,2.133,0.073,0.021,-0.012,-0.003,0
2025-09-20,Abyss,Dragon Ranger Gaming,G2 Esports,15,0,204.96,,196.86,,74.84,,71.08,,1.2,,0.1,,0.294,,0.272,,135,4,192.4,199.95,196.74,199.95,68.48,75.0,71.2,75.0,-1.4,1.0,-0.3,1.0,0.272,0.308,0.301,0.308,-120,-4,12.56,,0.12,,6.36,,-0.12,,2.6,,0.4,,0.023,,-0.03,,0
2025-09-21,Corrode,Team Liquid,DRX,139,3,181.4,199.933,200.3,199.933,66.8,68.933,72.48,68.933,-1.4,-0.667,0.2,-0.667,0.255,0.256,0.272,0.256,167,4,194.48,197.35,189.02,197.35,74.08,72.35,70.0,72.35,1.8,2.0,-0.3,2.0,0.312,0.276,0.295,0.276,-28,-1,-13.08,2.583,11.28,2.583,-7.28,-3.417,2.48,-3.417,-3.2,-2.667,0.5,-2.667,-0.057,-0.02,-0.023,-0.02,0
2025-09-21,Abyss,Team Liquid,DRX,140,3,182.48,198.533,196.12,198.533,66.8,75.733,71.82,75.733,-2.6,2.0,-0.8,2.0,0.217,0.356,0.255,0.356,168,8,196.08,203.64,190.88,208.55,73.08,78.64,71.2,77.025,3.0,1.8,1.0,3.125,0.322,0.357,0.298,0.37,-28,-5,-13.6,-5.107,5.24,-10.017,-6.28,-2.907,0.62,-1.292,-5.6,0.2,-1.8,-1.125,-0.105,-0.001,-0.043,-0.014,0
2025-09-21,Bind,GIANTX,Xi Lai Gaming,74,8,199.64,189.64,193.74,188.9,72.88,69.6,69.8,70.325,1.4,-0.4,1.1,1.125,0.336,0.212,0.29,0.246,9,1,191.52,173.8,181.711,173.8,72.16,58.4,67.178,58.4,1.2,-2.0,0.111,-2.0,0.319,0.318,0.236,0.318,65,7,8.12,15.84,12.029,15.1,0.72,11.2,2.622,11.925,0.2,1.6,0.989,3.125,0.017,-0.106,0.054,-0.073,1
2025-09-21,Ascent,GIANTX,Xi Lai Gaming,75,10,191.72,209.36,190.4,206.88,68.92,73.72,67.88,74.44,1.2,0.4,0.2,0.2,0.323,0.303,0.299,0.333,10,0,198.96,,184.64,,75.4,,67.92,,0.8,,-0.3,,0.294,,0.232,,65,10,-7.24,,5.76,,-6.48,,-0.04,,0.4,,0.5,,0.029,,0.067,,1
2025-09-22,Corrode,G2 Esports,T1,136,5,193.36,192.6,198.52,192.6,69.0,70.0,71.54,70.0,-2.4,-4.4,-0.9,-4.4,0.284,0.299,0.311,0.299,150,3,202.92,199.6,198.84,199.6,71.72,69.2,69.28,69.2,-0.6,1.0,-0.9,1.0,0.306,0.344,0.271,0.344,-14,2,-9.56,-7.0,-0.32,-7.0,-2.72,0.8,2.26,0.8,-1.8,-5.4,-0.0,-5.4,-0.022,-0.046,0.039,-0.046,1
2025-09-22,Abyss,MIBR,Rex Regum Qeon,88,1,200.08,180.0,196.62,180.0,76.64,66.0,74.78,66.0,1.0,-3.0,0.9,-3.0,0.293,0.2,0.305,0.2,125,2,189.24,198.9,181.66,198.9,69.4,74.6,66.8,74.6,-0.4,-1.0,-1.7,-1.0,0.322,0.34,0.283,0.34,-37,-1,10.84,-18.9,14.96,-18.9,7.24,-8.6,7.98,-8.6,1.4,-2.0,2.6,-2.0,-0.029,-0.14,0.022,-0.14,1
2025-09-22,Corrode,MIBR,Rex Regum Qeon,89,2,197.4,194.4,198.16,194.4,74.8,73.3,75.82,73.3,0.8,1.0,2.3,1.0,0.318,0.318,0.313,0.318,126,5,185.96,200.56,183.06,200.56,67.8,74.16,66.9,74.16,-1.8,1.6,-1.8,1.6,0.297,0.261,0.293,0.261,-37,-3,11.44,-6.16,15.1,-6.16,7.0,-0.86,8.92,-0.86,2.6,-0.6,4.1,-0.6,0.021,0.057,0.02,0.057,1
2025-09-22,Lotus,T1,G2 Esports,151,31,191.88,200.6,196.56,192.54,67.68,69.28,68.5,66.24,-2.0,-1.0,-1.3,-2.5,0.296,0.265,0.281,0.24,137,29,198.76,202.44,198.84,203.96,72.24,73.12,71.32,73.34,-1.4,1.2,-0.4,-0.7,0.292,0.253,0.299,0.272,14,2,-6.88,-1.84,-2.28,-11.42,-4.56,-3.84,-2.82,-7.1,-0.6,-2.2,-0.9,-1.8,0.003,0.013,-0.018,-0.032,0
2025-09-25,Lotus,G2 Esports,Paper Rex,138,30,207.8,206.84,198.46,203.84,75.52,75.04,71.92,74.22,0.0,0.4,0.2,-0.9,0.304,0.27,0.294,0.281,197,41,211.2,201.76,209.72,204.74,76.08,70.96,76.04,72.38,0.4,-0.6,1.6,0.5,0.342,0.305,0.311,0.313,-59,-11,-3.4,5.08,-11.26,-0.9,-0.56,4.08,-4.12,1.84,-0.4,1.0,-1.4,-1.4,-0.038,-0.035,-0.017,-0.031,0
2025-09-25,Corrode,Paper Rex,G2 Esports,198,0,206.56,,208.94,,73.6,,75.0,,-1.2,,0.8,,0.354,,0.31,,139,6,207.84,200.44,198.22,196.633,76.16,73.0,71.3,71.467,2.2,0.0,0.9,-2.167,0.302,0.318,0.287,0.304,59,-6,-1.28,,10.72,,-2.56,,3.7,,-3.4,,-0.1,,0.052,,0.023,,0
2025-09-25,Ascent,Paper Rex,G2 Esports,199,26,203.24,199.52,208.12,205.68,73.8,73.08,74.12,74.58,-2.8,1.2,-0.7,0.6,0.327,0.301,0.316,0.318,140,19,207.48,207.2,199.94,208.58,74.72,76.44,71.6,75.94,3.8,2.4,1.2,1.6,0.318,0.34,0.295,0.308,59,7,-4.24,-7.68,8.18,-2.9,-0.92,-3.36,2.52,-1.36,-6.6,-1.2,-1.9,-1.0,0.009,-0.04,0.021,0.011,1
2025-09-25,Haven,DRX,FNATIC,169,23,198.12,191.76,194.02,186.7,72.16,68.4,72.02,68.4,2.4,1.6,1.0,0.3,0.332,0.324,0.311,0.312,183,26,194.36,187.04,193.94,193.76,72.36,69.16,70.58,71.72,2.0,1.2,0.7,1.6,0.296,0.234,0.275,0.288,-14,-3,3.76,4.72,0.08,-7.06,-0.2,-0.76,1.44,-3.32,0.4,0.4,0.3,-1.3,0.036,0.089,0.036,0.024,0
2025-09-25,Ascent,DRX,FNATIC,170,21,194.48,197.48,192.44,195.24,71.0,73.52,71.6,72.66,0.8,0.6,0.6,0.2,0.332,0.34,0.303,0.303,184,19,195.24,192.24,192.5,199.9,72.68,67.32,70.3,69.82,2.6,-2.4,0.7,-0.1,0.286,0.199,0.269,0.256,-14,2,-0.76,5.24,-0.06,-4.66,-1.68,6.2,1.3,2.84,-1.8,3.0,-0.1,0.3,0.047,0.141,0.034,0.046,1
2025-09-25,Lotus,FNATIC,DRX,185,42,188.84,191.6,192.26,203.24,69.04,66.48,69.56,70.9,0.2,-2.8,0.3,-0.7,0.254,0.229,0.255,0.307,171,23,193.52,194.6,193.6,198.66,70.88,69.92,72.52,71.62,0.8,-2.2,1.5,1.2,0.334,0.279,0.323,0.3,14,19,-4.68,-3.0,-1.34,4.58,-1.84,-3.44,-2.96,-0.72,-0.6,-0.6,-1.2,-1.9,-0.079,-0.05,-0.069,0.008,1
2025-09-26,Lotus,NRG,GIANTX,125,20,201.04,211.16,196.8,205.42,71.24,77.88,71.14,75.64,-1.8,1.4,-1.5,0.3,0.353,0.347,0.329,0.327,76,12,191.56,196.0,192.56,191.16,68.2,71.92,68.64,70.16,1.0,-0.8,0.4,-1.5,0.276,0.296,0.299,0.224,49,8,9.48,15.16,4.24,14.26,3.04,5.96,2.5,5.48,-2.8,2.2,-1.9,1.8,0.077,0.052,0.03,0.103,1
2025-09-26,Sunset,Team Heretics,MIBR,146,17,200.92,193.68,204.18,193.58,71.68,70.56,73.84,73.14,2.2,-0.6,3.8,0.0,0.248,0.292,0.247,0.291,90,8,199.52,185.36,202.44,187.45,76.2,67.72,76.96,66.25,2.0,-2.0,2.6,-1.875,0.332,0.223,0.317,0.208,56,9,1.4,8.32,1.74,6.13,-4.52,2.84,-3.12,6.89,0.2,1.4,1.2,1.875,-0.084,0.069,-0.071,0.083,0
2025-09-26,Corrode,Team Heretics,MIBR,147,2,198.52,197.8,199.42,197.8,71.48,71.0,71.2,71.0,0.0,2.5,2.3,2.5,0.255,0.304,0.227,0.304,91,3,209.92,202.4,206.22,202.4,79.8,76.667,77.78,76.667,4.8,3.333,3.5,3.333,0.355,0.342,0.324,0.342,56,-1,-11.4,-4.6,-6.8,-4.6,-8.32,-5.667,-6.58,-5.667,-4.8,-0.833,-1.2,-0.833,-0.1,-0.038,-0.096,-0.038,0
2025-09-26,Haven,NRG,GIANTX,126,17,201.96,201.44,200.48,197.36,74.08,73.4,72.84,72.5,-0.8,-0.2,-0.7,-0.2,0.356,0.307,0.341,0.318,77,9,180.52,201.56,189.7,191.2,65.92,74.76,68.98,70.356,0.8,1.0,0.3,0.111,0.249,0.283,0.292,0.233,49,8,21.44,-0.12,10.78,6.16,8.16,-1.36,3.86,2.144,-1.6,-1.2,-1.0,-0.311,0.107,0.024,0.049,0.085,1
2025-09-27,Lotus,G2 Esports,DRX,141,31,206.12,202.8,199.74,202.02,73.44,73.44,71.22,73.84,4.6,0.4,1.1,0.5,0.333,0.266,0.308,0.274,172,24,188.24,188.44,191.36,194.6,70.44,69.28,72.26,70.36,1.6,-3.0,1.7,0.2,0.317,0.263,0.315,0.276,-31,7,17.88,14.36,8.38,7.42,3.0,4.16,-1.04,3.48,3.0,3.4,-0.6,0.3,0.016,0.004,-0.006,-0.003,1
2025-09-27,Abyss,G2 Esports,DRX,142,5,206.52,202.12,202.64,202.12,72.68,75.0,72.46,75.0,4.4,0.4,1.5,0.4,0.346,0.307,0.319,0.307,173,9,181.68,207.12,188.88,208.556,66.84,77.84,69.96,76.356,-1.4,1.8,0.8,3.0,0.28,0.37,0.301,0.374,-31,-4,24.84,-5.0,13.76,-6.436,5.84,-2.84,2.5,-1.356,5.8,-1.4,0.7,-2.6,0.066,-0.064,0.018,-0.067,0
2025-09-27,Bind,G2 Esports,DRX,143,17,202.76,201.2,205.28,203.24,71.2,74.16,73.36,73.82,3.4,1.2,1.7,0.6,0.326,0.322,0.315,0.341,174,23,181.28,188.0,189.7,188.1,67.28,70.8,69.72,69.7,-0.8,2.2,0.8,-1.3,0.261,0.263,0.297,0.272,-31,-6,21.48,13.2,15.58,15.14,3.92,3.36,3.64,4.12,4.2,-1.0,0.9,1.9,0.065,0.059,0.018,0.069,0
2025-09-27,Ascent,Team Heretics,GIANTX,148,10,191.48,207.92,192.82,192.76,68.48,74.2,68.82,69.72,-0.6,3.8,1.5,0.8,0.264,0.315,0.221,0.257,78,11,171.8,215.96,182.34,208.68,66.96,76.24,68.48,75.08,1.0,1.0,0.2,-0.1,0.211,0.287,0.264,0.317,70,-1,19.68,-8.04,10.48,-15.92,1.52,-2.04,0.34,-5.36,-1.6,2.8,1.3,0.9,0.053,0.027,-0.043,-0.06,1
2025-09-27,Lotus,GIANTX,Team Heretics,79,13,168.2,185.76,183.92,184.86,66.76,69.96,69.82,68.78,-1.4,-0.6,0.0,-2.6,0.162,0.257,0.249,0.208,149,27,193.88,210.08,195.2,205.88,70.8,75.56,70.24,76.18,-0.6,2.8,1.7,0.7,0.259,0.269,0.244,0.306,-70,-14,-25.68,-24.32,-11.28,-21.02,-4.04,-5.6,-0.42,-7.4,-0.8,-3.4,-1.7,-3.3,-0.097,-0.012,0.005,-0.098,1
2025-09-27,Bind,Team Heretics,GIANTX,150,13,183.6,207.2,188.96,205.62,67.12,75.56,68.22,75.38,-1.0,1.4,0.5,1.0,0.205,0.303,0.225,0.326,80,9,175.76,190.48,183.74,189.356,69.56,68.36,69.24,69.711,-1.0,-0.4,0.1,1.444,0.155,0.223,0.239,0.257,70,4,7.84,16.72,5.22,16.264,-2.44,7.2,-1.02,5.669,0.0,1.8,0.4,-0.444,0.05,0.08,-0.013,0.069,1
2025-09-28,Bind,Paper Rex,FNATIC,200,24,207.72,213.08,208.66,206.38,73.96,79.16,73.66,76.08,-4.0,3.6,-0.9,2.8,0.302,0.301,0.301,0.321,186,24,189.68,196.88,194.02,204.74,70.24,70.36,70.72,72.98,0.0,1.0,-0.1,0.9,0.253,0.3,0.28,0.344,14,0,18.04,16.2,14.64,1.64,3.72,8.8,2.94,3.1,-4.0,2.6,-0.8,1.9,0.049,0.001,0.022,-0.023,1
2025-09-28,Haven,Paper Rex,FNATIC,201,8,202.48,207.64,206.28,203.175,72.24,74.52,73.0,72.525,-4.8,3.0,-1.4,2.25,0.289,0.265,0.302,0.248,187,27,190.4,191.96,194.08,189.74,69.32,70.96,71.16,70.56,0.4,1.4,1.5,0.8,0.253,0.253,0.284,0.263,14,-19,12.08,15.68,12.2,13.435,2.92,3.56,1.84,1.965,-5.2,1.6,-2.9,1.45,0.036,0.012,0.018,-0.016,0
2025-09-28,Lotus,FNATIC,Paper Rex,188,43,199.64,198.24,197.0,201.64,72.56,70.12,72.46,71.32,1.8,-1.0,1.9,-0.5,0.29,0.292,0.293,0.291,202,42,193.72,198.16,202.46,203.62,67.48,68.28,71.78,71.28,-4.4,-2.6,-2.0,-0.1,0.254,0.312,0.298,0.319,-14,1,5.92,0.08,-5.46,-1.98,5.08,1.84,0.68,0.04,6.2,1.6,3.9,-0.4,0.036,-0.02,-0.005,-0.028,1
2025-09-28,Abyss,NRG,MIBR,127,1,205.24,216.2,202.64,216.2,76.92,69.0,73.78,69.0,0.4,0.0,-1.4,0.0,0.375,0.406,0.345,0.406,92,2,216.4,193.4,204.28,193.4,81.4,72.4,77.9,72.4,4.2,0.5,2.8,0.5,0.362,0.294,0.336,0.294,35,-1,-11.16,22.8,-1.64,22.8,-4.48,-3.4,-4.12,-3.4,-3.8,-0.5,-4.2,-0.5,0.013,0.112,0.009,0.112,1
2025-09-28,Haven,MIBR,NRG,93,9,210.2,175.36,205.14,185.467,80.04,70.4,78.34,72.867,4.4,-1.0,2.7,0.889,0.362,0.253,0.328,0.286,128,18,198.96,203.68,200.22,201.26,75.32,74.92,72.92,74.46,1.4,0.8,-1.4,0.6,0.37,0.311,0.363,0.318,-35,-9,11.24,-28.32,4.92,-15.793,4.72,-4.52,5.42,-1.593,3.0,-1.8,4.1,0.289,-0.008,-0.058,-0.035,-0.033,1
2025-09-28,Corrode,NRG,MIBR,129,6,192.12,213.04,195.94,212.167,72.52,76.32,71.22,76.333,-1.0,1.4,-2.4,1.5,0.347,0.371,0.346,0.378,94,4,214.4,202.25,205.9,202.25,81.16,77.15,77.98,77.15,6.2,1.5,3.5,1.5,0.355,0.352,0.336,0.352,35,2,-22.28,10.79,-9.96,9.917,-8.64,-0.83,-6.76,-0.817,-7.2,-0.1,-5.9,-0.0,-0.008,0.019,0.01,0.025,1
2025-09-29,Bind,MIBR,DRX,95,7,206.44,189.28,202.98,182.429,78.2,70.48,77.2,66.343,5.8,0.2,3.9,-0.429,0.344,0.292,0.338,0.273,175,24,187.36,191.12,190.92,189.5,69.16,72.52,70.08,70.36,0.4,3.2,0.6,-0.2,0.319,0.325,0.326,0.303,-80,-17,19.08,-1.84,12.06,-7.071,9.04,-2.04,7.12,-4.017,5.4,-3.0,3.3,-0.229,0.025,-0.033,0.012,-0.03,0
2025-09-29,Sunset,MIBR,DRX,96,9,196.76,192.96,203.34,192.4,76.84,70.8,78.32,68.222,4.0,0.8,4.4,-0.444,0.368,0.234,0.361,0.22,176,7,184.96,192.56,189.24,194.4,68.32,67.76,69.6,68.8,-0.2,-1.8,0.3,-2.857,0.268,0.244,0.301,0.251,-80,2,11.8,0.4,14.1,-2.0,8.52,3.04,8.72,-0.578,4.2,2.6,4.1,2.413,0.1,-0.01,0.061,-0.031,1
2025-09-29,Ascent,DRX,MIBR,177,22,184.88,197.28,186.56,196.4,66.32,73.16,68.38,73.02,-1.6,0.6,0.0,0.4,0.287,0.368,0.302,0.327,97,7,198.2,185.24,207.3,188.514,76.44,64.52,78.92,67.0,6.6,-3.6,5.4,-1.143,0.36,0.187,0.361,0.179,80,15,-13.32,12.04,-20.74,7.886,-10.12,8.64,-10.54,6.02,-8.2,4.2,-5.4,1.543,-0.074,0.181,-0.06,0.148,1
2025-09-29,Bind,Paper Rex,Team Heretics,203,25,192.0,212.12,199.28,204.0,69.24,78.44,71.42,75.12,-2.8,2.2,-2.0,1.6,0.233,0.287,0.294,0.31,151,14,179.2,209.56,190.06,206.24,64.96,76.64,68.32,74.74,-2.4,1.4,-0.1,0.5,0.216,0.312,0.232,0.315,52,11,12.8,2.56,9.22,-2.24,4.28,1.8,3.1,0.38,-0.4,0.8,-1.9,1.1,0.017,-0.025,0.062,-0.005,0
2025-09-29,Ascent,Team Heretics,Paper Rex,152,11,187.16,208.84,192.84,198.32,69.0,75.64,70.24,72.08,0.2,4.2,0.1,2.2,0.239,0.292,0.247,0.254,204,27,191.64,204.12,197.44,203.38,68.88,74.72,71.34,73.4,-2.0,1.0,-2.4,0.0,0.229,0.3,0.278,0.296,-52,-16,-4.48,4.72,-4.6,-5.06,0.12,0.92,-1.1,-1.32,2.2,3.2,2.5,2.2,0.011,-0.008,-0.031,-0.041,0
2025-09-29,Lotus,Paper Rex,Team Heretics,205,43,191.36,194.64,199.54,203.08,69.24,69.24,71.6,71.74,-1.2,-3.2,-2.6,0.1,0.262,0.297,0.282,0.313,153,28,190.24,195.0,190.86,199.24,69.36,69.96,68.92,72.84,-1.0,0.6,-0.8,0.7,0.219,0.215,0.242,0.283,52,15,1.12,-0.36,8.68,3.84,-0.12,-0.72,2.68,-1.1,-0.2,-3.8,-1.8,-0.6,0.043,0.082,0.04,0.029,1
2025-10-03,Ascent,NRG,FNATIC,130,14,189.52,212.96,195.28,199.04,71.92,79.44,71.58,73.64,-3.4,2.0,-2.6,0.3,0.353,0.311,0.353,0.277,189,20,204.24,184.12,199.74,199.74,74.16,65.48,73.42,70.04,1.4,-4.6,2.0,0.0,0.304,0.167,0.295,0.253,-59,-6,-14.72,28.84,-4.46,-0.7,-2.24,13.96,-1.84,3.6,-4.8,6.6,-4.6,0.3,0.05,0.144,0.059,0.025,1
2025-10-03,Abyss,NRG,FNATIC,131,2,187.56,190.1,194.76,190.1,69.92,66.4,72.0,66.4,-5.6,-1.5,-3.2,-1.5,0.338,0.42,0.347,0.42,190,4,204.72,197.85,196.78,197.85,74.4,74.65,71.72,74.65,2.8,4.25,1.5,4.25,0.329,0.296,0.292,0.296,-59,-2,-17.16,-7.75,-2.02,-7.75,-4.48,-8.25,0.28,-8.25,-8.4,-5.75,-4.7,-5.75,0.009,0.123,0.056,0.123,1
2025-10-03,Ascent,Paper Rex,DRX,206,28,199.04,205.96,200.76,205.48,70.48,75.24,71.36,74.52,-1.6,1.4,-3.2,0.8,0.284,0.3,0.286,0.303,178,23,192.92,193.8,187.3,197.46,68.28,69.72,67.56,72.62,-0.4,-1.4,-0.9,0.2,0.342,0.391,0.311,0.344,28,5,6.12,12.16,13.46,8.02,2.2,5.52,3.8,1.9,-1.2,2.8,-2.3,0.6,-0.059,-0.091,-0.025,-0.041,0
2025-10-03,Lotus,DRX,Paper Rex,179,25,192.72,179.2,187.0,186.92,67.76,67.2,67.52,67.64,-1.0,-4.2,-0.9,-1.0,0.36,0.234,0.311,0.248,207,44,205.24,204.48,199.48,204.92,73.16,72.72,70.32,72.02,-1.0,-3.0,-2.7,-0.8,0.305,0.306,0.28,0.319,-28,-19,-12.52,-25.28,-12.48,-18.0,-5.4,-5.52,-2.8,-4.38,0.0,-1.2,1.8,-0.2,0.055,-0.072,0.031,-0.072,1
2025-10-04,Haven,FNATIC,DRX,191,28,192.88,195.56,191.28,192.74,70.4,70.92,70.32,70.9,3.2,1.6,1.6,0.2,0.274,0.257,0.263,0.264,180,24,192.84,190.52,190.1,187.9,66.8,68.64,67.98,68.58,-1.6,0.8,-0.6,0.3,0.308,0.275,0.313,0.297,11,4,0.04,5.04,1.18,4.84,3.6,2.28,2.34,2.32,4.8,0.8,2.2,-0.1,-0.034,-0.018,-0.05,-0.033,1
2025-10-04,Corrode,FNATIC,DRX,192,2,193.48,219.1,191.94,219.1,70.48,73.9,69.9,73.9,2.2,3.0,1.3,3.0,0.288,0.279,0.271,0.279,181,5,192.12,196.6,188.54,196.6,66.88,73.08,67.6,73.08,-0.8,3.0,-0.5,3.0,0.306,0.287,0.287,0.287,11,-3,1.36,22.5,3.4,22.5,3.6,0.82,2.3,0.82,3.0,0.0,1.8,0.0,-0.018,-0.008,-0.016,-0.008,1
2025-10-04,Sunset,FNATIC,DRX,193,10,194.88,186.0,197.26,194.94,71.16,66.04,71.86,68.06,2.4,1.2,2.1,-1.1,0.305,0.233,0.298,0.281,182,8,187.96,185.16,186.42,190.475,66.56,65.0,66.44,67.125,-0.2,-2.0,-0.9,-3.625,0.266,0.238,0.276,0.253,11,2,6.92,0.84,10.84,4.465,4.6,1.04,5.42,0.935,2.6,3.2,3.0,2.525,0.039,-0.005,0.021,0.028,0
2025-10-04,Bind,DRX,FNATIC,183,25,187.6,194.8,190.26,195.22,67.32,72.96,67.8,71.68,0.8,3.4,0.2,0.3,0.266,0.333,0.304,0.303,194,25,184.4,194.76,194.32,200.42,67.96,70.56,71.06,71.42,2.2,2.4,1.8,0.8,0.279,0.267,0.292,0.327,-11,0,3.2,0.04,-4.06,-5.2,-0.64,2.4,-3.26,0.26,-1.4,1.0,-1.6,-0.5,-0.013,0.066,0.013,-0.023,0
2025-10-05,Sunset,FNATIC,NRG,195,11,189.44,179.24,197.08,192.46,69.56,64.8,71.98,67.36,1.6,-0.6,2.2,-0.6,0.308,0.221,0.319,0.28,132,10,184.36,180.92,194.8,188.22,68.0,64.96,72.46,66.96,-6.4,-1.4,-3.0,-1.1,0.331,0.245,0.353,0.231,63,1,5.08,-1.68,2.28,4.24,1.56,-0.16,-0.48,0.4,8.0,0.8,5.2,0.5,-0.023,-0.025,-0.034,0.049,0
2025-10-05,Ascent,FNATIC,NRG,196,21,198.04,183.88,195.46,200.8,71.56,64.96,70.98,70.3,0.0,-2.0,1.6,0.3,0.286,0.178,0.28,0.258,133,15,195.96,210.36,197.46,202.08,71.88,78.28,73.6,74.24,-5.0,-0.6,-1.8,-0.7,0.333,0.323,0.352,0.289,63,6,2.08,-26.48,-2.0,-1.28,-0.32,-13.32,-2.62,-3.94,5.0,-1.4,3.4,1.0,-0.047,-0.146,-0.072,-0.031,1
2025-10-05,Corrode,FNATIC,NRG,197,3,201.08,221.733,197.28,221.733,72.36,75.867,71.42,75.867,1.0,4.0,1.6,4.0,0.305,0.332,0.296,0.332,134,7,206.28,209.08,199.2,209.343,76.0,76.6,74.26,76.086,-3.0,0.0,-2.0,0.429,0.347,0.401,0.347,0.376,63,-4,-5.2,12.653,-1.92,12.39,-3.64,-0.733,-2.84,-0.219,4.0,4.0,3.6,3.571,-0.043,-0.069,-0.051,-0.044,0
2025-10-05,Abyss,FNATIC,NRG,198,5,184.84,186.92,189.86,186.92,66.92,71.72,69.04,71.72,-1.0,4.2,0.7,4.2,0.23,0.271,0.267,0.271,135,3,215.8,196.933,202.66,196.933,78.36,70.2,75.14,70.2,-1.0,-2.333,-2.2,-2.333,0.361,0.409,0.357,0.409,63,2,-30.96,-10.013,-12.8,-10.013,-11.44,1.52,-6.1,1.52,-0.0,6.533,2.9,6.533,-0.132,-0.139,-0.09,-0.139,1
2025-10-05,Lotus,FNATIC,NRG,199,44,187.56,202.52,185.98,203.98,67.04,71.64,67.5,73.22,0.4,-1.0,1.3,-0.6,0.27,0.309,0.275,0.297,136,21,209.72,211.88,198.64,204.32,77.52,77.92,73.72,75.56,-0.6,2.4,-3.1,0.3,0.335,0.372,0.337,0.338,63,23,-22.16,-9.36,-12.66,-0.34,-10.48,-6.28,-6.22,-2.34,1.0,-3.4,4.4,-0.9,-0.065,-0.063,-0.062,-0.041,0
2026-01-15,Abyss,ENVY,Evil Geniuses,0,0,,,,,,,,,,,,,,,,,131,0,194.44,,185.66,,70.28,,68.0,,-2.2,,-1.9,,0.293,,0.235,,-131,0,,,,,,,,,,,,,,,,,0
2026-01-15,Corrode,Evil Geniuses,ENVY,132,4,200.48,197.95,187.54,197.95,72.04,67.75,68.48,67.75,-1.2,-2.5,-2.2,-2.5,0.319,0.263,0.241,0.263,1,0,173.2,,173.2,,67.4,,67.4,,0.0,,0.0,,0.227,,0.227,,131,4,27.28,,14.34,,4.64,,1.08,,-1.2,,-2.2,,0.091,,0.014,,0
2026-01-15,Bind,Evil Geniuses,ENVY,133,13,194.96,199.72,189.02,198.96,70.28,72.88,69.1,72.04,-1.4,-2.0,-1.6,0.5,0.262,0.271,0.257,0.28,2,0,184.3,,184.3,,69.4,,69.4,,-1.5,,-1.5,,0.266,,0.266,,131,13,10.66,,4.72,,0.88,,-0.3,,0.1,,-0.1,,-0.004,,-0.009,,0
2026-01-15,Haven,Cloud9,LOUD,108,15,191.16,188.88,190.26,189.78,70.52,70.2,72.34,71.86,-3.4,-0.2,-2.6,-0.7,0.203,0.302,0.245,0.276,125,14,192.2,175.0,183.84,195.22,70.44,65.28,66.2,71.96,-1.2,1.0,-0.2,1.9,0.255,0.197,0.228,0.276,-17,1,-1.04,13.88,6.42,-5.44,0.08,4.92,6.14,-0.1,-2.2,-1.2,-2.4,-2.6,-0.052,0.105,0.017,-0.0,1
2026-01-15,Abyss,LOUD,Cloud9,126,0,183.92,,187.5,,66.16,,67.36,,-3.0,,-0.4,,0.219,,0.225,,109,1,192.68,189.0,193.88,189.0,71.04,64.4,73.74,64.4,-2.6,0.0,-1.7,0.0,0.191,0.375,0.25,0.375,17,-1,-8.76,,-6.38,,-4.88,,-6.38,,-0.4,,1.3,,0.027,,-0.025,,0
2026-01-16,Split,100 Thieves,LEVIATÁN,104,14,203.04,191.84,193.68,194.6,73.2,75.12,70.76,74.12,2.2,0.2,-0.5,0.1,0.279,0.299,0.233,0.304,139,9,178.28,194.16,191.94,199.578,67.52,72.88,70.8,73.267,-2.4,0.0,-1.2,-0.667,0.205,0.262,0.227,0.272,-35,5,24.76,-2.32,1.74,-4.978,5.68,2.24,-0.04,0.853,4.6,0.2,0.7,0.767,0.075,0.037,0.006,0.032,1
2026-01-16,Bind,100 Thieves,LEVIATÁN,105,17,210.24,209.16,192.7,203.58,74.04,77.6,70.76,74.72,5.0,4.4,-0.1,1.4,0.31,0.423,0.23,0.311,140,12,180.0,190.72,190.18,197.8,68.64,69.36,70.16,71.56,-3.2,1.4,-1.9,1.4,0.19,0.29,0.224,0.275,-35,5,30.24,18.44,2.52,5.78,5.4,8.24,0.6,3.16,8.2,3.0,1.8,0.0,0.12,0.132,0.006,0.037,1
2026-01-16,Pearl,LEVIATÁN,100 Thieves,141,9,173.04,213.24,187.66,211.933,65.04,77.36,69.66,77.156,-5.0,4.0,-1.8,3.889,0.178,0.235,0.23,0.312,106,5,207.64,192.44,197.86,192.44,73.76,71.96,73.02,71.96,4.8,-0.2,1.4,-0.2,0.279,0.281,0.255,0.281,35,4,-34.6,20.8,-10.2,19.493,-8.72,5.4,-3.36,5.196,-9.8,4.2,-3.2,4.089,-0.101,-0.045,-0.026,0.031,1
2026-01-16,Breeze,FURIA,KRÜ Esports,79,2,178.68,168.9,173.92,168.9,67.68,61.3,65.0,61.3,-4.4,-2.5,-4.3,-2.5,0.182,0.121,0.127,0.121,92,4,201.32,201.1,195.4,201.1,73.92,72.85,70.3,72.85,1.4,3.0,-0.2,3.0,0.295,0.351,0.234,0.351,-13,-2,-22.64,-32.2,-21.48,-32.2,-6.24,-11.55,-5.3,-11.55,-5.8,-5.5,-4.1,-5.5,-0.113,-0.229,-0.107,-0.229,1
2026-01-16,Abyss,KRÜ Esports,FURIA,93,3,190.2,194.2,190.16,194.2,69.0,67.6,68.2,67.6,0.4,-5.333,-0.5,-5.333,0.298,0.22,0.246,0.22,80,0,176.2,,177.8,,66.32,,66.1,,-1.4,,-3.4,,0.163,,0.139,,13,3,14.0,,12.36,,2.68,,2.1,,1.8,,2.9,,0.135,,0.107,,0
2026-01-16,Pearl,FURIA,KRÜ Esports,81,8,185.56,169.0,183.34,174.0,69.88,60.52,68.26,65.5,-0.6,-6.0,-2.7,-4.0,0.229,0.211,0.189,0.235,94,7,175.44,193.08,193.28,193.829,65.72,71.16,70.74,70.714,-2.2,-0.8,0.1,0.857,0.249,0.316,0.263,0.272,-13,1,10.12,-24.08,-9.94,-19.829,4.16,-10.64,-2.48,-5.214,1.6,-5.2,-2.8,-4.857,-0.019,-0.105,-0.074,-0.037,0
2026-01-17,Pearl,NRG,Cloud9,137,11,206.44,197.64,195.4,197.98,77.12,75.68,72.56,76.34,0.0,-0.2,-3.2,0.8,0.352,0.301,0.341,0.327,110,12,189.8,199.92,192.8,197.5,71.96,76.28,73.56,74.0,-1.0,0.6,-1.5,-0.4,0.189,0.353,0.25,0.309,27,-1,16.64,-2.28,2.6,0.48,5.16,-0.6,-1.0,2.34,1.0,-0.8,-1.7,1.2,0.163,-0.052,0.092,0.018,1
2026-01-17,Breeze,NRG,Cloud9,138,3,207.12,213.4,201.54,213.4,77.84,77.133,74.86,77.133,1.0,4.0,-2.0,4.0,0.357,0.421,0.345,0.421,111,0,178.36,,189.72,,67.6,,71.74,,-3.4,,-2.3,,0.176,,0.226,,27,3,28.76,,11.82,,10.24,,3.12,,4.4,,0.3,,0.18,,0.119,,1
2026-01-17,Abyss,MIBR,ENVY,98,3,198.4,192.933,204.3,192.933,75.08,73.4,77.56,73.4,6.4,1.333,5.4,1.333,0.344,0.307,0.353,0.307,3,1,195.067,173.2,195.067,173.2,73.2,67.4,73.2,67.4,0.333,0.0,0.333,0.0,0.253,0.227,0.253,0.227,95,2,3.333,19.733,9.233,19.733,1.88,6.0,4.36,6.0,6.067,1.333,5.067,1.333,0.091,0.08,0.1,0.08,1
2026-01-17,Corrode,ENVY,MIBR,4,1,189.45,195.4,189.45,195.4,69.4,71.4,69.4,71.4,-0.75,-3.0,-0.75,-3.0,0.252,0.304,0.252,0.304,99,5,196.96,197.52,205.68,197.52,75.0,75.44,78.08,75.44,4.6,2.4,5.4,2.4,0.333,0.349,0.344,0.349,-95,-4,-7.51,-2.12,-16.23,-2.12,-5.6,-4.04,-8.68,-4.04,-5.35,-5.4,-6.15,-5.4,-0.081,-0.044,-0.092,-0.044,0
2026-01-18,Split,100 Thieves,G2 Esports,107,15,202.4,187.12,198.62,197.76,71.36,72.92,72.94,75.02,2.6,0.8,1.6,0.8,0.262,0.289,0.26,0.32,144,12,195.92,202.04,201.88,208.46,69.8,76.32,72.98,76.66,1.0,-1.4,1.6,-0.9,0.304,0.262,0.303,0.303,-37,3,6.48,-14.92,-3.26,-10.7,1.56,-3.4,-0.04,-1.64,1.6,2.2,-0.0,1.7,-0.042,0.027,-0.043,0.017,0
2026-01-18,Corrode,G2 Esports,100 Thieves,145,7,199.76,199.72,203.62,197.543,69.72,72.8,72.22,71.371,-0.4,1.6,1.7,-1.0,0.266,0.337,0.292,0.322,108,2,205.92,224.3,199.46,224.3,72.4,82.4,73.06,82.4,2.8,9.5,1.0,9.5,0.264,0.379,0.248,0.379,37,5,-6.16,-24.58,4.16,-26.757,-2.68,-9.6,-0.84,-11.029,-3.2,-7.9,0.7,-10.5,0.002,-0.042,0.044,-0.057,0
2026-01-18,Split,FURIA,Sentinels,82,8,191.84,179.48,186.84,185.325,71.6,67.92,69.26,69.275,0.2,-2.8,-1.3,-1.75,0.259,0.191,0.211,0.245,157,22,174.6,185.44,183.34,196.62,67.72,71.44,70.06,75.34,-3.0,0.4,-1.9,1.4,0.206,0.247,0.223,0.308,-75,-14,17.24,-5.96,3.5,-11.295,3.88,-3.52,-0.8,-6.065,3.2,-3.2,0.6,-3.15,0.054,-0.056,-0.012,-0.063,1
2026-01-18,Breeze,Sentinels,FURIA,158,2,177.24,176.4,184.08,176.4,68.4,68.1,70.26,68.1,-3.6,2.5,-2.6,2.5,0.227,0.189,0.234,0.189,83,3,200.56,178.533,189.28,178.533,74.92,65.267,70.94,65.267,2.6,0.0,-1.0,0.0,0.31,0.176,0.237,0.176,75,-1,-23.32,-2.133,-5.2,-2.133,-6.52,2.833,-0.68,2.833,-6.2,2.5,-1.6,2.5,-0.083,0.013,-0.002,0.013,0
2026-01-18,Bind,100 Thieves,G2 Esports,109,18,208.68,212.08,205.86,203.1,76.08,77.76,74.64,74.26,3.6,5.8,2.9,1.9,0.293,0.399,0.286,0.329,146,18,188.08,196.32,197.1,196.86,68.28,72.68,70.86,71.92,-2.4,1.4,1.1,-0.7,0.191,0.304,0.262,0.314,-37,0,20.6,15.76,8.76,6.24,7.8,5.08,3.78,2.34,6.0,4.4,1.8,2.6,0.101,0.095,0.024,0.015,0
2026-01-20,Haven,Karmine Corp,Natus Vincere,98,8,188.28,191.64,195.72,184.275,66.24,69.36,69.32,66.9,-3.0,-1.0,-1.1,0.125,0.351,0.301,0.306,0.26,122,9,201.4,194.96,201.16,189.0,73.36,71.4,73.26,69.467,-2.6,2.0,0.1,1.444,0.319,0.306,0.317,0.313,-24,-1,-13.12,-3.32,-5.44,-4.725,-7.12,-2.04,-3.94,-2.567,-0.4,-3.0,-1.2,-1.319,0.032,-0.005,-0.012,-0.053,0
2026-01-20,Abyss,Gentle Mates,FUT Esports,50,0,192.36,,189.86,,70.56,,68.44,,-3.6,,-2.2,,0.278,,0.267,,117,1,188.72,181.4,190.48,181.4,66.72,70.4,66.42,70.4,-1.8,-3.0,-1.9,-3.0,0.232,0.304,0.257,0.304,-67,-1,3.64,,-0.62,,3.84,,2.02,,-1.8,,-0.3,,0.046,,0.01,,1
2026-01-20,Split,Natus Vincere,Karmine Corp,123,19,203.48,203.2,200.94,204.76,74.36,73.44,72.6,74.34,-1.0,1.4,0.3,1.5,0.329,0.353,0.318,0.309,99,9,180.92,188.2,187.52,177.8,67.24,73.12,67.06,68.8,-3.0,0.2,-2.0,0.111,0.303,0.247,0.294,0.181,24,10,22.56,15.0,13.42,26.96,7.12,0.32,5.54,5.54,2.0,1.2,2.3,1.389,0.027,0.106,0.025,0.129,1
2026-01-20,Split,Gentle Mates,FUT Esports,51,7,189.36,177.92,188.82,185.086,71.12,67.64,68.34,69.914,-2.6,-1.6,-1.2,-0.429,0.287,0.228,0.275,0.254,118,19,181.32,178.96,188.38,186.66,65.28,65.96,66.3,67.74,-2.6,-0.4,-2.9,-1.6,0.238,0.314,0.255,0.329,-67,-12,8.04,-1.04,0.44,-1.574,5.84,1.68,2.04,2.174,-0.0,-1.2,1.7,1.171,0.049,-0.086,0.02,-0.075,1
2026-01-21,Breeze,BBL Esports,PCIFIC Esports,92,1,167.4,203.6,185.6,203.6,56.0,73.0,63.64,73.0,-6.0,5.0,-4.2,5.0,0.17,0.529,0.229,0.529,0,0,,,,,,,,,,,,,,,,,92,1,,,,,,,,,,,,,,,,,1
2026-01-21,Abyss,PCIFIC Esports,BBL Esports,1,0,184.8,,184.8,,67.2,,67.2,,-1.0,,-1.0,,0.304,,0.304,,93,0,171.96,,190.28,,58.24,,65.34,,-5.2,,-3.5,,0.187,,0.23,,-92,0,12.84,,-5.48,,8.96,,1.86,,4.2,,2.5,,0.117,,0.074,,1
2026-01-21,Pearl,BBL Esports,PCIFIC Esports,94,4,164.64,191.2,187.5,191.2,56.52,69.4,64.06,69.4,-5.6,-4.25,-4.1,-4.25,0.204,0.253,0.218,0.253,2,0,196.1,,196.1,,69.1,,69.1,,0.5,,0.5,,0.352,,0.352,,92,4,-31.46,,-8.6,,-12.58,,-5.04,,-6.1,,-4.6,,-0.148,,-0.134,,1
2026-01-21,Breeze,ULF Esports,Team Vitality,0,0,,,,,,,,,,,,,,,,,113,3,197.88,209.6,193.66,209.6,72.28,76.2,68.9,76.2,0.8,4.0,-1.1,4.0,0.276,0.358,0.259,0.358,-113,-3,,,,,,,,,,,,,,,,,0
2026-01-21,Corrode,Team Vitality,ULF Esports,114,1,199.36,229.4,197.98,229.4,70.24,92.8,70.84,92.8,0.6,7.0,-0.3,7.0,0.293,0.353,0.278,0.353,1,0,132.0,,132.0,,49.0,,49.0,,-6.0,,-6.0,,0.125,,0.125,,113,1,67.36,,65.98,,21.24,,21.84,,6.6,,5.7,,0.168,,0.153,,1
2026-01-22,Bind,Team Heretics,Natus Vincere,154,15,181.72,210.72,187.8,203.26,65.4,75.88,68.1,73.82,-1.0,1.6,-0.8,0.5,0.184,0.297,0.222,0.309,124,14,191.64,203.28,202.64,195.46,72.08,73.04,73.84,71.46,-1.0,2.0,0.4,0.6,0.292,0.311,0.305,0.303,30,1,-9.92,7.44,-14.84,7.8,-6.68,2.84,-5.74,2.36,0.0,-0.4,-1.2,-0.1,-0.107,-0.014,-0.084,0.006,0
2026-01-22,Split,FULL SENSE,ZETA DIVISION,0,0,,,,,,,,,,,,,,,,,90,10,207.44,178.52,196.88,188.96,75.44,65.12,67.28,68.7,0.6,0.2,-2.0,0.8,0.339,0.242,0.263,0.266,-90,-10,,,,,,,,,,,,,,,,,1
2026-01-22,Haven,Natus Vincere,Team Heretics,125,10,204.64,194.36,205.54,192.56,76.52,70.12,75.22,70.52,1.4,0.4,0.6,1.9,0.317,0.341,0.32,0.322,155,18,190.36,214.44,186.98,218.76,68.12,75.12,67.62,79.08,-0.4,3.8,-0.7,4.1,0.224,0.33,0.214,0.339,-30,-8,14.28,-20.08,18.56,-26.2,8.4,-5.0,7.6,-8.56,1.8,-3.4,1.3,-2.2,0.093,0.011,0.106,-0.017,0
2026-01-22,Split,Team Heretics,Natus Vincere,156,12,190.16,201.36,184.68,191.34,68.64,69.48,66.8,68.2,0.8,0.6,-0.8,0.5,0.218,0.279,0.217,0.283,126,20,205.6,209.4,202.4,201.94,75.8,75.92,73.58,74.12,1.6,1.8,-0.4,1.6,0.342,0.347,0.313,0.297,30,-8,-15.44,-8.04,-17.72,-10.6,-7.16,-6.44,-6.78,-5.92,-0.8,-1.2,-0.4,-1.1,-0.123,-0.068,-0.096,-0.015,0
2026-01-22,Bind,GIANTX,Gentle Mates,81,10,176.0,196.12,183.78,191.32,68.44,70.08,68.32,69.74,0.0,2.8,0.5,1.7,0.166,0.247,0.221,0.254,52,2,202.2,201.0,190.86,201.0,73.88,72.0,68.34,72.0,-1.4,-5.0,-1.5,-5.0,0.303,0.258,0.284,0.258,29,8,-26.2,-4.88,-7.08,-9.68,-5.44,-1.92,-0.02,-2.26,1.4,7.8,2.0,6.7,-0.138,-0.012,-0.063,-0.004,0
2026-01-22,Corrode,ZETA DIVISION,FULL SENSE,91,2,193.88,185.9,194.56,185.9,69.24,66.3,66.78,66.3,-0.8,-3.5,-1.9,-3.5,0.32,0.299,0.256,0.299,1,0,246.2,,246.2,,89.4,,89.4,,1.0,,1.0,,0.267,,0.267,,90,2,-52.32,,-51.64,,-20.16,,-22.62,,-1.8,,-2.9,,0.054,,-0.01,,0
2026-01-22,Pearl,GIANTX,Gentle Mates,82,1,181.08,186.0,180.8,186.0,67.56,65.0,66.74,65.0,1.6,-2.0,1.2,-2.0,0.177,0.15,0.213,0.15,53,1,212.24,140.2,198.92,140.2,76.44,48.0,71.3,48.0,-0.6,-3.0,-0.6,-3.0,0.326,0.067,0.306,0.067,29,0,-31.16,45.8,-18.12,45.8,-8.88,17.0,-4.56,17.0,2.2,1.0,1.8,1.0,-0.148,0.083,-0.093,0.083,0
2026-01-22,Haven,Nongshim RedForce,Team Secret,35,3,193.08,181.6,195.44,181.6,69.88,68.133,70.88,68.133,-1.0,-4.333,-0.7,-4.333,0.242,0.254,0.263,0.254,96,13,169.8,177.64,178.44,192.82,61.48,63.04,65.18,69.0,-3.2,-2.6,-3.4,-2.0,0.171,0.213,0.194,0.265,-61,-10,23.28,3.96,17.0,-11.22,8.4,5.093,5.7,-0.867,2.2,-1.733,2.7,-2.333,0.07,0.041,0.069,-0.011,1
2026-01-22,Split,Team Secret,Nongshim RedForce,97,11,168.24,202.44,172.54,189.88,61.88,75.16,63.24,70.48,-3.0,-0.6,-3.0,-2.1,0.189,0.281,0.193,0.236,36,4,196.64,207.65,195.14,207.65,73.68,73.8,71.42,73.8,0.2,3.25,-0.8,3.25,0.266,0.329,0.278,0.329,61,7,-28.4,-5.21,-22.6,-17.77,-11.8,1.36,-8.18,-3.32,-3.2,-3.85,-2.2,-5.35,-0.077,-0.048,-0.086,-0.093,0
2026-01-23,Pearl,Team Liquid,Team Vitality,141,1,185.32,183.8,192.16,183.8,69.0,64.0,70.6,64.0,-2.0,-7.0,-1.0,-7.0,0.214,0.211,0.237,0.211,115,0,214.2,,204.2,,75.48,,73.28,,2.2,,0.7,,0.333,,0.298,,26,1,-28.88,,-12.04,,-6.48,,-2.68,,-4.2,,-1.7,,-0.119,,-0.061,,1
2026-01-23,Pearl,Evil Geniuses,Sentinels,134,15,182.0,194.0,186.92,206.04,65.96,67.36,68.12,71.94,-3.6,-0.4,-2.2,1.4,0.243,0.263,0.251,0.289,159,11,177.68,212.96,182.02,205.82,68.32,78.68,69.6,74.48,-4.0,1.0,-2.6,0.5,0.232,0.3,0.222,0.304,-25,4,4.32,-18.96,4.9,0.22,-2.36,-11.32,-1.48,-2.54,0.4,-1.4,0.4,0.9,0.011,-0.037,0.029,-0.015,0
2026-01-23,Abyss,Sentinels,Evil Geniuses,160,3,180.32,189.267,180.04,189.267,69.04,73.133,69.42,73.133,-3.6,0.333,-3.1,0.333,0.273,0.308,0.237,0.308,135,1,187.64,199.8,187.56,199.8,67.44,73.6,68.06,73.6,-1.8,0.0,-1.9,0.0,0.249,0.318,0.26,0.318,25,2,-7.32,-10.533,-7.52,-10.533,1.6,-0.467,1.36,-0.467,-1.8,0.333,-1.2,0.333,0.024,-0.01,-0.023,-0.01,1
2026-01-23,Pearl,LOUD,100 Thieves,127,10,186.52,205.88,190.52,206.36,66.92,73.68,68.52,74.12,-3.0,-1.2,-1.3,0.7,0.227,0.255,0.243,0.252,110,6,207.76,193.64,209.0,192.3,74.88,72.16,74.46,71.167,2.8,-1.0,3.9,-0.333,0.296,0.281,0.303,0.277,17,4,-21.24,12.24,-18.48,14.06,-7.96,1.52,-5.94,2.953,-5.8,-0.2,-5.2,1.033,-0.069,-0.026,-0.06,-0.025,0
2026-01-23,Bind,100 Thieves,LOUD,111,19,212.08,210.04,209.86,202.82,75.92,75.92,74.84,74.2,3.4,5.4,4.1,2.3,0.312,0.366,0.295,0.335,128,13,174.8,191.52,181.58,196.0,66.8,69.2,67.56,71.02,-4.8,-3.2,-2.0,-4.0,0.173,0.288,0.215,0.288,-17,6,37.28,18.52,28.28,6.82,9.12,6.72,7.28,3.18,8.2,8.6,6.1,6.3,0.139,0.078,0.08,0.047,1
2026-01-23,Breeze,100 Thieves,LOUD,112,2,216.52,221.4,209.46,221.4,77.64,79.0,74.5,79.0,2.6,4.0,2.6,4.0,0.312,0.325,0.287,0.325,129,3,176.2,210.867,184.22,210.867,67.44,75.733,68.52,75.733,-3.2,-2.0,-1.8,-2.0,0.18,0.248,0.213,0.248,-17,-1,40.32,10.533,25.24,10.533,10.2,3.267,5.98,3.267,5.8,6.0,4.4,6.0,0.132,0.077,0.074,0.077,0
2026-01-23,Breeze,BBL Esports,FNATIC,95,2,177.48,206.9,186.48,206.9,60.0,73.5,63.7,73.5,-4.4,3.0,-3.9,3.0,0.25,0.417,0.234,0.417,200,7,182.0,197.64,185.72,195.771,65.32,72.8,67.44,71.486,0.0,-1.0,0.8,-1.0,0.209,0.3,0.258,0.29,-105,-5,-4.52,9.26,0.76,11.129,-5.32,0.7,-3.74,2.014,-4.4,4.0,-4.7,4.0,0.041,0.117,-0.025,0.126,1
2026-01-23,Haven,BBL Esports,FNATIC,96,10,192.56,208.36,186.56,204.5,66.48,72.68,63.7,73.48,-2.6,2.0,-3.1,2.3,0.312,0.31,0.25,0.305,201,29,183.44,196.52,190.74,190.36,63.64,72.0,67.6,70.16,0.4,2.0,0.2,0.1,0.256,0.278,0.271,0.254,-105,-19,9.12,11.84,-4.18,14.14,2.84,0.68,-3.9,3.32,-3.0,-0.0,-3.3,2.2,0.056,0.033,-0.021,0.051,1
2026-01-23,Breeze,Team Vitality,Team Liquid,116,4,206.6,216.4,200.84,216.4,72.88,77.8,71.06,77.8,0.0,4.5,0.5,4.5,0.317,0.378,0.292,0.378,142,0,200.0,,193.5,,70.96,,70.22,,-0.8,,-1.1,,0.291,,0.245,,-26,4,6.6,,7.34,,1.92,,0.84,,0.8,,1.6,,0.026,,0.047,,1
2026-01-23,Corrode,Team Liquid,Team Vitality,143,4,189.04,194.4,186.16,194.4,66.44,68.35,67.54,68.35,-3.0,-2.25,-2.1,-2.25,0.284,0.227,0.251,0.227,117,2,209.92,241.0,203.1,241.0,74.4,92.2,73.22,92.2,2.8,6.5,2.1,6.5,0.335,0.391,0.311,0.391,26,2,-20.88,-46.6,-16.94,-46.6,-7.96,-23.85,-5.68,-23.85,-5.8,-8.75,-4.2,-8.75,-0.052,-0.163,-0.06,-0.163,0
2026-01-23,Pearl,DetonatioN FocusMe,Gen.G,73,6,183.56,184.08,192.1,187.367,67.2,69.08,69.2,70.533,0.0,-3.6,0.4,-2.333,0.225,0.236,0.269,0.215,165,7,182.24,196.12,197.18,197.486,65.44,71.36,70.54,71.914,0.8,-1.0,2.3,0.429,0.19,0.294,0.261,0.266,-92,-1,1.32,-12.04,-5.08,-10.119,1.76,-2.28,-1.34,-1.381,-0.8,-2.6,-1.9,-2.762,0.035,-0.058,0.008,-0.051,1
2026-01-23,Abyss,DetonatioN FocusMe,Gen.G,74,0,183.24,,195.3,,67.52,,71.18,,0.0,,1.1,,0.208,,0.26,,166,1,180.96,202.6,192.62,202.6,67.88,66.8,70.46,66.8,1.0,4.0,1.4,4.0,0.203,0.25,0.233,0.25,-92,-1,2.28,,2.68,,-0.36,,0.72,,-1.0,,-0.3,,0.004,,0.027,,1
2026-01-23,Split,Global Esports,VARREL,69,7,197.0,194.8,187.82,201.057,70.92,70.2,67.34,71.657,0.6,-1.2,-0.3,0.857,0.309,0.175,0.241,0.23,0,0,,,,,,,,,,,,,,,,,69,7,,,,,,,,,,,,,,,,,1
2026-01-23,Abyss,VARREL,Global Esports,1,0,181.0,,181.0,,56.0,,56.0,,2.0,,2.0,,0.25,,0.25,,70,0,197.92,,191.54,,71.68,,69.16,,-1.4,,-1.3,,0.261,,0.24,,-69,0,-16.92,,-10.54,,-15.68,,-13.16,,3.4,,3.3,,-0.011,,0.01,,0
2026-01-24,Split,FULL SENSE,DRX,2,1,235.2,246.2,235.2,246.2,86.3,89.4,86.3,89.4,-2.0,1.0,-2.0,1.0,0.369,0.267,0.369,0.267,184,16,177.28,193.2,185.0,193.06,64.04,70.84,65.9,71.42,-0.2,2.2,-0.6,2.1,0.211,0.224,0.285,0.275,-182,-15,57.92,53.0,50.2,53.14,22.26,18.56,20.4,17.98,-1.8,-1.2,-1.4,-1.1,0.158,0.042,0.083,-0.008,1
2026-01-24,Breeze,ENVY,KRÜ Esports,5,0,190.44,,190.44,,68.72,,68.72,,-1.0,,-1.0,,0.235,,0.235,,95,5,171.16,193.84,186.0,193.84,66.16,70.08,69.0,70.08,-3.2,1.4,-1.3,1.4,0.268,0.338,0.264,0.338,-90,-5,19.28,,4.44,,2.56,,-0.28,,2.2,,0.3,,-0.033,,-0.029,,1
2026-01-24,Breeze,FULL SENSE,DRX,3,0,223.933,,223.933,,83.6,,83.6,,-1.667,,-1.667,,0.357,,0.357,,185,3,172.68,212.067,182.76,212.067,63.12,76.667,64.96,76.667,-0.6,-0.667,-1.1,-0.667,0.211,0.385,0.259,0.385,-182,-3,51.253,,41.173,,20.48,,18.64,,-1.067,,-0.567,,0.146,,0.098,,0
2026-01-24,Split,Nongshim RedForce,T1,37,5,198.16,205.8,193.72,205.8,72.48,73.68,71.24,73.68,1.0,3.6,-0.3,3.6,0.254,0.33,0.287,0.33,152,10,187.88,209.36,192.82,192.76,67.52,74.8,67.42,69.08,-2.0,2.4,-2.0,-0.2,0.255,0.354,0.272,0.274,-115,-5,10.28,-3.56,0.9,13.04,4.96,-1.12,3.82,4.6,3.0,1.2,1.7,3.8,-0.001,-0.024,0.015,0.056,0
2026-01-24,Corrode,T1,Nongshim RedForce,153,4,192.08,190.3,196.04,190.3,69.92,66.65,69.5,66.65,0.0,-1.5,-1.4,-1.5,0.259,0.318,0.263,0.318,38,3,192.04,199.667,190.68,199.667,68.28,72.4,70.04,72.4,-1.6,-1.333,-1.3,-1.333,0.247,0.311,0.263,0.311,115,1,0.04,-9.367,5.36,-9.367,1.64,-5.75,-0.54,-5.75,1.6,-0.167,-0.1,-0.167,0.012,0.007,-0.0,0.007,0
2026-01-24,Haven,Nongshim RedForce,T1,39,4,196.16,190.15,189.74,190.15,70.68,72.2,69.78,72.2,-1.0,-2.25,-1.7,-2.25,0.29,0.288,0.259,0.288,154,21,187.92,186.76,195.0,201.18,69.6,64.44,69.82,70.18,0.0,-5.6,-0.2,-1.1,0.273,0.29,0.273,0.328,-115,-17,8.24,3.39,-5.26,-11.03,1.08,7.76,-0.04,2.02,-1.0,3.35,-1.5,-1.15,0.017,-0.002,-0.015,-0.041,1
2026-01-24,Abyss,ENVY,KRÜ Esports,6,2,199.12,172.9,194.8,172.9,70.52,62.7,70.0,62.7,-0.6,-2.0,-0.5,-2.0,0.244,0.239,0.241,0.239,96,4,173.68,185.35,185.5,185.35,67.08,68.0,69.7,68.0,-2.8,-5.0,-0.8,-5.0,0.241,0.207,0.272,0.207,-90,-2,25.44,-12.45,9.3,-12.45,3.44,-5.3,0.3,-5.3,2.2,3.0,0.3,3.0,0.003,0.032,-0.031,0.032,0
2026-01-24,Pearl,KRÜ Esports,ENVY,97,8,177.56,188.44,189.44,191.375,69.6,69.76,71.76,70.375,-1.2,-0.8,0.1,0.375,0.269,0.316,0.282,0.281,7,0,194.56,,191.629,,69.16,,69.229,,-1.6,,-1.571,,0.22,,0.233,,90,8,-17.0,,-2.189,,0.44,,2.531,,0.4,,1.671,,0.049,,0.049,,0
2026-01-24,Pearl,DRX,FULL SENSE,186,10,177.96,198.2,185.04,206.28,63.52,74.96,65.2,77.32,-0.4,0.8,-0.6,1.1,0.222,0.26,0.264,0.333,4,0,215.1,,215.1,,79.65,,79.65,,-2.0,,-2.0,,0.333,,0.333,,182,10,-37.14,,-30.06,,-16.13,,-14.45,,1.6,,1.4,,-0.111,,-0.069,,0
2026-01-24,Pearl,Cloud9,LEVIATÁN,112,13,177.36,190.28,189.4,192.7,67.52,72.84,70.56,71.3,-2.4,-2.4,-1.6,-1.5,0.205,0.294,0.24,0.284,142,10,174.76,211.64,188.74,211.1,64.72,76.48,70.18,76.76,-4.6,4.8,-1.8,3.6,0.214,0.27,0.247,0.32,-30,3,2.6,-21.36,0.66,-18.4,2.8,-3.64,0.38,-5.46,2.2,-7.2,0.2,-5.1,-0.009,0.024,-0.007,-0.036,1
2026-01-24,Split,Cloud9,LEVIATÁN,113,9,191.28,195.64,191.22,205.711,72.12,74.04,71.32,77.444,1.0,1.4,-1.2,2.889,0.305,0.275,0.254,0.289,143,10,174.8,186.32,181.4,200.38,66.52,70.8,68.38,73.58,-4.0,-2.2,-2.7,-1.0,0.214,0.234,0.221,0.272,-30,-1,16.48,9.32,9.82,5.331,5.6,3.24,2.94,3.864,5.0,3.6,1.5,3.889,0.091,0.041,0.033,0.017,1
2026-01-25,Split,Sentinels,100 Thieves,161,23,188.36,188.0,183.06,194.2,73.2,70.12,70.64,73.9,-0.4,-2.0,-1.7,0.0,0.302,0.258,0.252,0.281,113,16,213.2,200.88,209.56,198.34,76.16,75.4,74.28,75.22,3.6,1.4,3.2,0.4,0.349,0.313,0.306,0.287,48,7,-24.84,-12.88,-26.5,-4.14,-2.96,-5.28,-3.64,-1.32,-4.0,-3.4,-4.9,-0.4,-0.047,-0.055,-0.055,-0.006,0
2026-01-25,Breeze,Global Esports,Paper Rex,71,1,201.76,198.8,196.44,198.8,71.6,70.6,71.02,70.6,-0.6,2.0,-0.8,2.0,0.244,0.308,0.243,0.308,208,0,197.92,,194.96,,69.88,,69.56,,-2.0,,-2.4,,0.327,,0.28,,-137,1,3.84,,1.48,,1.72,,1.46,,1.4,,1.6,,-0.082,,-0.037,,0
2026-01-25,Split,Global Esports,Paper Rex,72,8,202.08,202.2,195.06,205.05,70.96,75.0,70.62,73.325,-0.4,-0.6,-1.3,0.5,0.219,0.173,0.233,0.226,209,23,200.2,215.0,195.92,216.72,70.96,75.6,69.92,76.8,-1.8,-1.8,-1.9,0.0,0.351,0.359,0.29,0.336,-137,-15,1.88,-12.8,-0.86,-11.67,-0.0,-0.6,0.7,-3.475,1.4,1.2,0.6,0.5,-0.132,-0.186,-0.057,-0.109,1
2026-01-25,Bind,Global Esports,Paper Rex,73,2,205.72,174.5,200.84,174.5,75.52,63.9,72.78,63.9,-0.6,-5.5,-0.5,-5.5,0.236,0.226,0.266,0.226,210,26,192.92,209.76,192.14,206.24,67.68,76.08,68.46,75.86,-2.2,1.6,-1.7,1.8,0.298,0.269,0.28,0.314,-137,-24,12.8,-35.26,8.7,-31.74,7.84,-12.18,4.32,-11.96,1.6,-7.1,1.2,-7.3,-0.062,-0.043,-0.014,-0.088,0
2026-01-25,Haven,Rex Regum Qeon,DetonatioN FocusMe,127,20,180.0,191.04,179.6,191.98,66.6,72.08,66.52,71.48,-1.2,1.8,-1.7,1.8,0.311,0.319,0.282,0.298,75,8,187.84,188.92,195.64,180.45,69.68,68.08,71.36,67.475,0.4,-0.6,0.7,-1.375,0.233,0.239,0.246,0.204,52,12,-7.84,2.12,-16.04,11.53,-3.08,4.0,-4.84,4.005,-1.6,2.4,-2.4,3.175,0.078,0.081,0.036,0.094,1
2026-01-25,Corrode,Rex Regum Qeon,DetonatioN FocusMe,128,6,189.6,196.96,183.28,190.267,68.16,74.36,66.5,71.8,-1.0,1.2,-2.0,0.0,0.322,0.285,0.283,0.255,76,2,188.68,206.7,196.6,206.7,69.04,72.8,71.86,72.8,0.6,-3.5,1.4,-3.5,0.232,0.212,0.254,0.212,52,4,0.92,-9.74,-13.32,-16.433,-0.88,1.56,-5.36,-1.0,-1.6,4.7,-3.4,3.5,0.091,0.073,0.028,0.042,1
2026-01-25,Corrode,100 Thieves,Sentinels,114,3,209.4,224.6,209.04,224.6,74.04,83.333,75.06,83.333,2.0,9.0,2.8,9.0,0.341,0.378,0.317,0.378,162,5,190.96,207.16,182.78,207.16,72.32,78.4,70.02,78.4,-1.0,3.8,-2.0,3.8,0.29,0.319,0.248,0.319,-48,-2,18.44,17.44,26.26,17.44,1.72,4.933,5.04,4.933,3.0,5.2,4.8,5.2,0.05,0.059,0.069,0.059,1
2026-01-25,Pearl,Cloud9,ENVY,114,14,190.48,195.4,191.58,194.76,71.76,73.4,71.4,72.24,0.4,-2.0,-1.1,-1.0,0.32,0.312,0.256,0.295,8,1,198.36,235.6,197.125,235.6,70.08,85.4,71.25,85.4,-2.0,2.0,-1.125,2.0,0.252,0.389,0.252,0.389,106,13,-7.88,-40.2,-5.545,-40.84,1.68,-12.0,0.15,-13.16,2.4,-4.0,0.025,-3.0,0.068,-0.077,0.003,-0.094,1
2026-01-25,Breeze,Cloud9,ENVY,115,1,191.28,176.2,190.54,176.2,70.16,64.8,71.06,64.8,0.0,2.0,-0.5,2.0,0.317,0.273,0.253,0.273,9,1,203.32,216.6,197.156,216.6,72.04,76.4,70.867,76.4,-1.6,2.0,-1.222,2.0,0.27,0.273,0.262,0.273,106,0,-12.04,-40.4,-6.616,-40.4,-1.88,-11.6,0.193,-11.6,1.6,-0.0,0.722,-0.0,0.046,-0.0,-0.01,-0.0,0
2026-01-25,Split,Cloud9,ENVY,116,10,195.08,199.64,186.72,205.42,71.44,75.64,69.52,77.52,0.4,3.2,-1.5,2.7,0.332,0.302,0.254,0.303,10,0,205.12,,197.78,,74.28,,71.5,,0.2,,-0.4,,0.323,,0.279,,106,10,-10.04,,-11.06,,-2.84,,-1.98,,0.2,,-1.1,,0.009,,-0.025,,1
2026-01-27,Abyss,Karmine Corp,Team Liquid,100,0,182.6,,188.68,,67.6,,66.8,,-3.0,,-2.2,,0.3,,0.304,,144,4,184.04,193.4,182.72,193.4,66.24,72.8,66.52,72.8,-2.2,1.0,-1.8,1.0,0.258,0.317,0.256,0.317,-44,-4,-1.44,,5.96,,1.36,,0.28,,-0.8,,-0.4,,0.042,,0.048,,1
2026-01-27,Abyss,FNATIC,FUT Esports,202,6,177.2,187.68,189.14,185.8,60.6,70.8,66.48,70.367,-1.6,5.4,-0.3,4.167,0.194,0.316,0.249,0.291,119,2,177.08,168.7,190.42,168.7,64.28,66.6,67.3,66.6,-2.6,-5.5,-1.9,-5.5,0.238,0.271,0.259,0.271,83,4,0.12,18.98,-1.28,17.1,-3.68,4.2,-0.82,3.767,1.0,10.9,1.6,9.667,-0.044,0.045,-0.01,0.02,1
2026-01-27,Corrode,FNATIC,FUT Esports,203,4,193.76,202.75,189.3,202.75,67.64,70.05,67.28,70.05,1.2,2.0,0.1,2.0,0.269,0.264,0.249,0.264,120,0,170.0,,187.16,,60.92,,66.32,,-5.0,,-1.7,,0.223,,0.25,,83,4,23.76,,2.14,,6.72,,0.96,,6.2,,1.8,,0.046,,-0.0,,0
2026-01-27,Split,FNATIC,FUT Esports,204,22,197.92,210.76,192.74,209.34,68.56,78.4,67.8,76.86,0.4,3.4,0.4,3.0,0.249,0.331,0.26,0.318,121,20,171.68,172.24,184.22,185.22,63.76,63.96,65.64,68.04,-3.4,-0.8,-2.9,-0.9,0.227,0.253,0.234,0.311,83,2,26.24,38.52,8.52,24.12,4.8,14.44,2.16,8.82,3.8,4.2,3.3,3.9,0.022,0.078,0.025,0.007,1
2026-01-27,Split,Team Liquid,Karmine Corp,145,20,178.88,203.32,180.68,201.96,64.92,76.6,65.86,74.38,-2.2,3.6,-2.4,2.7,0.229,0.235,0.223,0.253,101,10,192.92,191.52,193.42,178.6,70.96,73.16,68.4,68.94,-1.6,0.6,-1.2,0.1,0.334,0.28,0.325,0.196,44,10,-14.04,11.8,-12.74,23.36,-6.04,3.44,-2.54,5.44,-0.6,3.0,-1.2,2.6,-0.105,-0.045,-0.102,0.057,1
2026-01-27,Breeze,Karmine Corp,Team Liquid,102,3,192.6,187.0,190.9,187.0,70.76,74.267,68.6,74.267,-1.6,0.667,-1.5,0.667,0.324,0.284,0.326,0.284,146,1,184.28,167.2,184.8,167.2,68.28,59.4,68.64,59.4,-1.2,-6.0,-1.6,-6.0,0.275,0.333,0.244,0.333,-44,2,8.32,19.8,6.1,19.8,2.48,14.867,-0.04,14.867,-0.4,6.667,0.1,6.667,0.05,-0.049,0.082,-0.049,0
2026-01-28,Bind,Team Heretics,ULF Esports,157,16,179.96,205.36,183.56,201.54,65.24,72.24,67.12,72.1,-1.4,0.2,-0.6,0.2,0.227,0.316,0.233,0.308,2,0,141.2,,141.2,,55.3,,55.3,,-6.0,,-6.0,,0.098,,0.098,,155,16,38.76,,42.36,,9.94,,11.82,,4.6,,5.4,,0.129,,0.135,,1
2026-01-28,Abyss,PCIFIC Esports,GIANTX,3,1,184.267,207.4,184.267,207.4,66.067,71.0,66.067,71.0,0.667,2.0,0.667,2.0,0.235,0.4,0.235,0.4,83,0,190.6,,181.2,,69.76,,68.36,,1.8,,1.4,,0.189,,0.2,,-80,1,-6.333,,3.067,,-3.693,,-2.293,,-1.133,,-0.733,,0.045,,0.035,,0
2026-01-28,Bind,PCIFIC Esports,GIANTX,4,0,187.2,,187.2,,67.6,,67.6,,-0.75,,-0.75,,0.259,,0.259,,84,11,199.36,199.64,183.78,193.04,71.6,69.72,69.18,69.36,3.8,4.2,1.2,1.8,0.244,0.246,0.203,0.264,-80,-11,-12.16,,3.42,,-4.0,,-1.58,,-4.55,,-1.95,,0.015,,0.057,,1
2026-01-28,Split,PCIFIC Esports,GIANTX,5,0,190.36,,190.36,,67.92,,67.92,,-1.0,,-1.0,,0.292,,0.292,,85,7,191.36,174.08,183.56,165.086,69.0,63.16,69.28,63.8,3.0,-4.0,1.0,-3.429,0.22,0.176,0.188,0.172,-80,-7,-1.0,,6.8,,-1.08,,-1.36,,-4.0,,-2.0,,0.072,,0.105,,0
2026-01-28,Haven,Team Heretics,ULF Esports,158,19,187.72,208.76,188.98,214.58,67.88,74.56,68.62,77.32,0.4,3.4,-0.3,3.5,0.262,0.334,0.241,0.344,3,0,158.8,,158.8,,60.0,,60.0,,-6.333,,-6.333,,0.113,,0.113,,155,19,28.92,,30.18,,7.88,,8.62,,6.733,,6.033,,0.149,,0.127,,1
2026-01-29,Split,DetonatioN FocusMe,Team Secret,77,4,185.68,185.35,191.96,185.35,67.8,71.5,70.02,71.5,1.2,-1.5,0.8,-1.5,0.23,0.274,0.235,0.274,98,12,176.76,197.2,169.38,195.12,62.56,73.4,62.24,71.3,-2.4,-1.4,-4.1,-2.0,0.224,0.276,0.178,0.24,-21,-8,8.92,-11.85,22.58,-9.77,5.24,-1.9,7.78,0.2,3.6,-0.1,4.9,0.5,0.006,-0.003,0.057,0.034,1
2026-01-29,Abyss,Global Esports,ZETA DIVISION,74,1,210.2,208.6,203.6,208.6,77.24,73.0,74.08,73.0,-0.2,-1.0,0.2,-1.0,0.236,0.2,0.273,0.2,92,0,182.4,,191.2,,66.28,,66.46,,-0.2,,-0.4,,0.284,,0.246,,-18,1,27.8,,12.4,,10.96,,7.62,,-0.0,,0.6,,-0.048,,0.027,,1
2026-01-29,Bind,Gentle Mates,Natus Vincere,54,3,207.52,208.533,198.46,208.533,75.6,74.667,72.52,74.667,-1.2,-4.333,-1.1,-4.333,0.349,0.288,0.327,0.288,127,15,204.64,203.68,203.02,197.44,75.16,73.28,74.26,72.32,3.2,2.2,0.3,1.3,0.331,0.272,0.325,0.296,-73,-12,2.88,4.853,-4.56,11.093,0.44,1.387,-1.74,2.347,-4.4,-6.533,-1.4,-5.633,0.018,0.016,0.002,-0.007,1
2026-01-29,Abyss,Gentle Mates,Natus Vincere,55,1,208.44,193.2,200.4,193.2,76.28,75.0,73.42,75.0,0.2,8.0,-1.7,8.0,0.369,0.429,0.323,0.429,128,0,196.36,,199.92,,73.92,,74.14,,2.4,,0.7,,0.306,,0.317,,-73,1,12.08,,0.48,,2.36,,-0.72,,-2.2,,-2.4,,0.063,,0.006,,1
2026-01-29,Abyss,Team Vitality,BBL Esports,118,1,208.72,198.0,203.3,198.0,74.92,65.2,73.6,65.2,2.8,-6.0,1.8,-6.0,0.367,0.208,0.321,0.208,97,1,209.04,171.8,188.22,171.8,73.76,60.0,64.88,60.0,1.4,-2.0,-2.3,-2.0,0.341,0.2,0.255,0.2,21,0,-0.32,26.2,15.08,26.2,1.16,5.2,8.72,5.2,1.4,-4.0,4.1,-4.0,0.027,0.008,0.066,0.008,0
2026-01-29,Bind,Team Secret,DetonatioN FocusMe,99,3,181.12,178.667,166.02,178.667,65.84,66.8,61.98,66.8,-2.6,0.0,-4.4,0.0,0.2,0.193,0.162,0.193,78,1,200.44,174.2,192.0,174.2,73.08,62.4,70.14,62.4,4.0,1.0,2.0,1.0,0.231,0.118,0.228,0.118,21,2,-19.32,4.467,-25.98,4.467,-7.24,4.4,-8.16,4.4,-6.6,-1.0,-6.4,-1.0,-0.031,0.075,-0.066,0.075,0
2026-01-29,Haven,ZETA DIVISION,Global Esports,93,14,182.96,181.32,192.06,177.64,65.04,63.96,68.12,62.76,0.2,0.6,0.3,-0.9,0.229,0.212,0.238,0.204,75,8,205.72,188.24,201.82,192.425,74.6,67.64,73.14,72.625,0.6,-5.2,-0.4,-2.125,0.251,0.259,0.256,0.276,18,6,-22.76,-6.92,-9.76,-14.785,-9.56,-3.68,-5.02,-9.865,-0.4,5.8,0.7,1.225,-0.021,-0.047,-0.018,-0.071,0
2026-01-29,Haven,BBL Esports,Team Vitality,98,11,208.72,209.88,190.34,208.44,74.16,74.32,66.2,75.32,1.0,2.4,-2.1,3.4,0.346,0.31,0.267,0.317,119,17,197.48,194.08,198.42,185.44,71.72,69.96,70.98,66.54,1.8,-2.6,1.2,-4.1,0.337,0.3,0.315,0.259,-21,-6,11.24,15.8,-8.08,23.0,2.44,4.36,-4.78,8.78,-0.8,5.0,-3.3,7.5,0.01,0.011,-0.048,0.059,1
2026-01-30,Corrode,Team Liquid,FNATIC,147,5,185.28,190.8,192.64,190.8,69.72,68.16,70.34,68.16,0.2,-1.4,-0.3,-1.4,0.25,0.227,0.27,0.227,205,5,202.28,202.4,192.14,202.4,71.0,69.68,68.16,69.68,-0.2,1.6,-0.1,1.6,0.308,0.27,0.259,0.27,-58,0,-17.0,-11.6,0.5,-11.6,-1.28,-1.52,2.18,-1.52,0.4,-3.0,-0.2,-3.0,-0.058,-0.043,0.012,-0.043,0
2026-01-30,Split,Team Liquid,FNATIC,148,21,186.96,198.56,188.0,205.26,70.76,76.12,68.6,75.56,1.4,3.8,-0.8,3.2,0.217,0.265,0.25,0.285,206,23,209.0,214.6,196.22,208.7,72.48,79.16,68.06,76.84,0.2,2.8,0.3,2.4,0.294,0.333,0.275,0.33,-58,-2,-22.04,-16.04,-8.22,-3.44,-1.72,-3.04,0.54,-1.28,1.2,1.0,-1.1,0.8,-0.078,-0.068,-0.025,-0.045,0
2026-01-30,Abyss,GIANTX,Team Heretics,86,1,189.64,201.4,182.82,201.4,71.0,75.2,69.72,75.2,3.2,5.0,1.6,5.0,0.253,0.333,0.209,0.333,159,8,196.44,185.88,189.08,190.475,71.12,69.76,68.26,70.975,1.0,-3.4,0.0,-2.25,0.32,0.316,0.252,0.311,-73,-7,-6.8,15.52,-6.26,10.925,-0.12,5.44,1.46,4.225,2.2,8.4,1.6,7.25,-0.067,0.017,-0.043,0.023,1
2026-01-30,Split,FURIA,G2 Esports,84,9,205.4,188.48,192.04,189.489,77.6,72.04,72.64,71.311,4.4,-0.8,0.0,-0.667,0.353,0.249,0.268,0.261,147,13,183.88,200.2,195.2,207.92,67.0,74.0,69.84,75.72,-4.0,-2.0,0.2,-1.0,0.169,0.25,0.258,0.294,-63,-4,21.52,-11.72,-3.16,-18.431,10.6,-1.96,2.8,-4.409,8.4,1.2,-0.2,0.333,0.184,-0.001,0.01,-0.032,1
2026-01-30,Bind,G2 Esports,FURIA,148,19,181.68,192.52,192.22,195.92,66.92,70.68,69.06,71.52,-3.4,0.2,0.0,-0.4,0.151,0.284,0.238,0.29,85,9,209.32,181.76,192.76,188.489,79.24,67.0,72.78,69.244,3.8,-3.2,1.2,-1.0,0.359,0.172,0.261,0.234,63,10,-27.64,10.76,-0.54,7.431,-12.32,3.68,-3.72,2.276,-7.2,3.4,-1.2,0.6,-0.208,0.111,-0.022,0.056,1
2026-01-30,Abyss,FURIA,G2 Esports,86,1,198.44,215.6,192.0,215.6,75.68,80.0,72.78,80.0,3.6,4.0,1.5,4.0,0.301,0.5,0.265,0.5,149,6,192.48,197.6,194.2,200.333,70.32,74.48,70.06,74.267,-2.8,-1.4,-0.9,-0.5,0.205,0.298,0.254,0.292,-63,-5,5.96,18.0,-2.2,15.267,5.36,5.52,2.72,5.733,6.4,5.4,2.4,4.5,0.096,0.202,0.011,0.208,1
2026-01-30,Haven,GIANTX,Team Heretics,87,10,193.12,180.16,187.1,184.52,72.76,70.56,70.16,69.44,1.2,-0.4,1.4,0.1,0.253,0.239,0.215,0.217,160,20,202.0,211.76,196.18,217.2,72.68,77.12,70.4,78.3,3.0,4.6,1.3,4.5,0.32,0.338,0.272,0.348,-73,-10,-8.88,-31.6,-9.08,-32.68,0.08,-6.56,-0.24,-8.86,-1.8,-5.0,0.1,-4.4,-0.067,-0.099,-0.057,-0.131,1
2026-01-30,Breeze,NRG,MIBR,139,4,206.72,208.4,206.5,208.4,78.32,76.25,77.16,76.25,1.2,2.5,-0.9,2.5,0.373,0.384,0.36,0.384,100,1,206.88,127.6,206.66,127.6,77.8,43.8,78.0,43.8,3.8,-6.0,4.8,-6.0,0.333,0.125,0.339,0.125,39,3,-0.16,80.8,-0.16,80.8,0.52,32.45,-0.84,32.45,-2.6,8.5,-5.7,8.5,0.04,0.259,0.022,0.259,0
2026-01-30,Split,MIBR,NRG,101,11,211.32,192.36,204.04,185.64,77.24,70.64,77.04,68.82,5.2,-0.6,4.6,-1.4,0.332,0.262,0.35,0.242,140,12,197.52,208.92,206.66,211.74,73.64,74.44,76.0,77.32,-1.4,-1.2,-1.2,0.2,0.324,0.277,0.343,0.328,-39,-1,13.8,-16.56,-2.62,-26.1,3.6,-3.8,1.04,-8.5,6.6,0.6,5.8,-1.6,0.008,-0.014,0.007,-0.087,1
2026-01-30,Breeze,Gen.G,T1,167,6,177.72,210.84,189.16,204.5,67.48,75.92,68.64,73.3,0.0,2.4,0.3,1.5,0.205,0.356,0.207,0.344,155,2,184.32,201.3,193.62,201.3,67.8,70.0,69.76,70.0,-0.8,-2.0,-0.7,-2.0,0.256,0.359,0.281,0.359,12,4,-6.6,9.54,-4.46,3.2,-0.32,5.92,-1.12,3.3,0.8,4.4,1.0,3.5,-0.051,-0.003,-0.074,-0.015,1
2026-01-30,Bind,Gen.G,T1,168,10,183.6,203.76,195.98,197.68,67.76,73.52,70.62,71.3,0.6,6.4,1.1,2.9,0.213,0.364,0.237,0.303,156,19,187.48,204.2,189.68,196.98,69.0,73.52,68.34,71.8,1.0,1.8,-0.5,-0.9,0.248,0.281,0.272,0.26,12,-9,-3.88,-0.44,6.3,0.7,-1.24,0.0,2.28,-0.5,-0.4,4.6,1.6,3.8,-0.035,0.083,-0.035,0.044,0
2026-01-30,Haven,T1,Gen.G,157,22,192.48,183.6,190.18,197.58,69.24,62.92,68.38,68.08,2.0,-5.8,0.0,-2.3,0.269,0.275,0.262,0.31,169,25,188.92,200.96,192.26,200.44,67.88,73.72,68.62,73.96,0.2,1.6,0.1,1.7,0.23,0.319,0.223,0.332,-12,-3,3.56,-17.36,-2.08,-2.86,1.36,-10.8,-0.24,-5.88,1.8,-7.4,-0.1,-4.0,0.04,-0.044,0.04,-0.022,1
2026-01-30,Corrode,VARREL,DRX,2,0,176.9,,176.9,,60.0,,60.0,,1.5,,1.5,,0.25,,0.25,,187,6,182.64,188.28,185.3,187.533,65.68,70.6,66.12,69.867,1.0,2.0,0.4,1.5,0.238,0.258,0.252,0.25,-185,-6,-5.74,,-8.4,,-5.68,,-6.12,,0.5,,1.1,,0.012,,-0.002,,1
2026-01-30,Bind,VARREL,DRX,3,0,183.467,,183.467,,65.0,,65.0,,3.333,,3.333,,0.297,,0.297,,188,26,180.16,187.96,183.88,191.1,66.16,69.32,66.74,69.88,-1.0,2.0,-0.1,-0.1,0.187,0.295,0.226,0.276,-185,-26,3.307,,-0.413,,-1.16,,-1.74,,4.333,,3.433,,0.11,,0.071,,0
2026-01-30,Split,VARREL,DRX,4,1,176.45,181.0,176.45,181.0,64.65,56.0,64.65,56.0,1.5,2.0,1.5,2.0,0.237,0.25,0.237,0.25,189,17,188.88,196.28,183.08,190.06,71.96,73.04,68.0,71.12,0.4,2.2,0.1,1.9,0.274,0.248,0.243,0.267,-185,-16,-12.43,-15.28,-6.63,-9.06,-7.31,-17.04,-3.35,-15.12,1.1,-0.2,1.4,0.1,-0.038,0.002,-0.006,-0.017,0
2026-01-30,Abyss,NRG,MIBR,141,4,199.04,192.85,204.38,192.85,74.68,69.9,76.1,69.9,-1.8,-2.75,-1.2,-2.75,0.339,0.361,0.337,0.361,102,4,206.24,199.85,202.22,199.85,77.64,76.05,77.04,76.05,4.6,2.0,5.6,2.0,0.337,0.306,0.349,0.306,39,0,-7.2,-7.0,2.16,-7.0,-2.96,-6.15,-0.94,-6.15,-6.4,-4.75,-6.8,-4.75,0.002,0.055,-0.012,0.055,1
2026-01-31,Bind,KRÜ Esports,LEVIATÁN,98,4,178.56,198.0,184.38,198.0,69.84,69.7,69.42,69.7,-0.6,-1.5,-0.1,-1.5,0.234,0.276,0.266,0.276,144,13,179.52,185.2,178.9,192.5,67.24,67.24,67.38,69.78,-2.8,1.0,-2.6,0.3,0.216,0.309,0.21,0.261,-46,-9,-0.96,12.8,5.48,5.5,2.6,2.46,2.04,-0.08,2.2,-2.5,2.5,-1.8,0.018,-0.032,0.056,0.016,0
2026-01-31,Split,KRÜ Esports,LEVIATÁN,99,15,173.8,195.2,174.62,194.84,66.12,71.96,65.92,74.78,-1.6,-1.6,-1.9,1.3,0.236,0.269,0.242,0.297,145,11,180.92,178.4,180.46,197.2,68.36,67.76,68.5,71.96,-0.2,-4.0,-1.7,-0.9,0.255,0.205,0.223,0.244,-46,4,-7.12,16.8,-5.84,-2.36,-2.24,4.2,-2.58,2.82,-1.4,2.4,-0.2,2.2,-0.019,0.065,0.02,0.053,0
2026-01-31,Haven,Evil Geniuses,LOUD,136,11,179.08,186.52,186.76,186.76,69.0,69.08,69.64,69.22,-1.2,-1.4,-1.7,-2.5,0.241,0.176,0.267,0.243,130,15,178.72,183.12,185.46,192.26,67.92,66.24,69.18,69.78,-3.6,1.2,-2.4,1.2,0.18,0.2,0.218,0.256,6,-4,0.36,3.4,1.3,-5.5,1.08,2.84,0.46,-0.56,2.4,-2.6,0.7,-3.7,0.061,-0.024,0.049,-0.013,1
2026-01-31,Bind,Rex Regum Qeon,Paper Rex,129,6,191.44,174.52,188.56,176.9,69.48,63.6,68.28,63.9,-1.6,-6.0,-2.0,-6.0,0.333,0.272,0.306,0.295,211,27,189.16,210.28,194.1,209.72,66.8,75.12,68.64,76.88,-1.4,1.0,-1.5,1.8,0.285,0.269,0.284,0.323,-82,-21,2.28,-35.76,-5.54,-32.82,2.68,-11.52,-0.36,-12.98,-0.2,-7.0,-0.5,-7.8,0.048,0.004,0.022,-0.028,1
2026-01-31,Pearl,Rex Regum Qeon,Paper Rex,130,7,188.96,198.92,189.1,196.0,68.0,73.12,68.7,70.629,-2.4,3.6,-1.4,2.714,0.291,0.275,0.306,0.242,212,18,187.32,195.28,196.28,203.7,65.52,76.24,69.34,75.84,-2.0,0.0,-1.5,0.7,0.27,0.341,0.288,0.373,-82,-11,1.64,3.64,-7.18,-7.7,2.48,-3.12,-0.64,-5.211,-0.4,3.6,0.1,2.014,0.021,-0.066,0.019,-0.131,1
2026-01-31,Bind,Nongshim RedForce,FULL SENSE,40,2,203.0,216.9,198.04,216.9,75.04,77.5,72.46,77.5,0.8,4.0,-0.1,4.0,0.324,0.325,0.283,0.325,5,0,215.64,,215.64,,79.72,,79.72,,-1.8,,-1.8,,0.333,,0.333,,35,2,-12.64,,-17.6,,-4.68,,-7.26,,2.6,,1.7,,-0.009,,-0.05,,1
2026-01-31,Split,FULL SENSE,Nongshim RedForce,6,2,194.64,223.8,203.233,223.8,72.48,83.8,75.3,83.8,-2.6,0.0,-2.0,0.0,0.306,0.3,0.3,0.3,41,6,208.12,203.84,202.38,201.333,76.32,71.36,75.0,71.567,0.6,1.8,0.4,1.667,0.313,0.309,0.29,0.313,-35,-4,-13.48,19.96,0.853,22.467,-3.84,12.44,0.3,12.233,-3.2,-1.8,-2.4,-1.667,-0.007,-0.009,0.01,-0.013,0
2026-01-31,Abyss,LOUD,Evil Geniuses,131,1,175.64,182.6,179.78,182.6,69.8,71.8,67.98,71.8,-3.6,-4.0,-3.3,-4.0,0.184,0.292,0.201,0.292,137,2,184.8,173.8,192.64,173.8,69.84,73.0,70.94,73.0,-0.4,-3.5,-0.8,-3.5,0.256,0.254,0.287,0.254,-6,-1,-9.16,8.8,-12.86,8.8,-0.04,-1.2,-2.96,-1.2,-3.2,-0.5,-2.5,-0.5,-0.072,0.037,-0.086,0.037,0
2026-02-01,Haven,NRG,100 Thieves,142,19,196.52,194.08,201.48,192.96,73.8,69.8,75.46,71.2,-0.6,-2.6,-0.3,-1.5,0.329,0.273,0.34,0.273,115,14,209.4,184.04,208.58,190.72,75.0,71.0,74.94,71.34,1.6,-2.4,2.2,-0.8,0.333,0.221,0.314,0.244,27,5,-12.88,10.04,-7.1,2.24,-1.2,-1.2,0.52,-0.14,-2.2,-0.2,-2.5,-0.7,-0.004,0.052,0.026,0.029,1
2026-02-01,Corrode,Cloud9,G2 Esports,117,3,201.24,182.067,189.3,182.067,74.12,71.0,70.82,71.0,-0.8,-5.0,-1.6,-5.0,0.344,0.217,0.274,0.217,150,8,182.88,182.8,191.32,191.05,69.04,67.76,69.38,70.125,-2.6,-0.2,-1.5,-1.875,0.217,0.257,0.242,0.282,-33,-5,18.36,-0.733,-2.02,-8.983,5.08,3.24,1.44,0.875,1.8,-4.8,-0.1,-3.125,0.127,-0.039,0.033,-0.064,0
2026-02-01,Bind,G2 Esports,Cloud9,151,20,197.0,193.08,192.54,195.92,71.96,70.68,70.12,71.9,-0.6,-1.2,-1.5,-1.1,0.3,0.267,0.246,0.295,118,7,195.36,219.72,193.32,200.229,71.84,80.96,71.98,73.543,-2.0,4.4,-0.5,1.286,0.286,0.273,0.295,0.255,33,13,1.64,-26.64,-0.78,-4.309,0.12,-10.28,-1.86,-1.643,1.4,-5.6,-1.0,-2.386,0.015,-0.006,-0.049,0.041,1
2026-02-01,Breeze,DetonatioN FocusMe,Global Esports,79,1,204.2,211.4,193.72,211.4,73.0,72.6,70.26,72.6,2.8,4.0,1.4,4.0,0.255,0.409,0.231,0.409,76,2,206.12,194.7,203.94,194.7,74.68,69.7,73.14,69.7,3.2,1.5,1.3,1.5,0.294,0.241,0.269,0.241,3,-1,-1.92,16.7,-10.22,16.7,-1.68,2.9,-2.88,2.9,-0.4,2.5,0.1,2.5,-0.039,0.168,-0.038,0.168,0
2026-02-01,Pearl,Global Esports,DetonatioN FocusMe,77,8,215.64,199.0,208.86,198.125,78.48,73.92,74.72,73.175,3.8,0.8,1.7,0.125,0.334,0.316,0.277,0.304,80,7,190.28,184.72,189.06,188.971,66.84,69.76,68.26,71.143,1.0,-1.6,0.7,-1.857,0.223,0.25,0.228,0.222,-3,1,25.36,14.28,19.8,9.154,11.64,4.16,6.46,2.032,2.8,2.4,1.0,1.982,0.111,0.065,0.049,0.082,0
2026-02-01,Corrode,100 Thieves,NRG,116,4,197.04,218.85,204.56,218.85,73.04,81.05,74.48,81.05,-1.0,6.25,1.2,6.25,0.316,0.356,0.314,0.356,143,8,185.88,208.6,196.5,213.175,70.48,76.8,74.16,77.375,-1.6,-1.8,-0.3,0.875,0.317,0.395,0.337,0.384,-27,-4,11.16,10.25,8.06,5.675,2.56,4.25,0.32,3.675,0.6,8.05,1.5,5.375,-0.001,-0.039,-0.023,-0.028,0
2026-02-01,Split,DetonatioN FocusMe,Global Esports,81,5,195.6,194.92,192.14,194.92,68.72,74.0,68.88,74.0,0.0,0.6,0.3,0.6,0.251,0.272,0.242,0.272,78,9,206.12,206.68,205.92,206.756,75.36,77.44,75.44,74.667,4.2,-1.2,1.8,0.444,0.302,0.198,0.269,0.244,3,-4,-10.52,-11.76,-13.78,-11.836,-6.64,-3.44,-6.56,-0.667,-4.2,1.8,-1.5,0.156,-0.05,0.074,-0.027,0.028,1
2026-02-01,Split,T1,DRX,158,11,181.88,207.04,186.98,196.72,66.36,75.0,68.14,70.8,0.8,2.4,0.4,0.5,0.278,0.34,0.269,0.288,190,18,196.04,207.0,184.36,197.0,73.24,75.52,68.18,71.8,0.8,3.6,0.1,2.4,0.279,0.255,0.245,0.257,-32,-7,-14.16,0.04,2.62,-0.28,-6.88,-0.52,-0.04,-1.0,-0.0,-1.2,0.3,-1.9,-0.0,0.085,0.024,0.031,1
2026-02-01,Bind,T1,DRX,159,20,188.24,208.84,188.08,202.68,66.6,74.24,68.1,72.72,-0.2,2.4,-0.1,0.1,0.281,0.293,0.277,0.277,191,27,195.2,188.8,186.58,190.74,73.08,71.6,68.3,71.64,0.4,2.0,0.0,1.7,0.255,0.348,0.238,0.302,-32,-7,-6.96,20.04,1.5,11.94,-6.48,2.64,-0.2,1.08,-0.6,0.4,-0.1,-1.6,0.026,-0.055,0.039,-0.025,1
2026-02-03,Haven,Karmine Corp,FUT Esports,103,9,189.4,190.0,188.84,182.378,71.32,69.6,68.78,67.022,-2.2,-2.2,-2.6,-0.556,0.268,0.293,0.309,0.248,122,13,171.16,178.12,179.94,186.44,63.48,62.2,65.1,67.18,-3.0,-5.4,-2.4,-3.7,0.192,0.225,0.212,0.252,-19,-4,18.24,11.88,8.9,-4.062,7.84,7.4,3.68,-0.158,0.8,3.2,-0.2,3.144,0.075,0.068,0.097,-0.004,1
2026-02-03,Split,Karmine Corp,FUT Esports,104,11,198.44,196.0,189.68,173.86,73.44,73.16,70.34,66.84,-0.6,0.2,-1.8,-1.1,0.299,0.28,0.301,0.203,123,21,178.36,170.28,179.84,184.1,64.16,63.08,64.72,67.88,-1.8,0.0,-2.2,-0.1,0.199,0.247,0.218,0.312,-19,-10,20.08,25.72,9.84,-10.24,9.28,10.08,5.62,-1.04,1.2,0.2,0.4,-1.0,0.101,0.033,0.082,-0.109,0
2026-02-03,Pearl,Karmine Corp,FUT Esports,105,5,196.36,202.16,189.48,202.16,71.16,72.64,69.38,72.64,-0.4,1.4,-1.7,1.4,0.29,0.28,0.295,0.28,124,8,184.4,201.04,180.74,212.2,65.56,73.6,64.92,76.65,-2.2,1.2,-2.4,2.0,0.254,0.29,0.246,0.318,-19,-3,11.96,1.12,8.74,-10.04,5.6,-0.96,4.46,-4.01,1.8,0.2,0.7,-0.6,0.036,-0.01,0.049,-0.038,1
2026-02-03,Split,PCIFIC Esports,ULF Esports,6,1,190.36,184.8,189.433,184.8,68.36,69.4,68.167,69.4,-1.8,-5.0,-1.667,-5.0,0.283,0.261,0.287,0.261,4,0,166.9,,166.9,,59.75,,59.75,,-6.75,,-6.75,,0.122,,0.122,,2,1,23.46,,22.533,,8.61,,8.417,,4.95,,5.083,,0.161,,0.165,,0
2026-02-03,Abyss,PCIFIC Esports,ULF Esports,7,2,179.16,201.7,184.0,201.7,66.4,71.6,67.171,71.6,-3.0,-1.5,-2.0,-1.5,0.237,0.367,0.27,0.367,5,0,175.08,,175.08,,63.12,,63.12,,-4.6,,-4.6,,0.198,,0.198,,2,2,4.08,,8.92,,3.28,,4.051,,1.6,,2.6,,0.039,,0.072,,0
2026-02-04,Bind,FNATIC,Natus Vincere,207,26,214.96,202.28,196.08,202.78,75.6,72.04,68.1,72.28,1.6,3.0,0.0,1.5,0.362,0.303,0.278,0.327,129,16,191.88,206.64,191.76,196.58,71.68,76.0,71.88,72.94,0.8,3.0,-0.1,2.7,0.286,0.293,0.289,0.294,78,10,23.08,-4.36,4.32,6.2,3.92,-3.96,-3.78,-0.66,0.8,-0.0,0.1,-1.2,0.076,0.01,-0.011,0.033,1
2026-02-04,Split,FNATIC,Natus Vincere,208,24,208.56,211.24,201.16,207.8,72.2,77.16,69.92,76.62,0.8,2.2,1.0,2.2,0.355,0.365,0.312,0.342,130,21,186.24,209.52,195.44,202.78,68.96,76.8,72.74,74.68,-1.0,3.8,0.2,2.1,0.287,0.326,0.302,0.316,78,3,22.32,1.72,5.72,5.02,3.24,0.36,-2.82,1.94,1.8,-1.6,0.8,0.1,0.068,0.039,0.01,0.026,1
2026-02-04,Abyss,GIANTX,Team Vitality,88,2,202.44,201.2,196.52,201.2,72.92,72.9,71.34,72.9,2.2,-1.0,2.0,-1.0,0.287,0.275,0.238,0.275,120,2,184.92,189.3,199.56,189.3,66.48,65.9,70.98,65.9,-0.8,-2.5,0.7,-2.5,0.315,0.247,0.324,0.247,-32,0,17.52,11.9,-3.04,11.9,6.44,7.0,0.36,7.0,3.0,1.5,1.3,1.5,-0.028,0.028,-0.086,0.028,0
2026-02-04,Breeze,Team Vitality,GIANTX,121,5,196.8,210.88,201.7,210.88,73.24,76.76,73.06,76.76,0.6,4.8,0.3,4.8,0.369,0.36,0.343,0.36,89,4,185.32,182.65,192.34,182.65,67.4,66.9,69.5,66.9,0.2,-2.25,2.0,-2.25,0.22,0.269,0.232,0.269,32,1,11.48,28.23,9.36,28.23,5.84,9.86,3.56,9.86,0.4,7.05,-1.7,7.05,0.148,0.091,0.111,0.091,1
2026-02-04,Breeze,FNATIC,Natus Vincere,209,8,209.92,194.8,203.92,195.475,73.36,70.4,70.96,70.25,1.4,-1.2,0.9,-1.125,0.357,0.295,0.303,0.291,131,1,191.0,155.8,198.3,155.8,70.52,54.6,73.16,54.6,-1.2,1.0,0.2,1.0,0.264,0.211,0.303,0.211,78,7,18.92,39.0,5.62,39.675,2.84,15.8,-2.2,15.65,2.6,-2.2,0.7,-2.125,0.093,0.084,0.0,0.08,0
2026-02-05,Breeze,ULF Esports,Team Liquid,6,1,191.12,132.0,181.267,132.0,69.32,49.0,65.933,49.0,-1.8,-6.0,-2.5,-6.0,0.249,0.125,0.228,0.125,149,2,185.84,196.5,184.94,196.5,69.64,70.2,67.94,70.2,1.0,1.5,-0.6,1.5,0.208,0.297,0.233,0.297,-143,-1,5.28,-64.5,-3.673,-64.5,-0.32,-21.2,-2.007,-21.2,-2.8,-7.5,-1.9,-7.5,0.041,-0.172,-0.004,-0.172,0
2026-02-05,Haven,Gen.G,VARREL,170,26,190.0,195.96,186.12,197.0,67.96,71.64,66.7,72.88,-2.6,0.0,-0.9,0.5,0.234,0.323,0.212,0.315,5,0,179.64,,179.64,,66.0,,66.0,,0.6,,0.6,,0.233,,0.233,,165,26,10.36,,6.48,,1.96,,0.7,,-3.2,,-1.5,,0.001,,-0.021,,1
2026-02-05,Pearl,VARREL,Gen.G,6,0,182.08,,181.9,,68.12,,66.1,,1.4,,1.5,,0.21,,0.217,,171,8,194.84,197.36,187.9,196.075,67.16,73.44,67.52,72.525,-3.6,0.2,-1.3,0.25,0.263,0.299,0.233,0.26,-165,-8,-12.76,,-6.0,,0.96,,-1.42,,5.0,,2.8,,-0.053,,-0.016,,1
2026-02-05,Abyss,ZETA DIVISION,Team Secret,94,1,182.44,202.0,191.28,202.0,66.16,68.4,68.88,68.4,-3.0,-2.0,-1.0,-2.0,0.206,0.182,0.244,0.182,100,1,184.32,188.4,170.94,188.4,67.4,69.2,64.3,69.2,-2.2,-2.0,-3.8,-2.0,0.217,0.375,0.17,0.375,-6,0,-1.88,13.6,20.34,13.6,-1.24,-0.8,4.58,-0.8,-0.8,-0.0,2.8,-0.0,-0.011,-0.193,0.074,-0.193,1
2026-02-05,Split,Team Secret,ZETA DIVISION,101,13,179.52,189.28,174.66,192.48,68.84,69.72,65.16,71.48,-4.0,-4.2,-3.6,-2.3,0.22,0.214,0.196,0.224,95,11,178.68,172.6,193.06,181.82,65.88,61.36,70.66,66.12,-0.6,0.2,0.0,0.1,0.187,0.221,0.263,0.248,6,2,0.84,16.68,-18.4,10.66,2.96,8.36,-5.5,5.36,-3.4,-4.4,-3.6,-2.4,0.034,-0.008,-0.067,-0.024,0
2026-02-05,Breeze,VARREL,Gen.G,7,0,188.84,,185.429,,69.2,,66.571,,0.0,,0.429,,0.218,,0.227,,172,7,199.68,211.92,188.7,206.8,69.32,74.56,68.4,72.971,-1.4,1.8,-0.7,1.286,0.273,0.332,0.239,0.338,-165,-7,-10.84,,-3.271,,-0.12,,-1.829,,1.4,,1.129,,-0.055,,-0.012,,0
2026-02-05,Haven,Team Heretics,Karmine Corp,161,21,196.52,204.16,193.34,209.56,70.56,75.4,69.6,75.22,1.4,3.6,1.1,3.1,0.312,0.303,0.265,0.329,106,10,189.8,198.04,191.36,185.38,71.08,73.8,71.02,68.18,-1.4,-0.6,-1.5,-0.3,0.27,0.354,0.302,0.254,55,11,6.72,6.12,1.98,24.18,-0.52,1.6,-1.42,7.04,2.8,4.2,2.6,3.4,0.042,-0.051,-0.037,0.076,1
2026-02-05,Abyss,Karmine Corp,Team Heretics,107,1,191.96,238.6,192.28,238.6,71.8,81.4,71.28,81.4,-1.0,7.0,-1.3,7.0,0.26,0.4,0.292,0.4,162,9,209.2,192.84,194.58,192.756,74.84,70.52,70.04,71.022,3.4,-1.0,1.0,-1.222,0.334,0.284,0.281,0.305,-55,-8,-17.24,45.76,-2.3,45.844,-3.04,10.88,1.24,10.378,-4.4,8.0,-2.3,8.222,-0.074,0.116,0.012,0.095,1
2026-02-05,Split,ULF Esports,Team Liquid,7,1,193.92,207.8,178.857,207.8,69.68,76.6,65.571,76.6,-1.4,4.0,-2.714,4.0,0.268,0.5,0.22,0.5,150,22,197.32,198.08,188.1,202.3,73.4,73.84,69.16,74.4,3.2,4.0,0.5,3.4,0.274,0.258,0.252,0.278,-143,-21,-3.4,9.72,-9.243,5.5,-3.72,2.76,-3.589,2.2,-4.6,-0.0,-3.214,0.6,-0.006,0.242,-0.032,0.222,1
2026-02-05,Pearl,Team Liquid,ULF Esports,151,2,198.48,202.3,191.38,202.3,72.24,68.9,70.26,68.9,2.0,-2.5,0.4,-2.5,0.246,0.298,0.26,0.298,8,0,195.56,,181.775,,70.44,,66.525,,0.6,,-2.0,,0.287,,0.222,,143,2,2.92,,9.605,,1.8,,3.735,,1.4,,2.4,,-0.041,,0.038,,1
2026-02-05,Bind,Team Secret,ZETA DIVISION,102,4,183.04,183.1,175.64,183.1,71.12,67.95,66.5,67.95,-3.8,1.25,-3.4,1.25,0.188,0.181,0.188,0.181,96,4,194.6,191.5,194.24,191.5,72.44,61.55,70.84,61.55,0.2,-2.25,-0.3,-2.25,0.23,0.288,0.275,0.288,6,0,-11.56,-8.4,-18.6,-8.4,-1.32,6.4,-4.34,6.4,-4.0,3.5,-3.1,3.5,-0.042,-0.107,-0.087,-0.107,1
2026-02-05,Corrode,Team Heretics,Karmine Corp,163,3,191.52,189.733,189.62,189.733,69.0,69.867,68.44,69.867,1.0,3.0,0.7,3.0,0.285,0.305,0.273,0.305,108,2,205.0,189.1,197.2,189.1,74.92,65.0,73.12,65.0,1.8,-1.5,-0.2,-1.5,0.283,0.211,0.276,0.211,55,1,-13.48,0.633,-7.58,0.633,-5.92,4.867,-4.68,4.867,-0.8,4.5,0.9,4.5,0.001,0.094,-0.003,0.094,1
2026-02-06,Breeze,Paper Rex,T1,213,1,186.56,216.6,192.24,216.6,64.6,75.6,67.24,75.6,-2.2,-1.0,-2.1,-1.0,0.226,0.348,0.276,0.348,160,3,195.44,193.6,189.88,193.6,71.32,68.333,69.56,68.333,2.2,-1.333,0.7,-1.333,0.322,0.306,0.289,0.306,53,-2,-8.88,23.0,2.36,23.0,-6.72,7.267,-2.32,7.267,-4.4,0.333,-2.8,0.333,-0.097,0.042,-0.013,0.042,0
2026-02-06,Pearl,FULL SENSE,DetonatioN FocusMe,7,1,188.88,217.8,202.114,217.8,70.28,80.0,74.857,80.0,-0.4,-1.0,-0.857,-1.0,0.266,0.333,0.295,0.333,82,8,198.52,192.24,192.1,192.45,69.32,70.4,68.56,71.9,-1.0,-0.8,0.1,-1.875,0.266,0.264,0.248,0.234,-75,-7,-9.64,25.56,10.014,25.35,0.96,9.6,6.297,8.1,0.6,-0.2,-0.957,0.875,0.0,0.069,0.047,0.099,1
2026-02-06,Split,FULL SENSE,DetonatioN FocusMe,8,3,193.72,214.333,205.05,214.333,70.84,79.933,75.625,79.933,1.4,2.0,0.25,2.0,0.249,0.29,0.29,0.29,83,6,188.44,188.84,194.44,193.133,65.52,71.68,69.3,72.6,-4.4,0.2,-0.2,0.0,0.252,0.256,0.242,0.267,-75,-3,5.28,25.493,10.61,21.2,5.32,8.253,6.325,7.333,5.8,1.8,0.45,2.0,-0.003,0.033,0.048,0.023,0
2026-02-06,Haven,DetonatioN FocusMe,FULL SENSE,84,9,189.36,189.72,196.78,181.533,66.84,68.24,69.92,67.511,-4.6,-0.8,-0.9,-0.889,0.24,0.254,0.247,0.201,9,0,191.48,,201.978,,70.16,,74.378,,3.2,,0.889,,0.252,,0.288,,75,9,-2.12,,-5.198,,-3.32,,-4.458,,-7.8,,-1.789,,-0.012,,-0.04,,1
2026-02-06,Pearl,Paper Rex,T1,214,19,182.4,193.16,191.3,198.56,63.48,73.4,67.22,73.4,-2.0,0.2,-1.9,0.2,0.202,0.32,0.276,0.346,161,12,203.44,203.4,195.46,196.72,73.04,69.16,71.02,69.58,2.2,-1.6,1.6,-2.5,0.346,0.278,0.297,0.26,53,7,-21.04,-10.24,-4.16,1.84,-9.56,4.24,-3.8,3.82,-4.2,1.8,-3.5,2.7,-0.144,0.041,-0.021,0.086,1
2026-02-06,Bind,Paper Rex,T1,215,28,189.64,202.92,191.28,205.98,67.36,70.96,67.52,74.68,-1.4,-1.8,-1.8,0.4,0.258,0.273,0.278,0.307,162,21,195.76,206.32,194.12,203.98,72.92,75.52,71.08,73.48,0.6,4.0,1.3,1.5,0.323,0.306,0.296,0.285,53,7,-6.12,-3.4,-2.84,2.0,-5.56,-4.56,-3.56,1.2,-2.0,-5.8,-3.1,-1.1,-0.065,-0.033,-0.018,0.022,0
2026-02-06,Bind,Sentinels,LEVIATÁN,163,12,195.6,178.2,186.42,190.16,72.4,67.08,70.4,71.02,1.0,-2.6,-1.3,0.5,0.332,0.244,0.28,0.305,146,14,186.28,191.16,179.66,195.96,71.08,70.44,68.06,71.32,2.4,3.2,-1.3,1.6,0.253,0.319,0.215,0.289,17,-2,9.32,-12.96,6.76,-5.8,1.32,-3.36,2.34,-0.3,-1.4,-5.8,0.0,-1.1,0.079,-0.075,0.064,0.016,0
2026-02-06,Bind,Team Liquid,GIANTX,152,16,194.92,198.56,190.1,209.82,72.52,69.28,71.12,74.7,2.2,0.4,1.2,0.1,0.255,0.31,0.253,0.333,90,12,183.8,192.52,187.58,190.8,67.92,66.08,68.46,68.38,-1.0,2.0,1.0,1.1,0.215,0.231,0.218,0.236,62,4,11.12,6.04,2.52,19.02,4.6,3.2,2.66,6.32,3.2,-1.6,0.2,-1.0,0.04,0.078,0.035,0.097,1
2026-02-06,Breeze,Team Heretics,Natus Vincere,164,3,185.44,199.0,190.94,199.0,68.32,73.267,69.72,73.267,1.4,2.0,1.2,2.0,0.256,0.258,0.288,0.258,132,2,188.48,179.1,196.56,179.1,67.84,61.6,71.5,61.6,-2.8,1.0,0.2,1.0,0.275,0.316,0.303,0.316,32,1,-3.04,19.9,-5.62,19.9,0.48,11.667,-1.78,11.667,4.2,1.0,1.0,1.0,-0.019,-0.058,-0.015,-0.058,1
2026-02-06,Haven,Team Heretics,Natus Vincere,165,22,188.88,198.16,195.44,210.42,71.64,72.36,72.16,74.96,1.4,1.4,2.2,2.6,0.263,0.314,0.291,0.322,133,11,184.32,194.92,190.34,191.84,63.92,71.28,68.92,69.78,-4.6,0.2,-1.1,1.7,0.255,0.332,0.281,0.328,32,11,4.56,3.24,5.1,18.58,7.72,1.08,3.24,5.18,6.0,1.2,3.3,0.9,0.007,-0.018,0.011,-0.006,1
2026-02-06,Pearl,ENVY,Evil Geniuses,11,2,198.36,216.5,198.74,216.5,72.64,76.6,71.58,76.6,0.6,0.0,0.0,0.0,0.318,0.365,0.281,0.365,138,16,183.52,191.92,189.24,201.46,68.6,67.36,69.44,70.7,-0.6,1.0,-1.0,0.9,0.281,0.257,0.272,0.273,-127,-14,14.84,24.58,9.5,15.04,4.04,9.24,2.14,5.9,1.2,-1.0,1.0,-0.9,0.037,0.108,0.009,0.093,0
2026-02-06,Breeze,Team Liquid,GIANTX,153,3,201.04,200.8,194.0,200.8,74.4,73.067,72.58,73.067,2.2,2.333,1.8,2.333,0.315,0.309,0.266,0.309,91,5,182.64,182.76,186.14,182.76,65.76,67.2,68.38,67.2,-2.0,-2.6,0.6,-2.6,0.19,0.249,0.222,0.249,62,-2,18.4,18.04,7.86,18.04,8.64,5.867,4.2,5.867,4.2,4.933,1.2,4.933,0.125,0.061,0.044,0.061,1
2026-02-06,Corrode,Sentinels,LEVIATÁN,164,6,193.32,203.2,185.5,205.7,72.0,75.24,70.16,76.333,0.6,1.6,-1.7,3.5,0.321,0.317,0.276,0.328,147,1,184.72,192.8,179.74,192.8,71.52,68.0,68.12,68.0,3.0,1.0,-0.8,1.0,0.267,0.217,0.241,0.217,17,5,8.6,10.4,5.76,12.9,0.48,7.24,2.04,8.333,-2.4,0.6,-0.9,2.5,0.053,0.1,0.036,0.111,0
2026-02-06,Corrode,Evil Geniuses,ENVY,139,5,186.36,196.48,184.18,196.48,71.2,68.64,68.58,68.64,1.4,-1.4,-1.1,-1.4,0.293,0.254,0.268,0.254,12,2,200.68,194.9,197.62,194.9,73.16,68.7,71.16,68.7,1.0,-2.5,-0.3,-2.5,0.342,0.236,0.281,0.236,127,3,-14.32,1.58,-13.44,1.58,-1.96,-0.06,-2.58,-0.06,0.4,1.1,-0.8,1.1,-0.048,0.018,-0.013,0.018,1
2026-02-06,Pearl,Team Liquid,GIANTX,154,3,209.52,204.2,197.68,204.2,78.48,73.4,74.06,73.4,4.0,1.667,2.5,1.667,0.349,0.301,0.278,0.301,92,2,172.0,179.0,182.56,179.0,62.48,68.6,67.62,68.6,-2.4,-0.5,-0.6,-0.5,0.182,0.14,0.217,0.14,62,1,37.52,25.2,15.12,25.2,16.0,4.8,6.44,4.8,6.4,2.167,3.1,2.167,0.167,0.161,0.061,0.161,0
2026-02-07,Bind,Evil Geniuses,100 Thieves,140,14,196.84,195.6,192.24,199.76,73.44,71.04,70.44,71.26,1.4,-2.0,-0.2,0.3,0.318,0.251,0.284,0.272,117,20,190.32,211.96,203.42,206.02,72.88,75.68,75.26,75.44,-2.0,2.4,0.3,2.1,0.33,0.357,0.321,0.344,23,-6,6.52,-16.36,-11.18,-6.26,0.56,-4.64,-4.82,-4.18,3.4,-4.4,-0.5,-1.8,-0.012,-0.106,-0.037,-0.071,0
2026-02-07,Bind,LEVIATÁN,Cloud9,148,15,194.36,193.92,184.58,194.14,72.12,72.08,69.32,71.08,3.2,3.8,-0.4,2.0,0.354,0.342,0.284,0.3,119,8,190.84,216.84,190.66,197.725,69.88,79.12,70.82,72.9,-3.0,3.2,-1.3,0.625,0.236,0.259,0.278,0.246,29,7,3.52,-22.92,-6.08,-3.585,2.24,-7.04,-1.5,-1.82,6.2,0.6,0.9,1.375,0.118,0.083,0.006,0.055,0
2026-02-07,Breeze,LEVIATÁN,Cloud9,149,3,192.6,200.8,186.06,200.8,72.2,68.933,69.72,68.933,2.2,-3.0,-0.3,-3.0,0.337,0.227,0.276,0.227,120,2,191.92,177.0,191.6,177.0,69.52,64.3,69.84,64.3,-2.2,-2.5,-1.1,-2.5,0.284,0.208,0.301,0.208,29,1,0.68,23.8,-5.54,23.8,2.68,4.633,-0.12,4.633,4.4,-0.5,0.8,-0.5,0.052,0.019,-0.024,0.019,0
2026-02-07,Haven,DRX,ZETA DIVISION,192,25,194.88,184.36,188.76,185.56,73.48,68.0,69.58,67.44,-0.8,0.8,0.1,0.1,0.265,0.27,0.251,0.276,97,15,198.64,178.16,190.52,173.9,73.64,63.96,69.96,62.56,-0.2,-1.0,-0.2,-2.6,0.242,0.165,0.263,0.188,95,10,-3.76,6.2,-1.76,11.66,-0.16,4.04,-0.38,4.88,-0.6,1.8,0.3,2.7,0.022,0.105,-0.012,0.088,1
2026-02-07,Split,ZETA DIVISION,DRX,98,12,190.64,180.04,186.8,187.5,71.96,63.48,68.5,67.8,-1.0,-0.8,-0.4,1.3,0.246,0.23,0.238,0.257,193,19,203.68,207.64,191.92,201.24,75.48,74.92,70.82,72.88,1.8,4.2,0.4,3.0,0.3,0.241,0.243,0.26,-95,-7,-13.04,-27.6,-5.12,-13.74,-3.52,-11.44,-2.32,-5.08,-2.8,-5.0,-0.8,-1.7,-0.054,-0.011,-0.006,-0.003,0
2026-02-07,Breeze,Global Esports,Gen.G,79,3,205.88,209.2,208.04,209.2,75.2,75.733,76.22,75.733,4.6,2.333,2.2,2.333,0.306,0.286,0.271,0.286,173,8,194.84,205.36,189.22,205.5,70.12,72.24,68.94,73.225,-1.2,1.2,-0.3,1.25,0.274,0.318,0.243,0.334,-94,-5,11.04,3.84,18.82,3.7,5.08,3.493,7.28,2.508,5.8,1.133,2.5,1.083,0.032,-0.032,0.028,-0.048,0
2026-02-07,Pearl,G2 Esports,NRG,152,7,198.8,207.44,191.34,204.943,73.88,76.64,70.44,75.686,0.2,3.0,-1.9,3.0,0.306,0.226,0.238,0.233,144,12,186.96,205.56,196.84,200.58,70.12,78.16,74.22,77.68,0.8,0.4,1.0,1.3,0.346,0.319,0.359,0.343,8,-5,11.84,1.88,-5.5,4.363,3.76,-1.52,-3.78,-1.994,-0.6,2.6,-2.9,1.7,-0.04,-0.094,-0.122,-0.111,1
2026-02-07,Split,NRG,G2 Esports,145,13,184.68,207.84,191.1,209.18,71.0,75.76,72.32,77.04,1.4,-0.6,0.0,-0.2,0.32,0.287,0.322,0.327,153,14,211.24,194.52,196.46,204.08,76.36,71.88,71.64,74.84,1.8,-3.8,-0.8,-1.6,0.356,0.188,0.253,0.271,-8,-1,-26.56,13.32,-5.36,5.1,-5.36,3.88,0.68,2.2,-0.4,3.2,0.8,1.4,-0.035,0.099,0.069,0.056,0
2026-02-07,Haven,100 Thieves,Evil Geniuses,118,15,190.56,178.2,201.88,190.2,73.2,70.36,74.68,71.58,-2.8,-3.2,0.4,-0.5,0.327,0.218,0.338,0.27,141,12,205.36,188.56,192.22,192.22,73.36,68.44,71.18,70.88,2.4,0.2,0.6,-1.4,0.352,0.203,0.297,0.256,-23,3,-14.8,-10.36,9.66,-2.02,-0.16,1.92,3.5,0.7,-5.2,-3.4,-0.2,0.9,-0.025,0.014,0.041,0.014,1
2026-02-07,Bind,DRX,ZETA DIVISION,194,28,203.56,181.92,196.22,184.96,73.2,69.8,72.58,70.3,1.4,0.0,0.9,1.1,0.262,0.316,0.268,0.29,99,5,189.88,189.24,186.16,189.24,71.28,62.48,68.72,62.48,1.0,-1.2,-1.0,-1.2,0.249,0.265,0.227,0.265,95,23,13.68,-7.32,10.06,-4.28,1.92,7.32,3.86,7.82,0.4,1.2,1.9,2.3,0.013,0.051,0.041,0.024,0
2026-02-07,Abyss,Global Esports,Gen.G,80,2,200.68,209.6,203.2,209.6,73.12,72.4,73.86,72.4,3.8,0.5,2.2,0.5,0.294,0.236,0.272,0.236,174,2,196.68,189.1,192.8,189.1,71.32,64.8,69.6,64.8,0.2,-0.5,0.2,-0.5,0.314,0.22,0.272,0.22,-94,0,4.0,20.5,10.4,20.5,1.8,7.6,4.26,7.6,3.6,1.0,2.0,1.0,-0.02,0.016,0.001,0.016,1
2026-02-07,Haven,Global Esports,Gen.G,81,9,200.96,194.16,203.54,194.444,73.76,70.12,74.22,72.711,1.0,-2.0,2.1,-0.556,0.269,0.288,0.282,0.291,175,27,198.8,197.28,194.4,203.4,71.72,70.6,69.84,74.38,1.0,-1.4,-0.8,0.9,0.301,0.329,0.268,0.336,-94,-18,2.16,-3.12,9.14,-8.956,2.04,-0.48,4.38,-1.669,0.0,-0.6,2.9,-1.456,-0.032,-0.042,0.014,-0.044,1
2026-02-08,Corrode,DRX,FULL SENSE,195,7,194.72,180.96,195.38,187.429,70.6,68.04,71.92,70.457,0.4,-1.2,0.6,0.286,0.279,0.21,0.279,0.239,10,1,188.28,224.2,201.96,224.2,66.8,83.2,73.26,83.2,2.8,-5.0,0.5,-5.0,0.217,0.471,0.275,0.471,185,6,6.44,-43.24,-6.58,-36.771,3.8,-15.16,-1.34,-12.743,-2.4,3.8,0.1,5.286,0.063,-0.26,0.004,-0.232,1
2026-02-08,Abyss,FULL SENSE,DRX,11,0,194.68,,194.66,,70.96,,71.72,,2.6,,0.0,,0.215,,0.261,,196,10,200.24,206.4,197.72,208.36,74.0,76.92,73.54,76.04,1.0,2.8,0.7,3.2,0.313,0.342,0.284,0.367,-185,-10,-5.56,,-3.06,,-3.04,,-1.82,,1.6,,-0.7,,-0.098,,-0.024,,0
2026-02-08,Corrode,Paper Rex,Global Esports,216,1,184.4,207.0,186.78,207.0,66.4,72.0,66.6,72.0,-1.8,-6.0,-1.6,-6.0,0.226,0.25,0.256,0.25,82,4,195.12,195.8,205.38,195.8,71.04,70.7,74.76,70.7,1.4,1.5,2.6,1.5,0.253,0.293,0.293,0.293,134,-3,-10.72,11.2,-18.6,11.2,-4.64,1.3,-8.16,1.3,-3.2,-7.5,-4.2,-7.5,-0.026,-0.043,-0.038,-0.043,1
2026-02-08,Breeze,Global Esports,Paper Rex,83,4,199.76,203.05,202.94,203.05,70.88,72.15,73.12,72.15,0.4,1.25,2.3,1.25,0.268,0.268,0.285,0.268,217,2,189.2,206.2,188.26,206.2,68.32,72.8,66.92,72.8,-0.2,-0.5,-1.1,-0.5,0.236,0.288,0.253,0.288,-134,2,10.56,-3.15,14.68,-3.15,2.56,-0.65,6.2,-0.65,0.6,1.75,3.4,1.75,0.032,-0.02,0.032,-0.02,1
2026-02-08,Split,Paper Rex,Global Esports,218,24,196.2,204.32,191.38,212.98,70.68,72.68,67.64,75.08,-0.4,-1.8,-1.3,-0.2,0.267,0.315,0.246,0.312,84,10,205.08,205.4,205.48,205.8,72.44,76.4,73.82,74.52,0.8,-1.2,2.7,0.7,0.262,0.203,0.284,0.244,134,14,-8.88,-1.08,-14.1,7.18,-1.76,-3.72,-6.18,0.56,-1.2,-0.6,-4.0,-0.9,0.004,0.112,-0.038,0.068,1
2026-02-12,Abyss,Team Liquid,Team Heretics,155,5,203.68,185.12,200.5,185.12,77.04,70.24,75.22,70.24,1.4,-0.6,2.3,-0.6,0.314,0.254,0.294,0.254,166,10,203.0,184.68,199.76,187.42,75.88,67.84,73.22,69.26,5.0,-2.0,3.2,-1.6,0.28,0.277,0.296,0.288,-11,-5,0.68,0.44,0.74,-2.3,1.16,2.4,2.0,0.98,-3.6,1.4,-0.9,1.0,0.035,-0.023,-0.001,-0.034,1
2026-02-12,Breeze,Paper Rex,DRX,219,3,197.52,200.2,189.96,200.2,71.12,70.933,67.3,70.933,0.0,-2.0,-1.0,-2.0,0.283,0.279,0.242,0.279,197,4,207.88,211.25,201.38,211.25,76.28,75.1,74.88,75.1,3.8,0.25,1.5,0.25,0.348,0.354,0.306,0.354,22,-1,-10.36,-11.05,-11.42,-11.05,-5.16,-4.167,-7.58,-4.167,-3.8,-2.25,-2.5,-2.25,-0.065,-0.075,-0.064,-0.075,1
2026-02-12,Bind,Team Liquid,Team Heretics,156,17,202.88,199.28,200.68,212.86,77.36,69.84,74.8,75.5,1.0,-0.8,1.5,0.7,0.324,0.346,0.285,0.355,167,17,198.64,203.84,203.92,204.82,74.16,73.2,74.5,73.72,5.8,0.0,4.6,0.3,0.244,0.337,0.289,0.309,-11,0,4.24,-4.56,-3.24,8.04,3.2,-3.36,0.3,1.78,-4.8,-0.8,-3.1,0.4,0.08,0.009,-0.004,0.045,1
2026-02-12,Corrode,Paper Rex,DRX,220,2,195.4,204.7,192.52,204.7,70.64,70.8,69.0,70.8,0.8,-1.5,-0.3,-1.5,0.274,0.255,0.266,0.255,198,8,194.28,190.12,198.98,193.025,72.04,72.76,73.76,72.475,1.2,1.2,1.5,0.75,0.33,0.218,0.315,0.248,22,-6,1.12,14.58,-6.46,11.675,-1.4,-1.96,-4.76,-1.675,-0.4,-2.7,-1.8,-2.25,-0.056,0.037,-0.049,0.007,0
2026-02-12,Haven,DRX,Paper Rex,199,26,199.68,194.16,201.62,193.72,71.2,71.12,72.2,70.64,0.6,2.2,1.0,1.8,0.315,0.302,0.288,0.297,221,9,198.88,204.44,191.64,198.0,69.92,72.4,68.16,70.356,1.6,2.2,-0.1,1.444,0.293,0.289,0.26,0.24,-22,17,0.8,-10.28,9.98,-4.28,1.28,-1.28,4.04,0.284,-1.0,0.0,1.1,0.356,0.021,0.013,0.028,0.057,0
2026-02-13,Split,Cloud9,100 Thieves,121,11,197.88,193.4,196.48,203.36,72.16,74.64,71.8,77.44,-0.8,1.0,-0.2,1.5,0.326,0.31,0.329,0.301,119,17,185.72,199.08,197.56,199.98,70.68,73.76,72.36,75.04,-3.6,1.6,-0.8,0.3,0.327,0.284,0.334,0.296,2,-6,12.16,-5.68,-1.08,3.38,1.48,0.88,-0.56,2.4,2.8,-0.6,0.6,1.2,-0.001,0.026,-0.005,0.005,1
2026-02-13,Pearl,DetonatioN FocusMe,T1,85,9,206.28,194.28,198.28,191.378,73.12,69.96,69.98,71.133,-3.2,-2.2,-1.1,-2.556,0.299,0.272,0.261,0.23,163,13,201.24,200.52,191.56,195.5,74.56,71.52,70.46,69.26,0.8,-1.4,0.8,-3.0,0.336,0.276,0.307,0.263,-78,-4,5.04,-6.24,6.72,-4.122,-1.44,-1.56,-0.48,1.873,-4.0,-0.8,-1.9,0.444,-0.037,-0.003,-0.046,-0.033,0
2026-02-13,Split,DetonatioN FocusMe,T1,86,7,199.16,202.28,197.38,197.257,72.28,74.72,70.5,73.8,-2.4,-0.2,-1.2,-0.857,0.265,0.263,0.258,0.274,164,12,200.44,206.72,194.34,203.76,75.28,73.08,70.94,72.4,0.6,0.2,0.2,1.4,0.349,0.317,0.315,0.31,-78,-5,-1.28,-4.44,3.04,-6.503,-3.0,1.64,-0.44,1.4,-3.0,-0.4,-1.4,-2.257,-0.084,-0.055,-0.057,-0.036,0
2026-02-13,Corrode,Rex Regum Qeon,Nongshim RedForce,131,7,198.12,200.28,192.04,193.829,72.24,73.12,70.02,72.8,-0.8,0.4,-1.3,-0.286,0.324,0.338,0.311,0.274,42,4,209.64,198.0,203.9,198.0,75.68,72.05,74.08,72.05,-1.6,-2.0,-0.3,-2.0,0.308,0.313,0.281,0.313,89,3,-11.52,2.28,-11.86,-4.171,-3.44,1.07,-4.06,0.75,0.8,2.4,-1.0,1.714,0.016,0.025,0.029,-0.039,1
2026-02-13,Bind,Nongshim RedForce,Rex Regum Qeon,43,3,212.6,225.067,202.32,225.067,76.12,81.933,72.2,81.933,-0.4,3.667,-1.0,3.667,0.316,0.328,0.282,0.328,132,7,212.44,178.96,196.22,182.6,75.64,65.08,71.12,65.6,1.2,-3.4,0.0,-4.429,0.349,0.26,0.33,0.298,-89,-4,0.16,46.107,6.1,42.467,0.48,16.853,1.08,16.333,-1.6,7.067,-1.0,8.095,-0.033,0.067,-0.048,0.03,1
2026-02-13,Haven,Rex Regum Qeon,Nongshim RedForce,133,21,204.92,188.52,197.26,194.78,75.2,69.64,71.68,71.6,1.2,0.4,0.1,1.4,0.326,0.31,0.324,0.304,44,5,210.88,197.88,203.52,197.88,75.44,74.88,73.06,74.88,1.0,-0.4,0.0,-0.4,0.338,0.301,0.314,0.301,89,16,-5.96,-9.36,-6.26,-3.1,-0.24,-5.24,-1.38,-3.28,0.2,0.8,0.1,1.8,-0.012,0.01,0.01,0.004,0
2026-02-13,Abyss,Rex Regum Qeon,Nongshim RedForce,134,3,198.32,187.867,194.88,187.867,73.0,68.933,71.24,68.933,1.6,-2.0,0.0,-2.0,0.27,0.301,0.302,0.301,45,0,210.2,,206.6,,74.96,,75.0,,-0.4,,0.2,,0.346,,0.335,,89,3,-11.88,,-11.72,,-1.96,,-3.76,,2.0,,-0.2,,-0.075,,-0.033,,1
2026-02-13,Pearl,Cloud9,100 Thieves,122,15,200.08,189.84,200.66,194.26,72.84,70.2,73.48,71.98,0.4,-2.0,-0.2,-1.1,0.317,0.289,0.331,0.307,120,7,183.08,199.88,196.24,197.686,70.88,73.44,72.94,72.8,-3.6,0.0,-1.0,1.0,0.343,0.291,0.338,0.295,2,8,17.0,-10.04,4.42,-3.426,1.96,-3.24,0.54,-0.82,4.0,-2.0,0.8,-2.1,-0.026,-0.002,-0.007,0.012,0
2026-02-13,Abyss,Cloud9,100 Thieves,123,2,202.48,194.2,198.92,194.2,75.0,72.6,73.42,72.6,0.0,2.0,-1.0,2.0,0.337,0.354,0.312,0.354,121,1,190.72,200.4,193.88,200.4,72.0,67.8,72.52,67.8,-2.0,-4.0,-1.5,-4.0,0.326,0.261,0.321,0.261,2,1,11.76,-6.2,5.04,-6.2,3.0,4.8,0.9,4.8,2.0,6.0,0.5,6.0,0.011,0.093,-0.01,0.093,0
2026-02-13,Haven,MIBR,FURIA,103,10,199.32,181.36,198.86,189.7,75.92,72.84,75.5,74.02,3.2,1.8,4.8,2.1,0.319,0.262,0.331,0.292,87,9,200.16,178.4,196.0,190.689,76.32,65.92,73.96,69.711,3.0,-4.8,1.6,-1.889,0.327,0.244,0.293,0.274,16,1,-0.84,2.96,2.86,-0.989,-0.4,6.92,1.54,4.309,0.2,6.6,3.2,3.989,-0.008,0.018,0.038,0.018,0
2026-02-13,Abyss,MIBR,FURIA,104,5,192.32,191.56,194.64,191.56,73.12,72.84,74.06,72.84,2.0,0.6,3.3,0.6,0.317,0.276,0.325,0.276,88,2,192.68,212.7,196.62,212.7,72.64,78.5,73.78,78.5,1.8,2.0,2.2,2.0,0.308,0.425,0.309,0.425,16,3,-0.36,-21.14,-1.98,-21.14,0.48,-5.66,0.28,-5.66,0.2,-1.4,1.1,-1.4,0.009,-0.149,0.016,-0.149,0
2026-02-13,Corrode,BBL Esports,Gentle Mates,99,2,216.16,178.1,190.4,178.1,77.4,60.6,66.96,60.6,2.8,-5.0,-1.4,-5.0,0.37,0.275,0.287,0.275,56,3,213.72,195.8,201.54,195.8,76.48,70.333,73.8,70.333,0.2,-0.667,-1.2,-0.667,0.363,0.282,0.325,0.282,43,-1,2.44,-17.7,-11.14,-17.7,0.92,-9.733,-6.84,-9.733,2.6,-4.333,-0.2,-4.333,0.007,-0.007,-0.038,-0.007,1
2026-02-13,Split,Gentle Mates,BBL Esports,57,8,200.84,184.64,201.52,190.225,73.72,66.92,73.8,70.125,0.6,-3.4,-0.4,-0.5,0.331,0.233,0.317,0.262,100,7,211.08,203.0,194.28,197.086,76.84,71.24,68.42,71.143,2.8,-1.4,-0.8,-1.143,0.36,0.348,0.305,0.338,-43,1,-10.24,-18.36,7.24,-6.861,-3.12,-4.32,5.38,-1.018,-2.2,-2.0,0.4,0.643,-0.029,-0.115,0.012,-0.076,1
2026-02-13,Pearl,BBL Esports,Gentle Mates,101,5,202.44,198.8,197.5,198.8,72.68,70.8,69.58,70.8,1.8,-3.6,-0.4,-3.6,0.332,0.296,0.322,0.296,58,2,199.16,164.2,205.7,164.2,73.2,62.7,74.82,62.7,1.8,-2.0,0.6,-2.0,0.309,0.272,0.317,0.272,43,3,3.28,34.6,-8.2,34.6,-0.52,8.1,-5.24,8.1,-0.0,-1.6,-1.0,-1.6,0.023,0.024,0.005,0.024,1
2026-02-13,Abyss,BBL Esports,Gentle Mates,102,2,197.0,190.2,203.02,190.2,70.16,68.0,71.96,68.0,1.6,-1.5,1.5,-1.5,0.322,0.267,0.331,0.267,59,2,201.64,206.4,204.58,206.4,71.96,75.5,73.78,75.5,0.8,8.0,-0.2,8.0,0.28,0.414,0.314,0.414,43,0,-4.64,-16.2,-1.56,-16.2,-1.8,-7.5,-1.82,-7.5,0.8,-9.5,1.7,-9.5,0.042,-0.148,0.017,-0.148,1
2026-02-13,Haven,BBL Esports,Gentle Mates,103,12,192.32,201.56,200.52,208.06,67.24,73.04,70.7,75.4,1.4,2.4,1.2,3.2,0.341,0.294,0.343,0.322,60,4,199.04,173.25,203.74,173.25,71.08,65.15,73.68,65.15,1.6,-4.0,0.9,-4.0,0.268,0.222,0.318,0.222,43,8,-6.72,28.31,-3.22,34.81,-3.84,7.89,-2.98,10.25,-0.2,6.4,0.3,7.2,0.072,0.072,0.025,0.1,0
2026-02-13,Bind,FNATIC,Team Vitality,210,27,199.12,193.76,200.7,201.84,70.04,69.76,70.52,72.36,1.6,2.6,0.7,2.3,0.309,0.306,0.309,0.334,122,12,198.72,199.52,204.32,195.94,71.64,69.6,73.02,69.62,0.2,-2.4,1.5,-2.2,0.402,0.285,0.369,0.251,88,15,0.4,-5.76,-3.62,5.9,-1.6,0.16,-2.5,2.74,1.4,5.0,-0.8,4.5,-0.093,0.022,-0.06,0.083,1
2026-02-13,Bind,MIBR,FURIA,105,8,182.8,194.68,194.84,182.575,70.08,73.6,73.94,67.7,0.6,1.0,2.2,-0.125,0.298,0.367,0.316,0.293,89,10,193.92,170.84,199.66,185.76,74.12,64.76,75.86,68.54,2.4,-3.0,3.4,-0.6,0.3,0.19,0.327,0.232,16,-2,-11.12,23.84,-4.82,-3.185,-4.04,8.84,-1.92,-0.84,-1.8,4.0,-1.2,0.475,-0.001,0.177,-0.011,0.061,1
2026-02-13,Abyss,FNATIC,Team Vitality,211,7,196.92,194.16,202.96,191.914,72.04,73.88,72.26,72.857,1.8,6.4,1.0,5.0,0.312,0.349,0.303,0.312,123,3,193.56,205.6,201.14,205.6,70.12,75.267,72.52,75.267,0.4,0.0,1.6,0.0,0.396,0.344,0.382,0.344,88,4,3.36,-11.44,1.82,-13.686,1.92,-1.387,-0.26,-2.41,1.4,6.4,-0.6,5.0,-0.084,0.005,-0.079,-0.032,1
2026-02-13,Breeze,MIBR,FURIA,106,2,180.6,166.7,195.96,166.7,70.24,59.1,73.74,59.1,0.2,1.5,2.7,1.5,0.298,0.277,0.315,0.277,90,4,185.12,181.3,197.22,181.3,70.56,67.3,74.9,67.3,0.6,0.5,2.2,0.5,0.275,0.226,0.317,0.226,16,-2,-4.52,-14.6,-1.26,-14.6,-0.32,-8.2,-1.16,-8.2,-0.4,1.0,0.5,1.0,0.023,0.051,-0.002,0.051,1
2026-02-13,Breeze,Rex Regum Qeon,Nongshim RedForce,135,2,191.16,185.7,190.06,185.7,72.84,67.6,70.42,67.6,-0.2,-5.5,-1.3,-5.5,0.282,0.205,0.287,0.205,46,0,198.52,,203.32,,70.48,,73.4,,-0.2,,0.2,,0.321,,0.317,,89,2,-7.36,,-13.26,,2.36,,-2.98,,-0.0,,-1.5,,-0.038,,-0.03,,0
2026-02-13,Split,MIBR,FURIA,107,12,191.28,187.76,198.76,183.16,71.84,70.76,74.74,69.56,0.4,-0.2,2.5,0.2,0.317,0.287,0.327,0.256,91,10,181.28,191.68,189.86,192.28,70.16,73.72,72.92,72.32,-1.4,-0.4,1.1,-0.4,0.233,0.242,0.267,0.267,16,2,10.0,-3.92,8.9,-9.12,1.68,-2.96,1.82,-2.76,1.8,0.2,1.4,0.6,0.083,0.045,0.06,-0.011,0
2026-02-14,Haven,Gentle Mates,FNATIC,61,5,194.2,177.68,203.96,177.68,69.56,65.8,73.02,65.8,0.4,-2.8,0.3,-2.8,0.28,0.269,0.321,0.269,212,30,196.4,195.2,205.68,190.92,72.48,70.08,74.04,68.82,3.0,-0.6,2.3,0.0,0.288,0.263,0.325,0.26,-151,-25,-2.2,-17.52,-1.72,-13.24,-2.92,-4.28,-1.02,-3.02,-2.6,-2.2,-2.0,-2.8,-0.008,0.007,-0.003,0.009,1
2026-02-14,Bind,Gentle Mates,FNATIC,62,4,200.28,209.15,200.56,209.15,73.36,75.35,73.54,75.35,1.4,-3.75,1.0,-3.75,0.325,0.284,0.328,0.284,213,28,192.64,198.76,200.6,202.32,72.36,70.92,72.28,72.52,0.6,2.2,0.7,2.2,0.261,0.297,0.308,0.322,-151,-24,7.64,10.39,-0.04,6.83,1.0,4.43,1.26,2.83,0.8,-5.95,0.3,-5.95,0.065,-0.012,0.02,-0.037,1
2026-02-14,Split,FNATIC,Gentle Mates,214,25,189.56,211.44,199.74,208.3,71.56,77.0,72.46,76.72,-0.4,2.0,0.5,2.3,0.261,0.357,0.309,0.34,63,9,198.12,193.8,198.64,193.0,71.76,70.36,72.48,70.933,1.2,-3.0,1.5,-0.111,0.34,0.256,0.324,0.259,151,16,-8.56,17.64,1.1,15.3,-0.2,6.64,-0.02,5.787,-1.6,5.0,-1.0,2.411,-0.078,0.1,-0.015,0.081,0
2026-02-14,Corrode,FNATIC,Gentle Mates,215,6,193.76,202.24,196.44,206.5,72.16,68.68,71.1,69.567,0.8,0.4,1.2,1.333,0.24,0.265,0.275,0.262,64,4,197.4,187.3,199.52,187.3,71.6,67.2,71.78,67.2,1.4,-0.25,1.1,-0.25,0.357,0.251,0.319,0.251,151,2,-3.64,14.94,-3.08,19.2,0.56,1.48,-0.68,2.367,-0.6,0.65,0.1,1.583,-0.117,0.014,-0.044,0.011,1
2026-02-14,Abyss,Gentle Mates,FNATIC,65,3,199.48,203.6,199.26,203.6,70.72,74.667,70.9,74.667,1.0,6.0,1.3,6.0,0.374,0.348,0.321,0.348,216,8,191.6,191.12,194.26,193.6,69.68,72.4,70.86,73.325,0.6,5.4,1.2,5.125,0.266,0.356,0.289,0.315,-151,-5,7.88,12.48,5.0,10.0,1.04,2.267,0.04,1.342,0.4,0.6,0.1,0.875,0.108,-0.008,0.032,0.033,0
2026-02-14,Breeze,Team Vitality,Team Liquid,124,6,191.04,208.76,194.26,208.8,70.16,74.96,70.94,74.733,-1.0,6.8,0.4,4.667,0.384,0.398,0.36,0.377,157,4,207.64,203.9,201.28,203.9,79.68,75.35,76.1,75.35,-1.0,4.0,0.6,4.0,0.35,0.32,0.302,0.32,-33,2,-16.6,4.86,-7.02,4.9,-9.52,-0.39,-5.16,-0.617,0.0,2.8,-0.2,0.667,0.034,0.077,0.058,0.057,0
2026-02-14,Bind,Team Vitality,Team Liquid,125,13,194.6,187.64,189.76,192.16,72.16,67.16,69.32,68.26,1.2,-2.4,0.2,-1.9,0.356,0.304,0.336,0.267,158,18,205.88,202.12,203.46,213.48,78.72,73.4,76.56,76.98,-1.8,-0.8,0.2,1.1,0.311,0.357,0.313,0.369,-33,-5,-11.28,-14.48,-13.7,-21.32,-6.56,-6.24,-7.24,-8.72,3.0,-1.6,0.0,-3.0,0.045,-0.053,0.023,-0.102,0
2026-02-14,Corrode,Team Vitality,Team Liquid,126,3,180.16,222.867,188.48,222.867,65.4,84.0,69.32,84.0,-1.0,3.667,-0.2,3.667,0.274,0.397,0.321,0.397,159,6,210.76,181.48,210.14,188.267,80.08,65.48,79.28,67.567,-2.4,-1.4,0.8,-1.167,0.315,0.191,0.332,0.217,-33,-3,-30.6,41.387,-21.66,34.6,-14.68,18.52,-9.96,16.433,1.4,5.067,-1.0,4.833,-0.042,0.206,-0.011,0.18,1
2026-02-14,Corrode,G2 Esports,MIBR,154,9,211.16,189.32,201.82,193.844,75.8,69.72,73.06,70.778,3.8,0.4,0.5,-1.444,0.358,0.288,0.281,0.297,108,6,199.52,206.96,199.42,202.633,75.04,77.92,75.48,76.633,2.0,2.8,2.6,2.333,0.333,0.352,0.326,0.346,46,3,11.64,-17.64,2.4,-8.789,0.76,-8.2,-2.42,-5.856,1.8,-2.4,-2.1,-3.778,0.026,-0.064,-0.044,-0.049,1
2026-02-14,Breeze,T1,Rex Regum Qeon,165,4,202.2,199.75,198.82,199.75,73.24,69.65,72.28,69.65,0.6,-1.0,1.4,-1.0,0.334,0.309,0.328,0.309,136,3,186.4,186.4,192.26,186.4,72.48,70.733,72.36,70.733,-2.6,-6.333,-1.7,-6.333,0.225,0.17,0.274,0.17,29,1,15.8,13.35,6.56,13.35,0.76,-1.083,-0.08,-1.083,3.2,5.333,3.1,5.333,0.109,0.139,0.054,0.139,1
2026-02-14,Abyss,NRG,100 Thieves,146,5,180.04,190.6,189.54,190.6,68.36,70.2,71.52,70.2,1.2,-1.2,-0.3,-1.2,0.319,0.373,0.329,0.373,122,2,199.84,213.1,195.08,213.1,74.84,78.5,73.86,78.5,0.6,-0.5,-0.7,-0.5,0.339,0.33,0.335,0.33,24,3,-19.8,-22.5,-5.54,-22.5,-6.48,-8.3,-2.34,-8.3,0.6,-0.7,0.4,-0.7,-0.02,0.042,-0.006,0.042,1
2026-02-14,Breeze,MIBR,G2 Esports,109,3,203.48,190.133,197.9,190.133,75.04,68.267,74.08,68.267,1.2,3.333,1.6,3.333,0.314,0.34,0.316,0.34,155,3,220.68,174.133,201.78,174.133,77.8,58.533,73.42,58.533,5.0,-3.0,1.2,-3.0,0.348,0.204,0.283,0.204,-46,0,-17.2,16.0,-3.88,16.0,-2.76,9.733,0.66,9.733,-3.8,6.333,0.4,6.333,-0.034,0.137,0.033,0.137,0
2026-02-14,Haven,G2 Esports,MIBR,156,17,220.36,214.36,208.68,206.78,78.36,81.48,75.16,77.02,5.2,0.4,2.3,1.7,0.339,0.348,0.319,0.328,110,11,201.12,195.96,191.96,189.34,73.96,75.72,72.02,74.0,1.6,3.0,1.1,1.5,0.309,0.306,0.304,0.292,46,6,19.24,18.4,16.72,17.44,4.4,5.76,3.14,3.02,3.6,-2.6,1.2,0.2,0.03,0.042,0.016,0.035,1
2026-02-14,Split,DetonatioN FocusMe,Paper Rex,87,8,200.44,205.12,199.48,196.425,71.92,72.28,70.62,72.55,-2.8,-1.6,-1.9,-1.375,0.27,0.295,0.268,0.272,222,25,200.6,203.28,194.9,214.56,72.16,72.52,70.24,75.24,2.6,-1.0,1.2,0.7,0.291,0.307,0.264,0.323,-135,-17,-0.16,1.84,4.58,-18.135,-0.24,-0.24,0.38,-2.69,-5.4,-0.6,-3.1,-2.075,-0.021,-0.012,0.004,-0.051,0
2026-02-14,Pearl,T1,Rex Regum Qeon,166,14,207.04,196.52,205.24,198.26,76.4,70.8,74.72,69.5,1.2,-1.6,1.7,-2.6,0.35,0.285,0.348,0.267,137,8,170.28,198.2,191.36,197.95,65.88,73.24,70.76,71.65,-3.6,3.2,-1.2,2.875,0.169,0.303,0.259,0.26,29,6,36.76,-1.68,13.88,0.31,10.52,-2.44,3.96,-2.15,4.8,-4.8,2.9,-5.475,0.181,-0.018,0.089,0.007,1
2026-02-14,Abyss,Rex Regum Qeon,T1,138,4,169.68,186.15,187.3,186.15,66.96,70.45,71.08,70.45,-3.8,-2.5,-1.3,-2.5,0.161,0.319,0.243,0.319,167,1,211.92,181.2,203.84,181.2,78.08,79.2,75.5,79.2,2.6,5.0,1.6,5.0,0.377,0.25,0.35,0.25,-29,3,-42.24,4.95,-16.54,4.95,-11.12,-8.75,-4.42,-8.75,-6.4,-7.5,-2.9,-7.5,-0.216,0.069,-0.106,0.069,0
2026-02-14,Pearl,NRG,100 Thieves,147,13,185.88,203.16,191.2,199.94,68.92,76.12,71.36,76.8,1.2,0.4,0.3,0.9,0.321,0.265,0.325,0.318,123,8,194.52,199.52,192.54,198.775,73.68,73.4,73.44,73.5,-0.8,0.8,-1.8,1.375,0.306,0.261,0.316,0.287,24,5,-8.64,3.64,-1.34,1.165,-4.76,2.72,-2.08,3.3,2.0,-0.4,2.1,-0.475,0.015,0.005,0.008,0.031,1
2026-02-14,Haven,DetonatioN FocusMe,Paper Rex,88,10,189.6,202.32,189.02,185.94,68.0,71.88,66.76,68.44,-3.0,1.2,-3.7,-0.5,0.257,0.311,0.255,0.223,223,10,211.0,202.44,203.6,199.3,76.08,72.72,73.38,71.4,5.4,2.2,2.5,2.1,0.305,0.264,0.286,0.241,-135,0,-21.4,-0.12,-14.58,-13.36,-8.08,-0.84,-6.62,-2.96,-8.4,-1.0,-6.2,-2.6,-0.048,0.047,-0.031,-0.018,0
2026-02-15,Breeze,Paper Rex,Rex Regum Qeon,224,4,212.88,199.55,205.2,199.55,76.64,72.15,73.88,72.15,5.8,0.25,2.9,0.25,0.31,0.297,0.296,0.297,139,4,171.44,172.25,184.88,172.25,68.96,64.05,70.98,64.05,-3.4,-5.5,-0.9,-5.5,0.199,0.144,0.235,0.144,85,0,41.44,27.3,20.32,27.3,7.68,8.1,2.9,8.1,9.2,5.75,3.8,5.75,0.111,0.152,0.061,0.152,1
2026-02-15,Corrode,Paper Rex,Rex Regum Qeon,225,3,217.28,204.4,206.34,204.4,77.16,68.8,73.9,68.8,5.4,-0.667,3.1,-0.667,0.293,0.266,0.283,0.266,140,8,171.92,195.12,181.54,195.9,65.96,73.36,69.4,73.325,-3.6,0.2,-1.9,0.0,0.177,0.334,0.229,0.283,85,-5,45.36,9.28,24.8,8.5,11.2,-4.56,4.5,-4.525,9.0,-0.867,5.0,-0.667,0.116,-0.068,0.054,-0.017,0
2026-02-15,Haven,Rex Regum Qeon,Paper Rex,141,22,176.04,189.92,181.22,193.76,64.48,69.12,68.48,71.26,-2.2,-0.2,-2.4,1.3,0.226,0.272,0.225,0.273,226,11,212.64,199.36,205.76,199.84,77.76,71.72,73.84,71.72,5.4,1.8,3.5,2.5,0.288,0.28,0.29,0.241,-85,11,-36.6,-9.44,-24.54,-6.08,-13.28,-2.6,-5.36,-0.46,-7.6,-2.0,-5.9,-1.2,-0.061,-0.009,-0.065,0.032,0
2026-02-15,Pearl,Rex Regum Qeon,Paper Rex,142,9,189.52,191.2,179.9,194.578,69.8,74.24,67.84,71.578,-2.2,2.0,-2.9,2.111,0.251,0.275,0.21,0.248,227,20,212.48,194.6,206.54,198.54,76.64,74.6,74.4,73.82,4.4,0.8,3.5,-0.1,0.314,0.319,0.302,0.338,-85,-11,-22.96,-3.4,-26.64,-3.962,-6.84,-0.36,-6.56,-2.242,-6.6,1.2,-6.4,2.211,-0.063,-0.045,-0.093,-0.09,0
2026-02-15,Bind,FNATIC,Team Liquid,217,29,191.64,202.48,194.02,199.68,68.48,72.88,70.48,71.62,-1.6,2.2,0.7,1.6,0.26,0.325,0.274,0.313,160,19,211.08,208.16,207.38,212.54,79.28,75.68,78.16,76.86,-1.6,-0.2,-0.1,1.3,0.322,0.371,0.318,0.357,57,10,-19.44,-5.68,-13.36,-12.86,-10.8,-2.8,-7.68,-5.24,0.0,2.4,0.8,0.3,-0.062,-0.046,-0.044,-0.044,0
2026-02-15,Bind,MIBR,NRG,111,9,199.76,193.68,190.18,183.933,72.56,75.0,71.4,68.533,-0.8,1.2,-0.3,0.667,0.247,0.37,0.272,0.308,148,16,196.68,186.2,191.28,177.6,72.92,69.36,71.7,65.78,1.2,-3.0,-0.2,-3.8,0.326,0.248,0.322,0.217,-37,-7,3.08,7.48,-1.1,6.333,-0.36,5.64,-0.3,2.753,-2.0,4.2,-0.1,4.467,-0.08,0.122,-0.049,0.091,1
2026-02-15,Corrode,MIBR,NRG,112,7,194.56,206.48,192.92,203.029,70.72,76.64,71.28,75.686,-2.2,1.2,-0.9,1.143,0.235,0.328,0.276,0.325,149,9,192.04,207.36,189.5,211.578,70.4,75.56,70.26,76.756,-0.8,-1.2,0.0,1.889,0.306,0.402,0.326,0.387,-37,-2,2.52,-0.88,3.42,-8.549,0.32,1.08,1.02,-1.07,-1.4,2.4,-0.9,-0.746,-0.071,-0.074,-0.05,-0.062,1
2026-02-15,Split,MIBR,NRG,113,13,197.28,186.2,198.4,186.3,70.2,71.12,72.62,70.26,-2.8,0.2,-0.4,0.9,0.276,0.268,0.304,0.259,150,14,190.04,191.92,187.36,205.68,69.76,70.32,70.38,75.78,0.4,-3.0,0.9,-1.5,0.316,0.264,0.318,0.324,-37,-1,7.24,-5.72,11.04,-19.38,0.44,0.8,2.24,-5.52,-3.2,3.2,-1.3,2.4,-0.04,0.004,-0.014,-0.064,0
2026-02-15,Abyss,NRG,MIBR,151,6,196.72,189.52,188.38,193.967,72.92,71.24,70.64,70.867,3.2,-0.2,2.2,-0.167,0.329,0.377,0.324,0.382,114,6,192.2,191.68,197.84,189.733,69.32,73.12,72.18,71.933,-3.0,0.2,-0.9,-0.333,0.289,0.284,0.301,0.27,37,0,4.52,-2.16,-9.46,4.233,3.6,-1.88,-1.54,-1.067,6.2,-0.4,3.1,0.167,0.04,0.094,0.022,0.112,1
2026-02-15,Haven,MIBR,NRG,115,12,192.48,198.2,196.8,187.98,70.16,76.24,72.06,73.08,-3.4,2.0,-0.9,0.4,0.293,0.275,0.301,0.279,152,20,200.64,184.48,193.26,192.26,74.96,68.28,71.94,71.52,3.2,-2.6,2.2,-0.9,0.29,0.299,0.305,0.289,-37,-8,-8.16,13.72,3.54,-4.28,-4.8,7.96,0.12,1.56,-6.6,4.6,-3.1,1.3,0.003,-0.024,-0.004,-0.01,0
2026-02-15,Abyss,FNATIC,Team Liquid,218,9,192.48,192.6,192.56,194.933,67.48,71.72,69.92,73.022,0.2,3.8,0.4,4.0,0.258,0.327,0.26,0.313,161,6,212.48,186.24,207.68,188.733,79.64,69.84,78.5,71.3,-1.2,-2.0,-0.1,-1.333,0.316,0.247,0.32,0.267,57,3,-20.0,6.36,-15.12,6.2,-12.16,1.88,-8.58,1.722,1.4,5.8,0.5,5.333,-0.058,0.08,-0.06,0.046,0
2026-02-15,Corrode,Team Liquid,FNATIC,162,7,204.08,178.12,205.86,187.343,73.96,66.08,76.82,67.571,-2.0,-2.4,-1.5,-1.714,0.293,0.179,0.321,0.213,219,7,194.32,201.2,191.94,206.314,67.4,67.24,69.48,69.143,1.4,0.4,0.5,1.143,0.267,0.277,0.264,0.277,-57,0,9.76,-23.08,13.92,-18.971,6.56,-1.16,7.34,-1.571,-3.4,-2.8,-2.0,-2.857,0.026,-0.098,0.057,-0.064,1
2026-03-01,Corrode,G2 Esports,Paper Rex,157,10,225.44,200.68,212.12,196.64,78.68,72.2,76.28,71.1,5.4,3.0,2.8,-0.7,0.357,0.286,0.331,0.292,228,4,208.64,198.45,209.82,198.45,73.56,68.55,74.82,68.55,2.0,-0.25,3.7,-0.25,0.299,0.264,0.302,0.264,-71,6,16.8,2.23,2.3,-1.81,5.12,3.65,1.46,2.55,3.4,3.25,-0.9,-0.45,0.058,0.021,0.029,0.028,0
2026-03-01,Split,Paper Rex,G2 Esports,229,26,214.52,213.04,213.7,215.08,74.12,76.16,75.38,75.48,0.0,2.8,2.9,0.6,0.31,0.295,0.31,0.323,158,15,214.36,201.88,212.8,204.8,75.48,73.36,75.92,75.32,5.4,-1.6,3.6,-0.7,0.304,0.21,0.33,0.281,71,11,0.16,11.16,0.9,10.28,-1.36,2.8,-0.54,0.16,-5.4,4.4,-0.7,1.3,0.006,0.085,-0.02,0.043,1
2026-03-01,Breeze,T1,Team Liquid,168,5,212.76,208.28,207.0,208.28,77.4,73.6,75.98,73.6,1.6,-0.2,1.2,-0.2,0.346,0.327,0.341,0.327,163,5,207.64,202.6,206.76,202.6,76.12,74.12,77.42,74.12,-1.0,2.4,-1.4,2.4,0.323,0.311,0.317,0.311,5,0,5.12,5.68,0.24,5.68,1.28,-0.52,-1.44,-0.52,2.6,-2.6,2.6,-2.6,0.024,0.017,0.024,0.017,0
2026-03-01,Split,Team Liquid,T1,164,23,200.96,194.76,205.86,201.88,72.24,72.4,76.16,74.9,-1.2,2.8,-1.8,3.1,0.324,0.256,0.32,0.28,169,13,208.64,206.28,204.54,205.6,73.48,72.16,74.38,72.08,1.0,0.8,0.8,1.9,0.305,0.335,0.327,0.319,-5,10,-7.68,-11.52,1.32,-3.72,-1.24,0.24,1.78,2.82,-2.2,2.0,-2.6,1.2,0.02,-0.079,-0.007,-0.038,1
2026-03-02,Pearl,Team Liquid,Gentle Mates,165,4,206.64,198.2,208.86,198.2,74.04,72.95,76.66,72.95,1.0,-1.0,-0.3,-1.0,0.365,0.265,0.343,0.265,66,3,198.64,176.333,196.42,176.333,70.64,65.533,70.1,65.533,1.6,-3.333,1.0,-3.333,0.326,0.293,0.303,0.293,99,1,8.0,21.867,12.44,21.867,3.4,7.417,6.56,7.417,-0.6,2.333,-1.3,2.333,0.038,-0.028,0.04,-0.028,0
2026-03-02,Haven,NRG,Paper Rex,153,21,196.92,185.64,196.8,195.74,73.12,70.76,73.02,72.46,2.8,-1.6,2.0,-0.8,0.302,0.338,0.314,0.328,230,12,212.04,198.8,214.66,201.66,72.12,72.4,74.64,72.48,-0.6,2.0,2.4,2.1,0.322,0.298,0.307,0.265,-77,9,-15.12,-13.16,-17.86,-5.92,1.0,-1.64,-1.62,-0.02,3.4,-3.6,-0.4,-2.9,-0.019,0.04,0.007,0.064,0
2026-03-02,Bind,Team Liquid,Gentle Mates,166,20,203.88,218.16,208.18,209.42,72.72,80.76,76.18,76.02,2.0,0.2,0.4,0.5,0.354,0.388,0.335,0.352,67,5,201.08,208.2,200.68,208.2,71.44,74.16,72.4,74.16,0.0,-2.6,0.7,-2.6,0.316,0.289,0.321,0.289,99,15,2.8,9.96,7.5,1.22,1.28,6.6,3.78,1.86,2.0,2.8,-0.3,3.1,0.038,0.099,0.014,0.063,0
2026-03-02,Split,Paper Rex,NRG,231,27,214.04,212.92,213.34,213.82,73.24,74.52,75.5,74.5,-2.0,3.0,1.7,0.3,0.353,0.289,0.32,0.322,154,15,194.48,190.6,193.26,201.34,74.6,71.12,72.5,74.3,4.0,-0.4,1.6,-1.1,0.297,0.261,0.302,0.311,77,12,19.56,22.32,20.08,12.48,-1.36,3.4,3.0,0.2,-6.0,3.4,0.1,1.4,0.056,0.028,0.019,0.01,1
2026-03-02,Pearl,NRG,Paper Rex,155,14,193.16,208.52,191.6,203.5,74.64,79.0,72.2,77.5,4.0,1.6,2.2,0.9,0.327,0.31,0.322,0.314,232,21,211.12,202.92,211.8,198.58,73.32,74.44,74.98,73.2,-2.6,0.2,0.9,-0.9,0.364,0.302,0.339,0.329,-77,-7,-17.96,5.6,-20.2,4.92,1.32,4.56,-2.78,4.3,6.6,1.4,1.3,1.8,-0.037,0.007,-0.017,-0.014,1
2026-03-04,Haven,G2 Esports,T1,159,18,211.12,218.08,211.14,208.34,74.04,81.44,74.92,77.6,3.6,2.4,3.7,2.2,0.265,0.354,0.311,0.329,170,23,206.96,177.8,204.58,193.06,73.04,63.96,73.14,67.68,-1.2,-3.8,-0.3,-2.2,0.294,0.292,0.314,0.316,-11,-5,4.16,40.28,6.56,15.28,1.0,17.48,1.78,9.92,4.8,6.2,4.0,4.4,-0.029,0.062,-0.002,0.013,1
2026-03-04,Breeze,G2 Esports,T1,160,4,208.6,184.25,214.64,184.25,74.6,63.6,76.2,63.6,0.8,-1.5,2.9,-1.5,0.275,0.245,0.311,0.245,171,6,197.24,205.8,202.14,204.833,69.04,70.68,72.72,70.567,-0.2,-1.6,0.5,-1.0,0.28,0.302,0.315,0.304,-11,-2,11.36,-21.55,12.5,-20.583,5.56,-7.08,3.48,-6.967,1.0,0.1,2.4,-0.5,-0.006,-0.057,-0.004,-0.06,1
2026-03-04,Breeze,NRG,Team Liquid,156,5,193.72,205.52,195.22,205.52,74.64,73.6,73.78,73.6,2.4,0.2,2.8,0.2,0.345,0.345,0.337,0.345,167,6,199.56,210.0,201.82,202.867,72.4,76.16,73.18,73.367,3.6,4.6,0.8,2.833,0.314,0.32,0.304,0.322,-11,-1,-5.84,-4.48,-6.6,2.653,2.24,-2.56,0.6,0.233,-1.2,-4.4,2.0,-2.633,0.031,0.025,0.033,0.023,1
2026-03-04,Abyss,Team Liquid,NRG,168,7,195.92,189.72,201.78,188.886,70.08,69.64,73.1,70.486,1.4,-2.6,0.2,-1.714,0.271,0.245,0.297,0.275,157,7,190.36,202.8,195.5,199.171,73.28,75.36,74.12,72.8,3.4,1.4,3.3,0.571,0.372,0.338,0.331,0.361,11,0,5.56,-13.08,6.28,-10.286,-3.2,-5.72,-1.02,-2.314,-2.0,-4.0,-3.1,-2.286,-0.101,-0.093,-0.034,-0.086,0
2026-03-06,Haven,FURIA,Paper Rex,92,10,179.84,186.64,190.0,190.16,69.48,68.44,72.9,69.66,-2.0,-3.8,0.5,-1.5,0.23,0.267,0.279,0.276,233,13,200.68,196.04,204.66,201.84,71.76,71.48,72.66,73.0,-1.8,0.8,0.1,1.9,0.355,0.311,0.327,0.288,-141,-3,-20.84,-9.4,-14.66,-11.68,-2.28,-3.04,0.24,-3.34,-0.2,-4.6,0.4,-3.4,-0.125,-0.044,-0.049,-0.012,1
2026-03-06,Breeze,Paper Rex,FURIA,234,5,193.28,203.56,203.9,203.56,70.2,73.4,72.16,73.4,-1.0,1.2,-0.5,1.2,0.323,0.289,0.317,0.289,93,5,186.88,173.44,189.78,173.44,71.12,65.88,71.88,65.88,-2.0,-1.0,-0.1,-1.0,0.235,0.181,0.272,0.181,141,0,6.4,30.12,14.12,30.12,-0.92,7.52,0.28,7.52,1.0,2.2,-0.4,2.2,0.088,0.109,0.045,0.109,1
2026-03-06,Split,Paper Rex,FURIA,235,28,196.48,203.48,204.26,209.24,73.64,72.36,72.88,73.98,-0.4,2.6,-0.5,0.4,0.342,0.301,0.332,0.33,94,11,179.52,200.32,186.72,193.44,66.76,76.44,70.44,72.76,-4.0,0.0,-0.8,-0.5,0.204,0.309,0.252,0.271,141,17,16.96,3.16,17.54,15.8,6.88,-4.08,2.44,1.22,3.6,2.6,0.3,0.9,0.138,-0.008,0.08,0.059,1
2026-03-06,Haven,Gentle Mates,Nongshim RedForce,68,6,205.4,176.36,201.76,180.1,74.12,66.68,72.94,67.633,-1.2,-1.6,0.0,-1.333,0.317,0.269,0.328,0.289,47,6,196.4,201.16,203.02,202.467,70.28,76.84,72.98,76.267,2.6,-0.4,0.5,-0.333,0.339,0.301,0.323,0.315,21,0,9.0,-24.8,-1.26,-22.367,3.84,-10.16,-0.04,-8.633,-3.8,-1.2,-0.5,-1.0,-0.022,-0.031,0.005,-0.027,0
2026-03-06,Corrode,Gentle Mates,Nongshim RedForce,69,5,206.44,191.52,201.92,191.52,74.88,67.48,73.24,67.48,-0.8,-0.2,0.3,-0.2,0.267,0.261,0.312,0.261,48,5,196.48,197.16,204.54,197.16,71.76,70.28,73.94,70.28,3.6,-2.0,1.6,-2.0,0.363,0.304,0.34,0.304,21,0,9.96,-5.64,-2.62,-5.64,3.12,-2.8,-0.7,-2.8,-4.4,1.8,-1.3,1.8,-0.096,-0.043,-0.028,-0.043,0
2026-03-07,Pearl,BBL Esports,NRG,104,6,190.72,205.36,203.44,198.9,66.68,73.16,72.04,71.2,-0.4,-0.4,1.2,-2.0,0.319,0.319,0.344,0.297,158,15,191.52,210.16,194.22,201.62,74.24,81.08,73.68,76.56,3.8,2.6,3.3,0.6,0.343,0.36,0.323,0.312,-54,-9,-0.8,-4.8,9.22,-2.72,-7.56,-7.92,-1.64,-5.36,-4.2,-3.0,-2.1,-2.6,-0.024,-0.041,0.022,-0.015,0
2026-03-07,Abyss,BBL Esports,NRG,105,3,181.44,188.533,196.26,188.533,61.64,65.8,69.24,65.8,-1.6,-1.667,0.6,-1.667,0.277,0.321,0.318,0.321,159,8,205.4,203.36,199.94,200.95,78.0,76.96,76.3,74.425,4.0,3.0,4.0,1.0,0.348,0.33,0.323,0.36,-54,-5,-23.96,-14.827,-3.68,-12.417,-16.36,-11.16,-7.06,-8.625,-5.6,-4.667,-3.4,-2.667,-0.071,-0.01,-0.004,-0.039,1
2026-03-07,Split,BBL Esports,NRG,106,8,190.2,205.8,196.32,192.975,67.28,69.84,69.98,68.725,0.0,-0.4,0.9,-1.375,0.314,0.382,0.323,0.325,160,16,205.6,186.92,199.38,197.6,76.88,70.08,75.76,72.84,3.0,-1.0,3.5,-1.2,0.338,0.275,0.332,0.29,-54,-8,-15.4,18.88,-3.06,-4.625,-9.6,-0.24,-5.78,-4.115,-3.0,0.6,-2.6,-0.175,-0.024,0.107,-0.01,0.035,0
2026-03-08,Breeze,FURIA,BBL Esports,95,6,181.48,174.72,183.3,171.033,66.24,66.48,68.4,64.733,-2.6,-1.2,-1.0,-1.667,0.206,0.196,0.24,0.18,107,3,190.16,207.067,193.58,207.067,66.4,73.2,68.28,73.2,-2.0,2.667,-0.2,2.667,0.316,0.403,0.319,0.403,-12,3,-8.68,-32.347,-10.28,-36.033,-0.16,-6.72,0.12,-8.467,-0.6,-3.867,-0.8,-4.333,-0.111,-0.207,-0.078,-0.223,1
2026-03-08,Haven,FURIA,BBL Esports,96,11,195.2,192.72,188.24,189.98,67.6,69.96,68.88,70.26,-1.8,-1.6,-1.6,-2.0,0.275,0.279,0.254,0.282,108,13,192.16,201.68,192.24,206.66,68.04,73.68,67.64,74.66,-1.0,2.4,0.2,2.5,0.265,0.294,0.303,0.3,-12,-2,3.04,-8.96,-4.0,-16.68,-0.44,-3.72,1.24,-4.4,-0.8,-4.0,-1.8,-4.5,0.01,-0.015,-0.049,-0.019,0
2026-03-08,Abyss,FURIA,BBL Esports,97,3,192.84,207.067,186.34,207.067,65.68,79.267,67.58,79.267,0.0,3.0,-1.0,3.0,0.248,0.394,0.239,0.394,109,4,192.84,193.4,191.78,193.4,67.16,69.35,66.92,69.35,-1.8,0.0,-1.1,0.0,0.294,0.346,0.306,0.346,-12,-1,0.0,13.667,-5.44,13.667,-1.48,9.917,0.66,9.917,1.8,3.0,0.1,3.0,-0.045,0.049,-0.067,0.049,0
2026-03-09,Abyss,Nongshim RedForce,G2 Esports,49,1,204.2,183.0,207.54,183.0,74.2,68.4,74.82,68.4,5.2,4.0,3.1,4.0,0.33,0.208,0.334,0.208,161,7,207.44,197.68,213.9,196.6,73.16,74.6,75.76,72.8,0.0,-1.2,2.6,-0.429,0.275,0.313,0.307,0.293,-112,-6,-3.24,-14.68,-6.36,-13.6,1.04,-6.2,-0.94,-4.4,5.2,5.2,0.5,4.429,0.055,-0.105,0.028,-0.085,0
2026-03-10,Haven,BBL Esports,G2 Esports,110,14,200.12,208.12,190.78,207.32,70.88,75.44,66.26,73.46,-0.2,2.0,-0.9,1.6,0.326,0.31,0.302,0.32,162,19,202.28,224.6,213.86,211.44,72.6,82.64,75.64,79.02,-0.6,2.0,2.4,1.7,0.242,0.348,0.3,0.347,-52,-5,-2.16,-16.48,-23.08,-4.12,-1.72,-7.2,-9.38,-5.56,0.4,-0.0,-3.3,-0.1,0.084,-0.038,0.002,-0.027,0
