date,map,match_id,team_a,team_b,map_win_rate_10_diff,fk_fd_diff_overall_5_diff,ranking_elo_sum_diff,ranking_elo_trend_diff,target
2023-03-25,Lotus,184457_g119517,T1,Global Esports,,,-9.382,0.0,1
2023-03-25,Haven,184457_g119516,Global Esports,T1,,-8.0,-122.054,-0.0,1
2023-03-25,Pearl,184457_g119515,Global Esports,T1,,3.0,-0.0,-131.436,0
2023-03-25,Pearl,184456_g119513,DRX,ZETA DIVISION,,,60.082,-0.0,1
2023-03-25,Ascent,184456_g119512,ZETA DIVISION,DRX,,0.0,0.0,0.0,0
2023-03-26,Fracture,184459_g119523,Team Secret,TALON,,,61.088,0.0,1
2023-03-26,Icebox,184459_g119522,Team Secret,TALON,,4.0,136.543,0.0,0
2023-03-26,Ascent,184459_g119521,TALON,Team Secret,,1.0,-0.0,-75.455,0
2023-03-26,Lotus,184458_g119519,DetonatioN FocusMe,Paper Rex,,,-17.835,-0.0,0
2023-03-26,Pearl,184458_g119518,DetonatioN FocusMe,Paper Rex,,4.0,-0.0,-0.0,0
2023-03-27,Ascent,173215_g117164,KOI,Natus Vincere,,,0.0,0.0,1
2023-03-27,Fracture,184460_g119524,Gen.G,Rex Regum Qeon,,,-0.0,-0.0,1
2023-03-27,Lotus,184460_g119525,Gen.G,Rex Regum Qeon,,-8.0,68.542,-0.0,1
2023-03-27,Icebox,173214_g117161,FNATIC,Giants Gaming,,,0.0,0.0,1
2023-03-27,Split,173214_g117162,FNATIC,Giants Gaming,,8.0,119.811,0.0,1
2023-03-27,Lotus,173215_g117165,KOI,Natus Vincere,,4.0,22.021,0.0,1
2023-03-28,Lotus,173217_g117172,Team Liquid,Team Vitality,,,-33.175,0.0,0
2023-03-28,Fracture,173217_g117171,Team Vitality,Team Liquid,,-22.0,205.117,-0.0,0
2023-03-28,Lotus,173216_g117168,Team Heretics,FUT Esports,,,-207.994,0.0,0
2023-03-28,Haven,173217_g117170,Team Liquid,Team Vitality,,18.0,0.0,-171.942,0
2023-03-28,Pearl,173216_g117167,FUT Esports,Team Heretics,,16.0,-0.0,-0.0,1
2023-03-29,Pearl,173218_g117175,Natus Vincere,Giants Gaming,,0.0,-109.105,59.811,1
2023-03-29,Icebox,173219_g117176,Karmine Corp,BBL Esports,,,0.0,0.0,1
2023-03-29,Split,173219_g117177,Karmine Corp,BBL Esports,,16.0,68.069,0.0,1
2023-03-29,Icebox,173218_g117173,Natus Vincere,Giants Gaming,,1.333,3.071,-54.553,0
2023-03-29,Split,173218_g117174,Giants Gaming,Natus Vincere,,-0.0,54.018,15.97,0
2023-03-30,Split,173220_g117180,Team Liquid,FUT Esports,,-0.5,-28.233,134.454,1
2023-03-30,Ascent,173220_g117181,FUT Esports,Team Liquid,,-1.833,-91.57,-49.827,0
2023-03-30,Split,173221_g117182,Team Vitality,KOI,,-8.0,-105.798,-16.852,1
2023-03-30,Lotus,173220_g117179,Team Liquid,FUT Esports,-1.0,2.95,-138.709,62.875,0
2023-03-30,Fracture,173221_g117183,Team Vitality,KOI,,-2.25,27.281,-59.577,1
2023-03-31,Haven,173222_g117186,FNATIC,BBL Esports,,11.5,127.982,58.272,1
2023-03-31,Split,173223_g117189,Team Heretics,Karmine Corp,,-14.0,-216.516,25.5,1
2023-03-31,Icebox,173223_g117188,Karmine Corp,Team Heretics,,7.333,280.631,68.11,0
2023-03-31,Split,173222_g117187,BBL Esports,FNATIC,-1.0,-10.333,-308.34,-63.991,0
2023-03-31,Ascent,173222_g117185,BBL Esports,FNATIC,,-3.75,-183.325,-99.473,1
2023-04-01,Lotus,184461_g119529,ZETA DIVISION,Rex Regum Qeon,,-0.5,-15.292,48.617,1
2023-04-01,Ascent,184461_g119528,ZETA DIVISION,Rex Regum Qeon,,1.0,27.724,4.892,1
2023-04-01,Haven,184461_g119527,Rex Regum Qeon,ZETA DIVISION,,-1.75,33.149,-11.956,1
2023-04-01,Split,183774_g118924,Sentinels,100 Thieves,,,28.12,0.0,0
2023-04-01,Ascent,183774_g118925,Sentinels,100 Thieves,,-16.0,-8.639,0.0,1
2023-04-01,Haven,184462_g119531,TALON,T1,,1.0,-355.2,14.188,0
2023-04-01,Ascent,184462_g119530,TALON,T1,,2.25,-154.708,-86.519,0
2023-04-01,Split,183775_g118926,FURIA,KRÜ Esports,,,-0.0,-0.0,1
2023-04-01,Ascent,183775_g118927,KRÜ Esports,FURIA,,4.0,35.689,0.0,0
2023-04-01,Fracture,183774_g118923,100 Thieves,Sentinels,,12.0,-0.0,36.759,0
2023-04-02,Fracture,183777_g118933,Evil Geniuses,Cloud9,,,-54.46,0.0,0
2023-04-02,Haven,183776_g118931,MIBR,LOUD,,,-260.268,-0.0,0
2023-04-02,Pearl,183777_g118932,Cloud9,Evil Geniuses,,8.0,-0.0,-0.0,1
2023-04-02,Split,184463_g119535,Team Secret,Paper Rex,,3.333,180.912,2.258,1
2023-04-02,Fracture,184463_g119534,Paper Rex,Team Secret,,-6.333,-74.184,-56.637,0
2023-04-02,Lotus,183776_g118930,MIBR,LOUD,,8.0,-216.543,-0.0,1
2023-04-02,Lotus,184465_g119536,DetonatioN FocusMe,Gen.G,-1.0,3.5,-39.716,-40.061,0
2023-04-02,Fracture,184465_g119537,DetonatioN FocusMe,Gen.G,,0.333,-8.949,-17.388,1
2023-04-02,Pearl,184465_g119538,DetonatioN FocusMe,Gen.G,,4.75,112.149,-0.675,0
2023-04-02,Haven,184463_g119533,Paper Rex,Team Secret,,-6.65,-97.73,-24.469,1
2023-04-02,Split,183776_g118929,LOUD,MIBR,,-4.0,0.0,-43.724,1
2023-04-03,Haven,184466_g119539,Global Esports,DRX,,1.333,-141.181,36.034,0
2023-04-03,Split,184466_g119540,Global Esports,DRX,,2.75,-84.964,-31.401,0
2023-04-03,Lotus,183778_g118936,LEVIATÁN,NRG,,,18.319,0.0,1
2023-04-03,Pearl,183778_g118935,LEVIATÁN,NRG,,22.0,0.0,0.0,1
2023-04-05,Lotus,183944_g119187,Team Vitality,FUT Esports,0.0,-1.4,1.297,-25.04,0
2023-04-05,Haven,183944_g119188,FUT Esports,Team Vitality,,-2.8,118.749,23.992,1
2023-04-06,Ascent,183945_g119190,Natus Vincere,BBL Esports,-1.0,1.6,73.423,2.461,1
2023-04-06,Fracture,183945_g119191,Natus Vincere,BBL Esports,,0.8,117.99,19.603,1
2023-04-06,Icebox,183946_g119193,Team Heretics,FNATIC,-0.0,-3.1,-173.426,-64.616,0
2023-04-06,Ascent,183946_g119194,FNATIC,Team Heretics,,5.8,384.937,27.411,1
2023-04-07,Split,183947_g119197,Karmine Corp,Team Liquid,-0.5,1.8,-306.161,-1.211,0
2023-04-07,Ascent,183947_g119196,Team Liquid,Karmine Corp,,-1.2,171.389,51.178,1
2023-04-07,Lotus,183948_g119199,Giants Gaming,KOI,,0.3,-92.319,-22.808,1
2023-04-07,Ascent,183948_g119200,Giants Gaming,KOI,,4.8,120.737,-8.403,1
2023-04-08,Pearl,183780_g118941,LEVIATÁN,FURIA,,6.0,43.435,13.681,1
2023-04-08,Fracture,184468_g119546,T1,Paper Rex,,2.2,227.451,35.141,0
2023-04-08,Pearl,184468_g119545,Paper Rex,T1,-0.0,1.8,-296.961,-37.294,1
2023-04-08,Pearl,184467_g119543,DetonatioN FocusMe,Rex Regum Qeon,,2.6,-54.822,40.423,0
2023-04-08,Icebox,183780_g118942,FURIA,LEVIATÁN,,-5.333,-41.813,-18.549,1
2023-04-08,Split,183779_g118938,LOUD,Cloud9,,0.667,94.189,-40.582,0
2023-04-08,Haven,184467_g119542,Rex Regum Qeon,DetonatioN FocusMe,,-0.6,-134.39,8.352,1
2023-04-08,Pearl,183779_g118940,Cloud9,LOUD,,4.0,-126.013,17.017,0
2023-04-08,Ascent,183779_g118939,Cloud9,LOUD,,1.2,35.079,-1.678,0
2023-04-08,Ascent,183780_g118943,FURIA,LEVIATÁN,,-2.0,151.441,-12.984,1
2023-04-09,Pearl,183782_g118949,KRÜ Esports,MIBR,,3.667,-46.055,-56.805,0
2023-04-09,Lotus,183782_g118948,MIBR,KRÜ Esports,,-3.833,-74.506,92.456,1
2023-04-09,Ascent,183782_g118947,MIBR,KRÜ Esports,,-1.2,-98.825,36.714,0
2023-04-09,Icebox,183781_g118945,NRG,Sentinels,,0.333,12.556,7.167,1
2023-04-09,Lotus,183781_g118944,NRG,Sentinels,,3.583,-117.028,-2.875,1
2023-04-09,Pearl,184469_g119548,Global Esports,ZETA DIVISION,-0.0,-0.0,-33.568,7.728,1
2023-04-09,Ascent,184469_g119549,Global Esports,ZETA DIVISION,,0.8,7.811,2.821,0
2023-04-09,Haven,184469_g119550,Global Esports,ZETA DIVISION,0.5,-1.4,-56.693,-13.673,0
2023-04-09,Split,184470_g119551,TALON,DRX,,1.95,-158.679,-26.659,0
2023-04-09,Pearl,184470_g119552,TALON,DRX,,0.4,-369.36,-25.139,0
2023-04-10,Haven,183783_g118950,100 Thieves,Evil Geniuses,,7.333,-43.385,-18.509,1
2023-04-10,Icebox,183783_g118951,100 Thieves,Evil Geniuses,,7.667,92.923,-8.109,1
2023-04-10,Fracture,184471_g119555,Gen.G,Team Secret,-0.5,-1.6,-151.778,-11.586,1
2023-04-10,Haven,184471_g119554,Gen.G,Team Secret,,0.2,-127.053,-42.944,1
2023-04-12,Ascent,183949_g119204,Natus Vincere,Team Heretics,0.5,4.6,464.064,49.561,1
2023-04-12,Pearl,183949_g119202,Team Heretics,Natus Vincere,-1.0,-3.2,-304.762,-93.339,0
2023-04-12,Lotus,183949_g119203,Natus Vincere,Team Heretics,0.0,5.8,500.394,99.058,0
2023-04-13,Ascent,183950_g119206,KOI,FUT Esports,0.5,-2.2,-337.407,-36.004,0
2023-04-13,Lotus,183951_g119208,Team Liquid,FNATIC,,-0.4,93.661,13.846,0
2023-04-13,Haven,183951_g119209,Team Liquid,FNATIC,-1.0,-2.2,-68.407,27.238,0
2023-04-14,Icebox,183952_g119211,BBL Esports,Giants Gaming,-0.5,-1.8,-288.641,-23.13,0
2023-04-14,Split,183952_g119212,Giants Gaming,BBL Esports,0.0,2.6,402.04,58.494,1
2023-04-14,Ascent,183953_g119214,Karmine Corp,Team Vitality,,-2.8,-103.29,-32.338,0
2023-04-14,Split,183953_g119215,Karmine Corp,Team Vitality,-0.667,-6.8,-253.446,-54.643,0
2023-04-15,Icebox,183786_g118956,NRG,MIBR,,3.2,73.124,-5.215,0
2023-04-15,Pearl,183786_g118957,NRG,MIBR,-1.0,0.0,-51.178,15.102,1
2023-04-15,Split,184473_g119561,Rex Regum Qeon,Team Secret,,-2.4,81.734,-24.836,1
2023-04-15,Icebox,184473_g119560,Team Secret,Rex Regum Qeon,,-1.8,61.644,-32.552,0
2023-04-15,Split,184472_g119558,Paper Rex,DRX,-1.0,0.4,-234.663,-41.343,0
2023-04-15,Ascent,184472_g119557,Paper Rex,DRX,,2.2,-205.79,-52.964,0
2023-04-15,Split,183786_g118958,NRG,MIBR,,1.4,-21.178,-28.822,0
2023-04-15,Lotus,183785_g118953,100 Thieves,Cloud9,,2.2,40.417,-26.661,0
2023-04-15,Ascent,183785_g118954,100 Thieves,Cloud9,-0.0,-1.0,-179.237,4.193,0
2023-04-16,Ascent,184475_g119566,DetonatioN FocusMe,ZETA DIVISION,,-4.4,-83.52,-26.444,0
2023-04-16,Pearl,183787_g118961,Sentinels,LEVIATÁN,,-9.0,-140.116,3.624,0
2023-04-16,Haven,184474_g119564,Gen.G,T1,0.5,4.4,103.345,-36.945,1
2023-04-16,Ascent,184474_g119563,T1,Gen.G,,-3.6,-7.926,-45.073,0
2023-04-16,Pearl,183788_g118962,KRÜ Esports,Evil Geniuses,-0.0,0.7,20.031,11.0,0
2023-04-16,Haven,184475_g119567,DetonatioN FocusMe,ZETA DIVISION,-0.5,-4.2,-173.52,-46.397,0
2023-04-16,Fracture,183788_g118964,KRÜ Esports,Evil Geniuses,,3.2,140.169,12.156,0
2023-04-16,Ascent,183788_g118963,KRÜ Esports,Evil Geniuses,,-0.0,160.419,55.999,1
2023-04-16,Ascent,183787_g118960,LEVIATÁN,Sentinels,-1.0,8.8,126.257,9.495,0
2023-04-16,Split,183787_g118959,LEVIATÁN,Sentinels,,8.2,85.614,14.18,1
2023-04-17,Split,184476_g119569,TALON,Global Esports,0.0,-2.2,-247.91,-50.84,0
2023-04-17,Split,183789_g118965,LOUD,FURIA,-0.5,2.4,76.084,-21.947,1
2023-04-17,Icebox,184476_g119570,Global Esports,TALON,,4.4,398.19,36.71,1
2023-04-17,Icebox,183789_g118966,FURIA,LOUD,,-2.8,-189.724,5.275,0
2023-04-19,Split,184037_g119246,Team Heretics,Team Liquid,0.0,-4.8,-581.408,-120.319,0
2023-04-19,Fracture,184037_g119247,Team Liquid,Team Heretics,,3.8,715.057,37.046,1
2023-04-20,Icebox,184039_g119252,FUT Esports,Giants Gaming,,-4.6,3.605,-18.186,0
2023-04-20,Split,184039_g119253,FUT Esports,Giants Gaming,-0.333,-4.0,-130.044,-47.656,0
2023-04-21,Pearl,183792_g118971,LEVIATÁN,MIBR,0.5,1.0,69.268,-66.655,1
2023-04-21,Ascent,184040_g119255,Karmine Corp,Natus Vincere,-0.667,-4.8,-283.173,-125.868,0
2023-04-21,Lotus,184040_g119256,Natus Vincere,Karmine Corp,,4.2,261.538,81.296,1
2023-04-21,Ascent,184041_g119258,BBL Esports,Team Vitality,-0.5,-6.0,-458.944,-41.779,1
2023-04-21,Haven,184041_g119259,Team Vitality,BBL Esports,0.5,3.4,318.215,70.02,0
2023-04-21,Pearl,183791_g118968,Sentinels,LOUD,-1.0,-6.6,-430.239,-63.769,1
2023-04-21,Haven,183791_g118969,LOUD,Sentinels,,6.8,299.863,75.183,1
2023-04-21,Ascent,183791_g118970,Sentinels,LOUD,-0.0,-4.2,-270.801,-26.041,0
2023-04-21,Icebox,183792_g118972,MIBR,LEVIATÁN,1.0,-4.6,-199.332,22.749,0
2023-04-22,Icebox,184477_g119572,Paper Rex,Global Esports,,2.2,-24.207,6.5,0
2023-04-22,Split,184477_g119573,Paper Rex,Global Esports,-0.5,0.6,18.271,10.247,1
2023-04-22,Pearl,184477_g119574,Paper Rex,Global Esports,0.5,0.8,-6.855,6.671,1
2023-04-22,Haven,184478_g119575,Gen.G,DRX,0.0,3.2,8.778,-15.299,0
2023-04-22,Fracture,184478_g119576,Gen.G,DRX,,2.2,-28.848,-2.07,1
2023-04-22,Ascent,183793_g118974,100 Thieves,KRÜ Esports,-0.667,-0.8,9.511,-10.966,0
2023-04-22,Fracture,183794_g118978,FURIA,Evil Geniuses,,-1.6,257.016,66.224,0
2023-04-22,Haven,183794_g118979,Evil Geniuses,FURIA,,2.8,-128.756,-21.632,0
2023-04-22,Split,183793_g118975,KRÜ Esports,100 Thieves,-1.0,3.6,189.214,8.282,0
2023-04-22,Ascent,183794_g118977,FURIA,Evil Geniuses,1.0,-0.4,188.754,-43.831,1
2023-04-22,Fracture,183793_g118976,KRÜ Esports,100 Thieves,0.0,4.4,210.462,67.782,0
2023-04-22,Pearl,184478_g119577,Gen.G,DRX,0.0,4.2,65.004,17.672,0
2023-04-23,Haven,184479_g119578,T1,Rex Regum Qeon,-0.667,-5.8,-159.904,-52.662,1
2023-04-23,Fracture,184479_g119579,Rex Regum Qeon,T1,-0.0,7.4,159.636,91.47,0
2023-04-23,Ascent,184480_g119581,Team Secret,DetonatioN FocusMe,1.0,2.8,181.375,35.48,1
2023-04-23,Haven,184480_g119582,DetonatioN FocusMe,Team Secret,-0.0,-3.4,-316.39,7.538,0
2023-04-23,Pearl,183795_g118981,Cloud9,NRG,-0.0,-1.2,-26.822,-12.325,1
2023-04-23,Pearl,183796_g118983,MIBR,Sentinels,-0.167,-2.8,-131.056,-39.097,0
2023-04-23,Fracture,183796_g118984,Sentinels,MIBR,,5.0,134.453,72.309,1
2023-04-23,Ascent,183795_g118982,NRG,Cloud9,,1.0,-91.668,32.248,0
2023-04-24,Haven,183797_g118987,100 Thieves,LEVIATÁN,,-5.4,-390.356,-93.133,1
2023-04-24,Icebox,183797_g118986,100 Thieves,LEVIATÁN,0.5,-1.6,-419.471,-83.002,0
2023-04-24,Split,183798_g118989,LOUD,Evil Geniuses,,4.0,424.585,-22.73,0
2023-04-24,Pearl,183798_g118991,Evil Geniuses,LOUD,0.0,-0.8,-432.297,24.862,0
2023-04-24,Ascent,184481_g119585,TALON,ZETA DIVISION,-0.75,-5.0,-567.722,-103.383,1
2023-04-24,Haven,184481_g119584,ZETA DIVISION,TALON,0.667,3.2,551.812,115.203,0
2023-04-24,Haven,183798_g118990,Evil Geniuses,LOUD,-1.0,-2.6,-243.696,9.355,0
2023-04-24,Lotus,183797_g118988,LEVIATÁN,100 Thieves,1.0,1.2,235.356,71.484,0
2023-04-25,Ascent,183799_g118992,FURIA,Cloud9,0.333,-2.2,-29.794,-30.446,0
2023-04-25,Fracture,183799_g118993,FURIA,Cloud9,-1.0,-4.0,-87.564,-37.087,0
2023-04-25,Ascent,183800_g118996,NRG,KRÜ Esports,-0.75,3.6,203.72,-3.914,1
2023-04-25,Haven,183800_g118995,KRÜ Esports,NRG,,-7.4,-94.257,-25.718,0
2023-04-26,Lotus,184042_g119263,Giants Gaming,Team Liquid,1.0,4.8,-103.779,66.326,0
2023-04-26,Ascent,184042_g119261,Team Liquid,Giants Gaming,-0.0,-6.0,-76.589,-56.612,0
2023-04-26,Icebox,184042_g119262,Giants Gaming,Team Liquid,,2.8,37.127,36.279,0
2023-04-27,Lotus,184044_g119267,Karmine Corp,KOI,-0.5,0.4,-61.541,23.92,1
2023-04-27,Haven,184044_g119269,KOI,Karmine Corp,,-3.6,-23.392,-40.601,0
2023-04-27,Ascent,184044_g119268,Karmine Corp,KOI,-0.333,5.4,9.686,43.151,0
2023-04-27,Icebox,184043_g119266,BBL Esports,Team Heretics,-0.5,0.4,369.344,-15.019,1
2023-04-27,Lotus,184043_g119265,BBL Esports,Team Heretics,,1.2,274.349,78.967,0
2023-04-27,Haven,184043_g119264,BBL Esports,Team Heretics,,3.0,135.753,80.665,1
2023-04-28,Fracture,184046_g119274,Natus Vincere,Team Vitality,0.5,3.6,308.319,16.009,1
2023-04-28,Icebox,184045_g119270,FNATIC,FUT Esports,1.0,6.0,342.867,45.148,1
2023-04-28,Lotus,184045_g119271,FUT Esports,FNATIC,0.0,-4.8,-403.04,-92.134,0
2023-04-28,Split,184046_g119273,Natus Vincere,Team Vitality,-0.0,4.8,280.406,51.156,1
2023-04-29,Fracture,184483_g119592,Team Secret,ZETA DIVISION,,-3.6,-23.922,-71.245,0
2023-04-29,Lotus,184483_g119591,Team Secret,ZETA DIVISION,,-4.8,-218.652,-28.67,1
2023-04-29,Split,184483_g119590,Team Secret,ZETA DIVISION,,-2.0,-17.701,-38.763,0
2023-04-29,Fracture,184482_g119589,T1,DetonatioN FocusMe,-0.5,-0.2,277.372,7.889,1
2023-04-29,Split,184482_g119588,T1,DetonatioN FocusMe,,2.8,342.093,38.565,0
2023-04-29,Lotus,184482_g119587,DetonatioN FocusMe,T1,-1.0,-2.8,-228.549,-49.853,0
2023-04-29,Fracture,183801_g118999,100 Thieves,NRG,,-2.8,-371.394,42.624,0
2023-04-29,Bind,183801_g118998,100 Thieves,NRG,,-0.4,-237.137,-2.143,0
2023-04-29,Split,183802_g119002,MIBR,FURIA,0.0,-6.4,-418.426,-61.02,0
2023-04-29,Pearl,183802_g119001,MIBR,FURIA,0.25,-6.4,-305.451,-87.592,0
2023-04-30,Haven,184485_g119596,DRX,Rex Regum Qeon,0.333,-4.0,123.688,-56.686,0
2023-04-30,Lotus,183803_g119004,Sentinels,Cloud9,-1.0,-1.6,-166.356,-18.56,0
2023-04-30,Fracture,183803_g119005,Sentinels,Cloud9,-0.0,-1.8,-312.456,-28.032,0
2023-04-30,Split,183804_g119007,Evil Geniuses,LEVIATÁN,-0.0,-7.6,-425.01,-29.0,1
2023-04-30,Pearl,183804_g119008,Evil Geniuses,LEVIATÁN,-0.667,-4.8,-442.401,-16.402,0
2023-04-30,Ascent,183804_g119009,LEVIATÁN,Evil Geniuses,0.0,1.6,565.424,14.063,0
2023-04-30,Split,184485_g119597,Rex Regum Qeon,DRX,0.0,1.6,-33.333,-8.924,0
2023-04-30,Pearl,184485_g119598,DRX,Rex Regum Qeon,-0.0,-0.0,169.759,-14.15,1
2023-04-30,Pearl,184484_g119593,Gen.G,Global Esports,0.167,3.4,188.562,-1.324,0
2023-04-30,Lotus,184484_g119594,Global Esports,Gen.G,-1.0,-2.2,-117.369,-13.396,1
2023-05-01,Split,183805_g119012,LOUD,KRÜ Esports,0.5,5.2,629.971,-12.504,1
2023-05-01,Ascent,183805_g119011,KRÜ Esports,LOUD,-0.4,-5.8,-569.428,-64.562,0
2023-05-01,Pearl,183805_g119010,LOUD,KRÜ Esports,0.667,6.0,580.558,69.635,0
2023-05-01,Pearl,184486_g119599,TALON,Paper Rex,-1.0,-3.0,-417.361,-42.355,1
2023-05-01,Fracture,184486_g119601,Paper Rex,TALON,0.5,2.2,576.712,23.48,1
2023-05-01,Split,184486_g119600,Paper Rex,TALON,0.333,5.4,462.971,50.413,1
2023-05-03,Bind,184047_g119277,FNATIC,Team Vitality,,7.2,839.562,105.458,1
2023-05-03,Haven,184047_g119276,Team Vitality,FNATIC,-0.667,-7.2,-722.108,-147.01,0
2023-05-04,Bind,184049_g119284,BBL Esports,KOI,,8.2,81.35,46.422,1
2023-05-04,Haven,184048_g119279,FUT Esports,Karmine Corp,0.0,-2.8,126.59,-19.08,1
2023-05-04,Ascent,184048_g119280,FUT Esports,Karmine Corp,0.5,-6.4,158.858,-38.768,1
2023-05-04,Pearl,184049_g119282,BBL Esports,KOI,,10.0,72.996,50.554,0
2023-05-04,Ascent,184049_g119283,BBL Esports,KOI,0.167,3.8,-137.45,45.732,1
2023-05-05,Lotus,184051_g119289,Team Heretics,Giants Gaming,0.167,0.6,-636.245,-32.928,1
2023-05-05,Pearl,184051_g119288,Team Heretics,Giants Gaming,-0.0,-2.0,-736.542,21.234,1
2023-05-05,Bind,184050_g119286,Team Liquid,Natus Vincere,,-1.6,-230.416,-18.072,0
2023-05-05,Fracture,184050_g119285,Natus Vincere,Team Liquid,0.0,2.2,175.233,77.139,1
2023-05-06,Split,184489_g119605,ZETA DIVISION,Paper Rex,0.5,-2.6,35.432,-30.231,0
2023-05-06,Split,183808_g119016,Cloud9,MIBR,0.667,3.6,625.454,63.422,1
2023-05-06,Pearl,183807_g119014,Evil Geniuses,Sentinels,-0.417,-3.8,11.541,-43.678,1
2023-05-06,Ascent,184489_g119606,Paper Rex,ZETA DIVISION,-0.6,4.4,92.232,24.634,1
2023-05-06,Fracture,184488_g119602,TALON,Gen.G,-0.75,-2.8,-577.322,0.817,1
2023-05-06,Lotus,184488_g119603,Gen.G,TALON,,0.8,447.983,4.218,0
2023-05-06,Lotus,183808_g119017,MIBR,Cloud9,-0.0,-4.8,-757.705,-73.406,0
2023-05-06,Fracture,183807_g119013,Sentinels,Evil Geniuses,-0.0,2.2,142.012,-0.315,0
2023-05-07,Pearl,184490_g119609,Global Esports,Rex Regum Qeon,-0.0,3.2,56.24,32.095,0
2023-05-07,Fracture,184490_g119608,Global Esports,Rex Regum Qeon,,-0.0,68.494,47.246,0
2023-05-07,Lotus,184491_g119611,Team Secret,T1,0.0,-2.0,36.4,-4.391,0
2023-05-07,Bind,184491_g119612,Team Secret,T1,,-6.8,-155.899,-15.958,0
2023-05-07,Ascent,183809_g119019,100 Thieves,LOUD,-1.0,-8.0,-636.47,-27.208,0
2023-05-07,Split,183809_g119020,LOUD,100 Thieves,-0.4,7.4,692.464,57.28,1
2023-05-07,Haven,183810_g119022,LEVIATÁN,KRÜ Esports,0.0,2.2,525.398,23.089,1
2023-05-07,Split,183810_g119023,KRÜ Esports,LEVIATÁN,-0.5,-2.4,-654.589,-52.877,0
2023-05-08,Ascent,184492_g119615,DRX,DetonatioN FocusMe,1.0,5.0,616.388,26.595,1
2023-05-08,Fracture,184492_g119614,DetonatioN FocusMe,DRX,0.5,-5.2,-668.487,-53.091,0
2023-05-08,Haven,183811_g119026,FURIA,NRG,-0.0,-1.0,-122.322,-27.624,1
2023-05-08,Bind,183811_g119025,FURIA,NRG,,-2.6,-98.686,-49.51,0
2023-05-08,Pearl,183811_g119027,NRG,FURIA,-0.167,-1.8,106.136,40.363,1
2023-05-10,Ascent,184038_g119250,KOI,FNATIC,-0.1,-6.0,-1050.049,-57.788,0
2023-05-10,Ascent,184052_g119293,Team Vitality,Giants Gaming,-0.5,-3.0,-430.284,-22.687,0
2023-05-10,Split,184052_g119292,Giants Gaming,Team Vitality,-0.167,2.2,520.317,16.755,0
2023-05-10,Lotus,184038_g119249,FNATIC,KOI,0.667,6.6,949.869,84.976,1
2023-05-10,Lotus,184052_g119291,Team Vitality,Giants Gaming,0.167,1.2,-399.403,-47.747,0
2023-05-11,Lotus,184054_g119298,FNATIC,Karmine Corp,0.5,4.6,1204.971,35.265,1
2023-05-11,Lotus,184053_g119294,FUT Esports,Natus Vincere,0.417,-4.6,-286.19,-72.983,0
2023-05-11,Haven,184054_g119297,Karmine Corp,FNATIC,-0.5,-5.2,-1025.301,-90.719,0
2023-05-12,Ascent,184055_g119301,Team Liquid,BBL Esports,-0.083,-1.6,286.673,-68.209,0
2023-05-12,Bind,184055_g119302,BBL Esports,Team Liquid,1.0,1.2,-286.876,45.412,0
2023-05-12,Fracture,184056_g119303,KOI,Team Heretics,0.0,-0.2,156.244,-37.517,1
2023-05-12,Lotus,184056_g119304,Team Heretics,KOI,0.5,-3.2,-307.235,42.855,1
2023-05-12,Ascent,184056_g119305,Team Heretics,KOI,-0.333,-0.2,-272.097,11.526,0
2023-05-12,Fracture,184494_g119620,T1,ZETA DIVISION,-0.333,6.2,85.75,26.253,1
2023-05-12,Split,184493_g119617,Gen.G,Paper Rex,,-9.8,-274.327,-76.933,0
2023-05-12,Ascent,184493_g119618,Paper Rex,Gen.G,-0.5,11.2,389.203,88.73,1
2023-05-12,Bind,184494_g119622,T1,ZETA DIVISION,,8.2,192.427,69.967,1
2023-05-12,Lotus,184494_g119621,T1,ZETA DIVISION,0.5,9.8,71.675,93.723,0
2023-05-13,Pearl,184496_g119627,Global Esports,DetonatioN FocusMe,0.4,1.0,498.351,42.838,1
2023-05-13,Lotus,184496_g119626,DetonatioN FocusMe,Global Esports,-0.5,-1.2,-388.189,-65.504,0
2023-05-13,Ascent,184495_g119624,DRX,Team Secret,-0.0,4.8,269.739,57.543,0
2023-05-13,Haven,184495_g119623,DRX,Team Secret,0.333,2.4,408.645,53.836,0
2023-05-13,Fracture,183813_g119032,MIBR,Evil Geniuses,-0.75,-6.0,-194.711,-31.476,0
2023-05-13,Lotus,183813_g119031,MIBR,Evil Geniuses,,-7.2,-48.934,-54.01,0
2023-05-13,Haven,183812_g119030,FURIA,100 Thieves,0.0,2.4,197.858,52.775,0
2023-05-13,Pearl,183812_g119028,FURIA,100 Thieves,,1.6,306.406,4.217,1
2023-05-13,Fracture,183812_g119029,100 Thieves,FURIA,0.333,-0.0,-334.581,11.763,1
2023-05-14,Split,183815_g119037,LOUD,NRG,0.667,-1.2,96.905,-2.091,0
2023-05-14,Haven,184497_g119631,Rex Regum Qeon,TALON,0.25,0.4,250.728,-18.418,1
2023-05-14,Pearl,183815_g119038,LOUD,NRG,-0.0,-5.0,-19.955,-15.874,0
2023-05-14,Bind,183814_g119035,Sentinels,KRÜ Esports,,2.4,306.037,-10.142,1
2023-05-14,Lotus,183814_g119034,Sentinels,KRÜ Esports,-0.0,2.8,266.144,32.453,1
2023-05-14,Split,184497_g119629,Rex Regum Qeon,TALON,0.5,5.4,454.068,-64.315,0
2023-05-14,Ascent,184497_g119630,Rex Regum Qeon,TALON,-0.333,4.4,158.611,-10.486,1
2023-05-14,Haven,184498_g119632,Gen.G,ZETA DIVISION,0.167,1.8,-115.248,-18.006,0
2023-05-14,Ascent,184498_g119633,Gen.G,ZETA DIVISION,-0.0,-1.0,-267.796,-29.983,1
2023-05-14,Fracture,184498_g119634,Gen.G,ZETA DIVISION,0.1,1.2,-124.222,-59.201,0
2023-05-15,Lotus,183816_g119040,LEVIATÁN,Cloud9,-0.5,0.0,-105.676,-43.531,0
2023-05-15,Pearl,184499_g119636,T1,DRX,-0.5,7.4,6.656,21.998,0
2023-05-15,Haven,184500_g119638,Team Secret,Global Esports,0.167,-2.4,-96.088,-44.298,1
2023-05-15,Lotus,184500_g119639,Global Esports,Team Secret,0.167,-1.4,-25.922,27.573,0
2023-05-15,Bind,184499_g119635,T1,DRX,,7.4,28.737,24.157,0
2023-05-15,Haven,183816_g119041,LEVIATÁN,Cloud9,,-1.0,-143.411,-41.969,0
2023-05-16,Lotus,184501_g119641,DetonatioN FocusMe,TALON,-1.0,-0.6,-227.895,-108.659,0
2023-05-16,Bind,184501_g119642,TALON,DetonatioN FocusMe,,-3.2,185.961,60.9,1
2023-05-16,Bind,184502_g119644,Paper Rex,Rex Regum Qeon,,1.4,354.363,58.934,1
2023-05-16,Pearl,184502_g119645,Rex Regum Qeon,Paper Rex,-0.083,-4.4,-516.758,-54.062,0
2023-05-17,Split,184057_g119307,FNATIC,Natus Vincere,0.0,4.2,563.979,30.019,1
2023-05-17,Lotus,184057_g119306,Natus Vincere,FNATIC,-0.5,-2.8,-536.24,-23.11,0
2023-05-18,Haven,184058_g119309,Team Heretics,Team Vitality,-0.25,-0.8,-368.804,-16.977,0
2023-05-18,Lotus,184058_g119310,Team Heretics,Team Vitality,0.467,2.2,-412.706,-1.843,0
2023-05-18,Lotus,184059_g119312,Giants Gaming,Karmine Corp,0.167,2.6,525.863,47.503,1
2023-05-18,Ascent,184059_g119313,Giants Gaming,Karmine Corp,1.0,-2.4,462.794,46.037,1
2023-05-18,Split,184032_g119231,Sentinels,FURIA,-0.667,2.4,-143.621,-0.305,1
2023-05-18,Haven,184032_g119232,FURIA,Sentinels,0.667,-3.8,33.07,-45.682,1
2023-05-18,Bind,184032_g119233,Sentinels,FURIA,1.0,2.2,-81.026,52.365,1
2023-05-18,Bind,184033_g119234,NRG,Evil Geniuses,,-1.6,566.007,-2.318,1
2023-05-18,Split,184033_g119235,Evil Geniuses,NRG,0.5,1.0,-627.416,-17.296,0
2023-05-19,Ascent,184514_g119681,Gen.G,T1,0.167,-5.6,-770.895,-99.314,1
2023-05-19,Haven,184061_g119319,FUT Esports,BBL Esports,0.333,-2.0,202.477,-43.761,1
2023-05-19,Pearl,184061_g119318,FUT Esports,BBL Esports,1.0,-2.4,84.282,-14.557,1
2023-05-19,Lotus,184060_g119317,Team Liquid,KOI,0.05,-0.6,694.211,27.156,1
2023-05-19,Ascent,184034_g119238,KRÜ Esports,Cloud9,-0.25,-8.2,-887.553,-120.911,1
2023-05-19,Fracture,184514_g119680,T1,Gen.G,0.25,6.8,550.472,117.413,1
2023-05-19,Split,184034_g119239,KRÜ Esports,Cloud9,-1.0,-5.8,-722.553,-63.705,0
2023-05-19,Haven,184035_g119240,LEVIATÁN,LOUD,-0.667,2.2,-37.987,22.81,0
2023-05-19,Ascent,184035_g119241,LEVIATÁN,LOUD,-1.0,2.2,-126.316,44.279,0
2023-05-19,Lotus,184514_g119682,T1,Gen.G,0.25,9.0,741.678,70.577,1
2023-05-19,Split,184060_g119316,KOI,Team Liquid,-1.0,-0.2,-692.781,-71.548,1
2023-05-19,Fracture,184060_g119315,Team Liquid,KOI,0.167,-2.8,585.266,49.701,1
2023-05-19,Lotus,184034_g119237,KRÜ Esports,Cloud9,-1.0,-6.4,-947.553,14.888,0
2023-05-20,Haven,184515_g119683,Team Secret,DRX,0.1,4.4,-411.571,-4.661,1
2023-05-20,Split,184515_g119684,DRX,Team Secret,0.667,-3.6,375.28,15.518,1
2023-05-20,Fracture,184516_g119687,Paper Rex,T1,-0.133,-0.6,96.331,42.009,1
2023-05-20,Lotus,184516_g119686,Paper Rex,T1,0.2,1.8,28.549,39.74,1
2023-05-20,Lotus,184036_g119245,MIBR,100 Thieves,0.0,-7.2,-239.735,-18.307,1
2023-05-20,Pearl,184036_g119244,100 Thieves,MIBR,-0.2,6.8,188.534,18.368,1
2023-05-20,Fracture,184036_g119243,100 Thieves,MIBR,0.5,7.2,311.975,1.83,0
2023-05-20,Bind,184515_g119685,Team Secret,DRX,-1.0,2.0,-554.857,1.364,0
2023-05-21,Haven,184518_g119693,Team Secret,Gen.G,0.167,4.2,200.691,-22.584,0
2023-05-21,Fracture,184517_g119691,ZETA DIVISION,T1,-0.0,-5.0,-372.676,-57.291,0
2023-05-21,Bind,184517_g119690,ZETA DIVISION,T1,-0.667,-1.8,-422.973,-37.578,1
2023-05-21,Haven,184517_g119689,ZETA DIVISION,T1,0.1,3.4,-394.903,21.687,0
2023-05-21,Split,184518_g119694,Gen.G,Team Secret,-0.25,-0.0,9.309,15.539,1
2023-05-21,Ascent,184518_g119692,Team Secret,Gen.G,0.25,-3.6,234.009,-51.864,1
2023-05-22,Ascent,184520_g119699,T1,Gen.G,-0.267,-3.8,832.802,23.224,1
2023-05-22,Fracture,184520_g119698,T1,Gen.G,0.286,-5.0,777.93,15.302,1
2023-05-22,Bind,184519_g119696,Paper Rex,DRX,-0.0,2.2,305.506,46.282,1
2023-05-22,Fracture,184519_g119695,DRX,Paper Rex,-0.25,-1.2,-166.555,-35.644,0
2023-05-23,Ascent,213194_g130946,Team Liquid,Team Vitality,0.167,2.2,536.325,12.587,1
2023-05-23,Lotus,213194_g130944,Team Liquid,Team Vitality,-0.1,4.4,640.281,1.05,0
2023-05-23,Bind,213194_g130945,Team Liquid,Team Vitality,0.5,6.2,498.679,17.661,1
2023-05-23,Ascent,213193_g130942,FUT Esports,Giants Gaming,-0.333,3.4,-4.912,23.798,1
2023-05-23,Haven,213193_g130941,FUT Esports,Giants Gaming,,3.4,-130.038,45.332,1
2023-05-23,Ascent,189051_g123164,NRG,Evil Geniuses,0.167,-1.0,660.644,19.151,0
2023-05-23,Haven,189051_g123162,NRG,Evil Geniuses,0.5,-2.8,590.604,38.496,1
2023-05-23,Pearl,189050_g123160,LEVIATÁN,FURIA,0.5,-0.6,-54.32,17.552,1
2023-05-23,Split,189051_g123163,NRG,Evil Geniuses,0.0,-3.4,571.775,3.624,0
2023-05-23,Ascent,189050_g123159,LEVIATÁN,FURIA,-0.75,1.4,69.382,-60.734,0
2023-05-23,Bind,189050_g123161,LEVIATÁN,FURIA,,0.2,10.007,-77.406,0
2023-05-24,Ascent,189052_g123166,LOUD,FURIA,0.2,0.2,496.814,-53.15,1
2023-05-24,Fracture,189053_g123168,Evil Geniuses,Cloud9,-0.2,-1.2,-486.908,7.173,1
2023-05-24,Bind,189053_g123169,Evil Geniuses,Cloud9,,0.4,-330.576,13.056,1
2023-05-24,Haven,189052_g123165,LOUD,FURIA,0.25,2.2,339.681,17.885,1
2023-05-24,Split,213195_g130948,FNATIC,FUT Esports,1.0,4.6,812.657,30.821,1
2023-05-24,Bind,213195_g130947,FUT Esports,FNATIC,,-6.4,-838.009,-8.42,1
2023-05-24,Bind,213196_g130950,Team Liquid,Natus Vincere,-0.333,-0.8,145.622,3.264,1
2023-05-24,Split,213196_g130951,Team Liquid,Natus Vincere,0.083,-0.4,110.922,33.792,1
2023-05-24,Lotus,213195_g130949,FUT Esports,FNATIC,-0.4,-5.6,-988.902,-26.136,0
2023-05-25,Ascent,189056_g123181,Cloud9,LEVIATÁN,0.6,-2.6,156.263,34.729,1
2023-05-25,Split,213200_g130962,FUT Esports,Team Vitality,-0.75,-2.6,301.339,-31.01,1
2023-05-25,Haven,189056_g123179,LEVIATÁN,Cloud9,-0.75,-1.6,-205.477,16.18,0
2023-05-25,Haven,189057_g123183,FURIA,NRG,-0.067,-2.4,-619.766,-9.27,0
2023-05-25,Bind,189057_g123182,NRG,FURIA,0.667,3.6,572.383,20.159,1
2023-05-25,Haven,213200_g130963,Team Vitality,FUT Esports,-0.6,0.8,-370.531,14.695,1
2023-05-25,Lotus,213200_g130964,Team Vitality,FUT Esports,0.1,-0.4,-322.975,-1.658,0
2023-05-25,Pearl,213199_g130959,Natus Vincere,Giants Gaming,1.0,1.0,111.452,-15.333,1
2023-05-25,Ascent,213199_g130960,Giants Gaming,Natus Vincere,0.05,-3.6,-176.699,3.896,0
2023-05-25,Lotus,189056_g123180,Cloud9,LEVIATÁN,0.667,0.0,261.263,-59.991,0
2023-05-26,Ascent,189054_g123172,Evil Geniuses,LOUD,-0.5,-0.4,-414.036,-6.035,1
2023-05-26,Lotus,213201_g130965,FUT Esports,Natus Vincere,0.171,-2.0,-297.832,-19.579,1
2023-05-26,Bind,213197_g130954,FNATIC,Team Liquid,-0.25,2.0,733.518,24.14,1
2023-05-26,Lotus,213197_g130953,Team Liquid,FNATIC,-0.667,-4.6,-714.253,-50.283,0
2023-05-26,Fracture,213201_g130966,FUT Esports,Natus Vincere,,1.2,-226.634,-18.925,1
2023-05-26,Bind,189054_g123173,LOUD,Evil Geniuses,,1.2,431.651,8.237,1
2023-05-26,Lotus,189058_g123186,Cloud9,NRG,0.333,-3.4,-258.636,-33.816,0
2023-05-26,Fracture,189054_g123171,LOUD,Evil Geniuses,,1.2,449.898,-11.56,1
2023-05-26,Haven,189058_g123187,Cloud9,NRG,0.25,-5.0,-291.134,-14.75,0
2023-05-26,Pearl,189058_g123185,Cloud9,NRG,0.067,-1.6,-343.242,4.051,1
2023-05-27,Pearl,184521_g119705,T1,DRX,-0.667,1.6,239.51,-24.906,0
2023-05-27,Fracture,184521_g119702,DRX,T1,-0.417,0.6,-250.749,-7.198,1
2023-05-27,Lotus,189059_g123190,Evil Geniuses,NRG,0.333,1.2,-546.087,44.375,0
2023-05-27,Ascent,184521_g119701,T1,DRX,-0.25,1.0,201.001,38.693,1
2023-05-27,Bind,214088_g131114,Team Bunny,Team SuperBusS,,,-124.795,0.0,1
2023-05-27,Ascent,189059_g123189,NRG,Evil Geniuses,-0.267,-1.4,411.028,19.117,1
2023-05-27,Ascent,213202_g130968,Team Liquid,FUT Esports,-0.15,-1.2,224.178,-13.838,1
2023-05-27,Lotus,213202_g130969,Team Liquid,FUT Esports,-0.339,0.0,338.139,-43.808,1
2023-05-27,Split,213202_g130970,FUT Esports,Team Liquid,-0.55,-1.6,-338.945,19.034,0
2023-05-27,Haven,189059_g123188,NRG,Evil Geniuses,0.8,4.0,462.876,23.814,0
2023-05-27,Split,189059_g123191,NRG,Evil Geniuses,-0.25,3.2,591.346,11.16,1
2023-05-27,Bind,184521_g119704,T1,DRX,-0.167,2.2,127.991,41.355,1
2023-05-27,Haven,184521_g119703,T1,DRX,0.2,4.2,131.951,15.776,0
2023-05-28,Fracture,189055_g123176,LOUD,NRG,0.0,-2.4,81.138,21.244,1
2023-05-28,Bind,189055_g123175,LOUD,NRG,0.0,-2.6,-8.346,44.546,1
2023-05-28,Ascent,189055_g123174,NRG,LOUD,-0.357,-0.6,22.219,2.09,0
2023-05-28,Pearl,184522_g119712,DRX,Paper Rex,0.2,-1.4,-253.068,-21.318,0
2023-05-28,Bind,184522_g119714,DRX,Paper Rex,-0.5,-4.2,-362.092,-1.062,0
2023-05-28,Lotus,184522_g131784,Paper Rex,DRX,,4.6,472.192,21.855,1
2023-05-28,Lotus,213198_g130956,FNATIC,Team Liquid,0.625,-0.2,653.784,31.307,1
2023-05-28,Ascent,213198_g130957,Team Liquid,FNATIC,-0.0,3.4,-608.504,-13.419,1
2023-05-28,Haven,213198_g130958,FNATIC,Team Liquid,1.0,-2.2,634.476,-18.335,0
2023-05-28,Fracture,213198_g131673,Team Liquid,FNATIC,,3.8,-565.405,16.851,1
2023-05-28,Fracture,184522_g119706,DRX,Paper Rex,-0.3,-7.2,-404.028,-42.642,1
2023-05-28,Ascent,184522_g119708,Paper Rex,DRX,0.067,4.0,276.707,57.617,0
2023-06-01,Split,219598_g131840,Night Wings Gaming,Four Angry Men,,,-96.043,-0.0,1
2023-06-01,Haven,219595_g131829,Totoro Gaming,Weibo Gaming,,,-0.0,-0.0,1
2023-06-01,Split,219595_g131830,Weibo Gaming,Totoro Gaming,,4.0,-45.0,0.0,0
2023-06-01,Lotus,219596_g131832,Douyu Gaming,Number One Player,,,-0.0,-0.0,1
2023-06-01,Split,219596_g131833,Douyu Gaming,Number One Player,,18.0,135.117,-0.0,1
2023-06-01,Ascent,219594_g131826,Royal Never Give Up,Gank Gaming,,,-0.0,-0.0,1
2023-06-01,Lotus,219594_g131827,Gank Gaming,Royal Never Give Up,,-14.0,-143.022,0.0,1
2023-06-01,Bind,219594_g131828,Royal Never Give Up,Gank Gaming,,-4.0,14.245,143.022,1
2023-06-01,Bind,219598_g131838,Four Angry Men,Night Wings Gaming,,-16.0,0.0,0.0,1
2023-06-01,Pearl,219598_g131839,Four Angry Men,Night Wings Gaming,,-4.0,138.124,-96.043,0
2023-06-02,Ascent,219600_g131846,Rare Atom,Dragon Ranger Gaming,,,-99.3,-0.0,0
2023-06-02,Lotus,219600_g131845,Dragon Ranger Gaming,Rare Atom,,0.0,57.434,0.0,0
2023-06-02,Haven,219600_g131844,Dragon Ranger Gaming,Rare Atom,,2.0,0.0,-41.866,1
2023-06-02,Lotus,219601_g131848,Kingzone,Shenzhen NTER,,,-121.852,-0.0,0
2023-06-02,Lotus,219599_g131841,Monarch Effect,TYLOO,,,-0.0,-0.0,0
2023-06-02,Split,219599_g131843,Monarch Effect,TYLOO,,-0.0,140.782,-0.0,0
2023-06-02,Ascent,219599_g131842,Monarch Effect,TYLOO,,-10.0,42.12,140.782,1
2023-06-02,Split,219597_g131835,Invincible Gaming,Nova Esports,,,0.0,0.0,0
2023-06-02,Fracture,219597_g131836,Invincible Gaming,Nova Esports,,-4.0,-100.437,0.0,0
2023-06-02,Fracture,219601_g131847,Shenzhen NTER,Kingzone,,20.0,0.0,0.0,1
2023-06-03,Ascent,221179_g133135,Douyu Gaming,Night Wings Gaming,,6.167,67.352,92.139,1
2023-06-03,Haven,221179_g133134,Douyu Gaming,Night Wings Gaming,,5.167,85.954,30.464,1
2023-06-03,Split,221178_g133131,TYLOO,Nova Esports,-0.0,-0.167,-78.717,-51.766,1
2023-06-03,Bind,221178_g133132,TYLOO,Nova Esports,,2.417,33.448,-33.745,1
2023-06-03,Split,221177_g133128,Dragon Ranger Gaming,Royal Never Give Up,,2.667,0.918,-48.536,1
2023-06-03,Ascent,221176_g133126,Totoro Gaming,Shenzhen NTER,,-7.0,82.819,89.142,1
2023-06-03,Lotus,221176_g133125,Totoro Gaming,Shenzhen NTER,,-2.0,-60.785,70.98,1
2023-06-03,Haven,221177_g133129,Royal Never Give Up,Dragon Ranger Gaming,,-0.0,-40.471,22.918,0
2023-06-04,Bind,221182_g133145,Rare Atom,Monarch Effect,,0.333,-124.498,-8.209,0
2023-06-04,Ascent,221182_g133144,Monarch Effect,Rare Atom,1.0,2.75,8.988,25.391,1
2023-06-04,Lotus,221182_g133143,Rare Atom,Monarch Effect,1.0,-3.4,-49.484,-0.647,1
2023-06-04,Split,221183_g133148,Weibo Gaming,Four Angry Men,0.0,-0.667,137.56,-19.018,1
2023-06-04,Lotus,221180_g133137,Gank Gaming,Invincible Gaming,,3.167,47.427,53.285,1
2023-06-04,Bind,221183_g133146,Four Angry Men,Weibo Gaming,,-2.0,13.37,-54.371,1
2023-06-04,Haven,221183_g133147,Four Angry Men,Weibo Gaming,,-2.5,43.786,-16.709,0
2023-06-04,Split,221180_g133138,Gank Gaming,Invincible Gaming,,-0.167,92.716,38.411,1
2023-06-04,Fracture,221181_g133141,Number One Player,Kingzone,,1.5,78.607,-122.71,1
2023-06-04,Lotus,221181_g133140,Kingzone,Number One Player,-0.0,-2.333,-36.724,-7.949,0
2023-06-05,Fracture,221837_g133520,Weibo Gaming,Shenzhen NTER,,-0.85,0.068,-58.138,1
2023-06-05,Haven,221837_g133521,Shenzhen NTER,Weibo Gaming,,1.2,-30.068,10.424,0
2023-06-05,Ascent,221838_g133523,Nova Esports,Royal Never Give Up,,-0.45,1.51,-1.045,1
2023-06-05,Bind,221838_g133524,Royal Never Give Up,Nova Esports,1.0,-1.0,-43.52,-9.125,1
2023-06-05,Split,221838_g133525,Royal Never Give Up,Nova Esports,-0.5,2.0,106.487,-1.482,1
2023-06-05,Bind,221839_g133527,Gank Gaming,Night Wings Gaming,-0.0,-0.8,167.035,-16.103,0
2023-06-05,Pearl,221840_g133529,Number One Player,Monarch Effect,,-3.45,-145.694,-24.056,1
2023-06-05,Lotus,221840_g133530,Number One Player,Monarch Effect,0.5,-1.4,-124.16,-21.901,0
2023-06-05,Bind,221840_g133531,Monarch Effect,Number One Player,,-1.4,226.888,-4.88,1
2023-06-05,Split,221839_g133526,Gank Gaming,Night Wings Gaming,-0.0,3.8,114.594,34.856,0
2023-06-06,Bind,221843_g133538,TYLOO,Dragon Ranger Gaming,,2.0,-2.007,11.732,1
2023-06-06,Ascent,221843_g133539,TYLOO,Dragon Ranger Gaming,-1.0,2.8,106.165,15.744,1
2023-06-06,Bind,221844_g133542,Invincible Gaming,Rare Atom,,1.3,-58.318,-53.298,1
2023-06-06,Pearl,221842_g133536,Kingzone,Four Angry Men,,-2.6,-87.111,-17.588,0
2023-06-06,Lotus,221842_g133535,Four Angry Men,Kingzone,,3.0,14.582,14.847,1
2023-06-06,Pearl,221841_g133533,Douyu Gaming,Totoro Gaming,,0.75,-161.124,-17.277,0
2023-06-06,Ascent,221841_g133532,Totoro Gaming,Douyu Gaming,0.0,2.2,11.239,38.194,1
2023-06-06,Lotus,221844_g133541,Rare Atom,Invincible Gaming,1.0,-3.0,132.355,23.496,0
2023-06-07,Split,222369_g133710,Shenzhen NTER,Number One Player,,-3.0,352.123,16.406,1
2023-06-07,Lotus,222369_g133709,Shenzhen NTER,Number One Player,0.167,-3.0,231.344,34.044,1
2023-06-07,Split,222366_g133702,Dragon Ranger Gaming,Monarch Effect,1.0,1.4,-193.632,-8.794,0
2023-06-07,Pearl,222366_g133701,Dragon Ranger Gaming,Monarch Effect,,1.2,-321.07,-46.492,1
2023-06-07,Lotus,222368_g133708,Nova Esports,Gank Gaming,,-2.4,-238.38,-42.909,0
2023-06-07,Bind,222368_g133707,Nova Esports,Gank Gaming,0.0,-3.6,-118.579,-72.115,0
2023-06-07,Ascent,222366_g133700,Dragon Ranger Gaming,Monarch Effect,-0.5,4.0,-183.575,-79.364,0
2023-06-07,Split,222365_g133698,Royal Never Give Up,Douyu Gaming,-0.5,2.2,164.869,-17.435,1
2023-06-07,Bind,222365_g133697,Royal Never Give Up,Douyu Gaming,,1.0,113.532,40.488,1
2023-06-07,Lotus,222367_g133705,Invincible Gaming,Four Angry Men,-0.5,4.0,-109.185,-12.356,0
2023-06-07,Bind,222367_g133704,Invincible Gaming,Four Angry Men,-0.0,0.2,-173.976,-3.902,1
2023-06-07,Pearl,222367_g133703,Four Angry Men,Invincible Gaming,,1.8,-34.879,22.691,1
2023-06-07,Haven,222364_g133694,Weibo Gaming,Night Wings Gaming,0.667,5.4,277.196,44.949,1
2023-06-07,Ascent,222368_g133706,Gank Gaming,Nova Esports,-1.0,5.6,189.537,52.617,0
2023-06-07,Lotus,222364_g133695,Weibo Gaming,Night Wings Gaming,,6.2,390.631,96.78,1
2023-06-08,Split,222530_g133712,Shenzhen NTER,Night Wings Gaming,-0.0,3.2,456.575,37.116,1
2023-06-08,Haven,222530_g133713,Night Wings Gaming,Shenzhen NTER,0.0,-4.8,-547.005,-68.03,1
2023-06-08,Ascent,222530_g133714,Shenzhen NTER,Night Wings Gaming,-0.0,2.2,497.422,93.47,1
2023-06-08,Bind,222531_g133715,Gank Gaming,Four Angry Men,-0.333,-0.8,128.293,-15.062,1
2023-06-08,Haven,222531_g133716,Four Angry Men,Gank Gaming,,2.2,-165.685,15.778,1
2023-06-08,Ascent,222531_g133717,Four Angry Men,Gank Gaming,,7.2,-40.717,-2.809,1
2023-06-08,Haven,222532_g133718,Douyu Gaming,Dragon Ranger Gaming,-0.0,-1.6,45.592,8.025,0
2023-06-08,Lotus,222532_g133719,Dragon Ranger Gaming,Douyu Gaming,-1.0,1.8,0.29,10.595,1
2023-06-10,Split,220297_g132557,Evil Geniuses,FUT Esports,0.4,-0.4,-10.096,-13.477,1
2023-06-10,Lotus,220297_g132558,Evil Geniuses,FUT Esports,-0.056,-0.2,53.336,2.313,1
2023-06-11,Ascent,220290_g132539,Natus Vincere,NRG,0.4,3.4,-264.875,-5.767,0
2023-06-11,Split,220290_g132541,Natus Vincere,NRG,-0.1,5.6,-299.416,13.896,0
2023-06-11,Lotus,220290_g132540,Natus Vincere,NRG,-0.417,5.0,-309.862,4.764,1
2023-06-11,Pearl,220292_g132544,EDward Gaming,T1,,,-408.493,15.0,0
2023-06-11,Pearl,220296_g132555,Attacking Soul Esports,DRX,,,-413.72,10.809,0
2023-06-11,Fracture,220292_g132542,T1,EDward Gaming,,-2.0,551.115,-27.777,1
2023-06-11,Haven,220292_g132543,T1,EDward Gaming,,-1.9,551.245,53.809,0
2023-06-11,Fracture,220296_g132554,DRX,Attacking Soul Esports,,-9.2,385.887,-6.419,1
2023-06-12,Fracture,220298_g132560,DRX,Evil Geniuses,-0.048,-0.4,377.667,29.212,0
2023-06-12,Lotus,220293_g132545,T1,NRG,0.067,0.8,-253.655,17.582,1
2023-06-12,Bind,220293_g132546,T1,NRG,-0.2,-0.2,-210.358,-18.312,0
2023-06-12,Pearl,220293_g132547,NRG,T1,0.1,0.6,272.654,36.039,1
2023-06-12,Ascent,220298_g132561,Evil Geniuses,DRX,-0.167,2.2,-243.34,-8.432,1
2023-06-13,Bind,220300_g132566,DRX,FUT Esports,-0.6,-3.8,313.83,11.653,0
2023-06-13,Ascent,220299_g132564,Attacking Soul Esports,FUT Esports,,4.7,134.81,34.774,0
2023-06-13,Lotus,220299_g132565,Attacking Soul Esports,FUT Esports,,-0.733,3.895,67.26,0
2023-06-13,Pearl,220294_g132548,Natus Vincere,EDward Gaming,1.0,-0.133,95.28,20.021,0
2023-06-13,Bind,220294_g132549,EDward Gaming,Natus Vincere,,-4.55,-165.538,44.236,1
2023-06-13,Haven,220299_g132563,Attacking Soul Esports,FUT Esports,,-5.1,20.216,15.17,1
2023-06-13,Fracture,220300_g132567,FUT Esports,DRX,0.429,7.4,-244.373,13.691,0
2023-06-13,Haven,220300_g132568,FUT Esports,DRX,0.167,3.8,-285.7,32.085,0
2023-06-14,Fracture,220295_g132551,EDward Gaming,T1,-0.7,2.8,-381.572,50.243,1
2023-06-14,Haven,220295_g132552,EDward Gaming,T1,0.571,6.6,-168.197,41.313,1
2023-06-15,Ascent,220444_g132702,LOUD,Evil Geniuses,0.304,0.4,443.772,9.813,0
2023-06-15,Fracture,220444_g132701,Evil Geniuses,LOUD,-0.25,2.8,-600.099,41.356,1
2023-06-16,Haven,220443_g132698,EDward Gaming,Team Liquid,0.667,0.6,-318.706,3.858,0
2023-06-16,Split,220443_g132699,Team Liquid,EDward Gaming,,-1.4,353.39,-17.881,0
2023-06-16,Lotus,220443_g132700,EDward Gaming,Team Liquid,,4.2,-220.83,33.303,0
2023-06-16,Fracture,220442_g132695,NRG,FNATIC,0.5,2.8,-447.959,17.727,0
2023-06-16,Bind,220442_g132696,NRG,FNATIC,0.167,-1.0,-568.322,18.928,0
2023-06-17,Split,220441_g132692,DRX,Paper Rex,0.333,-3.4,-261.177,-13.031,0
2023-06-17,Bind,220441_g132693,DRX,Paper Rex,-0.667,-6.4,-321.472,56.977,0
2023-06-17,Lotus,220450_g132721,EDward Gaming,LOUD,0.0,5.0,-303.467,43.389,1
2023-06-17,Fracture,220450_g132722,LOUD,EDward Gaming,0.167,-1.6,183.398,-39.818,0
2023-06-18,Pearl,220449_g132718,NRG,DRX,-0.304,1.0,139.897,-36.994,1
2023-06-18,Haven,220449_g132719,DRX,NRG,-0.095,1.8,-89.975,53.844,0
2023-06-18,Haven,220446_g132708,Team Liquid,Evil Geniuses,0.3,-5.2,102.755,-39.447,0
2023-06-18,Fracture,220446_g132707,Team Liquid,Evil Geniuses,0.022,-7.0,228.431,-87.844,0
2023-06-19,Bind,220445_g132705,FNATIC,Paper Rex,-0.25,-1.0,641.158,48.55,1
2023-06-19,Haven,220451_g132724,NRG,Team Liquid,0.314,1.4,142.399,-29.98,1
2023-06-19,Ascent,220451_g132725,Team Liquid,NRG,0.214,3.4,-85.184,10.656,1
2023-06-19,Split,220451_g132726,NRG,Team Liquid,-0.048,-1.6,50.471,-9.221,1
2023-06-19,Lotus,220445_g132704,Paper Rex,FNATIC,0.0,-1.4,-537.55,-74.574,0
2023-06-20,Split,220447_g132712,Evil Geniuses,FNATIC,-0.333,-0.4,-1173.529,-17.419,0
2023-06-20,Fracture,220452_g132727,EDward Gaming,Paper Rex,-0.0,1.0,-340.426,29.457,0
2023-06-20,Split,220452_g132728,EDward Gaming,Paper Rex,0.286,-0.6,-394.006,40.915,1
2023-06-20,Lotus,220452_g132729,Paper Rex,EDward Gaming,0.25,-1.0,262.282,-30.19,1
2023-06-20,Lotus,220447_g132710,FNATIC,Evil Geniuses,0.333,2.8,1050.394,44.038,1
2023-06-20,Fracture,220447_g132711,FNATIC,Evil Geniuses,-0.3,6.8,1221.064,6.714,0
2023-06-21,Bind,220453_g132732,NRG,Paper Rex,-0.086,-2.8,-24.088,3.898,0
2023-06-21,Lotus,220453_g132731,Paper Rex,NRG,0.3,2.8,160.925,-42.637,0
2023-06-21,Pearl,220453_g132730,Paper Rex,NRG,0.208,1.6,137.265,-15.468,1
2023-06-23,Fracture,220454_g132733,Paper Rex,Evil Geniuses,-0.186,2.2,430.964,7.285,0
2023-06-23,Ascent,220454_g132737,Paper Rex,Evil Geniuses,-0.125,1.0,140.249,10.766,0
2023-06-23,Pearl,220454_g132736,Paper Rex,Evil Geniuses,0.457,1.0,282.485,-43.543,0
2023-06-23,Split,220454_g132735,Paper Rex,Evil Geniuses,0.054,-3.4,331.65,-51.305,1
2023-06-23,Lotus,220454_g132734,Paper Rex,Evil Geniuses,0.167,-8.4,306.379,-39.959,1
2023-06-25,Bind,220448_g132715,Evil Geniuses,FNATIC,-0.467,0.2,-1075.494,-33.151,0
2023-06-25,Split,220448_g132714,FNATIC,Evil Geniuses,0.5,1.0,1045.98,36.283,1
2023-06-25,Lotus,220448_g132713,FNATIC,Evil Geniuses,0.6,-0.8,1017.192,-21.23,1
2023-07-15,Bind,232729_g134548,MIBR,KRÜ Esports,,-1.4,48.194,-36.709,0
2023-07-15,Lotus,232729_g134549,KRÜ Esports,MIBR,-0.6,1.0,62.84,29.83,1
2023-07-16,Split,232731_g134554,KRÜ Esports,FURIA,-0.5,3.4,-317.467,46.143,0
2023-07-16,Ascent,232731_g134555,FURIA,KRÜ Esports,0.095,-3.0,342.224,-36.61,0
2023-07-16,Bind,232731_g134556,KRÜ Esports,FURIA,0.25,5.8,-198.247,47.055,1
2023-07-16,Pearl,232730_g134551,100 Thieves,Sentinels,-0.0,0.2,-99.922,-8.361,1
2023-07-16,Split,232730_g134552,Sentinels,100 Thieves,-0.333,-0.2,96.258,17.461,1
2023-07-16,Bind,232730_g134553,Sentinels,100 Thieves,1.0,1.4,237.146,18.328,1
2023-07-17,Pearl,232732_g134557,Sentinels,Cloud9,-0.35,1.4,-267.472,16.626,0
2023-07-17,Fracture,232732_g134558,Sentinels,Cloud9,-0.25,1.2,-361.935,26.935,1
2023-07-17,Split,232732_g134559,Sentinels,Cloud9,-0.5,2.6,-222.212,2.772,0
2023-07-17,Split,232733_g134560,KRÜ Esports,LEVIATÁN,-0.667,2.0,-301.906,48.63,1
2023-07-17,Lotus,232733_g134561,KRÜ Esports,LEVIATÁN,-0.25,6.0,-181.021,37.86,1
2023-07-18,Ascent,237266_g135649,DetonatioN FocusMe,TALON,-0.25,4.6,-185.619,-23.582,0
2023-07-18,Ascent,232734_g134563,KRÜ Esports,Cloud9,-0.042,3.2,-469.177,39.097,0
2023-07-18,Pearl,232734_g134564,KRÜ Esports,Cloud9,-0.467,1.2,-578.446,37.168,1
2023-07-18,Haven,232734_g134565,Cloud9,KRÜ Esports,0.667,-3.6,439.657,-6.812,0
2023-07-18,Fracture,232736_g134571,Sentinels,LEVIATÁN,,4.6,19.448,28.227,0
2023-07-18,Split,232736_g134572,Sentinels,LEVIATÁN,-0.1,2.0,-41.386,16.931,0
2023-07-18,Fracture,237266_g135648,DetonatioN FocusMe,TALON,-0.0,-0.0,-232.716,-2.497,0
2023-07-19,Fracture,235363_g135070,KOI,Team Heretics,0.333,-1.2,118.415,23.278,1
2023-07-19,Pearl,235363_g135071,KOI,Team Heretics,0.667,0.4,174.897,-23.835,0
2023-07-19,Haven,235363_g135072,Team Heretics,KOI,0.0,0.0,-227.806,26.582,0
2023-07-19,Lotus,235364_g135074,BBL Esports,Karmine Corp,-0.25,4.8,204.128,50.792,0
2023-07-19,Haven,237268_g135656,Gen.G,TALON,0.267,0.6,-13.823,-4.116,1
2023-07-19,Split,237268_g135655,Gen.G,TALON,0.25,-0.2,-51.021,-13.265,1
2023-07-19,Pearl,237268_g135654,TALON,Gen.G,0.167,1.8,56.035,-9.742,1
2023-07-19,Ascent,237267_g135652,Rex Regum Qeon,Global Esports,0.5,2.8,-19.059,11.254,1
2023-07-19,Bind,235364_g135075,BBL Esports,Karmine Corp,,-3.8,68.066,-12.201,0
2023-07-19,Split,237267_g135651,Global Esports,Rex Regum Qeon,-0.0,2.6,-70.407,25.915,0
2023-07-19,Haven,235364_g135073,BBL Esports,Karmine Corp,0.167,-7.6,218.215,-25.258,1
2023-07-20,Ascent,237270_g135661,Gen.G,Team Secret,-0.5,2.4,56.808,51.705,0
2023-07-20,Split,235365_g135076,KOI,Natus Vincere,0.1,-2.2,-629.184,-0.35,1
2023-07-20,Lotus,235365_g135077,Natus Vincere,KOI,0.262,2.8,562.969,-5.54,0
2023-07-20,Pearl,235366_g135079,Karmine Corp,Giants Gaming,,7.2,-309.318,13.524,0
2023-07-20,Split,235366_g135080,Karmine Corp,Giants Gaming,-0.15,4.8,-280.419,30.313,0
2023-07-20,Haven,237269_g135657,Rex Regum Qeon,ZETA DIVISION,0.3,-3.4,-155.675,-11.23,1
2023-07-20,Split,237269_g135658,ZETA DIVISION,Rex Regum Qeon,0.0,1.0,-68.944,52.267,1
2023-07-20,Ascent,237269_g135659,Rex Regum Qeon,ZETA DIVISION,0.238,-2.4,0.58,31.19,0
2023-07-20,Haven,237270_g135660,Team Secret,Gen.G,-0.095,2.6,-163.864,-30.654,1
2023-07-21,Pearl,235367_g135083,KOI,Giants Gaming,0.25,2.4,-511.15,60.553,0
2023-07-21,Haven,235367_g135082,KOI,Giants Gaming,0.5,0.6,-400.145,38.138,0
2023-07-21,Lotus,237271_g135663,Team Secret,ZETA DIVISION,-0.0,-3.8,-194.123,-7.098,0
2023-07-21,Lotus,235371_g135096,Natus Vincere,Karmine Corp,-0.025,-1.4,418.32,-37.314,1
2023-07-21,Fracture,237271_g135664,ZETA DIVISION,Team Secret,0.0,1.6,250.878,-22.655,1
2023-07-21,Haven,237272_g135666,Gen.G,Rex Regum Qeon,-0.262,1.0,-208.34,10.324,1
2023-07-21,Lotus,237272_g135667,Rex Regum Qeon,Gen.G,-0.4,-3.6,16.393,-12.17,1
2023-07-21,Ascent,237272_g135668,Rex Regum Qeon,Gen.G,0.071,-0.8,147.372,-25.456,0
2023-07-21,Pearl,235371_g135098,Natus Vincere,Karmine Corp,0.75,1.8,478.891,-15.77,1
2023-07-21,Ascent,235371_g135097,Natus Vincere,Karmine Corp,0.667,2.2,533.092,-12.84,0
2023-07-22,Pearl,235372_g135100,KOI,Natus Vincere,-0.467,-2.8,-793.473,25.273,0
2023-07-22,Split,235372_g135099,KOI,Natus Vincere,0.333,-2.8,-678.994,-38.717,0
2023-07-22,Split,232737_g134576,LEVIATÁN,Cloud9,-0.4,3.0,-102.015,-26.487,1
2023-07-22,Fracture,235372_g135101,KOI,Natus Vincere,-0.25,-3.8,-804.953,-48.882,0
2023-07-22,Bind,232737_g134578,Cloud9,LEVIATÁN,0.0,-2.8,-59.351,-20.773,0
2023-07-22,Haven,232737_g134577,LEVIATÁN,Cloud9,-0.3,7.0,8.057,107.282,1
2023-07-22,Lotus,237273_g135672,Team Secret,Gen.G,0.167,-1.8,56.373,4.072,1
2023-07-22,Haven,237273_g135669,Gen.G,Team Secret,-0.0,2.2,86.152,-40.383,1
2023-07-22,Pearl,237273_g135670,Team Secret,Gen.G,,-3.4,-217.52,1.644,1
2023-07-22,Ascent,237273_g135671,Team Secret,Gen.G,0.5,-1.4,-124.697,-43.523,1
2023-07-22,Pearl,232737_g134575,Cloud9,LEVIATÁN,-0.333,-9.6,152.174,-122.777,1
2023-07-22,Lotus,232737_g134574,Cloud9,LEVIATÁN,0.314,-8.4,197.318,-45.131,1
2023-07-23,Split,232735_g134566,KRÜ Esports,LEVIATÁN,-0.524,0.0,-282.519,36.055,1
2023-07-23,Pearl,232735_g134567,KRÜ Esports,LEVIATÁN,-0.357,2.8,-117.308,23.62,0
2023-07-23,Ascent,232735_g134568,KRÜ Esports,LEVIATÁN,0.556,1.6,-167.408,31.567,1
2023-07-23,Fracture,237274_g135674,ZETA DIVISION,Team Secret,0.2,2.2,265.696,33.106,1
2023-07-23,Ascent,237274_g135675,ZETA DIVISION,Team Secret,-0.5,3.6,322.841,25.551,0
2023-07-23,Bind,235368_g135085,Giants Gaming,Natus Vincere,,1.4,-192.061,-34.82,1
2023-07-23,Lotus,235368_g135086,Giants Gaming,Natus Vincere,0.156,4.2,-139.916,-11.776,1
2023-07-23,Haven,235368_g135087,Natus Vincere,Giants Gaming,,-5.0,25.152,-16.439,0
2023-07-23,Lotus,237274_g135677,Team Secret,ZETA DIVISION,-0.15,-0.4,-311.985,0.374,0
2023-07-23,Split,237274_g135676,ZETA DIVISION,Team Secret,0.467,1.8,262.841,-13.616,1
2023-07-23,Lotus,232735_g134569,LEVIATÁN,KRÜ Esports,-0.067,-6.0,155.608,-26.792,0
2023-08-06,Fracture,247100_g137395,Natus Vincere,Team Liquid,0.133,-1.2,-173.229,1.441,1
2023-08-06,Bind,247100_g137396,Team Liquid,Natus Vincere,0.35,0.8,44.98,14.317,0
2023-08-06,Lotus,247101_g137398,LOUD,DRX,-0.0,-2.6,120.878,-53.917,1
2023-08-06,Split,247101_g137399,LOUD,DRX,-0.262,4.0,248.928,-33.327,0
2023-08-06,Ascent,247101_g137400,DRX,LOUD,-0.206,-1.8,-195.202,10.338,1
2023-08-07,Split,247102_g137402,Natus Vincere,DRX,-0.429,-0.8,-183.234,6.555,1
2023-08-07,Pearl,247087_g137368,T1,FUT Esports,-0.667,-2.4,361.28,-49.831,0
2023-08-07,Haven,247087_g137369,T1,FUT Esports,-0.196,-4.0,307.604,-31.99,0
2023-08-07,Ascent,247086_g137365,Evil Geniuses,FunPlus Phoenix,,,241.345,49.116,1
2023-08-07,Pearl,247086_g137366,Evil Geniuses,FunPlus Phoenix,,16.2,371.373,20.492,1
2023-08-07,Bind,247102_g137401,Natus Vincere,DRX,0.114,2.0,-38.84,-9.699,0
2023-08-07,Lotus,247102_g137403,Natus Vincere,DRX,0.4,-1.6,-49.075,4.655,0
2023-08-08,Pearl,247088_g137371,FUT Esports,Evil Geniuses,0.429,-4.2,-378.615,-13.741,0
2023-08-08,Haven,247093_g137381,FNATIC,ZETA DIVISION,0.371,-1.2,1626.608,20.302,1
2023-08-08,Fracture,247093_g137380,FNATIC,ZETA DIVISION,-0.333,-1.2,1446.608,53.132,1
2023-08-08,Split,247094_g137384,Bilibili Gaming,NRG,,,-700.67,-16.768,1
2023-08-08,Lotus,247094_g137383,NRG,Bilibili Gaming,,-11.0,575.351,32.95,0
2023-08-08,Bind,247088_g137372,Evil Geniuses,FUT Esports,-0.75,2.8,399.637,2.373,1
2023-08-09,Ascent,247076_g137355,Giants Gaming,EDward Gaming,,4.6,-480.726,3.171,0
2023-08-09,Haven,247095_g137386,Bilibili Gaming,FNATIC,,-5.1,-1674.618,30.538,0
2023-08-09,Bind,247076_g137354,Giants Gaming,EDward Gaming,-0.0,3.2,-539.917,-42.926,0
2023-08-09,Split,247076_g137353,Giants Gaming,EDward Gaming,-0.5,3.8,-520.179,-98.757,1
2023-08-09,Split,247075_g137350,Paper Rex,KRÜ Esports,0.417,-6.2,954.862,-38.761,1
2023-08-09,Lotus,247095_g137387,FNATIC,Bilibili Gaming,0.0,4.067,1779.618,21.87,1
2023-08-09,Pearl,247075_g137351,KRÜ Esports,Paper Rex,-0.35,4.4,-972.371,-69.919,0
2023-08-10,Lotus,247089_g137374,FunPlus Phoenix,T1,,2.0,-54.739,-42.556,0
2023-08-10,Bind,247089_g137375,FunPlus Phoenix,T1,,-0.867,-141.28,25.761,0
2023-08-10,Split,247103_g137405,Team Liquid,LOUD,0.125,-1.4,-379.542,-16.516,0
2023-08-10,Pearl,247077_g137357,Paper Rex,EDward Gaming,0.278,-1.8,210.128,-65.782,1
2023-08-10,Haven,247103_g137404,Team Liquid,LOUD,-0.667,-4.4,-196.214,-77.126,0
2023-08-10,Fracture,247077_g137356,Paper Rex,EDward Gaming,0.125,2.0,98.532,24.349,1
2023-08-11,Haven,247096_g137390,ZETA DIVISION,NRG,-0.375,-4.4,-599.943,-14.454,0
2023-08-11,Pearl,247078_g137360,KRÜ Esports,Giants Gaming,-0.067,-1.8,-509.201,-55.372,0
2023-08-11,Lotus,247078_g137359,Giants Gaming,KRÜ Esports,0.167,2.8,464.655,45.596,1
2023-08-12,Pearl,247090_g137378,T1,FUT Esports,-0.464,-0.6,69.921,-51.236,0
2023-08-12,Bind,247090_g137377,T1,FUT Esports,-0.095,-3.4,177.373,-73.373,0
2023-08-12,Bind,247104_g137409,LOUD,Natus Vincere,0.667,5.0,479.704,-4.796,1
2023-08-12,Ascent,247104_g137408,Natus Vincere,LOUD,-0.129,-1.0,-305.351,-35.269,0
2023-08-12,Pearl,247104_g137407,Natus Vincere,LOUD,0.433,-4.8,-309.797,-17.313,1
2023-08-13,Split,247079_g137362,Giants Gaming,EDward Gaming,-0.095,3.4,-390.434,4.559,0
2023-08-13,Bind,247098_g137392,NRG,Bilibili Gaming,,6.95,681.968,7.287,0
2023-08-13,Ascent,247098_g137393,NRG,Bilibili Gaming,,3.6,616.01,15.972,0
2023-08-13,Fracture,247079_g137363,EDward Gaming,Giants Gaming,,-3.4,448.227,-29.748,1
2023-08-16,Ascent,248270_g137618,FNATIC,LOUD,-0.2,1.2,1099.356,53.799,0
2023-08-16,Lotus,248270_g137619,FNATIC,LOUD,0.667,2.8,1060.763,20.668,0
2023-08-16,Ascent,248271_g137621,Paper Rex,FUT Esports,-0.267,1.2,928.998,67.529,1
2023-08-16,Pearl,248271_g137622,FUT Esports,Paper Rex,-0.0,-2.0,-1034.166,-30.745,0
2023-08-17,Lotus,248272_g137624,Bilibili Gaming,DRX,0.167,-5.2,-273.205,-26.359,0
2023-08-17,Pearl,248273_g137629,Evil Geniuses,EDward Gaming,0.292,4.4,-179.019,2.026,1
2023-08-17,Ascent,248273_g137628,EDward Gaming,Evil Geniuses,0.3,-7.0,315.095,-41.13,0
2023-08-17,Split,248273_g137627,EDward Gaming,Evil Geniuses,0.306,-6.4,343.18,-34.034,1
2023-08-17,Haven,248272_g137625,DRX,Bilibili Gaming,0.5,3.4,327.751,-6.204,1
2023-08-18,Bind,248279_g137647,Bilibili Gaming,EDward Gaming,0.0,0.8,-629.798,10.645,0
2023-08-18,Haven,248279_g137649,Bilibili Gaming,EDward Gaming,-0.667,1.2,-648.044,35.942,0
2023-08-18,Haven,248278_g137645,FNATIC,FUT Esports,0.232,4.8,1792.381,48.22,1
2023-08-18,Split,248278_g137644,FNATIC,FUT Esports,0.833,5.2,1758.885,15.117,1
2023-08-18,Split,248279_g137648,Bilibili Gaming,EDward Gaming,0.2,1.8,-726.0,24.424,1
2023-08-19,Lotus,248274_g137630,LOUD,Paper Rex,-0.214,-2.4,-318.383,-31.157,0
2023-08-19,Pearl,248274_g137632,LOUD,Paper Rex,-0.467,-0.2,-113.561,1.635,0
2023-08-19,Fracture,248275_g137633,Evil Geniuses,DRX,0.275,1.6,212.527,20.726,1
2023-08-19,Split,248274_g137631,LOUD,Paper Rex,-0.144,-2.2,-288.727,33.517,1
2023-08-19,Lotus,248275_g137634,Evil Geniuses,DRX,-0.167,0.4,257.88,11.814,1
2023-08-20,Bind,248281_g137653,LOUD,EDward Gaming,0.0,5.4,183.153,57.846,0
2023-08-20,Ascent,248281_g137654,EDward Gaming,LOUD,-0.2,0.2,-121.751,-43.626,0
2023-08-20,Haven,248281_g137655,LOUD,EDward Gaming,0.25,4.8,344.141,-3.943,1
2023-08-20,Bind,248280_g137650,DRX,FNATIC,-0.458,-2.6,-1591.401,20.474,1
2023-08-20,Haven,248280_g137651,FNATIC,DRX,0.319,0.6,1444.888,16.119,1
2023-08-20,Split,248280_g137652,FNATIC,DRX,0.25,4.8,1571.358,20.567,1
2023-08-24,Ascent,248282_g137657,LOUD,FNATIC,0.3,-3.4,-824.068,-3.633,0
2023-08-24,Haven,248282_g137658,FNATIC,LOUD,-0.111,-3.2,772.428,-40.762,0
2023-08-24,Ascent,248276_g137636,Paper Rex,Evil Geniuses,-0.3,-2.6,317.965,-25.596,0
2023-08-24,Bind,248276_g137637,Evil Geniuses,Paper Rex,-0.433,-0.8,-305.888,79.778,0
2023-08-24,Pearl,248276_g137638,Evil Geniuses,Paper Rex,-0.133,0.2,-324.861,76.283,0
2023-08-24,Split,248282_g137656,LOUD,FNATIC,-0.4,5.4,-893.255,65.36,1
2023-08-25,Bind,248283_g137663,LOUD,Evil Geniuses,0.417,6.6,464.017,16.159,0
2023-08-25,Pearl,248283_g137661,Evil Geniuses,LOUD,0.314,-0.6,-327.368,-23.713,0
2023-08-25,Lotus,248283_g137660,LOUD,Evil Geniuses,-0.029,0.4,467.049,6.359,0
2023-08-25,Ascent,248283_g137659,Evil Geniuses,LOUD,0.3,3.8,-419.574,-22.941,1
2023-08-25,Split,248283_g137662,Evil Geniuses,LOUD,-0.2,2.2,-437.463,-25.116,0
2023-08-26,Lotus,248277_g137642,Paper Rex,Evil Geniuses,0.25,-0.8,82.172,12.069,0
2023-08-26,Bind,248277_g137641,Evil Geniuses,Paper Rex,-0.429,0.4,-215.764,36.581,1
2023-08-26,Split,248277_g137639,Paper Rex,Evil Geniuses,0.4,-0.4,243.638,-34.338,0
2023-08-26,Ascent,248277_g137640,Paper Rex,Evil Geniuses,-0.471,-2.0,177.208,-12.276,1
2024-03-14,Icebox,312765_g162326,FunPlus Phoenix,Karmine Corp,,-2.05,488.908,-11.893,0
2024-03-14,Lotus,312765_g162327,Karmine Corp,FunPlus Phoenix,0.333,-1.2,-468.336,-23.879,1
2024-03-14,Icebox,312766_g162329,LOUD,Gen.G,,2.0,552.857,-19.491,0
2024-03-14,Breeze,312766_g162330,Gen.G,LOUD,,-2.6,-525.756,181.702,0
2024-03-14,Ascent,312766_g162331,Gen.G,LOUD,-0.056,-2.2,-635.911,265.195,1
2024-03-15,Split,312767_g162334,Paper Rex,EDward Gaming,0.033,4.2,353.144,5.282,0
2024-03-15,Sunset,312767_g162332,EDward Gaming,Paper Rex,,0.4,-253.842,-6.352,0
2024-03-15,Bind,312767_g162333,EDward Gaming,Paper Rex,0.25,1.4,-455.695,29.954,1
2024-03-15,Lotus,312768_g162335,Sentinels,Team Heretics,-0.333,-0.4,288.926,-13.614,1
2024-03-15,Sunset,312768_g162336,Sentinels,Team Heretics,,2.0,387.932,-62.508,0
2024-03-15,Bind,312768_g162337,Team Heretics,Sentinels,,2.8,-244.344,67.509,0
2024-03-16,Breeze,312797_g162360,EDward Gaming,Gen.G,,-1.0,412.396,-127.618,0
2024-03-16,Split,312797_g162359,Gen.G,EDward Gaming,-0.048,-1.0,-547.915,86.632,1
2024-03-16,Lotus,312798_g162362,Sentinels,Karmine Corp,0.071,-0.6,339.746,27.113,1
2024-03-16,Split,312798_g162361,Karmine Corp,Sentinels,-0.133,1.8,-221.992,-25.082,0
2024-03-16,Icebox,312797_g162358,Gen.G,EDward Gaming,,1.6,-503.208,-16.219,0
2024-03-17,Split,312799_g162366,Paper Rex,Team Heretics,0.1,-3.0,1049.085,-157.896,1
2024-03-17,Lotus,312799_g162365,Team Heretics,Paper Rex,-0.095,1.8,-1140.647,138.727,1
2024-03-17,Breeze,312800_g162368,FunPlus Phoenix,LOUD,,2.0,-687.033,201.845,0
2024-03-17,Sunset,312800_g162367,FunPlus Phoenix,LOUD,,3.0,-493.132,109.547,0
2024-03-17,Sunset,312799_g162364,Paper Rex,Team Heretics,-0.0,-4.4,1123.361,-25.756,1
2024-03-18,Icebox,312803_g162373,EDward Gaming,LOUD,0.5,0.8,-306.09,5.581,0
2024-03-18,Sunset,312803_g162374,EDward Gaming,LOUD,-1.0,-1.6,-413.125,-23.715,0
2024-03-18,Bind,312802_g162370,Karmine Corp,Paper Rex,0.333,-0.6,-1152.26,31.549,0
2024-03-18,Lotus,312802_g162371,Paper Rex,Karmine Corp,0.225,2.0,1253.68,-14.408,0
2024-03-18,Ascent,312802_g162372,Paper Rex,Karmine Corp,0.357,-0.4,1125.08,39.897,1
2024-03-21,Sunset,312776_g162340,Sentinels,LOUD,-1.0,-2.4,-858.49,-37.884,1
2024-03-21,Split,312776_g162338,Sentinels,LOUD,-0.271,-5.2,-886.072,-44.539,1
2024-03-21,Icebox,312776_g162339,LOUD,Sentinels,0.667,-0.8,749.343,46.313,1
2024-03-21,Split,312777_g162341,Paper Rex,Gen.G,-0.15,-2.2,576.747,8.547,0
2024-03-21,Lotus,312777_g162342,Paper Rex,Gen.G,0.214,-5.0,467.031,-31.499,0
2024-03-22,Sunset,312780_g163448,Paper Rex,LOUD,0.333,-5.8,-204.485,-44.626,1
2024-03-22,Split,312778_g162344,Sentinels,Gen.G,-0.3,-4.2,-349.416,-22.753,0
2024-03-22,Lotus,312778_g162345,Gen.G,Sentinels,-0.225,4.0,353.928,60.101,0
2024-03-22,Breeze,312778_g162346,Gen.G,Sentinels,,2.2,289.915,78.236,1
2024-03-22,Ascent,312780_g162352,Paper Rex,LOUD,0.156,-3.4,-255.348,-50.806,1
2024-03-23,Sunset,312781_g162356,Paper Rex,Sentinels,0.5,1.0,517.512,-20.756,0
2024-03-23,Split,312781_g162355,Paper Rex,Sentinels,0.056,0.4,383.392,-45.643,1
2024-03-23,Lotus,312781_g162353,Paper Rex,Sentinels,-0.267,3.4,792.747,-95.563,0
2024-03-23,Ascent,312781_g162354,Sentinels,Paper Rex,0.067,-1.4,-598.443,14.591,1
2024-03-24,Breeze,312779_g162347,Sentinels,Gen.G,-0.667,-2.0,-160.421,-42.681,0
2024-03-24,Bind,312779_g162348,Gen.G,Sentinels,,-3.8,100.64,14.849,0
2024-03-24,Ascent,312779_g162349,Sentinels,Gen.G,0.25,5.4,-100.64,35.333,0
2024-03-24,Split,312779_g162350,Gen.G,Sentinels,0.433,-7.4,149.432,-76.519,0
2024-03-24,Icebox,312779_g162351,Gen.G,Sentinels,0.5,-6.6,33.511,-29.097,0
2024-04-03,Split,318913_g164094,"Movistar KOI						
							(KOI)",Team Liquid,,,-401.499,38.839,0
2024-04-03,Sunset,318911_g164092,Karmine Corp,GIANTX,,,-424.359,-9.986,1
2024-04-03,Breeze,318911_g164091,GIANTX,Karmine Corp,,2.2,561.713,-14.875,0
2024-04-03,Ascent,318913_g164095,Team Liquid,"Movistar KOI						
							(KOI)",,-1.2,449.357,-35.196,1
2024-04-04,Bind,318914_g164097,Team Vitality,Natus Vincere,-0.286,2.6,124.228,-41.903,0
2024-04-04,Lotus,318914_g164098,Natus Vincere,Team Vitality,-0.1,2.0,-139.228,-117.324,1
2024-04-04,Icebox,318915_g164100,FNATIC,Team Heretics,0.667,-1.2,2137.583,16.42,0
2024-04-04,Lotus,318915_g164101,Team Heretics,FNATIC,-0.275,4.0,-1993.369,-0.446,1
2024-04-05,Icebox,318916_g164104,FUT Esports,Team Liquid,-1.0,-4.2,1.901,27.984,1
2024-04-05,Split,318916_g164103,FUT Esports,Team Liquid,-0.457,-3.2,-133.113,36.705,1
2024-04-05,Ascent,318917_g164106,BBL Esports,Gentle Mates,,,-19.114,-8.031,0
2024-04-05,Sunset,318917_g164107,Gentle Mates,BBL Esports,,2.0,66.521,-4.457,1
2024-04-06,Sunset,314301_g163149,ZETA DIVISION,Global Esports,,-4.2,92.34,-2.19,1
2024-04-06,Lotus,314302_g163153,Team Secret,DRX,0.1,3.2,-327.665,32.223,0
2024-04-06,Sunset,314622_g163352,Cloud9,LEVIATÁN,,-4.0,-858.889,9.095,1
2024-04-06,Sunset,314302_g163152,DRX,Team Secret,,-2.2,294.248,-48.924,1
2024-04-06,Icebox,314622_g163351,LEVIATÁN,Cloud9,,2.8,813.318,135.545,1
2024-04-06,Icebox,314301_g163150,ZETA DIVISION,Global Esports,,-4.0,291.072,15.075,0
2024-04-06,Ascent,314301_g163151,ZETA DIVISION,Global Esports,0.444,-6.4,222.392,41.044,1
2024-04-06,Ascent,314622_g163353,LEVIATÁN,Cloud9,-0.714,5.2,798.371,248.849,0
2024-04-06,Sunset,314623_g163355,NRG,LOUD,,4.0,87.206,-17.118,1
2024-04-06,Breeze,314623_g163354,NRG,LOUD,,7.8,67.208,81.544,1
2024-04-07,Lotus,314303_g163155,BLEED,TALON,,,293.492,-20.858,1
2024-04-07,Bind,314303_g163156,TALON,BLEED,,-2.6,-354.303,-13.929,1
2024-04-07,Icebox,314303_g163157,BLEED,TALON,,1.9,299.149,81.331,0
2024-04-07,Lotus,314304_g163158,Paper Rex,T1,-0.45,1.8,908.105,21.818,1
2024-04-07,Bind,314304_g163159,Paper Rex,T1,0.2,1.4,967.508,80.236,1
2024-04-07,Lotus,314624_g163357,Evil Geniuses,G2 Esports,,,75.797,2.284,0
2024-04-07,Icebox,314624_g163358,G2 Esports,Evil Geniuses,,6.4,42.152,187.274,1
2024-04-07,Icebox,314625_g163360,100 Thieves,Sentinels,0.167,-5.2,-276.39,-27.067,0
2024-04-07,Split,314625_g163361,Sentinels,100 Thieves,0.0,2.2,290.312,-19.377,1
2024-04-08,Lotus,314626_g163363,FURIA,KRÜ Esports,,-1.0,241.278,27.884,0
2024-04-08,Breeze,314626_g163365,KRÜ Esports,FURIA,,5.0,-157.308,-48.078,1
2024-04-08,Icebox,314626_g163364,KRÜ Esports,FURIA,,6.6,-111.368,-39.989,0
2024-04-08,Lotus,314306_g163165,DRX,Global Esports,-0.0,-5.4,478.565,-7.802,1
2024-04-08,Ascent,314306_g163164,Global Esports,DRX,-0.625,5.2,-432.944,-5.494,0
2024-04-08,Split,314305_g163162,Team Secret,Rex Regum Qeon,-0.233,6.0,-149.603,79.326,1
2024-04-08,Breeze,314305_g163161,Rex Regum Qeon,Team Secret,,-3.0,83.282,-34.882,1
2024-04-08,Icebox,314305_g163163,Rex Regum Qeon,Team Secret,1.0,-4.4,87.393,4.379,1
2024-04-09,Sunset,314308_g163172,DetonatioN FocusMe,T1,,3.2,-98.264,63.104,1
2024-04-09,Lotus,314308_g163171,DetonatioN FocusMe,T1,-0.667,2.4,19.789,134.533,0
2024-04-09,Ascent,314308_g163170,DetonatioN FocusMe,T1,-0.6,-2.4,18.353,167.736,1
2024-04-09,Ascent,314307_g163168,Gen.G,TALON,0.1,-4.4,724.751,46.379,1
2024-04-09,Lotus,314307_g163167,Gen.G,TALON,-0.333,-3.2,618.035,31.943,1
2024-04-10,Lotus,318918_g164110,Karmine Corp,FUT Esports,-0.056,4.4,-411.118,3.468,0
2024-04-10,Breeze,318918_g164111,FUT Esports,Karmine Corp,,-1.2,546.647,12.069,1
2024-04-10,Breeze,318919_g164112,Team Heretics,Team Vitality,,3.4,-614.665,-216.447,0
2024-04-10,Bind,318918_g164109,Karmine Corp,FUT Esports,-0.25,-3.4,-413.609,-54.074,1
2024-04-10,Icebox,318919_g164114,Team Vitality,Team Heretics,,-5.4,523.397,206.174,1
2024-04-10,Sunset,318919_g164113,Team Heretics,Team Vitality,,5.2,-569.39,-111.11,1
2024-04-11,Split,318920_g164116,Team Liquid,Natus Vincere,0.0,-1.0,-62.729,-19.751,0
2024-04-11,Ascent,318920_g164117,Natus Vincere,Team Liquid,-0.278,0.4,105.496,-18.95,1
2024-04-11,Breeze,318921_g164118,"Movistar KOI						
							(KOI)",BBL Esports,,1.6,-185.597,-69.325,0
2024-04-11,Icebox,318921_g164119,"Movistar KOI						
							(KOI)",BBL Esports,,-2.8,-279.433,-63.643,0
2024-04-11,Lotus,318920_g164115,Team Liquid,Natus Vincere,-0.1,-2.4,-179.391,5.268,1
2024-04-12,Icebox,318923_g164125,Gentle Mates,Karmine Corp,,0.4,156.955,29.472,0
2024-04-12,Bind,318922_g164121,GIANTX,FNATIC,,1.8,-1596.273,110.491,0
2024-04-12,Breeze,318922_g164122,GIANTX,FNATIC,,1.2,-1709.309,26.994,1
2024-04-12,Split,318922_g164123,GIANTX,FNATIC,,3.55,-1565.781,-14.062,0
2024-04-12,Split,318923_g164124,Gentle Mates,Karmine Corp,,1.933,313.333,-10.225,0
2024-04-13,Bind,314310_g163178,DRX,T1,-0.0,-2.6,592.521,14.24,1
2024-04-13,Split,314310_g163177,T1,DRX,-0.667,0.6,-458.383,-63.692,0
2024-04-13,Bind,314628_g163366,100 Thieves,G2 Esports,,-5.9,-53.792,13.691,1
2024-04-13,Split,314628_g163367,100 Thieves,G2 Esports,,-5.133,-98.792,13.215,1
2024-04-13,Lotus,314629_g163369,Sentinels,LEVIATÁN,0.429,-0.8,-404.409,-190.111,0
2024-04-13,Icebox,314629_g163370,LEVIATÁN,Sentinels,0.25,4.4,472.192,99.149,1
2024-04-13,Breeze,314310_g163176,DRX,T1,,2.8,437.87,54.899,0
2024-04-13,Lotus,314309_g163173,Paper Rex,Gen.G,-0.0,1.8,626.859,96.726,0
2024-04-13,Bind,314309_g163175,Gen.G,Paper Rex,-0.7,0.0,-718.039,-73.766,0
2024-04-13,Icebox,314309_g163174,Gen.G,Paper Rex,0.333,-2.0,-662.762,-76.157,0
2024-04-14,Sunset,314630_g163373,MIBR,KRÜ Esports,,-1.8,-581.504,-48.432,0
2024-04-14,Icebox,314312_g163183,Rex Regum Qeon,BLEED,1.0,-1.8,174.55,35.499,1
2024-04-14,Lotus,314312_g163182,BLEED,Rex Regum Qeon,0.667,2.8,-57.701,-49.696,0
2024-04-14,Sunset,314311_g163181,ZETA DIVISION,Team Secret,1.0,-6.4,129.237,28.456,0
2024-04-14,Lotus,314311_g163180,ZETA DIVISION,Team Secret,0.371,-3.8,75.417,17.089,1
2024-04-14,Split,314631_g163375,FURIA,NRG,-0.025,-5.2,-1042.779,-60.885,0
2024-04-14,Icebox,314311_g163179,ZETA DIVISION,Team Secret,-0.0,-0.4,210.05,-36.856,0
2024-04-14,Breeze,314631_g163376,NRG,FURIA,1.0,4.6,1182.808,98.581,1
2024-04-14,Icebox,314630_g163372,KRÜ Esports,MIBR,-0.5,3.4,477.688,77.219,1
2024-04-15,Split,314632_g163380,Cloud9,Evil Geniuses,0.5,-0.4,144.677,224.606,1
2024-04-15,Sunset,314632_g163379,Evil Geniuses,Cloud9,,-2.8,-42.136,-253.224,0
2024-04-15,Lotus,314632_g163378,Cloud9,Evil Geniuses,0.25,3.4,158.295,199.522,0
2024-04-15,Split,314313_g163185,Gen.G,DetonatioN FocusMe,-0.286,2.0,326.682,-119.531,1
2024-04-15,Lotus,314313_g163186,Gen.G,DetonatioN FocusMe,0.4,3.2,382.609,-97.071,1
2024-04-15,Icebox,314314_g163188,TALON,Global Esports,-0.333,-1.0,-288.383,18.994,0
2024-04-15,Lotus,314314_g163190,TALON,Global Esports,0.1,2.0,-409.973,1.425,1
2024-04-15,Breeze,314314_g163189,Global Esports,TALON,,-3.4,389.52,28.327,0
2024-04-16,Ascent,314315_g163191,T1,Rex Regum Qeon,0.1,-0.6,-235.368,14.259,1
2024-04-16,Sunset,314316_g163194,ZETA DIVISION,BLEED,,0.2,321.153,14.006,1
2024-04-16,Ascent,314316_g163195,BLEED,ZETA DIVISION,,-3.4,-373.726,-36.355,1
2024-04-16,Lotus,314316_g163196,BLEED,ZETA DIVISION,-0.333,0.4,-247.357,-41.776,0
2024-04-16,Lotus,314315_g163192,T1,Rex Regum Qeon,0.2,0.8,-40.368,-21.092,1
2024-04-17,Bind,318925_g164130,Karmine Corp,Natus Vincere,0.292,-2.6,-548.899,-29.262,1
2024-04-17,Lotus,318924_g164128,Gentle Mates,FNATIC,,2.3,-2046.556,10.267,0
2024-04-17,Breeze,318924_g164127,Gentle Mates,FNATIC,,-2.6,-1953.616,-39.268,0
2024-04-17,Split,318925_g164132,Karmine Corp,Natus Vincere,-0.27,-1.2,-544.003,-25.991,0
2024-04-17,Sunset,318925_g164131,Natus Vincere,Karmine Corp,,-1.0,491.781,28.648,1
2024-04-18,Split,318926_g164133,BBL Esports,Team Heretics,-0.333,-0.4,230.638,-7.492,1
2024-04-18,Sunset,318927_g164138,FUT Esports,Team Vitality,,6.2,-34.518,46.408,0
2024-04-18,Icebox,318927_g164137,FUT Esports,Team Vitality,-0.667,3.2,72.866,57.423,0
2024-04-18,Ascent,318927_g164136,Team Vitality,FUT Esports,-0.321,-1.0,-13.67,-41.647,0
2024-04-18,Sunset,318926_g164134,Team Heretics,BBL Esports,0.667,-1.8,-428.324,-15.831,0
2024-04-19,Bind,318929_g164142,FNATIC,"Movistar KOI						
							(KOI)",,2.45,2346.008,49.879,1
2024-04-19,Icebox,318928_g164140,GIANTX,Team Liquid,,2.2,154.418,2.687,0
2024-04-19,Lotus,318928_g164139,Team Liquid,GIANTX,,-1.6,-110.371,-18.648,0
2024-04-19,Icebox,318929_g164143,FNATIC,"Movistar KOI						
							(KOI)",0.75,4.0,2296.949,63.4,1
2024-04-19,Ascent,318928_g164141,Team Liquid,GIANTX,,-2.8,-105.55,-26.193,1
2024-04-20,Lotus,314635_g163386,LOUD,Cloud9,-0.333,-1.0,607.346,-5.494,0
2024-04-20,Bind,314634_g163382,MIBR,Sentinels,-1.0,1.6,-1109.919,-30.87,0
2024-04-20,Icebox,314635_g163385,LOUD,Cloud9,0.75,-5.0,746.341,-68.433,0
2024-04-20,Ascent,314318_g163202,BLEED,DetonatioN FocusMe,0.8,1.8,51.143,0.638,1
2024-04-20,Split,314318_g163201,DetonatioN FocusMe,BLEED,,-3.4,-8.418,-28.663,0
2024-04-20,Lotus,314318_g163200,BLEED,DetonatioN FocusMe,0.333,2.4,27.559,39.001,0
2024-04-20,Split,314317_g163199,DRX,Gen.G,-0.05,2.4,279.134,29.491,1
2024-04-20,Ascent,314317_g163198,Gen.G,DRX,-0.067,-4.6,-314.639,-41.541,1
2024-04-20,Bind,314317_g163197,Gen.G,DRX,-0.5,-3.0,-191.399,-40.725,0
2024-04-20,Lotus,314634_g163381,Sentinels,MIBR,0.125,0.8,924.515,69.314,1
2024-04-20,Bind,314635_g163384,Cloud9,LOUD,-0.6,7.6,-730.169,61.967,0
2024-04-21,Sunset,314320_g163207,Paper Rex,Team Secret,0.25,1.4,918.52,2.313,0
2024-04-21,Icebox,314320_g163206,Team Secret,Paper Rex,-0.25,3.8,-1053.52,3.776,1
2024-04-21,Icebox,314319_g163204,Rex Regum Qeon,Global Esports,-0.0,-0.6,-133.476,-21.627,0
2024-04-21,Lotus,314319_g163203,Global Esports,Rex Regum Qeon,-0.067,-1.6,-18.049,60.38,1
2024-04-21,Lotus,314636_g163387,Evil Geniuses,KRÜ Esports,-0.0,-4.6,-305.818,-67.275,0
2024-04-21,Breeze,314636_g163388,KRÜ Esports,Evil Geniuses,,2.8,420.498,73.977,1
2024-04-21,Sunset,314637_g163390,NRG,LEVIATÁN,1.0,0.6,294.663,105.402,0
2024-04-21,Bind,314637_g163391,LEVIATÁN,NRG,-0.056,2.2,-158.428,-38.685,1
2024-04-22,Bind,314321_g163210,T1,TALON,-0.6,-1.6,407.459,26.643,0
2024-04-22,Split,314322_g163212,Gen.G,ZETA DIVISION,-0.083,0.8,84.881,19.883,1
2024-04-22,Lotus,314321_g163209,TALON,T1,-0.1,4.0,-316.852,-27.971,1
2024-04-22,Lotus,314638_g163393,FURIA,G2 Esports,-1.0,-5.6,-36.41,-99.108,0
2024-04-22,Icebox,314638_g163394,G2 Esports,FURIA,0.333,6.8,183.625,60.697,1
2024-04-22,Ascent,314322_g163213,Gen.G,ZETA DIVISION,0.1,-1.4,114.773,7.978,1
2024-04-22,Bind,314639_g163396,100 Thieves,Cloud9,0.333,-0.6,-160.142,22.407,1
2024-04-22,Ascent,314639_g163397,Cloud9,100 Thieves,0.75,0.0,22.321,39.243,0
2024-04-23,Icebox,314324_g163219,Global Esports,Paper Rex,0.667,1.4,-1051.935,-14.849,0
2024-04-23,Lotus,314640_g163399,Sentinels,Evil Geniuses,0.167,2.0,838.601,53.395,1
2024-04-23,Bind,314640_g163400,Evil Geniuses,Sentinels,-0.5,-0.4,-862.782,-88.04,1
2024-04-23,Lotus,314323_g163215,DetonatioN FocusMe,Team Secret,-0.25,-6.6,-410.415,-25.157,0
2024-04-23,Breeze,314323_g163216,Team Secret,DetonatioN FocusMe,,6.2,463.069,54.111,0
2024-04-23,Sunset,314323_g163217,Team Secret,DetonatioN FocusMe,-0.333,4.0,417.265,79.933,1
2024-04-23,Sunset,314324_g163218,Global Esports,Paper Rex,-0.6,3.6,-944.328,-10.145,0
2024-04-23,Sunset,314640_g163401,Evil Geniuses,Sentinels,-0.667,-3.8,-879.672,-90.168,1
2024-04-23,Split,314641_g163402,NRG,MIBR,0.417,1.2,1660.578,48.4,1
2024-04-23,Breeze,314641_g163403,NRG,MIBR,,-2.4,1595.775,28.583,1
2024-04-24,Bind,318930_g164146,Team Heretics,Team Liquid,-0.5,-1.0,-265.721,-21.819,1
2024-04-24,Lotus,314642_g163407,G2 Esports,LEVIATÁN,0.625,0.4,-889.446,-9.021,0
2024-04-24,Icebox,318931_g164148,Gentle Mates,Team Vitality,-1.0,-3.2,-656.633,-33.133,1
2024-04-24,Sunset,318930_g164145,Team Liquid,Team Heretics,,-0.2,396.324,4.168,0
2024-04-24,Sunset,318931_g164149,Team Vitality,Gentle Mates,-0.5,2.0,588.454,58.094,0
2024-04-24,Breeze,314642_g163405,G2 Esports,LEVIATÁN,,-4.0,-827.804,-32.35,0
2024-04-24,Split,314643_g163408,LOUD,KRÜ Esports,0.378,-3.8,495.941,-69.694,0
2024-04-24,Icebox,314642_g163406,LEVIATÁN,G2 Esports,-0.2,4.4,933.623,14.966,0
2024-04-24,Ascent,314643_g163409,LOUD,KRÜ Esports,-0.2,-5.2,394.952,-71.735,0
2024-04-25,Lotus,318932_g164152,FNATIC,FUT Esports,0.3,3.8,1504.814,2.038,0
2024-04-25,Ascent,318933_g164154,Natus Vincere,BBL Esports,-0.111,-2.8,218.014,-25.903,1
2024-04-25,Sunset,318933_g164155,BBL Esports,Natus Vincere,-0.5,4.8,-265.785,53.717,1
2024-04-25,Split,318933_g164156,BBL Esports,Natus Vincere,-0.35,1.2,-226.287,48.406,1
2024-04-25,Split,318932_g164151,FUT Esports,FNATIC,-0.65,-5.4,-1670.5,25.421,1
2024-04-26,Sunset,318934_g164159,Team Vitality,GIANTX,0.333,-3.6,75.23,-5.862,1
2024-04-26,Sunset,318935_g164160,Karmine Corp,"Movistar KOI						
							(KOI)",,1.4,205.102,48.402,1
2024-04-26,Lotus,318934_g164157,Team Vitality,GIANTX,-0.571,-1.8,58.452,3.178,0
2024-04-26,Bind,318935_g164162,Karmine Corp,"Movistar KOI						
							(KOI)",0.75,0.4,125.022,46.341,1
2024-04-26,Breeze,318934_g164158,Team Vitality,GIANTX,0.5,-3.8,-48.03,-16.897,1
2024-04-26,Icebox,318935_g164161,"Movistar KOI						
							(KOI)",Karmine Corp,-0.75,-0.4,-250.166,4.006,1
2024-04-27,Ascent,314326_g163226,Global Esports,DetonatioN FocusMe,-0.167,2.2,467.772,42.475,1
2024-04-27,Lotus,314326_g163225,DetonatioN FocusMe,Global Esports,-0.317,-3.8,-347.948,-71.642,0
2024-04-27,Split,314326_g163224,DetonatioN FocusMe,Global Esports,0.083,-5.6,-289.031,-61.937,1
2024-04-27,Bind,314325_g163222,BLEED,Paper Rex,-0.7,2.2,-1179.544,6.887,0
2024-04-27,Ascent,314325_g163221,BLEED,Paper Rex,0.4,1.0,-1079.663,-0.432,0
2024-04-27,Bind,314644_g163412,G2 Esports,MIBR,0.0,2.2,768.715,63.7,1
2024-04-27,Icebox,314644_g163411,MIBR,G2 Esports,-0.667,-1.2,-768.762,-26.452,0
2024-04-27,Lotus,314645_g163414,Sentinels,LOUD,0.414,5.0,-149.196,53.424,0
2024-04-27,Icebox,314645_g163415,LOUD,Sentinels,0.2,-3.0,260.101,-72.47,1
2024-04-28,Breeze,314328_g163232,Team Secret,TALON,-1.0,1.8,616.509,23.632,0
2024-04-28,Lotus,314328_g163231,TALON,Team Secret,0.222,-0.4,-753.077,-17.394,1
2024-04-28,Sunset,314328_g163230,Team Secret,TALON,,-2.6,654.443,21.149,1
2024-04-28,Sunset,314647_g163422,NRG,Evil Geniuses,0.0,-1.4,1210.216,-5.715,0
2024-04-28,Lotus,314647_g163421,Evil Geniuses,NRG,-0.1,4.8,-1190.4,33.538,0
2024-04-28,Bind,314327_g163227,ZETA DIVISION,T1,0.2,0.2,244.007,-13.085,1
2024-04-28,Lotus,314327_g163228,T1,ZETA DIVISION,-0.257,-0.6,-263.871,22.87,1
2024-04-28,Sunset,314327_g163229,ZETA DIVISION,T1,0.667,-1.2,130.545,14.711,0
2024-04-28,Lotus,314646_g163418,Cloud9,FURIA,0.7,5.2,114.21,43.284,1
2024-04-28,Ascent,314647_g163420,Evil Geniuses,NRG,0.425,1.0,-1343.928,38.166,1
2024-04-28,Ascent,314646_g163417,FURIA,Cloud9,-0.095,-7.2,-242.01,-12.833,1
2024-04-28,Bind,314646_g163419,Cloud9,FURIA,-0.2,4.8,266.262,6.171,1
2024-04-29,Bind,314329_g163233,BLEED,DRX,-0.5,-4.2,-779.244,-23.518,0
2024-04-29,Breeze,314329_g163234,BLEED,DRX,,-4.0,-796.552,-31.017,0
2024-04-29,Breeze,314330_g163236,Rex Regum Qeon,Gen.G,0.25,-0.2,-376.861,-22.775,0
2024-04-29,Split,314330_g163238,Rex Regum Qeon,Gen.G,-0.367,-5.6,-434.431,-29.876,1
2024-04-29,Ascent,314330_g163237,Gen.G,Rex Regum Qeon,0.267,0.2,484.127,10.244,0
2024-04-29,Breeze,314648_g163424,KRÜ Esports,100 Thieves,,-0.8,220.957,51.457,0
2024-04-29,Split,314648_g163425,100 Thieves,KRÜ Esports,0.2,0.4,-166.76,-12.721,0
2024-04-29,Sunset,314648_g163423,100 Thieves,KRÜ Esports,,2.0,-175.988,10.246,0
2024-05-01,Bind,318936_g164163,GIANTX,BBL Esports,-0.333,-2.4,164.184,-3.354,1
2024-05-01,Sunset,318936_g164164,BBL Esports,GIANTX,0.667,-1.2,-282.324,-4.124,0
2024-05-01,Icebox,318937_g164166,Karmine Corp,Team Heretics,0.2,-2.6,30.557,-0.931,0
2024-05-01,Lotus,318937_g164167,Karmine Corp,Team Heretics,-0.267,-2.0,63.742,-18.999,1
2024-05-01,Bind,318937_g164168,Team Heretics,Karmine Corp,-0.3,-3.2,-235.265,16.908,1
2024-05-02,Split,318938_g164169,Team Vitality,"Movistar KOI						
							(KOI)",0.6,0.0,756.408,-28.376,0
2024-05-02,Icebox,318938_g164171,"Movistar KOI						
							(KOI)",Team Vitality,-0.333,-0.8,-700.406,2.717,1
2024-05-02,Breeze,318938_g164170,Team Vitality,"Movistar KOI						
							(KOI)",1.0,-2.2,656.189,0.517,1
2024-05-02,Ascent,318939_g164173,FNATIC,Natus Vincere,-0.1,0.2,1674.168,30.546,0
2024-05-02,Bind,318939_g164174,FNATIC,Natus Vincere,0.444,-3.8,1595.224,8.535,0
2024-05-02,Breeze,318939_g164172,FNATIC,Natus Vincere,,-3.8,1578.372,4.104,1
2024-05-03,Split,314650_g163426,Sentinels,FURIA,0.1,6.2,725.079,21.772,1
2024-05-03,Lotus,318940_g164175,Team Liquid,Gentle Mates,0.5,-0.6,176.766,50.259,1
2024-05-03,Icebox,318940_g164176,Team Liquid,Gentle Mates,0.167,-1.4,290.073,-13.845,1
2024-05-03,Icebox,318941_g164179,FUT Esports,BBL Esports,-0.25,1.4,419.51,9.035,1
2024-05-03,Bind,329908_g169325,TALON,Paper Rex,0.3,0.4,-1634.876,14.841,1
2024-05-03,Sunset,329908_g167272,TALON,Paper Rex,-0.667,-0.6,-1568.12,-55.026,0
2024-05-03,Sunset,329907_g167268,T1,Team Secret,-0.3,3.6,-99.45,-43.743,1
2024-05-03,Lotus,329908_g167270,TALON,Paper Rex,0.414,-1.4,-1444.334,-59.573,0
2024-05-03,Icebox,314650_g163427,Sentinels,FURIA,-0.167,6.4,782.271,7.84,1
2024-05-03,Bind,318941_g164178,FUT Esports,BBL Esports,0.35,6.0,379.512,23.316,1
2024-05-03,Lotus,329907_g167267,Team Secret,T1,-0.2,-3.8,204.136,-27.284,0
2024-05-04,Bind,329910_g167278,DRX,Paper Rex,-0.1,-3.6,-534.768,2.603,0
2024-05-04,Ascent,329910_g167277,Paper Rex,DRX,-0.0,7.4,594.768,-2.267,0
2024-05-04,Lotus,329910_g167276,DRX,Paper Rex,0.171,-3.4,-470.166,12.346,0
2024-05-04,Bind,314651_g163430,NRG,100 Thieves,0.0,-1.8,602.884,-24.522,0
2024-05-04,Ascent,314652_g163432,LEVIATÁN,KRÜ Esports,-0.7,4.2,683.657,16.341,1
2024-05-04,Breeze,314652_g163433,KRÜ Esports,LEVIATÁN,-0.333,-5.0,-749.215,-20.403,1
2024-05-04,Lotus,314652_g163434,LEVIATÁN,KRÜ Esports,-0.111,0.2,701.253,34.538,1
2024-05-04,Split,314651_g163429,NRG,100 Thieves,0.271,-3.4,726.146,-45.242,0
2024-05-04,Ascent,329909_g167273,Gen.G,T1,0.029,-3.8,179.391,-17.817,0
2024-05-04,Sunset,329909_g167274,Gen.G,T1,,-4.0,181.246,-41.416,1
2024-05-04,Breeze,329909_g167275,Gen.G,T1,-0.2,0.8,306.149,-40.764,0
2024-05-05,Bind,314654_g163438,LOUD,G2 Esports,0.167,2.6,625.518,-5.909,1
2024-05-05,Ascent,329911_g167281,Gen.G,DRX,0.0,3.6,-221.516,-26.473,1
2024-05-05,Sunset,329911_g167280,DRX,Gen.G,-0.0,-6.2,274.615,-20.869,0
2024-05-05,Bind,329911_g167279,Gen.G,DRX,-0.5,8.4,-323.367,51.588,0
2024-05-05,Sunset,329912_g167283,Paper Rex,T1,0.214,7.8,1438.975,23.056,1
2024-05-05,Icebox,314654_g163439,LOUD,G2 Esports,-0.333,1.4,612.001,10.846,1
2024-05-05,Lotus,329912_g167282,Paper Rex,T1,-0.3,10.6,1325.994,74.294,1
2024-05-05,Icebox,314653_g163435,Cloud9,MIBR,0.25,1.8,897.545,11.774,1
2024-05-05,Sunset,314653_g163436,Cloud9,MIBR,1.0,4.6,937.712,36.841,1
2024-05-08,Icebox,337408_g168976,100 Thieves,LOUD,-0.381,-3.0,-464.454,-13.055,1
2024-05-08,Bind,337408_g168975,LOUD,100 Thieves,0.114,-0.8,460.746,-4.281,0
2024-05-08,Ascent,337407_g168973,Cloud9,G2 Esports,,8.0,36.167,7.998,0
2024-05-08,Lotus,337407_g168972,Cloud9,G2 Esports,0.033,6.2,79.688,3.135,0
2024-05-08,Split,341817_g169378,Team Heretics,Natus Vincere,-0.25,-4.4,-650.041,-14.983,1
2024-05-08,Lotus,341817_g169369,Natus Vincere,Team Heretics,-0.2,3.4,690.389,28.828,0
2024-05-08,Lotus,341816_g169377,Team Liquid,FNATIC,-0.1,-1.4,-1791.882,-10.544,0
2024-05-08,Icebox,341816_g169376,FNATIC,Team Liquid,0.05,-0.6,1779.974,-25.302,0
2024-05-08,Ascent,341816_g169368,FNATIC,Team Liquid,-0.271,-1.4,1772.646,-24.78,1
2024-05-09,Split,341819_g169382,Team Heretics,FUT Esports,0.067,-3.4,-741.067,-33.525,1
2024-05-09,Bind,341818_g169380,Karmine Corp,FNATIC,-0.033,3.0,-1948.812,55.829,0
2024-05-09,Breeze,341818_g169370,FNATIC,Karmine Corp,0.167,-5.8,1972.727,-41.669,1
2024-05-09,Lotus,341819_g169371,FUT Esports,Team Heretics,-0.2,0.2,737.214,36.612,0
2024-05-09,Sunset,337410_g168982,LEVIATÁN,100 Thieves,0.5,-2.6,458.386,-17.996,1
2024-05-09,Icebox,337410_g168983,100 Thieves,LEVIATÁN,-0.167,-0.0,-515.166,76.198,1
2024-05-09,Bind,337410_g168981,100 Thieves,LEVIATÁN,-0.0,-1.8,-578.386,98.163,1
2024-05-09,Ascent,337409_g168979,G2 Esports,KRÜ Esports,0.4,-4.6,-74.801,3.351,1
2024-05-09,Icebox,337409_g168978,KRÜ Esports,G2 Esports,-0.3,3.6,192.088,-18.595,0
2024-05-10,Sunset,341822_g169390,FUT Esports,Karmine Corp,-0.667,-5.6,547.64,16.703,1
2024-05-10,Split,337411_g168986,G2 Esports,100 Thieves,-0.5,-2.0,-380.337,-15.84,0
2024-05-10,Icebox,341822_g169374,Karmine Corp,FUT Esports,0.1,6.8,-442.64,-9.237,0
2024-05-10,Breeze,341820_g169384,Team Heretics,FNATIC,-0.75,5.8,-2063.966,2.564,1
2024-05-10,Lotus,341820_g169372,FNATIC,Team Heretics,0.0,-5.8,2054.005,-9.15,0
2024-05-10,Lotus,337413_g168992,LEVIATÁN,KRÜ Esports,-0.0,0.2,743.595,-12.746,0
2024-05-10,Bind,337411_g168985,G2 Esports,100 Thieves,-0.381,1.6,-350.414,-15.508,1
2024-05-10,Sunset,337413_g168994,KRÜ Esports,LEVIATÁN,0.333,1.2,-560.792,-7.934,0
2024-05-10,Ascent,337411_g168984,100 Thieves,G2 Esports,-0.8,-1.8,224.51,-5.615,1
2024-05-10,Icebox,337413_g168993,LEVIATÁN,KRÜ Esports,0.238,3.0,613.679,-7.36,1
2024-05-11,Split,341823_g169394,FUT Esports,FNATIC,-0.5,-1.4,-1419.124,13.012,0
2024-05-11,Lotus,337414_g168998,LEVIATÁN,G2 Esports,-0.35,-1.2,701.039,-50.332,0
2024-05-11,Ascent,337414_g168999,LEVIATÁN,G2 Esports,-0.556,-0.0,735.012,-45.813,0
2024-05-11,Breeze,341823_g169393,FUT Esports,FNATIC,0.4,-3.4,-1480.125,-0.855,0
2024-05-11,Breeze,337414_g168996,LEVIATÁN,G2 Esports,0.5,0.4,818.542,-1.327,0
2024-05-11,Icebox,341823_g169375,FNATIC,FUT Esports,0.167,3.4,1333.439,15.82,0
2024-05-11,Lotus,329913_g167285,T1,Gen.G,0.2,-8.8,-532.983,-48.965,0
2024-05-11,Icebox,329913_g167286,T1,Gen.G,,-11.4,-715.834,-54.637,0
2024-05-11,Bind,329913_g167287,Gen.G,T1,-0.2,10.4,689.118,81.425,1
2024-05-11,Bind,337414_g168995,LEVIATÁN,G2 Esports,-0.0,-0.2,713.164,44.49,1
2024-05-11,Icebox,337414_g168997,G2 Esports,LEVIATÁN,0.208,1.6,-694.207,-30.41,0
2024-05-11,Bind,341823_g169392,FUT Esports,FNATIC,-0.033,-4.0,-1379.843,3.937,0
2024-05-12,Bind,329914_g167293,Gen.G,Paper Rex,-0.5,2.2,-930.317,15.988,1
2024-05-12,Lotus,329914_g167290,Paper Rex,Gen.G,-0.1,-4.0,907.572,3.456,0
2024-05-12,Icebox,329914_g167292,Gen.G,Paper Rex,-0.1,3.6,-837.734,-30.764,0
2024-05-12,Split,329914_g167294,Gen.G,Paper Rex,0.2,0.4,-797.538,-2.355,0
2024-05-12,Sunset,329914_g167291,Paper Rex,Gen.G,-0.25,0.4,801.694,-14.881,1
2024-05-12,Breeze,337412_g168988,G2 Esports,100 Thieves,-0.5,-1.4,-320.374,-27.284,0
2024-05-12,Sunset,341821_g169373,Team Heretics,FNATIC,,-2.2,-2073.621,24.466,1
2024-05-12,Bind,337412_g168987,G2 Esports,100 Thieves,-0.225,-5.0,-369.386,-6.168,0
2024-05-12,Sunset,337412_g168989,G2 Esports,100 Thieves,,-3.4,-457.863,21.951,0
2024-05-12,Bind,341821_g169386,FNATIC,Team Heretics,0.133,-1.8,1910.655,-26.803,0
2024-05-12,Lotus,341821_g169387,Team Heretics,FNATIC,0.1,2.2,-1840.863,48.332,0
2024-05-12,Breeze,341821_g169389,FNATIC,Team Heretics,0.167,1.6,2002.544,-51.485,1
2024-05-12,Split,341821_g169388,FNATIC,Team Heretics,0.3,1.8,1900.863,-35.462,1
2024-06-15,Icebox,314340_g163239,ZETA DIVISION,DRX,,0.8,-795.009,-6.751,0
2024-06-15,Sunset,314340_g163240,DRX,ZETA DIVISION,-0.0,0.4,912.982,59.151,0
2024-06-15,Breeze,314340_g163241,ZETA DIVISION,DRX,,1.4,-829.805,-129.0,0
2024-06-15,Sunset,314341_g163243,BLEED,Team Secret,-0.667,-1.0,53.633,22.606,0
2024-06-15,Split,314341_g163244,Team Secret,BLEED,-0.714,4.0,53.689,-94.177,1
2024-06-15,Ascent,314341_g163242,Team Secret,BLEED,0.333,6.6,73.152,-89.676,0
2024-06-16,Split,314342_g163245,T1,Gen.G,-0.6,-3.2,-1152.074,-67.242,0
2024-06-16,Lotus,314342_g163246,Gen.G,T1,-0.0,0.4,1128.028,132.776,0
2024-06-16,Sunset,314343_g163249,Paper Rex,TALON,0.778,2.8,2081.868,-30.985,1
2024-06-16,Icebox,314343_g163248,TALON,Paper Rex,-0.1,-4.8,-1920.806,-46.895,0
2024-06-16,Sunset,314342_g163247,T1,Gen.G,-0.267,-0.4,-1061.1,-120.972,0
2024-06-17,Ascent,314345_g163255,Team Secret,Global Esports,0.675,-1.0,66.439,-52.522,1
2024-06-17,Icebox,314344_g163251,DetonatioN FocusMe,Rex Regum Qeon,,-0.6,-620.049,-14.443,0
2024-06-17,Ascent,314344_g163252,DetonatioN FocusMe,Rex Regum Qeon,-0.286,-2.8,-729.757,-74.077,0
2024-06-17,Sunset,314345_g163254,Team Secret,Global Esports,0.714,-2.2,-51.195,-8.701,1
2024-06-18,Split,353153_g173346,KOI,FUT Esports,0.2,-0.4,-410.725,-40.047,0
2024-06-18,Lotus,353153_g173347,KOI,FUT Esports,-0.214,0.8,-515.589,87.995,1
2024-06-18,Sunset,353153_g173348,KOI,FUT Esports,,0.4,-516.484,152.635,0
2024-06-19,Bind,353154_g173350,BBL Esports,FNATIC,-0.5,-3.8,-1256.282,-14.232,1
2024-06-19,Sunset,353155_g173352,Team Heretics,Natus Vincere,0.167,-1.4,-8.329,-13.838,1
2024-06-19,Lotus,353154_g173351,FNATIC,BBL Esports,0.6,3.0,1184.06,-100.748,1
2024-06-19,Bind,353155_g173353,Team Heretics,Natus Vincere,0.35,1.6,57.195,68.356,1
2024-06-19,Ascent,353154_g173349,FNATIC,BBL Esports,-0.071,2.2,1228.034,-191.927,1
2024-06-20,Lotus,353156_g173355,Team Liquid,Team Vitality,0.125,-2.2,-141.12,7.364,0
2024-06-20,Split,353157_g173358,Gentle Mates,GIANTX,-0.0,1.8,-535.729,-7.726,1
2024-06-20,Sunset,353157_g173359,Gentle Mates,GIANTX,0.667,5.4,-305.928,-0.68,0
2024-06-20,Breeze,353157_g173360,Gentle Mates,GIANTX,-0.333,-0.6,-414.998,31.643,0
2024-06-20,Icebox,353156_g173356,Team Vitality,Team Liquid,-0.3,4.4,246.12,-14.18,1
2024-06-21,Sunset,353159_g173365,Karmine Corp,BBL Esports,-0.0,3.2,42.581,23.877,1
2024-06-21,Lotus,353159_g173364,BBL Esports,Karmine Corp,-0.5,-1.4,8.64,-25.321,0
2024-06-21,Ascent,353158_g173361,Natus Vincere,FUT Esports,0.075,-3.0,92.094,94.795,0
2024-06-21,Lotus,353158_g173362,FUT Esports,Natus Vincere,0.2,5.2,-56.938,-26.965,1
2024-06-22,Icebox,353177_g173416,LEVIATÁN,MIBR,0.467,3.0,1623.311,40.042,1
2024-06-22,Ascent,353177_g173415,LEVIATÁN,MIBR,0.1,3.6,1689.335,-9.747,1
2024-06-22,Icebox,314347_g163262,DRX,Paper Rex,0.333,-7.4,-835.849,30.016,0
2024-06-22,Sunset,353178_g173419,Sentinels,NRG,0.167,5.6,5.233,16.485,1
2024-06-22,Lotus,353178_g173418,Sentinels,NRG,0.144,5.4,-63.892,108.63,1
2024-06-22,Ascent,314346_g163258,Rex Regum Qeon,TALON,0.167,5.0,684.154,103.895,1
2024-06-22,Icebox,314346_g163259,TALON,Rex Regum Qeon,-0.4,-5.4,-642.715,-130.993,1
2024-06-22,Lotus,314346_g163257,TALON,Rex Regum Qeon,0.292,-2.4,-740.499,-87.665,1
2024-06-22,Split,314347_g163260,Paper Rex,DRX,-0.2,5.0,704.589,24.122,1
2024-06-22,Haven,314347_g163261,Paper Rex,DRX,0.5,2.6,806.639,39.713,0
2024-06-23,Haven,353179_g173422,FURIA,100 Thieves,-0.5,-8.8,-923.506,-48.939,1
2024-06-23,Icebox,353180_g173426,LOUD,Evil Geniuses,0.625,-1.6,953.01,6.349,0
2024-06-23,Lotus,314348_g163263,Global Esports,BLEED,0.25,3.4,150.151,0.028,1
2024-06-23,Sunset,314348_g163264,Global Esports,BLEED,0.0,3.4,253.673,24.339,1
2024-06-23,Icebox,353179_g173421,100 Thieves,FURIA,0.2,11.8,995.291,47.838,0
2024-06-23,Sunset,314349_g163267,DetonatioN FocusMe,ZETA DIVISION,-0.1,-0.4,-501.564,17.342,1
2024-06-23,Haven,314349_g163266,DetonatioN FocusMe,ZETA DIVISION,-0.333,-3.6,-459.046,-32.373,0
2024-06-23,Sunset,353180_g173425,Evil Geniuses,LOUD,0.267,3.0,-1028.01,17.393,1
2024-06-23,Lotus,353180_g173424,LOUD,Evil Geniuses,-0.025,-4.8,1016.165,-3.108,1
2024-06-23,Ascent,314349_g163268,ZETA DIVISION,DetonatioN FocusMe,0.275,2.6,482.433,38.701,0
2024-06-24,Sunset,314350_g163270,Rex Regum Qeon,DRX,,3.4,-487.716,7.676,1
2024-06-24,Haven,314351_g163272,Team Secret,T1,0.222,2.6,394.49,61.71,0
2024-06-24,Split,314351_g163273,Team Secret,T1,0.375,-0.8,324.221,43.192,1
2024-06-24,Ascent,353181_g173427,Cloud9,G2 Esports,-0.15,6.6,69.936,22.536,0
2024-06-24,Icebox,353181_g173428,Cloud9,G2 Esports,-0.048,6.0,103.846,51.977,1
2024-06-24,Lotus,353181_g173429,G2 Esports,Cloud9,0.2,-4.8,-197.06,-74.854,1
2024-06-24,Split,314350_g163269,Rex Regum Qeon,DRX,-0.171,0.2,-607.354,25.345,1
2024-06-24,Icebox,314351_g163274,Team Secret,T1,0.4,-1.4,452.38,-1.154,1
2024-06-25,Sunset,353202_g173490,GIANTX,KOI,0.5,4.4,550.856,-73.692,0
2024-06-25,Icebox,353202_g173491,KOI,GIANTX,,-1.8,-387.965,58.427,1
2024-06-26,Split,353161_g173371,FUT Esports,Team Heretics,-0.029,3.4,-176.026,-115.28,0
2024-06-26,Lotus,353160_g173369,Team Vitality,FNATIC,-0.156,2.6,-797.014,191.746,0
2024-06-26,Sunset,353161_g173370,FUT Esports,Team Heretics,-0.048,2.8,-199.364,-138.888,0
2024-06-26,Haven,353160_g173367,Team Vitality,FNATIC,-0.3,-0.8,-821.967,141.278,0
2024-06-26,Icebox,353160_g173368,FNATIC,Team Vitality,-0.029,-1.0,924.015,-22.168,0
2024-06-27,Lotus,353162_g173373,BBL Esports,Team Liquid,-0.4,1.6,-114.658,11.357,1
2024-06-27,Lotus,353163_g173376,Natus Vincere,GIANTX,-0.7,-4.8,204.716,-0.609,0
2024-06-27,Ascent,353163_g173377,Natus Vincere,GIANTX,0.6,-8.4,46.576,-2.282,0
2024-06-27,Ascent,353162_g173374,Team Liquid,BBL Esports,0.1,-3.6,40.203,-9.634,0
2024-06-28,Lotus,353165_g173383,FNATIC,Karmine Corp,0.1,-2.4,1323.917,13.232,1
2024-06-28,Haven,353165_g173382,FNATIC,Karmine Corp,0.55,-2.0,1211.003,31.425,1
2024-06-28,Sunset,353164_g173379,Gentle Mates,KOI,0.167,1.4,20.93,4.623,1
2024-06-28,Split,353164_g173380,Gentle Mates,KOI,0.1,2.0,46.546,-13.91,1
2024-06-29,Sunset,314353_g163279,Rex Regum Qeon,ZETA DIVISION,0.5,0.4,443.585,11.729,1
2024-06-29,Bind,353182_g173430,FURIA,Evil Geniuses,-0.389,-9.4,-67.538,-2.054,0
2024-06-29,Lotus,314352_g163275,TALON,DetonatioN FocusMe,0.567,-0.8,49.404,21.556,1
2024-06-29,Split,353183_g173434,Sentinels,KRÜ Esports,0.2,5.0,300.773,27.18,1
2024-06-29,Lotus,353183_g173433,KRÜ Esports,Sentinels,-0.2,-5.0,-341.808,-32.727,0
2024-06-29,Lotus,353182_g173431,FURIA,Evil Geniuses,-0.4,-10.4,-200.378,-13.271,0
2024-06-29,Split,314353_g163278,ZETA DIVISION,Rex Regum Qeon,0.1,-3.4,-396.402,-46.932,0
2024-06-29,Sunset,314352_g163276,DetonatioN FocusMe,TALON,0.667,-2.4,-159.25,6.865,0
2024-06-30,Haven,353185_g173440,LEVIATÁN,100 Thieves,-0.417,-3.8,347.19,-24.622,1
2024-06-30,Bind,353185_g173439,LEVIATÁN,100 Thieves,-0.067,1.8,301.667,8.978,1
2024-06-30,Sunset,314355_g163285,Gen.G,BLEED,0.75,0.8,1057.21,108.383,0
2024-06-30,Ascent,314355_g163284,Gen.G,BLEED,-0.05,-1.6,1014.921,90.674,1
2024-06-30,Lotus,314354_g163282,T1,Global Esports,0.044,-1.4,-525.7,10.914,1
2024-06-30,Icebox,314354_g163281,Global Esports,T1,0.833,2.0,530.311,37.405,1
2024-06-30,Sunset,353184_g173438,MIBR,LOUD,-0.333,3.0,-1458.407,46.495,0
2024-06-30,Ascent,353184_g173436,LOUD,MIBR,0.3,-1.6,1348.189,-52.017,1
2024-06-30,Lotus,353184_g173437,LOUD,MIBR,0.016,-0.6,1522.893,-50.672,0
2024-06-30,Icebox,314355_g163286,Gen.G,BLEED,0.333,-0.2,933.172,29.821,1
2024-06-30,Ascent,314354_g163283,T1,Global Esports,0.458,0.2,-415.53,-74.246,1
2024-07-01,Haven,353187_g173445,Cloud9,Sentinels,0.4,-2.2,-569.9,-40.143,0
2024-07-01,Haven,314357_g163291,TALON,DRX,-0.25,4.6,-1067.92,49.364,0
2024-07-01,Bind,353186_g173443,G2 Esports,NRG,-0.067,3.6,-498.252,24.785,1
2024-07-01,Sunset,314356_g163288,DetonatioN FocusMe,Paper Rex,-0.3,-3.0,-2358.536,-16.65,0
2024-07-01,Icebox,314356_g163287,Paper Rex,DetonatioN FocusMe,0.714,1.8,2255.231,64.703,1
2024-07-01,Haven,353186_g173442,NRG,G2 Esports,,-2.6,554.148,-46.84,0
2024-07-01,Split,353187_g173446,Sentinels,Cloud9,-0.233,2.2,686.339,31.671,1
2024-07-01,Icebox,314357_g163292,DRX,TALON,0.0,-2.8,1099.165,-72.589,1
2024-07-01,Ascent,314357_g163290,TALON,DRX,-0.214,1.2,-1136.029,58.174,1
2024-07-02,Sunset,353188_g173449,Evil Geniuses,LEVIATÁN,0.0,2.0,-1237.3,-13.88,0
2024-07-02,Haven,353189_g173451,LOUD,FURIA,0.429,3.6,1161.798,21.492,1
2024-07-02,Icebox,353188_g173448,Evil Geniuses,LEVIATÁN,-0.367,-0.8,-1112.34,18.068,0
2024-07-02,Bind,353189_g173453,FURIA,LOUD,-0.482,-1.8,-1115.984,-53.393,1
2024-07-02,Icebox,353189_g173452,LOUD,FURIA,0.056,1.0,1108.098,31.857,0
2024-07-03,Split,353190_g173455,100 Thieves,MIBR,0.356,0.6,1383.648,22.286,1
2024-07-03,Sunset,353167_g173388,FUT Esports,Gentle Mates,-0.25,2.8,457.356,23.172,1
2024-07-03,Haven,353166_g173387,Team Heretics,GIANTX,,0.6,301.907,148.276,1
2024-07-03,Split,353166_g173386,GIANTX,Team Heretics,-0.5,-1.0,-287.417,-29.354,1
2024-07-03,Bind,353166_g173385,GIANTX,Team Heretics,-0.3,1.4,-233.738,14.639,0
2024-07-03,Sunset,353191_g173459,NRG,KRÜ Esports,-0.417,-2.4,247.975,-95.587,1
2024-07-03,Ascent,353191_g173458,KRÜ Esports,NRG,0.167,-2.0,-131.753,4.532,0
2024-07-03,Split,353191_g173457,KRÜ Esports,NRG,-0.3,-4.0,-156.759,24.151,1
2024-07-03,Split,353167_g173389,FUT Esports,Gentle Mates,-0.267,2.6,482.015,18.702,1
2024-07-03,Icebox,353190_g173454,100 Thieves,MIBR,0.333,-0.8,1348.882,0.108,1
2024-07-04,Split,353168_g173391,Natus Vincere,KOI,0.067,-0.2,450.042,-65.887,0
2024-07-04,Bind,353169_g173394,Karmine Corp,Team Liquid,0.143,4.0,73.154,54.561,0
2024-07-04,Sunset,353169_g173395,Karmine Corp,Team Liquid,0.6,5.6,33.618,60.334,0
2024-07-04,Icebox,353168_g173392,Natus Vincere,KOI,-1.0,0.8,487.357,-58.823,0
2024-07-05,Ascent,314359_g163297,Global Esports,Gen.G,-0.557,-0.2,-908.581,41.592,0
2024-07-05,Lotus,314359_g163296,Global Esports,Gen.G,-0.1,-1.2,-735.079,-32.22,0
2024-07-05,Sunset,314358_g163295,Rex Regum Qeon,Paper Rex,0.2,-1.6,-1413.941,-15.28,0
2024-07-05,Ascent,314358_g163294,Rex Regum Qeon,Paper Rex,0.056,-4.4,-1478.962,-14.346,1
2024-07-05,Lotus,314358_g163293,Rex Regum Qeon,Paper Rex,-0.114,-4.2,-1413.247,2.115,0
2024-07-05,Icebox,353171_g173401,Gentle Mates,Team Heretics,-0.167,3.4,-908.775,-20.197,1
2024-07-05,Sunset,353171_g173400,Team Heretics,Gentle Mates,0.15,-2.4,857.672,36.708,1
2024-07-05,Lotus,353170_g173399,Team Vitality,BBL Esports,0.2,-1.0,260.971,32.224,1
2024-07-05,Sunset,353170_g173398,Team Vitality,BBL Esports,0.1,-2.4,395.152,-21.776,0
2024-07-05,Ascent,353170_g173397,BBL Esports,Team Vitality,0.356,8.0,-397.52,27.588,0
2024-07-05,Lotus,353171_g173402,Gentle Mates,Team Heretics,-0.6,0.4,-848.775,-24.646,0
2024-07-06,Lotus,314361_g163303,ZETA DIVISION,TALON,0.05,-3.0,325.66,-22.154,0
2024-07-06,Icebox,314360_g163299,DRX,DetonatioN FocusMe,0.667,1.8,1280.079,-2.453,1
2024-07-06,Haven,314360_g178343,DetonatioN FocusMe,DRX,-0.5,-4.8,-1149.649,-6.322,0
2024-07-06,Ascent,314361_g163302,ZETA DIVISION,TALON,-0.075,-3.0,261.574,3.306,1
2024-07-06,Haven,314361_g163304,TALON,ZETA DIVISION,-0.2,0.4,-256.966,3.292,0
2024-07-06,Ascent,314360_g163300,DetonatioN FocusMe,DRX,-0.178,-6.4,-1305.815,16.216,1
2024-07-06,Lotus,353192_g173460,KRÜ Esports,G2 Esports,-0.233,-4.2,205.296,4.706,1
2024-07-06,Ascent,353192_g173461,G2 Esports,KRÜ Esports,0.4,3.2,-318.801,24.502,1
2024-07-06,Split,353192_g173462,G2 Esports,KRÜ Esports,-0.5,2.0,-394.274,17.589,1
2024-07-06,Lotus,353193_g173463,LEVIATÁN,LOUD,-0.0,3.2,438.029,21.68,1
2024-07-06,Icebox,353193_g173464,LEVIATÁN,LOUD,0.3,4.4,465.76,52.128,1
2024-07-07,Lotus,314362_g163306,Team Secret,Gen.G,-0.4,-1.4,-666.11,27.614,0
2024-07-07,Sunset,353194_g173466,MIBR,FURIA,,1.0,-454.99,5.612,0
2024-07-07,Split,314362_g163307,Team Secret,Gen.G,-0.156,-1.8,-705.451,7.548,1
2024-07-07,Icebox,353194_g173467,FURIA,MIBR,0.429,1.4,498.346,40.389,1
2024-07-07,Ascent,353195_g173469,Cloud9,NRG,0.1,-4.0,-554.417,5.349,0
2024-07-07,Sunset,314362_g163305,Gen.G,Team Secret,-0.15,2.2,746.427,27.833,0
2024-07-07,Sunset,353195_g173471,Cloud9,NRG,0.6,-5.8,-704.841,-27.821,1
2024-07-07,Ascent,314363_g163308,ZETA DIVISION,Paper Rex,-0.2,-2.8,-1885.133,-3.155,1
2024-07-07,Lotus,314363_g163309,ZETA DIVISION,Paper Rex,0.167,-2.8,-1808.093,-13.704,0
2024-07-07,Sunset,314363_g163310,Paper Rex,ZETA DIVISION,0.371,4.8,1905.203,-11.165,1
2024-07-07,Icebox,353195_g173470,Cloud9,NRG,0.25,-7.4,-677.018,-81.701,1
2024-07-08,Ascent,314364_g163313,BLEED,T1,-0.067,-2.4,17.012,37.837,0
2024-07-08,Lotus,314364_g163312,T1,BLEED,0.4,2.8,8.502,1.357,0
2024-07-08,Lotus,353196_g173472,100 Thieves,Evil Geniuses,-0.167,-3.0,884.562,-72.127,1
2024-07-08,Bind,314364_g163311,BLEED,T1,-0.2,-1.4,59.19,-43.625,0
2024-07-08,Ascent,353196_g173474,Evil Geniuses,100 Thieves,0.467,-1.4,-902.235,11.157,0
2024-07-08,Bind,353196_g173473,Evil Geniuses,100 Thieves,0.0,-6.0,-974.471,-20.812,1
2024-07-09,Split,353172_g173403,GIANTX,FUT Esports,-0.067,0.6,-11.262,67.058,0
2024-07-09,Lotus,353172_g173404,FUT Esports,GIANTX,-0.4,1.0,134.43,-39.678,1
2024-07-10,Bind,353173_g173407,KOI,Team Heretics,-0.833,-5.6,-955.807,-20.38,0
2024-07-10,Haven,353173_g173408,Team Heretics,KOI,-0.083,8.8,985.807,28.789,1
2024-07-10,Icebox,353174_g173409,Team Liquid,FNATIC,0.167,-5.0,-1312.155,-61.663,0
2024-07-10,Haven,353174_g173410,FNATIC,Team Liquid,0.514,5.0,1495.461,31.181,1
2024-07-10,Icebox,353173_g173406,KOI,Team Heretics,0.571,-6.6,-1013.514,-19.311,1
2024-07-11,Ascent,353175_g173413,Gentle Mates,Natus Vincere,0.5,-2.4,-474.482,24.73,1
2024-07-11,Split,353175_g173414,Gentle Mates,Natus Vincere,0.1,-6.2,-438.804,4.53,0
2024-07-11,Lotus,353203_g173494,Karmine Corp,Team Vitality,0.1,-0.0,-537.008,3.764,1
2024-07-11,Sunset,353203_g173495,Team Vitality,Karmine Corp,-0.1,0.8,482.439,57.576,1
2024-07-11,Sunset,353175_g173412,Gentle Mates,Natus Vincere,0.167,-9.2,-503.391,-9.555,0
2024-07-11,Icebox,353203_g173493,Team Vitality,Karmine Corp,0.238,-3.2,396.319,68.913,1
2024-07-12,Haven,365316_g176169,Gen.G,Rex Regum Qeon,-0.048,3.4,676.567,32.655,1
2024-07-12,Split,353197_g173476,Cloud9,KRÜ Esports,0.214,-2.0,-427.774,-27.266,0
2024-07-12,Icebox,353197_g173475,Cloud9,KRÜ Esports,0.55,-0.2,-310.545,-48.143,0
2024-07-12,Bind,365316_g176170,Rex Regum Qeon,Gen.G,-0.333,-5.4,-721.567,-47.93,0
2024-07-12,Lotus,365317_g176172,TALON,Team Secret,0.4,-3.4,-617.869,-8.121,1
2024-07-12,Abyss,365317_g176173,Team Secret,TALON,,2.0,588.147,-11.046,0
2024-07-13,Lotus,353198_g173479,Evil Geniuses,MIBR,-0.1,-3.8,595.363,-11.113,0
2024-07-13,Bind,353198_g173478,MIBR,Evil Geniuses,-0.7,6.0,-591.764,8.306,1
2024-07-13,Sunset,353199_g173481,LEVIATÁN,FURIA,-0.2,0.6,1484.077,14.388,1
2024-07-13,Icebox,365318_g176176,Paper Rex,Gen.G,0.321,2.0,696.443,-19.716,0
2024-07-13,Ascent,365318_g176175,Paper Rex,Gen.G,-0.3,-0.4,832.263,-31.116,0
2024-07-13,Abyss,365319_g176179,TALON,DRX,,-3.4,-996.68,13.286,0
2024-07-13,Ascent,365319_g176178,TALON,DRX,-0.067,-6.8,-1042.268,26.343,0
2024-07-13,Icebox,353199_g173482,LEVIATÁN,FURIA,0.175,-0.8,1503.274,7.496,1
2024-07-14,Haven,365320_g176181,Gen.G,DRX,0.1,1.0,454.829,31.02,1
2024-07-14,Sunset,365320_g176182,DRX,Gen.G,-0.25,-2.4,-483.285,-36.073,1
2024-07-14,Bind,365320_g176183,DRX,Gen.G,0.171,-2.4,-504.726,-52.713,0
2024-07-14,Lotus,353201_g173488,Sentinels,G2 Esports,0.086,1.8,568.395,48.95,0
2024-07-14,Bind,353200_g173485,100 Thieves,LOUD,0.044,1.4,162.595,35.941,0
2024-07-14,Ascent,353200_g173484,LOUD,100 Thieves,-0.029,-1.2,-21.643,-60.742,0
2024-07-14,Ascent,365322_g176189,Paper Rex,TALON,0.1,3.6,2055.259,-10.367,1
2024-07-14,Sunset,365322_g176190,TALON,Paper Rex,-0.55,-3.8,-2227.755,14.473,0
2024-07-14,Lotus,353200_g173486,LOUD,100 Thieves,-0.1,-4.8,-128.009,-26.035,1
2024-07-14,Bind,353201_g173487,G2 Esports,Sentinels,-0.429,-0.4,-775.851,6.11,1
2024-07-15,Ascent,371278_g178849,Team Vitality,Natus Vincere,-0.067,-4.6,166.357,-16.577,1
2024-07-15,Sunset,371278_g178848,Team Vitality,Natus Vincere,0.0,-3.0,23.16,4.291,1
2024-07-15,Icebox,371279_g178850,Karmine Corp,FNATIC,-0.181,-1.4,-1672.247,-79.37,1
2024-07-15,Sunset,371279_g178851,FNATIC,Karmine Corp,-0.429,2.8,1606.894,75.414,1
2024-07-15,Haven,371278_g178847,Natus Vincere,Team Vitality,-0.429,1.2,-77.2,19.876,1
2024-07-15,Lotus,371279_g178852,FNATIC,Karmine Corp,0.0,-0.8,1610.304,47.096,1
2024-07-16,Bind,371280_g178855,Team Heretics,Team Vitality,0.857,4.2,348.395,31.258,0
2024-07-16,Icebox,371280_g178853,Team Heretics,Team Vitality,-0.339,0.2,360.076,-1.92,1
2024-07-16,Sunset,371281_g178856,FNATIC,FUT Esports,-0.1,-1.0,1015.708,7.238,1
2024-07-16,Haven,371281_g178857,FUT Esports,FNATIC,-0.244,3.8,-907.606,38.873,0
2024-07-16,Sunset,371280_g178854,Team Vitality,Team Heretics,-0.206,0.8,-383.813,16.657,1
2024-07-17,Ascent,371267_g178823,Sentinels,100 Thieves,0.1,-3.6,-374.811,6.551,0
2024-07-17,Sunset,371284_g178868,FUT Esports,Team Heretics,-0.2,1.2,-320.401,50.31,0
2024-07-17,Abyss,371284_g178867,Team Heretics,FUT Esports,,0.4,268.021,-26.892,1
2024-07-17,Sunset,371282_g178860,FNATIC,Team Vitality,0.042,-2.4,1159.24,-50.089,1
2024-07-17,Lotus,371282_g178859,FNATIC,Team Vitality,0.3,0.4,1058.686,-7.582,1
2024-07-17,Haven,371266_g178821,Cloud9,KRÜ Esports,-0.0,-2.8,-440.658,-36.363,0
2024-07-17,Lotus,371266_g178820,Cloud9,KRÜ Esports,-0.2,-3.0,-413.498,-21.507,1
2024-07-17,Abyss,371266_g178819,Cloud9,KRÜ Esports,,-3.0,-428.473,-12.806,0
2024-07-17,Haven,371267_g178822,100 Thieves,Sentinels,0.267,2.8,243.146,37.769,1
2024-07-18,Icebox,371268_g178825,LEVIATÁN,KRÜ Esports,0.4,-1.4,948.131,41.497,1
2024-07-18,Sunset,371268_g178826,LEVIATÁN,KRÜ Esports,0.333,0.0,1117.061,10.511,1
2024-07-18,Lotus,371269_g178828,100 Thieves,G2 Esports,-0.35,3.0,765.258,-8.713,0
2024-07-18,Abyss,371269_g178829,100 Thieves,G2 Esports,,-0.6,639.009,-23.761,0
2024-07-19,Haven,371285_g178873,Team Heretics,Team Vitality,0.025,2.4,265.369,-25.324,0
2024-07-19,Icebox,371272_g178839,KRÜ Esports,100 Thieves,-0.238,-2.0,-474.619,17.838,0
2024-07-19,Bind,371270_g178832,LEVIATÁN,G2 Esports,0.167,-1.0,1441.489,5.808,0
2024-07-19,Lotus,371272_g178840,KRÜ Esports,100 Thieves,0.267,-2.4,-507.494,11.111,1
2024-07-19,Ascent,371272_g178841,100 Thieves,KRÜ Esports,0.156,1.4,452.598,15.249,0
2024-07-19,Icebox,371285_g178870,Team Vitality,Team Heretics,0.181,-7.2,-379.14,33.079,0
2024-07-19,Sunset,371285_g178871,Team Vitality,Team Heretics,-0.144,-8.0,-437.001,6.274,1
2024-07-19,Lotus,371285_g178872,Team Vitality,Team Heretics,-0.2,-4.8,-320.811,-37.319,1
2024-07-19,Icebox,371270_g178831,LEVIATÁN,G2 Esports,0.175,0.8,1404.3,43.632,0
2024-07-20,Ascent,371283_g178863,Team Vitality,FNATIC,-0.127,-3.6,-1225.705,-30.802,1
2024-07-20,Lotus,371283_g178864,FNATIC,Team Vitality,0.4,1.8,1115.186,53.329,1
2024-07-20,Bind,371283_g178865,Team Vitality,FNATIC,-0.35,-3.0,-1151.094,-23.717,0
2024-07-20,Haven,371283_g178862,FNATIC,Team Vitality,0.356,2.8,1107.374,-3.04,1
2024-07-20,Icebox,365323_g176195,DRX,Paper Rex,0.083,0.8,-1304.982,-1.267,1
2024-07-20,Bind,365323_g176194,DRX,Paper Rex,0.0,1.2,-1369.871,-44.732,1
2024-07-20,Icebox,371273_g178842,LEVIATÁN,KRÜ Esports,0.414,8.8,1292.634,111.176,1
2024-07-20,Haven,371273_g178843,LEVIATÁN,KRÜ Esports,-0.071,10.4,1471.601,59.632,0
2024-07-20,Sunset,371273_g178844,LEVIATÁN,KRÜ Esports,0.457,7.2,1482.983,51.111,0
2024-07-20,Abyss,371273_g178845,KRÜ Esports,LEVIATÁN,,-4.6,-1359.651,-51.219,0
2024-07-20,Ascent,371273_g178846,LEVIATÁN,KRÜ Esports,-0.3,8.2,1471.324,38.646,1
2024-07-20,Lotus,365323_g176193,Paper Rex,DRX,0.1,-0.6,1240.112,77.988,1
2024-07-20,Abyss,365323_g176192,Paper Rex,DRX,,3.6,1203.608,69.696,1
2024-07-20,Ascent,365323_g176196,Paper Rex,DRX,-0.0,3.0,1303.256,9.67,0
2024-07-21,Icebox,365321_g176187,Gen.G,DRX,-0.3,2.8,701.828,32.044,1
2024-07-21,Lotus,365321_g176186,Gen.G,DRX,0.356,5.8,642.445,58.884,1
2024-07-21,Ascent,371271_g178837,G2 Esports,LEVIATÁN,0.533,-2.4,-1671.335,28.395,0
2024-07-21,Bind,365321_g176185,Gen.G,DRX,-0.2,7.0,439.756,35.7,1
2024-07-21,Bind,371271_g178836,LEVIATÁN,G2 Esports,0.016,2.2,1677.554,12.376,0
2024-07-21,Haven,371271_g178835,G2 Esports,LEVIATÁN,0.625,-1.6,-1647.554,-40.461,0
2024-07-21,Lotus,371271_g178834,G2 Esports,LEVIATÁN,0.278,-5.2,-1602.554,-41.951,0
2024-07-21,Haven,365321_g176184,DRX,Gen.G,-0.1,-10.8,-576.379,15.003,1
2024-08-01,Lotus,378663_g180374,Team Heretics,FunPlus Phoenix,0.6,-2.2,71.336,1.667,1
2024-08-01,Bind,378663_g180373,Team Heretics,FunPlus Phoenix,0.75,-4.0,124.089,-98.595,0
2024-08-01,Abyss,378663_g180372,FunPlus Phoenix,Team Heretics,,5.4,-151.802,171.597,0
2024-08-01,Ascent,378662_g180370,Gen.G,Sentinels,0.3,10.4,894.245,47.524,1
2024-08-01,Haven,378662_g180369,Sentinels,Gen.G,-0.35,-9.8,-864.245,-68.404,0
2024-08-02,Haven,378657_g180357,DRX,KRÜ Esports,0.1,1.0,265.882,29.619,0
2024-08-02,Abyss,378657_g180358,DRX,KRÜ Esports,0.0,-6.6,144.286,-11.264,1
2024-08-02,Bind,378657_g180359,DRX,KRÜ Esports,0.033,-2.4,195.264,-49.889,1
2024-08-02,Bind,378656_g180354,FNATIC,Bilibili Gaming,0.1,2.8,998.918,32.217,1
2024-08-02,Lotus,378656_g180355,FNATIC,Bilibili Gaming,0.467,-1.4,961.959,-128.617,1
2024-08-03,Bind,378669_g180389,Team Vitality,Trace Esports,,,300.312,15.744,0
2024-08-03,Ascent,378669_g180387,Trace Esports,Team Vitality,,8.6,-264.352,0.42,1
2024-08-03,Ascent,378667_g180385,TALON,LEVIATÁN,-0.1,-4.0,-2330.366,-22.916,0
2024-08-03,Bind,378667_g180384,TALON,LEVIATÁN,0.5,-6.6,-2405.408,-22.657,0
2024-08-03,Sunset,378669_g180388,Team Vitality,Trace Esports,,-10.2,194.292,-44.872,1
2024-08-04,Lotus,378674_g180403,G2 Esports,Paper Rex,0.0,-2.6,-1483.547,11.145,1
2024-08-04,Lotus,378673_g180399,EDward Gaming,FUT Esports,-0.267,-2.2,799.976,-36.462,1
2024-08-04,Icebox,378674_g180402,Paper Rex,G2 Esports,-0.067,-0.2,1645.661,-38.51,0
2024-08-04,Bind,378673_g180400,FUT Esports,EDward Gaming,-0.429,1.8,-823.923,-121.404,0
2024-08-06,Abyss,378664_g180375,Gen.G,Team Heretics,,6.4,802.092,76.046,1
2024-08-06,Bind,378664_g180377,Team Heretics,Gen.G,0.111,-6.2,-751.051,-102.466,1
2024-08-06,Lotus,378664_g180376,Gen.G,Team Heretics,0.1,2.2,781.518,65.436,0
2024-08-06,Lotus,378658_g180361,DRX,FNATIC,-0.5,-5.4,-1234.517,-91.836,1
2024-08-06,Abyss,378658_g180360,DRX,FNATIC,,0.2,-1269.4,-57.651,1
2024-08-07,Bind,378670_g180390,Trace Esports,LEVIATÁN,0.444,-0.6,-1706.698,12.595,1
2024-08-07,Sunset,378670_g180391,Trace Esports,LEVIATÁN,-0.75,-2.35,-1704.723,-1.094,0
2024-08-07,Ascent,378670_g180392,Trace Esports,LEVIATÁN,0.5,-4.6,-1819.358,-7.95,1
2024-08-07,Haven,378675_g180406,EDward Gaming,G2 Esports,0.1,-4.4,979.069,194.4,0
2024-08-07,Bind,378675_g180407,G2 Esports,EDward Gaming,-0.4,5.8,-908.327,-224.777,1
2024-08-07,Icebox,378675_g180405,EDward Gaming,G2 Esports,-0.2,-2.0,923.127,145.105,1
2024-08-08,Lotus,378665_g180379,FunPlus Phoenix,Sentinels,-0.7,5.8,129.2,203.584,0
2024-08-08,Bind,378665_g180378,FunPlus Phoenix,Sentinels,-0.25,1.2,177.585,98.787,0
2024-08-08,Lotus,378659_g180363,KRÜ Esports,Bilibili Gaming,0.35,-3.2,-457.049,-237.564,1
2024-08-08,Icebox,378659_g180364,Bilibili Gaming,KRÜ Esports,,2.0,388.769,224.389,0
2024-08-09,Lotus,378671_g180393,Team Vitality,TALON,-0.4,-1.0,894.081,-6.505,1
2024-08-09,Sunset,378671_g180394,Team Vitality,TALON,0.5,-1.2,879.081,-6.047,1
2024-08-09,Sunset,378676_g180408,Paper Rex,FUT Esports,0.471,-1.2,1284.008,27.326,1
2024-08-09,Bind,378676_g180409,FUT Esports,Paper Rex,0.0,6.6,-1239.008,12.524,0
2024-08-10,Haven,378660_g180367,FNATIC,KRÜ Esports,0.233,-2.6,1456.4,50.792,1
2024-08-10,Lotus,378660_g180368,FNATIC,KRÜ Esports,0.2,1.0,1639.999,14.625,1
2024-08-10,Lotus,378666_g180381,Gen.G,Sentinels,0.1,2.8,902.402,44.597,0
2024-08-10,Sunset,378660_g180366,KRÜ Esports,FNATIC,-0.25,-0.4,-1457.097,-26.614,1
2024-08-10,Icebox,378666_g180382,Gen.G,Sentinels,0.127,-0.8,827.062,8.77,0
2024-08-11,Icebox,378672_g180396,Team Vitality,LEVIATÁN,-0.244,-1.6,-1482.17,-36.084,0
2024-08-11,Sunset,378672_g180397,LEVIATÁN,Team Vitality,0.078,-1.0,1489.848,4.355,1
2024-08-11,Icebox,378677_g180411,EDward Gaming,Paper Rex,0.067,3.6,-456.688,49.596,0
2024-08-11,Sunset,378677_g180412,Paper Rex,EDward Gaming,1.0,-2.4,506.25,-23.011,0
2024-08-11,Lotus,378677_g180413,Paper Rex,EDward Gaming,0.2,-5.4,403.768,-15.811,0
2024-08-14,Sunset,378822_g180414,DRX,Sentinels,-0.2,-1.4,-30.265,0.539,0
2024-08-14,Haven,378822_g180415,Sentinels,DRX,-0.4,-0.2,65.956,2.852,1
2024-08-14,Bind,378823_g180417,EDward Gaming,Trace Esports,-0.143,5.6,1110.51,21.463,1
2024-08-14,Sunset,378823_g180418,Trace Esports,EDward Gaming,-0.333,-6.4,-1167.854,-33.775,0
2024-08-15,Abyss,378825_g180424,FNATIC,Team Heretics,-0.667,1.6,1002.193,19.525,0
2024-08-15,Icebox,378824_g180420,LEVIATÁN,G2 Esports,0.3,0.4,1725.442,-28.224,1
2024-08-15,Abyss,378824_g180421,LEVIATÁN,G2 Esports,-0.0,1.4,1759.498,-18.189,1
2024-08-15,Lotus,378825_g180423,Team Heretics,FNATIC,-0.2,-3.8,-1208.85,17.764,1
2024-08-16,Bind,378832_g180444,FNATIC,G2 Esports,-0.1,2.2,1740.072,1.037,1
2024-08-16,Abyss,378831_g180441,DRX,Trace Esports,,1.8,495.348,21.783,1
2024-08-16,Lotus,378831_g180440,DRX,Trace Esports,,1.4,351.166,23.709,1
2024-08-16,Haven,378832_g180443,G2 Esports,FNATIC,-0.233,-1.4,-1631.822,-31.154,0
2024-08-17,Haven,378826_g180426,Sentinels,EDward Gaming,-0.167,-3.6,-720.354,2.721,1
2024-08-17,Lotus,378826_g180427,EDward Gaming,Sentinels,-0.1,1.8,676.536,16.294,1
2024-08-17,Sunset,378826_g180428,EDward Gaming,Sentinels,-0.167,2.8,647.033,0.257,1
2024-08-17,Icebox,378827_g180429,Team Heretics,LEVIATÁN,-0.4,-1.2,-1315.334,-13.875,0
2024-08-17,Lotus,378827_g180430,LEVIATÁN,Team Heretics,-0.2,3.6,1359.688,42.012,1
2024-08-18,Bind,378834_g180450,Sentinels,FNATIC,0.078,-1.0,-1252.727,-4.287,0
2024-08-18,Sunset,378834_g180449,Sentinels,FNATIC,-0.029,-2.6,-1223.589,-12.582,1
2024-08-18,Lotus,378834_g180451,FNATIC,Sentinels,0.2,4.2,1346.025,4.664,0
2024-08-18,Abyss,378833_g180446,Team Heretics,DRX,-0.05,-2.6,36.898,0.109,0
2024-08-18,Sunset,378833_g180447,DRX,Team Heretics,-0.367,1.0,65.241,24.688,0
2024-08-18,Icebox,378833_g180448,DRX,Team Heretics,0.267,-0.4,-60.58,40.835,0
2024-08-23,Haven,378835_g180452,Team Heretics,Sentinels,-0.095,2.8,58.049,-10.243,0
2024-08-23,Abyss,378828_g182971,LEVIATÁN,EDward Gaming,,1.4,659.788,51.175,0
2024-08-23,Lotus,378828_g180433,EDward Gaming,LEVIATÁN,0.067,3.6,-785.267,-20.244,1
2024-08-23,Icebox,378828_g180432,LEVIATÁN,EDward Gaming,0.4,-5.0,754.317,25.011,1
2024-08-23,Icebox,378835_g180453,Sentinels,Team Heretics,-0.0,-2.8,-7.574,-11.411,0
2024-08-23,Abyss,378835_g180454,Team Heretics,Sentinels,,5.6,114.372,15.39,1
2024-08-24,Lotus,378836_g180458,LEVIATÁN,Team Heretics,-0.1,-3.6,1062.5,-11.213,0
2024-08-24,Abyss,378836_g180457,Team Heretics,LEVIATÁN,-0.0,3.6,-1014.179,64.457,0
2024-08-24,Icebox,378836_g180455,Team Heretics,LEVIATÁN,-0.3,0.8,-1213.656,104.843,1
2024-08-24,Sunset,378836_g180456,LEVIATÁN,Team Heretics,0.1,0.6,1134.179,-78.468,0
2024-08-25,Abyss,378829_g180439,Team Heretics,EDward Gaming,-0.429,-5.2,-538.434,-2.861,0
2024-08-25,Bind,378829_g180438,Team Heretics,EDward Gaming,-0.175,-6.0,-596.045,-23.923,1
2024-08-25,Haven,378829_g180435,Team Heretics,EDward Gaming,-0.143,-3.4,-486.764,-17.024,1
2024-08-25,Sunset,378829_g180436,EDward Gaming,Team Heretics,-0.2,-1.4,363.186,-5.163,1
2024-08-25,Lotus,378829_g180437,Team Heretics,EDward Gaming,-0.014,-0.8,-545.636,38.119,0
2025-02-20,Split,448598_g202495,Team Liquid,EDward Gaming,-0.225,-4.4,-1228.147,29.223,0
2025-02-20,Pearl,448598_g202496,EDward Gaming,Team Liquid,,1.6,1185.431,-97.512,1
2025-02-20,Lotus,448600_g202501,DRX,Sentinels,-0.1,1.0,-377.722,15.005,1
2025-02-20,Haven,448600_g202502,Sentinels,DRX,-0.0,-0.6,192.641,55.697,0
2025-02-21,Fracture,448599_g202498,Team Vitality,T1,-0.367,-2.8,1097.368,-31.492,1
2025-02-21,Bind,448599_g202499,T1,Team Vitality,0.133,4.2,-1128.715,-54.508,0
2025-02-21,Lotus,448597_g202492,G2 Esports,Trace Esports,0.7,-3.0,495.299,-20.495,1
2025-02-21,Abyss,448597_g202493,G2 Esports,Trace Esports,0.5,-1.2,536.911,86.806,1
2025-02-22,Fracture,449001_g202770,G2 Esports,EDward Gaming,,-3.0,-1046.983,81.409,0
2025-02-22,Pearl,449001_g202768,EDward Gaming,G2 Esports,,7.8,972.395,-87.559,0
2025-02-22,Bind,449001_g202769,G2 Esports,EDward Gaming,-0.178,-5.2,-943.422,73.698,0
2025-02-22,Abyss,449000_g202766,DRX,Team Vitality,,1.8,-1060.12,-401.393,1
2025-02-22,Split,449000_g202767,Team Vitality,DRX,-0.0,-4.8,990.514,403.825,1
2025-02-22,Bind,449000_g202765,DRX,Team Vitality,0.414,4.4,-1022.423,-250.582,0
2025-02-23,Lotus,449002_g202771,T1,Trace Esports,0.6,2.4,530.156,279.371,1
2025-02-23,Haven,449002_g202772,Trace Esports,T1,,-4.0,-656.361,-308.776,0
2025-02-23,Lotus,449003_g202774,Team Liquid,Sentinels,-0.2,0.2,-388.012,121.826,0
2025-02-23,Abyss,449003_g202775,Sentinels,Team Liquid,,3.4,491.777,-113.152,0
2025-02-23,Bind,449003_g202776,Team Liquid,Sentinels,-0.2,-2.4,-447.195,62.049,1
2025-02-24,Lotus,449005_g202781,Team Liquid,G2 Esports,-0.3,0.8,-147.507,-56.203,0
2025-02-24,Haven,449005_g202780,G2 Esports,Team Liquid,0.25,0.6,203.482,-7.191,1
2025-02-24,Pearl,449004_g202778,DRX,T1,0.528,-0.8,-151.611,-195.018,0
2025-02-24,Fracture,449004_g202777,T1,DRX,0.044,0.4,41.737,67.224,1
2025-02-27,Split,449008_g202783,EDward Gaming,T1,0.667,-0.2,1060.367,-36.904,1
2025-02-27,Bind,449008_g202784,EDward Gaming,T1,0.6,1.0,1167.283,-13.503,0
2025-02-27,Pearl,449008_g202785,EDward Gaming,T1,0.0,2.0,1139.814,12.772,1
2025-02-27,Bind,449009_g202786,G2 Esports,Team Vitality,0.225,-1.6,-919.224,-29.922,1
2025-02-27,Lotus,449009_g202787,Team Vitality,G2 Esports,-0.4,-2.4,845.044,23.216,0
2025-02-28,Split,449012_g202799,Team Vitality,T1,0.571,-5.4,625.33,-39.48,0
2025-02-28,Lotus,449012_g202797,T1,Team Vitality,0.2,7.6,-714.791,64.326,0
2025-02-28,Haven,449012_g202798,T1,Team Vitality,0.1,4.4,-761.359,36.03,1
2025-02-28,Lotus,449010_g202789,G2 Esports,EDward Gaming,0.05,-1.0,-1225.798,-74.723,1
2025-02-28,Split,449010_g202790,G2 Esports,EDward Gaming,-0.367,0.8,-1228.159,-30.8,1
2025-03-01,Bind,449013_g202800,EDward Gaming,T1,0.4,-4.4,896.994,19.256,0
2025-03-01,Haven,449013_g202801,EDward Gaming,T1,-0.125,-7.4,759.976,-39.899,0
2025-03-01,Fracture,449013_g202802,EDward Gaming,T1,-0.029,-7.2,707.024,-94.772,1
2025-03-01,Split,449013_g202803,T1,EDward Gaming,-0.433,3.6,-740.149,133.869,1
2025-03-02,Lotus,449011_g202792,T1,G2 Esports,-0.3,2.0,287.473,54.956,0
2025-03-02,Haven,449011_g202793,G2 Esports,T1,0.0,1.0,-272.473,2.632,0
2025-03-02,Abyss,449011_g202794,T1,G2 Esports,,1.6,319.836,-22.419,0
2025-03-02,Split,449011_g202795,T1,G2 Esports,-0.214,3.8,344.159,-17.635,1
2025-03-02,Pearl,449011_g202796,T1,G2 Esports,-0.7,5.6,359.975,1.437,1
2025-03-21,Fracture,459517_g206934,NRG,Cloud9,-0.267,3.8,453.863,62.687,0
2025-03-21,Split,459518_g206938,"VISA KRÜ						
							(KRÜ Esports)",LOUD,,,344.241,13.037,1
2025-03-21,Haven,459518_g206937,"VISA KRÜ						
							(KRÜ Esports)",LOUD,,4.2,214.539,93.318,1
2025-03-21,Lotus,459517_g206933,Cloud9,NRG,0.0,-2.6,-335.63,-2.561,0
2025-03-21,Pearl,459517_g206935,Cloud9,NRG,0.159,-3.2,-383.952,90.761,1
2025-03-21,Fracture,459518_g206936,LOUD,"VISA KRÜ						
							(KRÜ Esports)",,-6.8,-409.033,-45.491,1
2025-03-22,Haven,458806_g206155,ZETA DIVISION,T1,-0.1,-2.2,-1137.024,-0.686,0
2025-03-22,Split,458806_g206154,T1,ZETA DIVISION,-0.125,3.6,1286.11,-44.817,0
2025-03-22,Fracture,458806_g206153,T1,ZETA DIVISION,-0.071,0.6,1181.095,-35.193,1
2025-03-22,Pearl,458805_g206151,DetonatioN FocusMe,Global Esports,-0.5,0.0,42.572,51.216,0
2025-03-22,Lotus,458805_g206150,Global Esports,DetonatioN FocusMe,0.4,0.4,-90.093,-141.258,1
2025-03-22,Icebox,459520_g206943,MIBR,LEVIATÁN,-0.675,1.2,-651.862,0.032,1
2025-03-22,Split,459520_g206942,LEVIATÁN,MIBR,0.405,-0.8,722.727,-403.749,0
2025-03-22,Ascent,459519_g206940,G2 Esports,FURIA,0.089,-3.0,925.166,-30.257,1
2025-03-22,Lotus,459519_g206939,G2 Esports,FURIA,0.8,0.0,958.154,-41.172,1
2025-03-23,Pearl,459522_g206948,100 Thieves,Sentinels,0.333,-2.6,-283.282,-17.225,0
2025-03-23,Haven,459522_g206949,100 Thieves,Sentinels,0.222,-1.6,-390.426,-61.126,1
2025-03-23,Split,459522_g206950,Sentinels,100 Thieves,0.1,-1.8,313.252,93.908,1
2025-03-23,Haven,459521_g206945,Evil Geniuses,2Game Esports,,,-533.034,-14.826,1
2025-03-23,Haven,458807_g206156,Paper Rex,DRX,-0.1,-1.4,1090.143,4.056,0
2025-03-23,Fracture,458808_g206160,Team Secret,TALON,-0.167,0.4,489.144,7.27,0
2025-03-23,Lotus,458807_g206158,DRX,Paper Rex,0.0,0.6,-954.384,-5.796,1
2025-03-23,Pearl,458808_g206159,Team Secret,TALON,0.333,-2.0,377.179,-17.263,1
2025-03-23,Lotus,459521_g206946,2Game Esports,Evil Geniuses,,8.4,435.812,101.963,0
2025-03-23,Haven,458808_g206161,Team Secret,TALON,0.333,-2.2,231.93,-58.076,0
2025-03-23,Icebox,458807_g206157,DRX,Paper Rex,-0.029,6.0,-1029.384,34.452,0
2025-03-24,Pearl,458810_g206167,Nongshim RedForce,Rex Regum Qeon,,,-324.428,10.078,1
2025-03-24,Split,458810_g206166,Nongshim RedForce,Rex Regum Qeon,,0.6,-384.794,0.781,1
2025-03-24,Ascent,458810_g206165,Rex Regum Qeon,Nongshim RedForce,,-2.8,252.378,38.626,1
2025-03-24,Haven,458809_g206163,Gen.G,BOOM Esports,,,1079.52,-9.327,0
2025-03-24,Ascent,458809_g206162,BOOM Esports,Gen.G,,-9.6,-1144.933,95.809,1
2025-03-26,Icebox,459827_g207150,Karmine Corp,BBL Esports,0.044,-3.6,584.89,-3.964,1
2025-03-26,Pearl,459827_g207151,BBL Esports,Karmine Corp,0.0,4.2,-694.292,-137.529,1
2025-03-26,Fracture,459827_g207152,Karmine Corp,BBL Esports,,-1.2,709.292,240.329,0
2025-03-26,Lotus,459826_g207148,Team Vitality,GIANTX,-0.25,-3.8,809.663,-7.966,1
2025-03-26,Split,459826_g207147,GIANTX,Team Vitality,-0.25,-2.6,-850.132,69.563,0
2025-03-27,Lotus,459829_g207157,FUT Esports,"Movistar KOI						
							(KOI)",,-0.4,301.091,-14.044,1
2025-03-27,Pearl,459829_g207156,"Movistar KOI						
							(KOI)",FUT Esports,,-1.8,-176.671,99.718,0
2025-03-27,Icebox,459828_g207155,Apeks,Team Heretics,,,-1473.45,-4.584,0
2025-03-27,Split,459828_g207154,Apeks,Team Heretics,,-6.0,-1390.93,-2.173,0
2025-03-27,Ascent,459828_g207153,Apeks,Team Heretics,,-4.8,-1512.461,56.529,1
2025-03-28,Fracture,459830_g207160,FNATIC,Natus Vincere,-0.333,1.6,1393.944,9.747,1
2025-03-28,Split,459831_g207162,Gentle Mates,Team Liquid,0.1,-5.4,-305.24,-46.923,0
2025-03-28,Split,459830_g207159,Natus Vincere,FNATIC,-0.3,-4.4,-1358.273,50.186,0
2025-03-28,Icebox,459831_g207164,Gentle Mates,Team Liquid,-0.071,-10.2,-332.879,44.343,1
2025-03-28,Haven,459831_g207163,Team Liquid,Gentle Mates,,6.2,366.518,-117.889,0
2025-03-28,Icebox,459524_g206955,"VISA KRÜ						
							(KRÜ Esports)",Sentinels,,3.733,-103.901,26.482,1
2025-03-28,Lotus,459524_g206954,"VISA KRÜ						
							(KRÜ Esports)",Sentinels,,3.45,-210.422,35.197,1
2025-03-28,Fracture,459523_g206953,FURIA,NRG,-0.25,-0.6,-776.838,87.759,0
2025-03-28,Pearl,459523_g206952,NRG,FURIA,0.1,2.6,633.482,-24.723,1
2025-03-28,Lotus,459523_g206951,FURIA,NRG,-0.6,-6.2,-598.061,-5.077,1
2025-03-29,Haven,459526_g206961,G2 Esports,MIBR,0.5,-2.8,238.372,-405.905,1
2025-03-29,Pearl,459526_g206960,MIBR,G2 Esports,-0.333,4.6,-209.797,405.476,1
2025-03-29,Haven,459525_g206958,100 Thieves,Evil Geniuses,0.286,2.8,969.018,43.511,1
2025-03-29,Fracture,459525_g206957,Evil Geniuses,100 Thieves,0.5,-4.8,-949.97,-47.916,0
2025-03-29,Icebox,458811_g206169,ZETA DIVISION,Team Secret,-0.5,-1.0,4.354,61.939,1
2025-03-29,Ascent,459526_g206962,G2 Esports,MIBR,0.75,-2.4,194.232,-270.543,1
2025-03-29,Lotus,458811_g206168,ZETA DIVISION,Team Secret,0.4,2.8,-34.805,77.63,1
2025-03-29,Icebox,458812_g206171,T1,Nongshim RedForce,,2.933,1281.428,-9.785,1
2025-03-29,Split,458812_g206172,Nongshim RedForce,T1,0.667,-0.35,-1315.336,12.388,0
2025-03-30,Fracture,458813_g206175,Paper Rex,Gen.G,0.292,-9.0,487.836,91.952,1
2025-03-30,Ascent,459528_g206967,Cloud9,LEVIATÁN,-0.1,-0.4,-990.976,260.375,1
2025-03-30,Split,459528_g206966,Cloud9,LEVIATÁN,0.125,4.4,-1129.819,304.763,1
2025-03-30,Pearl,459527_g206964,2Game Esports,LOUD,,2.3,-455.656,84.333,1
2025-03-30,Lotus,459527_g206963,LOUD,2Game Esports,0.5,-3.733,487.534,-48.192,0
2025-03-30,Ascent,458814_g206178,DRX,DetonatioN FocusMe,0.2,3.6,850.802,-187.853,1
2025-03-30,Lotus,458814_g206177,DetonatioN FocusMe,DRX,-0.5,-3.0,-743.677,135.437,0
2025-03-30,Lotus,458813_g206174,Paper Rex,Gen.G,-0.1,-2.0,502.836,89.519,0
2025-03-30,Haven,458813_g206176,Paper Rex,Gen.G,-0.367,0.2,607.836,52.742,0
2025-03-31,Lotus,458816_g206183,Global Esports,BOOM Esports,,1.3,53.308,19.35,0
2025-03-31,Ascent,458815_g206181,TALON,Rex Regum Qeon,-0.4,1.6,-440.277,88.21,0
2025-03-31,Lotus,458815_g206180,Rex Regum Qeon,TALON,-0.45,0.8,385.648,-65.069,1
2025-03-31,Haven,458816_g206184,BOOM Esports,Global Esports,0.75,0.667,82.972,-32.667,1
2025-04-02,Haven,459832_g207166,BBL Esports,Team Liquid,0.4,0.8,-695.835,-62.264,1
2025-04-02,Split,459833_g207170,Apeks,Natus Vincere,-0.5,-1.133,-718.02,21.831,0
2025-04-02,Haven,459833_g207169,Apeks,Natus Vincere,,0.45,-612.789,-18.522,0
2025-04-02,Lotus,459833_g207168,Apeks,Natus Vincere,,-2.6,-612.277,-15.898,1
2025-04-02,Fracture,459832_g207165,Team Liquid,BBL Esports,0.071,-0.2,600.662,39.363,1
2025-04-02,Ascent,459832_g207167,BBL Esports,Team Liquid,-0.1,-0.2,-553.679,22.763,0
2025-04-03,Lotus,459835_g207176,Team Heretics,GIANTX,0.0,2.4,1366.084,72.707,1
2025-04-03,Split,459835_g207175,Team Heretics,GIANTX,0.3,5.8,1270.919,155.587,0
2025-04-03,Haven,459835_g207174,Team Heretics,GIANTX,0.375,7.6,1155.087,142.85,1
2025-04-03,Lotus,459834_g207173,FUT Esports,Gentle Mates,0.6,5.8,125.749,-161.548,1
2025-04-03,Fracture,459834_g207172,FUT Esports,Gentle Mates,,5.6,74.482,-128.378,1
2025-04-03,Icebox,459834_g207171,FUT Esports,Gentle Mates,-0.029,6.8,134.482,-47.924,0
2025-04-04,Haven,459529_g206969,Sentinels,Evil Geniuses,0.025,0.6,1408.129,97.042,1
2025-04-04,Haven,459530_g206972,LOUD,100 Thieves,0.15,-4.2,-70.768,2.045,1
2025-04-04,Pearl,459529_g206970,Sentinels,Evil Geniuses,-0.171,-0.2,1510.27,-7.681,1
2025-04-04,Split,459530_g206974,100 Thieves,LOUD,0.0,0.8,-40.757,-9.494,1
2025-04-04,Icebox,459530_g206973,100 Thieves,LOUD,0.225,-2.2,-52.413,-60.523,1
2025-04-04,Lotus,459836_g207178,FNATIC,Team Vitality,0.2,2.2,529.386,32.438,1
2025-04-04,Haven,459836_g207179,FNATIC,Team Vitality,0.6,1.4,571.982,26.223,1
2025-04-04,Lotus,459837_g207180,"Movistar KOI						
							(KOI)",Karmine Corp,-0.5,-4.8,-412.586,-47.963,0
2025-04-04,Icebox,459837_g207181,"Movistar KOI						
							(KOI)",Karmine Corp,0.0,-5.2,-620.485,-13.099,0
2025-04-04,Split,459836_g207177,Team Vitality,FNATIC,-0.244,-5.0,-553.812,-5.929,1
2025-04-05,Split,458818_g206189,Rex Regum Qeon,ZETA DIVISION,-0.071,0.4,252.507,3.174,1
2025-04-05,Ascent,459532_g206979,G2 Esports,NRG,0.278,-2.4,418.946,16.16,1
2025-04-05,Lotus,459532_g206978,NRG,G2 Esports,-0.4,1.8,-293.831,-17.798,0
2025-04-05,Pearl,459531_g206977,"VISA KRÜ						
							(KRÜ Esports)",2Game Esports,,0.55,890.001,73.148,1
2025-04-05,Ascent,459531_g206976,"VISA KRÜ						
							(KRÜ Esports)",2Game Esports,,2.2,929.718,50.627,0
2025-04-05,Icebox,459531_g206975,"VISA KRÜ						
							(KRÜ Esports)",2Game Esports,,2.4,878.358,9.764,1
2025-04-05,Lotus,458817_g206186,DetonatioN FocusMe,Gen.G,-0.6,0.6,-1112.039,108.471,0
2025-04-05,Fracture,458817_g206187,DetonatioN FocusMe,Gen.G,-0.083,-1.6,-1234.478,-7.929,0
2025-04-05,Haven,458818_g210878,ZETA DIVISION,Rex Regum Qeon,-0.225,-1.8,-358.835,3.542,0
2025-04-06,Fracture,458820_g206197,TALON,Nongshim RedForce,,1.4,-137.054,27.593,1
2025-04-06,Lotus,458820_g206196,TALON,Nongshim RedForce,,0.6,-186.673,-2.655,1
2025-04-06,Haven,458820_g206195,TALON,Nongshim RedForce,,0.0,-129.268,-20.816,0
2025-04-06,Pearl,458819_g211027,BOOM Esports,Paper Rex,,2.25,-1438.517,28.064,1
2025-04-06,Fracture,458819_g206194,BOOM Esports,Paper Rex,,2.4,-1551.041,51.166,1
2025-04-06,Pearl,459533_g206982,FURIA,LEVIATÁN,-0.542,-1.6,-1406.254,146.064,0
2025-04-06,Ascent,459533_g206981,LEVIATÁN,FURIA,-0.056,3.6,1359.888,-13.714,1
2025-04-06,Haven,459534_g206986,Cloud9,MIBR,0.286,0.8,-343.837,3.909,0
2025-04-06,Lotus,459534_g206985,MIBR,Cloud9,0.156,1.4,329.415,-29.789,1
2025-04-06,Pearl,459534_g206984,Cloud9,MIBR,0.464,0.4,-377.611,62.194,1
2025-04-06,Ascent,458819_g206193,Paper Rex,BOOM Esports,-0.6,-4.6,1541.72,-32.641,1
2025-04-07,Ascent,458821_g211411,DRX,Global Esports,0.475,7.2,841.847,24.241,1
2025-04-07,Split,458821_g211440,DRX,Global Esports,0.2,8.8,1024.167,35.092,1
2025-04-07,Haven,458822_g206201,T1,Team Secret,0.1,2.2,1206.72,46.118,1
2025-04-07,Lotus,458822_g206203,T1,Team Secret,0.3,2.8,1163.052,25.865,1
2025-04-07,Icebox,458822_g206202,Team Secret,T1,0.179,-4.4,-1235.713,-8.746,1
2025-04-09,Pearl,459839_g207183,BBL Esports,"Movistar KOI						
							(KOI)",0.333,5.4,-82.803,5.697,1
2025-04-09,Icebox,459839_g207184,"Movistar KOI						
							(KOI)",BBL Esports,0.067,-1.8,98.085,-67.806,0
2025-04-09,Fracture,459840_g207186,GIANTX,Natus Vincere,,-6.8,-313.814,-23.307,1
2025-04-09,Pearl,459840_g207187,GIANTX,Natus Vincere,,-2.6,-194.095,-32.376,0
2025-04-09,Split,459840_g207188,Natus Vincere,GIANTX,0.267,3.8,327.914,1.891,1
2025-04-10,Icebox,459842_g207193,Team Vitality,Team Heretics,-0.2,-4.2,-345.472,-12.146,0
2025-04-10,Split,459841_g207190,Team Liquid,FUT Esports,-0.1,-4.4,133.612,-58.235,1
2025-04-10,Lotus,459841_g207189,Team Liquid,FUT Esports,-0.4,-1.8,-46.388,-35.086,1
2025-04-10,Haven,459842_g207192,Team Heretics,Team Vitality,0.144,9.8,376.296,23.185,1
2025-04-11,Lotus,459843_g207195,Apeks,FNATIC,0.3,-5.8,-2190.546,-45.32,0
2025-04-11,Ascent,459535_g206987,2Game Esports,100 Thieves,0.5,-1.2,-525.596,43.1,0
2025-04-11,Icebox,459535_g206988,2Game Esports,100 Thieves,-0.667,-2.0,-538.995,27.705,0
2025-04-11,Lotus,459536_g206990,G2 Esports,LEVIATÁN,0.3,1.6,-227.239,62.632,1
2025-04-11,Haven,459536_g206992,LEVIATÁN,G2 Esports,-0.127,-0.8,137.239,-35.594,0
2025-04-11,Fracture,459536_g206991,G2 Esports,LEVIATÁN,-1.0,-0.4,-182.239,39.807,0
2025-04-11,Split,459843_g207196,FNATIC,Apeks,0.7,5.2,2285.851,49.317,1
2025-04-11,Pearl,459844_g207199,Karmine Corp,Gentle Mates,,0.2,340.285,-20.482,1
2025-04-11,Haven,459844_g207198,Gentle Mates,Karmine Corp,0.8,-2.4,-326.633,-9.99,0
2025-04-12,Haven,458824_g206208,BOOM Esports,DRX,0.4,-1.4,-206.987,-14.143,0
2025-04-12,Icebox,458824_g206207,DRX,BOOM Esports,,1.2,319.015,-79.39,0
2025-04-12,Split,458823_g206205,Team Secret,Nongshim RedForce,-0.0,-2.4,193.851,-13.975,0
2025-04-12,Pearl,458823_g206204,Team Secret,Nongshim RedForce,-0.0,-4.0,159.482,7.827,0
2025-04-12,Ascent,458824_g206209,BOOM Esports,DRX,-0.1,-1.8,-236.987,88.011,1
2025-04-12,Lotus,459537_g206993,Cloud9,FURIA,0.233,6.2,645.994,61.94,1
2025-04-12,Pearl,459537_g206994,Cloud9,FURIA,0.492,2.4,594.515,83.642,1
2025-04-12,Split,459538_g206996,Sentinels,LOUD,0.4,-1.0,675.407,-14.203,1
2025-04-12,Lotus,459538_g206997,Sentinels,LOUD,0.2,-1.4,725.613,9.235,0
2025-04-12,Haven,459538_g211889,LOUD,Sentinels,0.4,2.4,-740.613,-44.125,0
2025-04-13,Haven,459540_g207002,NRG,MIBR,0.367,1.0,-64.504,24.364,0
2025-04-13,Pearl,458825_g206210,Rex Regum Qeon,T1,0.1,3.8,-860.353,36.943,0
2025-04-13,Pearl,459539_g207000,Evil Geniuses,"VISA KRÜ						
							(KRÜ Esports)",-0.5,-5.2,-1249.859,1.146,1
2025-04-13,Pearl,458826_g206214,Gen.G,Global Esports,-0.371,5.0,1555.782,23.887,1
2025-04-13,Haven,458826_g206213,Gen.G,Global Esports,0.5,7.6,1434.368,118.144,1
2025-04-13,Lotus,458825_g206212,Rex Regum Qeon,T1,-0.167,4.4,-786.652,29.882,1
2025-04-13,Icebox,458825_g206211,T1,Rex Regum Qeon,-0.467,-4.8,816.059,-40.451,0
2025-04-13,Icebox,459540_g207003,MIBR,NRG,-0.111,-0.4,108.959,-41.621,1
2025-04-13,Lotus,459539_g206999,"VISA KRÜ						
							(KRÜ Esports)",Evil Geniuses,0.7,5.6,1436.722,-2.967,0
2025-04-14,Split,458827_g206217,ZETA DIVISION,TALON,0.3,1.8,313.992,9.687,1
2025-04-14,Lotus,458828_g206220,DetonatioN FocusMe,Paper Rex,-0.4,-2.0,-1808.909,-56.665,0
2025-04-14,Pearl,458828_g206221,Paper Rex,DetonatioN FocusMe,0.8,4.4,1922.084,30.332,1
2025-04-14,Lotus,458827_g206216,TALON,ZETA DIVISION,0.1,-3.8,-169.976,-23.78,0
2025-04-14,Ascent,458828_g206219,Paper Rex,DetonatioN FocusMe,0.1,4.4,1868.909,58.707,0
2025-04-16,Lotus,459845_g207202,Team Vitality,Apeks,0.0,-2.2,1591.607,0.984,1
2025-04-16,Split,459846_g212700,"Movistar KOI						
							(KOI)",Team Liquid,0.1,-6.6,-698.521,-59.611,0
2025-04-16,Lotus,459846_g212701,"Movistar KOI						
							(KOI)",Team Liquid,-0.4,-6.2,-821.673,-54.1,0
2025-04-16,Ascent,459845_g207201,Team Vitality,Apeks,-0.556,-1.4,1544.938,26.271,1
2025-04-17,Lotus,459847_g207207,Gentle Mates,BBL Esports,-0.167,-2.4,229.852,-27.539,0
2025-04-17,Haven,459847_g207208,Gentle Mates,BBL Esports,-0.167,-0.4,197.329,-51.711,0
2025-04-17,Ascent,459848_g207210,FNATIC,GIANTX,-0.0,8.6,1677.419,59.786,0
2025-04-17,Lotus,459848_g207211,FNATIC,GIANTX,0.2,8.0,1663.51,38.513,1
2025-04-17,Haven,459848_g207212,FNATIC,GIANTX,0.9,4.2,1751.058,-4.55,1
2025-04-18,Icebox,459541_g207005,G2 Esports,Cloud9,-0.167,3.6,632.136,15.75,1
2025-04-18,Haven,459541_g207006,G2 Esports,Cloud9,0.375,1.4,676.432,17.993,0
2025-04-18,Pearl,459541_g207007,Cloud9,G2 Esports,0.467,1.0,-523.785,-1.797,0
2025-04-18,Icebox,459542_g207008,MIBR,FURIA,-0.256,3.0,1085.357,43.557,1
2025-04-18,Ascent,459542_g207009,FURIA,MIBR,0.5,-2.4,-1175.997,-27.912,1
2025-04-18,Split,459542_g207010,MIBR,FURIA,-0.143,2.4,1195.536,53.118,1
2025-04-18,Lotus,459849_g207214,FUT Esports,Karmine Corp,-0.0,-1.8,-204.911,2.524,1
2025-04-18,Pearl,459849_g212913,Karmine Corp,FUT Esports,-0.464,2.6,179.198,29.918,1
2025-04-18,Haven,459850_g207216,Natus Vincere,Team Heretics,0.167,-1.6,-1060.994,-4.376,0
2025-04-18,Pearl,459850_g207217,Team Heretics,Natus Vincere,-0.375,5.0,1242.62,7.807,1
2025-04-18,Ascent,459849_g207215,FUT Esports,Karmine Corp,0.542,-4.0,-144.911,-28.164,1
2025-04-19,Haven,459543_g207011,2Game Esports,Sentinels,-0.6,-3.8,-1352.864,-58.198,0
2025-04-19,Haven,458831_g206226,T1,TALON,0.45,-1.8,1235.535,0.653,0
2025-04-19,Icebox,458831_g206225,T1,TALON,-0.262,-3.4,1441.303,-44.203,0
2025-04-19,Lotus,458830_g206223,Global Esports,Paper Rex,-0.1,-6.0,-2009.337,-69.173,0
2025-04-19,Split,458830_g206222,Global Esports,Paper Rex,-0.433,-5.2,-1989.648,-68.221,0
2025-04-19,Fracture,459544_g207014,"VISA KRÜ						
							(KRÜ Esports)",100 Thieves,-0.5,3.4,232.811,-2.883,1
2025-04-19,Pearl,459543_g207012,Sentinels,2Game Esports,0.0,5.4,1519.897,59.911,1
2025-04-19,Icebox,459544_g207015,"VISA KRÜ						
							(KRÜ Esports)",100 Thieves,0.3,0.6,206.086,-40.282,1
2025-04-20,Pearl,458833_g206232,ZETA DIVISION,Nongshim RedForce,-1.0,1.2,30.827,7.858,1
2025-04-20,Lotus,459545_g207017,Evil Geniuses,LOUD,0.0,-1.2,-771.122,-7.625,0
2025-04-20,Pearl,459545_g207018,Evil Geniuses,LOUD,0.267,-1.6,-806.495,23.875,1
2025-04-20,Split,459545_g207019,Evil Geniuses,LOUD,-0.1,0.6,-835.594,35.103,1
2025-04-20,Fracture,459546_g207020,LEVIATÁN,NRG,0.6,2.6,576.707,-4.039,0
2025-04-20,Icebox,459546_g207021,LEVIATÁN,NRG,0.45,0.4,510.731,15.092,0
2025-04-20,Lotus,458832_g206228,Gen.G,DRX,-0.0,3.4,865.9,144.188,1
2025-04-20,Split,458832_g206229,DRX,Gen.G,-0.1,-2.8,-822.396,-153.123,1
2025-04-20,Ascent,458832_g206230,Gen.G,DRX,0.2,-0.8,672.632,54.268,0
2025-04-20,Lotus,458833_g206231,Nongshim RedForce,ZETA DIVISION,-0.7,0.6,-103.039,7.456,1
2025-04-20,Split,458833_g206233,ZETA DIVISION,Nongshim RedForce,-0.111,1.4,55.844,-4.32,0
2025-04-21,Lotus,458835_g206239,Team Secret,Rex Regum Qeon,-0.3,-4.8,-443.555,-14.33,1
2025-04-21,Ascent,458835_g206238,Team Secret,Rex Regum Qeon,0.189,-4.4,-578.402,-23.575,1
2025-04-21,Ascent,458834_g206235,BOOM Esports,DetonatioN FocusMe,0.267,6.8,642.098,63.821,1
2025-04-21,Fracture,458834_g206234,DetonatioN FocusMe,BOOM Esports,-0.8,-8.6,-527.765,-77.913,0
2025-04-21,Haven,458835_g206237,Rex Regum Qeon,Team Secret,0.167,3.8,522.72,50.093,1
2025-04-23,Ascent,459852_g207219,FUT Esports,BBL Esports,0.3,-3.8,447.988,-4.475,0
2025-04-23,Ascent,459853_g207223,Apeks,GIANTX,-0.167,2.0,-727.144,-46.81,0
2025-04-23,Lotus,459853_g207222,Apeks,GIANTX,-0.095,-0.2,-687.317,-53.362,0
2025-04-23,Icebox,459852_g207220,FUT Esports,BBL Esports,0.071,-5.2,400.163,-56.5,0
2025-04-24,Icebox,459854_g207226,"Movistar KOI						
							(KOI)",Gentle Mates,-0.333,1.0,-140.103,34.932,1
2025-04-24,Pearl,475898_g213491,Sentinels,Cloud9,-0.144,3.0,1016.374,16.787,1
2025-04-24,Ascent,475898_g213490,Sentinels,Cloud9,0.029,2.0,924.558,55.767,1
2025-04-24,Icebox,475897_g213488,100 Thieves,MIBR,0.3,-2.8,-365.2,-3.51,0
2025-04-24,Split,475897_g213487,100 Thieves,MIBR,0.125,-6.2,-347.187,-17.572,0
2025-04-24,Icebox,459855_g207229,Team Vitality,Natus Vincere,0.4,0.6,646.844,-31.314,0
2025-04-24,Haven,459855_g207228,Natus Vincere,Team Vitality,0.2,2.2,-813.214,40.725,1
2025-04-24,Fracture,459854_g207227,Gentle Mates,"Movistar KOI						
							(KOI)",,-4.0,-56.687,-38.204,0
2025-04-24,Split,459854_g207225,"Movistar KOI						
							(KOI)",Gentle Mates,-0.0,4.8,-183.19,79.291,0
2025-04-25,Fracture,475903_g213507,100 Thieves,NRG,-0.071,-1.0,-293.106,3.242,1
2025-04-25,Icebox,475904_g213511,Cloud9,Evil Geniuses,0.321,-1.8,744.56,-23.469,0
2025-04-25,Fracture,475904_g213510,Evil Geniuses,Cloud9,0.133,3.0,-817.565,52.495,1
2025-04-25,Haven,475903_g213508,100 Thieves,NRG,0.067,0.0,-186.855,-39.279,1
2025-04-26,Lotus,475899_g213493,MIBR,"VISA KRÜ						
							(KRÜ Esports)",0.1,1.6,128.406,39.698,1
2025-04-26,Icebox,475899_g213494,MIBR,"VISA KRÜ						
							(KRÜ Esports)",-0.6,2.2,145.867,37.576,1
2025-04-26,Split,475900_g213496,Sentinels,G2 Esports,0.4,1.4,386.567,65.271,0
2025-04-26,Haven,473833_g212502,TALON,Gen.G,-0.367,1.8,-1222.126,-5.571,1
2025-04-26,Lotus,473834_g212505,DRX,T1,0.2,7.2,-478.981,26.13,1
2025-04-26,Pearl,473833_g212504,TALON,Gen.G,0.167,5.8,-1170.843,42.069,0
2025-04-26,Icebox,473833_g212503,Gen.G,TALON,-0.0,-6.8,998.296,-76.774,1
2025-04-26,Icebox,475900_g213497,Sentinels,G2 Esports,-0.1,2.6,272.866,48.27,1
2025-04-26,Fracture,473834_g212506,T1,DRX,-0.0,-7.6,395.658,-70.177,0
2025-04-26,Ascent,475900_g213498,Sentinels,G2 Esports,-0.3,2.8,303.556,10.472,1
2025-04-27,Pearl,475905_g213515,100 Thieves,G2 Esports,-0.0,0.2,-761.196,-39.693,0
2025-04-27,Split,475905_g213514,100 Thieves,G2 Esports,-0.0,-2.8,-817.995,-44.18,1
2025-04-27,Fracture,473838_g212517,Rex Regum Qeon,DRX,-0.267,-1.8,-112.383,-19.966,0
2025-04-27,Icebox,475906_g213517,Evil Geniuses,"VISA KRÜ						
							(KRÜ Esports)",-0.35,0.6,-1019.049,18.364,1
2025-04-27,Lotus,475906_g213516,"VISA KRÜ						
							(KRÜ Esports)",Evil Geniuses,0.033,-1.2,1055.326,-21.23,0
2025-04-27,Lotus,473838_g212519,DRX,Rex Regum Qeon,0.2,-0.4,-25.244,21.21,0
2025-04-27,Icebox,473838_g212518,DRX,Rex Regum Qeon,-0.27,-0.4,94.484,-1.609,0
2025-04-27,Ascent,473837_g212515,Gen.G,BOOM Esports,-0.15,-6.2,796.031,-72.731,1
2025-04-27,Split,473837_g212514,BOOM Esports,Gen.G,,1.2,-741.077,52.522,0
2025-04-27,Haven,475905_g213513,G2 Esports,100 Thieves,-0.144,-0.2,699.386,38.614,1
2025-05-02,Lotus,459857_g215378,FNATIC,Team Heretics,0.1,-6.0,213.475,-44.68,0
2025-05-02,Lotus,459856_g207233,Team Liquid,Karmine Corp,-0.1,1.8,-66.153,13.75,1
2025-05-02,Haven,459857_g207235,FNATIC,Team Heretics,0.3,-5.2,220.031,-41.386,0
2025-05-02,Pearl,475907_g213521,Evil Geniuses,G2 Esports,0.1,-1.4,-1570.657,20.821,0
2025-05-02,Split,475907_g213520,Evil Geniuses,G2 Esports,-0.129,-0.6,-1549.771,2.773,0
2025-05-02,Lotus,475907_g213519,G2 Esports,Evil Geniuses,0.5,2.6,1549.539,-6.186,0
2025-05-02,Split,475901_g213500,MIBR,Sentinels,-0.256,-1.0,-643.131,22.606,0
2025-05-02,Lotus,475901_g213499,MIBR,Sentinels,0.1,-0.2,-527.769,-3.724,0
2025-05-02,Icebox,459856_g207232,Karmine Corp,Team Liquid,-0.0,-5.0,13.895,4.812,1
2025-05-03,Ascent,473836_g212512,Paper Rex,T1,-0.4,6.0,565.983,70.784,1
2025-05-03,Fracture,473836_g212511,Paper Rex,T1,0.2,5.4,710.617,14.695,0
2025-05-03,Ascent,473835_g212510,TALON,Nongshim RedForce,0.2,0.0,-228.683,27.07,1
2025-05-03,Haven,473835_g212508,Nongshim RedForce,TALON,0.6,0.4,182.523,-0.359,0
2025-05-03,Lotus,473836_g212513,Paper Rex,T1,0.1,3.4,710.692,35.046,1
2025-05-03,Pearl,473835_g212509,TALON,Nongshim RedForce,-0.267,1.6,-116.82,-34.479,0
2025-05-03,Ascent,475908_g215607,G2 Esports,MIBR,0.7,4.2,462.89,-8.254,1
2025-05-03,Split,475908_g213524,MIBR,G2 Esports,-0.1,-7.2,-355.244,-36.849,0
2025-05-03,Lotus,475908_g213523,G2 Esports,MIBR,0.4,8.0,388.225,7.051,1
2025-05-03,Haven,475908_g213522,MIBR,G2 Esports,-0.1,-5.2,-434.269,-8.817,1
2025-05-04,Pearl,475902_g213504,G2 Esports,Sentinels,0.067,-0.6,-132.091,-4.398,0
2025-05-04,Split,475902_g213503,G2 Esports,Sentinels,-0.244,1.0,-81.539,-14.135,1
2025-05-04,Fracture,473840_g212524,Paper Rex,BOOM Esports,-0.4,1.2,1552.65,-34.49,1
2025-05-04,Lotus,473840_g212523,Paper Rex,BOOM Esports,-0.4,3.6,1461.521,42.254,1
2025-05-04,Fracture,473839_g212521,DRX,TALON,-0.067,1.6,672.982,16.086,1
2025-05-04,Icebox,473839_g212520,DRX,TALON,-0.044,2.4,569.492,20.767,1
2025-05-04,Haven,475902_g213502,Sentinels,G2 Esports,0.1,2.4,141.539,-22.586,0
2025-05-04,Ascent,475902_g213505,Sentinels,G2 Esports,-0.144,-0.2,152.916,-23.406,0
2025-05-08,Lotus,482503_g215379,Natus Vincere,BBL Esports,-0.086,-2.0,404.104,-54.428,0
2025-05-08,Fracture,482503_g215380,BBL Esports,Natus Vincere,-0.292,4.2,-352.382,38.044,1
2025-05-08,Lotus,482504_g216517,FUT Esports,FNATIC,-0.0,-0.2,-1499.941,-31.063,0
2025-05-08,Split,482504_g215383,FUT Esports,FNATIC,-0.2,2.0,-1464.682,-50.357,0
2025-05-09,Ascent,482505_g216537,Karmine Corp,Natus Vincere,-0.189,-3.2,277.835,-17.693,0
2025-05-09,Split,482505_g215386,Natus Vincere,Karmine Corp,0.35,7.8,-272.262,12.285,1
2025-05-09,Icebox,482505_g215385,Karmine Corp,Natus Vincere,0.267,-7.6,233.795,-18.387,1
2025-05-09,Fracture,482506_g216584,Team Vitality,FUT Esports,-0.167,-3.0,490.189,33.696,0
2025-05-09,Split,482506_g215389,FUT Esports,Team Vitality,-0.1,2.6,-616.538,23.686,1
2025-05-09,Lotus,473842_g212529,Paper Rex,DRX,-0.0,5.2,1287.356,71.138,1
2025-05-09,Icebox,473841_g212527,Rex Regum Qeon,Gen.G,0.25,-1.2,-854.28,-9.076,0
2025-05-09,Lotus,473841_g212526,Gen.G,Rex Regum Qeon,0.2,2.0,681.258,55.971,1
2025-05-09,Icebox,473842_g212530,Paper Rex,DRX,0.3,2.6,1257.356,42.346,1
2025-05-10,Icebox,473843_g212535,Rex Regum Qeon,Paper Rex,-0.033,-0.8,-1591.827,-19.192,0
2025-05-10,Fracture,482508_g215396,Team Liquid,FNATIC,0.025,6.8,-1151.491,34.42,0
2025-05-10,Icebox,482508_g215395,Team Liquid,FNATIC,-0.056,5.0,-1211.491,23.602,1
2025-05-10,Ascent,473843_g212536,Rex Regum Qeon,Paper Rex,0.2,-3.4,-1784.742,-54.144,1
2025-05-10,Fracture,473843_g212532,Rex Regum Qeon,Paper Rex,-0.35,-2.4,-1410.981,-114.442,0
2025-05-10,Split,473843_g212533,Rex Regum Qeon,Paper Rex,-0.1,-7.6,-1519.072,-53.453,1
2025-05-10,Icebox,482507_g215392,BBL Esports,Team Heretics,-0.2,-2.4,-1646.637,-19.384,0
2025-05-10,Ascent,482507_g216644,BBL Esports,Team Heretics,0.5,-5.8,-1592.76,-36.773,0
2025-05-10,Split,482508_g215394,FNATIC,Team Liquid,0.3,-6.8,1136.491,-2.676,1
2025-05-10,Pearl,473843_g212534,Rex Regum Qeon,Paper Rex,-0.467,-7.4,-1591.827,-26.252,1
2025-05-11,Icebox,473844_g212540,Gen.G,Rex Regum Qeon,0.0,8.4,781.089,48.981,0
2025-05-11,Lotus,473844_g212539,Rex Regum Qeon,Gen.G,-0.3,-5.0,-900.011,3.264,1
2025-05-11,Ascent,482510_g215402,BBL Esports,FUT Esports,-0.3,-1.8,-412.48,15.351,1
2025-05-11,Ascent,482509_g215399,Team Liquid,Natus Vincere,0.3,3.8,376.027,27.553,1
2025-05-11,Split,482509_g215398,Natus Vincere,Team Liquid,0.2,-4.8,-273.506,-22.652,0
2025-05-11,Icebox,482509_g215397,Team Liquid,Natus Vincere,0.25,5.0,317.915,-5.566,0
2025-05-11,Haven,473844_g212537,Rex Regum Qeon,Gen.G,-0.0,-3.8,-1019.131,-22.916,0
2025-05-11,Split,482510_g216645,FUT Esports,BBL Esports,0.1,3.0,414.361,15.804,0
2025-05-11,Ascent,473844_g212538,Gen.G,Rex Regum Qeon,-0.1,-0.6,1051.788,19.716,0
2025-05-16,Split,482511_g215404,Team Liquid,BBL Esports,0.0,4.6,670.774,-1.484,0
2025-05-16,Haven,482511_g215403,BBL Esports,Team Liquid,0.514,-4.8,-646.663,9.65,0
2025-05-16,Icebox,482515_g217080,Team Heretics,FNATIC,0.4,7.2,-315.544,15.076,0
2025-05-16,Fracture,482515_g215416,Team Heretics,FNATIC,-0.667,2.4,-184.854,-17.14,0
2025-05-16,Fracture,482511_g215405,BBL Esports,Team Liquid,-0.056,-5.0,-620.385,10.882,0
2025-05-17,Haven,482512_g215406,Team Heretics,Team Liquid,0.4,0.4,696.629,-32.574,1
2025-05-17,Icebox,482512_g215408,Team Liquid,Team Heretics,-0.4,-0.6,-807.493,44.45,0
2025-05-17,Ascent,482512_g215407,Team Liquid,Team Heretics,0.5,-1.4,-766.621,2.614,0
2025-05-18,Fracture,482513_g215413,FNATIC,Team Heretics,0.714,-0.2,496.958,-2.451,1
2025-05-18,Split,482513_g215411,FNATIC,Team Heretics,0.3,0.0,289.798,47.421,1
2025-05-18,Icebox,482513_g215412,FNATIC,Team Heretics,-0.4,1.8,342.223,24.864,1
2025-06-07,Pearl,490309_g217256,Team Heretics,Paper Rex,-0.1,-5.8,-522.671,36.746,0
2025-06-07,Icebox,490309_g217257,Team Heretics,Paper Rex,0.0,-6.0,-696.59,-5.824,0
2025-06-07,Icebox,490307_g217250,Team Liquid,"Guangzhou Huadu Bilibili Gaming						
							(Bilibili Gaming)",,,-492.887,3.547,0
2025-06-07,Haven,490307_g217251,"Guangzhou Huadu Bilibili Gaming						
							(Bilibili Gaming)",Team Liquid,,6.0,541.977,134.91,0
2025-06-07,Sunset,490307_g217252,Team Liquid,"Guangzhou Huadu Bilibili Gaming						
							(Bilibili Gaming)",,-0.9,-461.039,-240.574,0
2025-06-08,Split,490308_g217253,Wolves Esports,Sentinels,,,-1242.026,-19.148,0
2025-06-08,Lotus,490308_g217254,Wolves Esports,Sentinels,,2.8,-1210.442,-6.054,0
2025-06-08,Sunset,490306_g217247,MIBR,Gen.G,-0.429,-1.8,-414.033,-47.484,0
2025-06-08,Haven,490306_g217248,Gen.G,MIBR,0.1,2.6,548.976,9.58,1
2025-06-09,Icebox,490310_g217260,Gen.G,Paper Rex,-0.1,-3.0,-675.504,-88.065,1
2025-06-09,Icebox,490311_g217262,Sentinels,"Guangzhou Huadu Bilibili Gaming						
							(Bilibili Gaming)",-0.5,-2.933,968.15,19.318,0
2025-06-09,Lotus,490311_g217264,"Guangzhou Huadu Bilibili Gaming						
							(Bilibili Gaming)",Sentinels,,2.5,-950.658,-10.932,0
2025-06-09,Sunset,490311_g217263,"Guangzhou Huadu Bilibili Gaming						
							(Bilibili Gaming)",Sentinels,0.375,-0.8,-890.658,-2.542,0
2025-06-09,Ascent,490310_g217259,Gen.G,Paper Rex,0.3,1.8,-721.362,-54.983,1
2025-06-10,Pearl,490312_g217265,Team Heretics,Wolves Esports,,-9.5,1127.035,-41.826,0
2025-06-10,Lotus,490312_g217266,Team Heretics,Wolves Esports,0.7,-6.0,1145.475,-57.192,0
2025-06-10,Icebox,490313_g217268,Team Liquid,MIBR,-0.2,0.8,44.542,-174.526,1
2025-06-10,Sunset,490313_g217269,Team Liquid,MIBR,0.333,2.8,66.685,39.308,1
2025-06-11,Sunset,490314_g217272,Team Liquid,Paper Rex,-0.4,1.0,-1205.952,131.547,0
2025-06-11,Split,490314_g217271,Team Liquid,Paper Rex,-0.0,-0.8,-1340.952,215.321,1
2025-06-11,Split,490315_g217275,Wolves Esports,"Guangzhou Huadu Bilibili Gaming						
							(Bilibili Gaming)",,2.5,-250.186,-6.937,1
2025-06-11,Lotus,490314_g217273,Paper Rex,Team Liquid,0.2,-3.2,1185.161,-164.495,1
2025-06-11,Ascent,490315_g221383,"Guangzhou Huadu Bilibili Gaming						
							(Bilibili Gaming)",Wolves Esports,,-1.8,188.609,3.917,0
2025-06-13,Split,498622_g221150,G2 Esports,Paper Rex,0.1,2.6,-812.861,27.686,0
2025-06-13,Lotus,498622_g221151,G2 Esports,Paper Rex,0.3,0.8,-793.737,-16.883,0
2025-06-13,Sunset,498621_g221147,Xi Lai Gaming,Sentinels,,,-1156.236,0.28,0
2025-06-13,Lotus,498621_g221148,Sentinels,Xi Lai Gaming,,1.0,1257.276,10.837,1
2025-06-14,Ascent,498623_g221153,Rex Regum Qeon,Wolves Esports,-0.2,-1.0,79.27,-35.16,0
2025-06-14,Icebox,498623_g221154,Wolves Esports,Rex Regum Qeon,,0.4,-38.462,37.885,1
2025-06-14,Haven,498624_g221156,FNATIC,Gen.G,0.2,1.8,474.739,-1.824,0
2025-06-14,Split,498624_g221157,FNATIC,Gen.G,0.4,-1.2,418.038,-24.005,1
2025-06-14,Sunset,498624_g221158,FNATIC,Gen.G,0.0,1.0,452.366,-50.698,0
2025-06-15,Ascent,498630_g221178,FNATIC,Rex Regum Qeon,-0.3,3.4,1678.785,-0.838,1
2025-06-15,Haven,498629_g221174,G2 Esports,Xi Lai Gaming,,0.6,1198.512,26.188,1
2025-06-15,Lotus,498630_g221176,FNATIC,Rex Regum Qeon,0.2,2.6,1551.493,-9.275,1
2025-06-15,Icebox,498629_g221173,Xi Lai Gaming,G2 Esports,,1.6,-1059.256,-91.016,0
2025-06-15,Haven,498630_g221177,Rex Regum Qeon,FNATIC,-0.2,-2.4,-1659.969,23.408,1
2025-06-16,Split,498626_g221162,Gen.G,Wolves Esports,-0.1,-3.0,1141.168,-5.79,0
2025-06-16,Sunset,498626_g221163,Wolves Esports,Gen.G,,3.4,-1088.507,4.131,1
2025-06-16,Split,498625_g221159,Paper Rex,Sentinels,-0.2,-2.2,420.338,2.573,1
2025-06-16,Sunset,498625_g221160,Sentinels,Paper Rex,-0.2,2.2,-535.178,37.554,0
2025-06-17,Icebox,498632_g221184,Sentinels,FNATIC,0.1,-1.2,-477.899,43.366,0
2025-06-17,Haven,498631_g221180,Gen.G,G2 Esports,0.1,-1.2,-43.38,-14.576,1
2025-06-17,Lotus,498631_g221179,Gen.G,G2 Esports,-0.1,-0.2,81.972,-64.739,0
2025-06-17,Icebox,498631_g221181,G2 Esports,Gen.G,-0.2,0.4,-16.31,49.72,1
2025-06-17,Sunset,498632_g221182,Sentinels,FNATIC,0.271,-4.4,-389.373,5.847,1
2025-06-17,Ascent,498632_g221183,Sentinels,FNATIC,0.0,-5.6,-339.183,-3.248,0
2025-06-20,Ascent,498627_g221166,Paper Rex,Wolves Esports,-0.7,-4.0,1718.536,-17.032,1
2025-06-20,Lotus,498633_g221185,G2 Esports,FNATIC,0.2,-5.2,-693.387,5.717,0
2025-06-20,Split,498633_g221186,FNATIC,G2 Esports,0.2,7.0,691.936,-7.239,1
2025-06-20,Lotus,498627_g221165,Wolves Esports,Paper Rex,-0.2,2.0,-1676.672,-1.116,0
2025-06-21,Icebox,498634_g221189,FNATIC,Wolves Esports,-0.5,7.6,1813.667,14.975,1
2025-06-21,Lotus,498634_g221190,FNATIC,Wolves Esports,0.367,9.4,1921.938,53.678,0
2025-06-21,Ascent,498634_g221191,Wolves Esports,FNATIC,0.167,-5.4,-1839.756,-75.194,0
2025-06-21,Split,498634_g221188,FNATIC,Wolves Esports,0.233,5.8,1785.596,42.342,1
2025-06-22,Sunset,498628_g221168,Paper Rex,FNATIC,0.525,-1.6,-173.709,3.354,1
2025-06-22,Icebox,498628_g221169,Paper Rex,FNATIC,0.1,-1.8,-231.422,7.682,0
2025-06-22,Pearl,498628_g221170,FNATIC,Paper Rex,,4.0,337.012,15.174,0
2025-06-22,Lotus,498628_g221171,Paper Rex,FNATIC,0.2,-4.2,-277.025,-53.792,1
2025-07-15,Ascent,508816_g223658,Team Secret,Nongshim RedForce,0.9,-4.0,184.693,-60.266,0
2025-07-15,Bind,508815_g223654,BOOM Esports,TALON,,-3.2,501.068,3.309,0
2025-07-15,Icebox,508815_g223655,TALON,BOOM Esports,-0.6,1.4,-536.131,-5.174,1
2025-07-15,Sunset,508816_g223657,Team Secret,Nongshim RedForce,,-3.8,244.049,32.3,1
2025-07-15,Lotus,508816_g223659,Team Secret,Nongshim RedForce,-0.3,-5.2,79.419,106.987,0
2025-07-16,Corrode,511543_g226426,Apeks,Natus Vincere,,2.8,-571.91,-13.957,0
2025-07-16,Sunset,511543_g226425,Apeks,Natus Vincere,,2.4,-650.019,65.925,1
2025-07-16,Icebox,511543_g226424,Natus Vincere,Apeks,0.4,-3.2,598.081,-89.253,1
2025-07-16,Sunset,511544_g226427,GIANTX,Team Vitality,-0.3,4.4,-394.18,51.024,1
2025-07-16,Lotus,508817_g223661,T1,Paper Rex,-0.5,-2.6,-1578.896,-2.889,0
2025-07-16,Haven,508818_g223664,Gen.G,DRX,-0.0,-0.6,661.562,-24.43,1
2025-07-16,Corrode,508818_g227727,Gen.G,DRX,,-2.0,695.878,-98.403,1
2025-07-16,Bind,511544_g226428,GIANTX,Team Vitality,-0.0,6.2,-352.754,124.946,1
2025-07-16,Haven,508817_g223660,T1,Paper Rex,0.45,-1.8,-1473.686,-51.248,0
2025-07-17,Corrode,508819_g223667,Rex Regum Qeon,Global Esports,,1.0,737.047,9.629,0
2025-07-17,Haven,508819_g227752,Global Esports,Rex Regum Qeon,-0.433,2.4,-662.028,24.319,1
2025-07-17,Haven,508820_g223669,ZETA DIVISION,DetonatioN FocusMe,0.3,5.8,388.68,27.696,0
2025-07-17,Icebox,508820_g223671,ZETA DIVISION,DetonatioN FocusMe,0.25,2.0,390.209,36.665,0
2025-07-17,Lotus,508820_g223670,ZETA DIVISION,DetonatioN FocusMe,0.5,-0.6,197.701,22.92,1
2025-07-17,Lotus,511546_g226435,"Movistar KOI						
							(KOI)",Team Liquid,-0.4,-0.6,-1391.77,-46.553,0
2025-07-17,Sunset,511545_g226431,Gentle Mates,FUT Esports,0.054,-3.6,-424.954,-68.551,0
2025-07-17,Lotus,511545_g226432,FUT Esports,Gentle Mates,0.5,6.6,547.882,29.265,1
2025-07-17,Bind,511545_g226430,FUT Esports,Gentle Mates,,4.8,487.782,23.467,0
2025-07-17,Bind,511546_g226433,Team Liquid,"Movistar KOI						
							(KOI)",0.556,-2.4,1430.661,86.233,1
2025-07-17,Icebox,511546_g226434,"Movistar KOI						
							(KOI)",Team Liquid,0.129,1.4,-1477.423,-107.469,1
2025-07-18,Bind,509802_g224716,LOUD,LEVIATÁN,0.1,2.6,-163.236,16.054,0
2025-07-18,Bind,509801_g224714,Cloud9,FURIA,-0.05,-1.2,827.583,12.686,1
2025-07-18,Haven,509801_g224713,Cloud9,FURIA,-0.167,3.6,712.454,32.399,1
2025-07-18,Icebox,508821_g223672,DRX,Nongshim RedForce,0.4,-2.0,593.98,101.871,1
2025-07-18,Bind,508821_g227984,Nongshim RedForce,DRX,,4.2,-575.366,-45.33,1
2025-07-18,Lotus,508821_g227985,Nongshim RedForce,DRX,0.067,4.6,-436.177,2.309,0
2025-07-18,Ascent,508822_g223673,BOOM Esports,T1,0.0,2.4,-457.113,54.368,0
2025-07-18,Corrode,508822_g223674,BOOM Esports,T1,,-0.4,-559.661,60.305,0
2025-07-18,Ascent,509802_g224717,LEVIATÁN,LOUD,0.2,1.2,222.097,-133.719,0
2025-07-18,Icebox,509802_g224718,LOUD,LEVIATÁN,-0.2,1.2,-105.448,186.844,1
2025-07-18,Icebox,511548_g226441,FNATIC,Karmine Corp,0.0,5.6,1977.082,69.192,1
2025-07-18,Lotus,511548_g226440,Karmine Corp,FNATIC,-0.1,-5.8,-2045.555,-22.559,1
2025-07-18,Bind,511548_g226439,Karmine Corp,FNATIC,-0.2,-3.8,-2009.892,-14.776,0
2025-07-18,Sunset,511547_g226438,Team Heretics,BBL Esports,0.2,-4.2,1368.404,-86.474,1
2025-07-18,Haven,511547_g226437,Team Heretics,BBL Esports,0.175,-0.8,1259.07,-42.224,1
2025-07-18,Icebox,511547_g226436,Team Heretics,BBL Esports,0.256,3.0,1313.503,-16.303,0
2025-07-19,Lotus,508823_g223678,Team Secret,Global Esports,-0.2,-3.2,456.859,87.833,1
2025-07-19,Haven,508824_g223680,DetonatioN FocusMe,Paper Rex,-0.233,-3.4,-2608.545,4.988,0
2025-07-19,Lotus,508824_g228042,DetonatioN FocusMe,Paper Rex,-0.9,-5.2,-2705.808,-12.241,0
2025-07-19,Bind,508823_g223676,Team Secret,Global Esports,,-9.2,388.412,20.094,1
2025-07-19,Corrode,508823_g223677,Global Esports,Team Secret,,5.2,-518.633,60.582,1
2025-07-19,Sunset,509803_g224719,2Game Esports,Evil Geniuses,,-4.2,192.791,-36.124,1
2025-07-19,Lotus,509803_g224720,2Game Esports,Evil Geniuses,-0.0,-1.6,255.134,-21.613,0
2025-07-19,Ascent,509803_g224721,Evil Geniuses,2Game Esports,0.3,0.4,-278.948,-11.213,1
2025-07-19,Corrode,509804_g224722,"VISA KRÜ						
							(KRÜ Esports)",MIBR,,5.8,233.3,52.79,0
2025-07-19,Ascent,509804_g224723,"VISA KRÜ						
							(KRÜ Esports)",MIBR,-0.0,4.8,193.445,82.868,1
2025-07-19,Haven,509804_g224724,"VISA KRÜ						
							(KRÜ Esports)",MIBR,0.5,6.6,310.745,77.07,1
2025-07-20,Sunset,508826_g228313,Gen.G,Rex Regum Qeon,-0.167,3.4,1273.911,13.803,0
2025-07-20,Haven,508826_g223687,Gen.G,Rex Regum Qeon,0.2,1.0,1334.359,39.176,0
2025-07-20,Ascent,508826_g223686,Gen.G,Rex Regum Qeon,-0.0,-1.0,1229.359,59.167,1
2025-07-20,Bind,508825_g223683,TALON,ZETA DIVISION,0.167,-1.8,-94.471,-19.101,1
2025-07-20,Icebox,508825_g223682,TALON,ZETA DIVISION,0.2,3.2,-152.459,21.626,1
2025-07-20,Lotus,509806_g224730,G2 Esports,Sentinels,0.1,-0.8,-888.825,-2.56,0
2025-07-20,Corrode,509806_g224728,Sentinels,G2 Esports,,-1.6,846.024,143.098,1
2025-07-20,Sunset,509805_g224726,100 Thieves,NRG,0.0,-1.4,-309.488,-8.626,1
2025-07-20,Bind,509805_g224725,100 Thieves,NRG,0.3,-0.6,-302.441,-31.213,1
2025-07-20,Ascent,509806_g224729,Sentinels,G2 Esports,-0.4,3.2,958.675,206.116,0
2025-07-23,Icebox,511549_g226442,Karmine Corp,Apeks,0.5,-1.0,1064.709,-63.72,1
2025-07-23,Lotus,511549_g226444,Karmine Corp,Apeks,0.25,0.2,1057.542,-17.0,1
2025-07-23,Icebox,511550_g226445,GIANTX,BBL Esports,-0.5,2.4,121.292,60.594,1
2025-07-23,Corrode,511550_g226447,GIANTX,BBL Esports,,1.0,66.112,45.175,1
2025-07-23,Sunset,511549_g226443,Apeks,Karmine Corp,0.625,3.8,-1106.919,-26.812,1
2025-07-23,Lotus,511550_g226446,BBL Esports,GIANTX,-0.125,-2.2,-93.517,-24.845,1
2025-07-24,Corrode,511551_g226448,Natus Vincere,Team Liquid,,-1.2,-1131.819,-213.325,0
2025-07-24,Sunset,511551_g226449,Team Liquid,Natus Vincere,0.067,-1.4,1223.105,97.467,1
2025-07-24,Corrode,511552_g226451,Team Heretics,Gentle Mates,,4.6,1476.47,-55.431,1
2025-07-24,Ascent,511552_g226452,Team Heretics,Gentle Mates,-0.667,2.0,1416.47,-18.484,0
2025-07-24,Bind,511552_g226453,Team Heretics,Gentle Mates,-0.2,2.4,1356.47,-1.25,1
2025-07-25,Ascent,509807_g224731,G2 Esports,2Game Esports,0.467,-5.0,935.008,-251.116,1
2025-07-25,Haven,509807_g224732,2Game Esports,G2 Esports,-0.6,2.6,-1136.174,189.667,0
2025-07-25,Sunset,509808_g224734,Sentinels,FURIA,0.2,2.8,2264.594,1.09,1
2025-07-25,Icebox,509808_g224735,FURIA,Sentinels,0.1,-7.6,-2370.733,-10.543,0
2025-07-25,Sunset,508829_g229069,DetonatioN FocusMe,TALON,0.233,-5.0,-206.166,3.136,1
2025-07-25,Icebox,508829_g223693,DetonatioN FocusMe,TALON,-0.25,-2.4,-359.713,-35.478,1
2025-07-25,Haven,511553_g226454,Team Vitality,FUT Esports,-0.2,-5.2,90.49,-138.533,1
2025-07-25,Corrode,508828_g223690,Global Esports,Gen.G,-0.0,2.4,-1712.08,-16.472,0
2025-07-25,Haven,508828_g223689,Gen.G,Global Esports,0.414,1.0,1609.926,-21.994,1
2025-07-25,Lotus,511553_g226455,Team Vitality,FUT Esports,-0.1,1.4,222.615,-99.001,1
2025-07-25,Ascent,511554_g226457,FNATIC,"Movistar KOI						
							(KOI)",0.6,-1.8,2496.109,-47.289,1
2025-07-25,Haven,511554_g226458,FNATIC,"Movistar KOI						
							(KOI)",,3.6,2598.369,-63.626,1
2025-07-25,Icebox,508828_g223688,Gen.G,Global Esports,-0.257,4.4,1824.965,-75.424,0
2025-07-25,Corrode,508829_g223692,TALON,DetonatioN FocusMe,,0.6,303.242,75.624,1
2025-07-26,Corrode,508831_g223697,Rex Regum Qeon,Nongshim RedForce,,-5.6,109.502,-75.962,0
2025-07-26,Sunset,508830_g223695,ZETA DIVISION,T1,0.042,-1.8,-965.025,21.248,0
2025-07-26,Corrode,509809_g224737,"VISA KRÜ						
							(KRÜ Esports)",100 Thieves,,3.0,294.211,5.237,0
2025-07-26,Bind,509809_g224738,100 Thieves,"VISA KRÜ						
							(KRÜ Esports)",,1.8,-87.02,17.844,1
2025-07-26,Corrode,509810_g224741,LOUD,NRG,,1.8,-157.922,-8.526,0
2025-07-26,Haven,508831_g223698,Nongshim RedForce,Rex Regum Qeon,-0.1,2.2,-155.645,38.83,0
2025-07-26,Corrode,508830_g223694,ZETA DIVISION,T1,,-2.8,-858.187,-51.61,0
2025-07-26,Haven,509810_g224740,LOUD,NRG,0.2,2.4,-112.596,4.133,0
2025-07-26,Icebox,508831_g223699,Nongshim RedForce,Rex Regum Qeon,-0.5,-1.0,-284.95,-0.835,0
2025-07-27,Lotus,509811_g224743,Evil Geniuses,Cloud9,0.1,-3.8,-870.64,-0.033,0
2025-07-27,Lotus,509812_g224746,MIBR,LEVIATÁN,0.0,-2.2,-188.397,99.683,0
2025-07-27,Sunset,509812_g224747,LEVIATÁN,MIBR,0.8,1.0,296.481,-49.942,1
2025-07-27,Haven,509811_g224744,Evil Geniuses,Cloud9,-0.067,-5.4,-1036.797,-37.421,0
2025-07-27,Icebox,508832_g229399,Team Secret,DRX,0.1,-2.0,-683.169,13.879,0
2025-07-27,Lotus,508833_g223704,Paper Rex,BOOM Esports,0.5,7.0,2148.165,47.993,1
2025-07-27,Corrode,508832_g223701,Team Secret,DRX,-0.0,-1.2,-546.824,2.074,0
2025-07-27,Bind,508833_g223703,BOOM Esports,Paper Rex,-0.6,-7.2,-2234.895,-46.49,0
2025-07-30,Sunset,511562_g226460,FUT Esports,GIANTX,-0.056,-4.8,133.311,0.921,0
2025-07-30,Lotus,511563_g226464,Gentle Mates,BBL Esports,-0.444,-0.8,-257.103,30.751,0
2025-07-30,Sunset,511563_g226463,Gentle Mates,BBL Esports,-0.054,-0.4,-51.332,-24.231,0
2025-07-30,Bind,511562_g226462,GIANTX,FUT Esports,0.1,7.0,-109.776,36.368,0
2025-07-30,Haven,511562_g226461,GIANTX,FUT Esports,-0.4,1.0,-72.25,52.672,0
2025-07-31,Ascent,511564_g226466,Team Liquid,Apeks,0.267,0.0,1919.546,14.921,1
2025-07-31,Corrode,511564_g226467,Team Liquid,Apeks,1.0,2.8,1944.27,25.115,0
2025-07-31,Haven,511565_g226471,Karmine Corp,"Movistar KOI						
							(KOI)",0.333,-0.4,767.246,23.033,1
2025-07-31,Lotus,511565_g226469,"Movistar KOI						
							(KOI)",Karmine Corp,-0.6,-2.4,-577.476,-39.704,1
2025-07-31,Lotus,511564_g226468,Apeks,Team Liquid,-0.2,-1.2,-1940.503,-18.564,0
2025-07-31,Sunset,511565_g226470,Karmine Corp,"Movistar KOI						
							(KOI)",0.333,3.0,578.458,5.983,1
2025-08-01,Icebox,509814_g224754,NRG,LEVIATÁN,-0.1,-0.4,172.462,14.631,1
2025-08-01,Haven,511567_g226475,Team Vitality,Team Heretics,-0.5,-0.6,-769.303,-46.162,0
2025-08-01,Bind,511566_g230237,Natus Vincere,FNATIC,-0.4,-6.4,-2329.359,5.939,0
2025-08-01,Ascent,511567_g226476,Team Heretics,Team Vitality,-0.214,-0.8,797.131,-25.552,1
2025-08-01,Haven,509814_g224753,NRG,LEVIATÁN,0.2,3.0,135.289,-5.135,0
2025-08-01,Ascent,509813_g224751,2Game Esports,FURIA,-0.25,5.8,568.905,30.969,1
2025-08-01,Ascent,511566_g226473,FNATIC,Natus Vincere,0.3,4.4,2471.209,-4.792,0
2025-08-01,Lotus,508834_g223706,Gen.G,Team Secret,0.3,5.8,1534.08,-18.989,1
2025-08-01,Ascent,508834_g223707,Team Secret,Gen.G,0.1,-8.2,-1719.135,-24.114,0
2025-08-01,Corrode,508835_g223709,TALON,T1,0.0,0.6,-984.564,18.011,1
2025-08-01,Lotus,508835_g223710,T1,TALON,-0.3,2.4,923.309,20.856,0
2025-08-01,Lotus,509814_g224752,LEVIATÁN,NRG,0.1,-5.0,-66.034,-4.109,0
2025-08-01,Icebox,511566_g226474,Natus Vincere,FNATIC,-0.2,-0.8,-2420.626,-29.953,0
2025-08-01,Sunset,509813_g224750,2Game Esports,FURIA,0.667,3.2,438.065,57.093,1
2025-08-01,Corrode,509813_g224749,2Game Esports,FURIA,,4.6,390.331,43.938,0
2025-08-02,Ascent,508837_g223716,DRX,Rex Regum Qeon,-0.0,-1.4,426.928,-49.712,1
2025-08-02,Corrode,508836_g223713,DetonatioN FocusMe,BOOM Esports,-0.0,3.6,-403.311,-2.467,1
2025-08-02,Lotus,508836_g223712,BOOM Esports,DetonatioN FocusMe,0.233,-2.8,499.519,-29.413,0
2025-08-02,Bind,509816_g224759,MIBR,100 Thieves,-0.35,-2.6,-360.991,-125.596,1
2025-08-02,Icebox,509816_g224758,100 Thieves,MIBR,0.1,8.4,415.071,124.21,0
2025-08-02,Haven,509815_g224756,Cloud9,Sentinels,-0.2,-2.0,-1397.808,28.69,0
2025-08-02,Lotus,509815_g224755,Cloud9,Sentinels,-0.2,-1.2,-1298.914,8.814,0
2025-08-02,Bind,508837_g223715,Rex Regum Qeon,DRX,-0.5,0.2,-322.275,9.76,0
2025-08-03,Haven,509818_g224764,LOUD,"VISA KRÜ						
							(KRÜ Esports)",-0.3,2.0,-250.62,17.603,0
2025-08-03,Bind,509818_g224765,"VISA KRÜ						
							(KRÜ Esports)",LOUD,-0.5,-3.8,303.648,-20.363,0
2025-08-03,Corrode,508838_g223718,Nongshim RedForce,Global Esports,0.333,-0.8,375.333,-26.515,1
2025-08-03,Bind,508838_g223719,Global Esports,Nongshim RedForce,-1.0,2.6,-417.686,44.731,0
2025-08-03,Ascent,509818_g224766,LOUD,"VISA KRÜ						
							(KRÜ Esports)",-0.1,3.6,-193.948,5.318,0
2025-08-03,Sunset,508839_g223722,ZETA DIVISION,Paper Rex,-0.567,-7.4,-2376.513,-62.104,1
2025-08-03,Corrode,509817_g224761,G2 Esports,Evil Geniuses,,1.2,1458.307,42.639,0
2025-08-03,Haven,509817_g224762,Evil Geniuses,G2 Esports,-0.3,0.8,-1414.879,-63.959,0
2025-08-03,Lotus,508839_g223721,Paper Rex,ZETA DIVISION,0.4,5.8,2514.582,17.582,0
2025-08-03,Ascent,509817_g224763,Evil Geniuses,G2 Esports,-0.0,-2.6,-1448.801,-66.157,0
2025-08-06,Ascent,511569_g226482,"Movistar KOI						
							(KOI)",Apeks,-0.25,-4.6,391.826,-16.543,1
2025-08-06,Lotus,511569_g226481,Apeks,"Movistar KOI						
							(KOI)",-0.033,-3.4,-344.443,7.649,1
2025-08-06,Bind,511568_g226479,Team Heretics,FUT Esports,0.4,6.0,1030.214,44.587,1
2025-08-06,Haven,511568_g226478,Team Heretics,FUT Esports,0.4,3.8,1098.884,14.08,1
2025-08-06,Haven,511569_g226483,Apeks,"Movistar KOI						
							(KOI)",-0.0,-6.2,-521.645,5.163,0
2025-08-07,Corrode,511570_g226484,GIANTX,Gentle Mates,1.0,3.0,242.448,39.435,0
2025-08-07,Ascent,511570_g226485,GIANTX,Gentle Mates,-0.25,1.4,109.599,26.547,1
2025-08-07,Haven,511570_g226486,Gentle Mates,GIANTX,0.333,0.6,-120.898,24.48,0
2025-08-07,Sunset,511571_g226487,Karmine Corp,Natus Vincere,0.114,-1.2,479.119,9.265,0
2025-08-07,Corrode,511571_g226488,Natus Vincere,Karmine Corp,,-1.2,-433.348,-7.115,1
2025-08-08,Lotus,511572_g226490,Team Vitality,BBL Esports,0.1,1.0,529.673,41.064,1
2025-08-08,Icebox,511572_g226491,Team Vitality,BBL Esports,-0.2,2.2,658.883,22.729,0
2025-08-08,Lotus,509819_g224768,Cloud9,2Game Esports,0.167,-0.2,802.005,78.632,1
2025-08-08,Bind,511573_g226493,FNATIC,Team Liquid,0.2,-5.0,1002.732,-16.239,0
2025-08-08,Icebox,508841_g223728,Paper Rex,TALON,0.1,0.6,2420.404,20.67,1
2025-08-08,Bind,508841_g223727,Paper Rex,TALON,-0.157,3.8,2417.514,2.603,1
2025-08-08,Ascent,508840_g223725,Nongshim RedForce,Gen.G,-0.367,-5.8,-1514.73,-75.015,1
2025-08-08,Lotus,508840_g223724,Gen.G,Nongshim RedForce,0.1,3.4,1528.628,71.387,0
2025-08-08,Bind,509819_g224767,Cloud9,2Game Esports,,-0.4,626.076,35.33,1
2025-08-08,Bind,511572_g226492,Team Vitality,BBL Esports,-0.033,-4.4,491.369,18.799,0
2025-08-08,Bind,509820_g224771,MIBR,NRG,0.2,-1.8,-539.975,-63.052,0
2025-08-08,Lotus,509820_g224770,MIBR,NRG,0.1,0.6,-519.312,-57.719,0
2025-08-08,Ascent,511573_g226494,Team Liquid,FNATIC,0.0,7.0,-874.438,31.507,1
2025-08-09,Ascent,509822_g224778,"VISA KRÜ						
							(KRÜ Esports)",LEVIATÁN,0.067,-1.0,78.51,-49.035,0
2025-08-09,Haven,509822_g224777,"VISA KRÜ						
							(KRÜ Esports)",LEVIATÁN,0.5,-3.0,57.348,-11.684,0
2025-08-09,Bind,509822_g224776,"VISA KRÜ						
							(KRÜ Esports)",LEVIATÁN,-0.6,-3.4,87.348,-5.389,1
2025-08-09,Corrode,509821_g224774,Evil Geniuses,Sentinels,-0.0,-2.8,-2617.187,-45.979,0
2025-08-09,Lotus,509821_g224773,Evil Geniuses,Sentinels,-0.1,-5.8,-2466.874,-83.082,0
2025-08-09,Ascent,508843_g223735,BOOM Esports,ZETA DIVISION,0.1,0.6,107.737,14.103,0
2025-08-09,Corrode,508843_g223734,ZETA DIVISION,BOOM Esports,-0.0,-0.8,-139.539,50.659,1
2025-08-09,Lotus,508843_g223733,ZETA DIVISION,BOOM Esports,0.35,-3.6,-135.533,41.91,0
2025-08-09,Icebox,508842_g223731,DRX,Global Esports,-0.475,4.6,1349.907,73.18,1
2025-08-09,Lotus,508842_g223730,DRX,Global Esports,0.3,3.4,1260.95,103.707,1
2025-08-10,Haven,508845_g223740,DetonatioN FocusMe,T1,-0.557,3.2,-879.624,26.364,0
2025-08-10,Sunset,508845_g223739,T1,DetonatioN FocusMe,-0.071,-2.6,921.47,-75.714,1
2025-08-10,Sunset,508844_g223738,Team Secret,Rex Regum Qeon,0.05,-8.0,-584.975,-92.621,0
2025-08-10,Icebox,508844_g223737,Team Secret,Rex Regum Qeon,-0.056,-9.6,-541.152,-82.744,0
2025-08-10,Ascent,508844_g223736,Rex Regum Qeon,Team Secret,-0.2,7.2,543.711,62.727,0
2025-08-10,Sunset,509824_g224782,LOUD,100 Thieves,-0.071,-3.4,-309.064,-89.658,1
2025-08-10,Lotus,509824_g224784,LOUD,100 Thieves,0.214,-1.2,-281.091,-62.706,0
2025-08-10,Corrode,509823_g224779,FURIA,G2 Esports,1.0,-6.8,-1753.683,-56.491,0
2025-08-10,Ascent,509823_g224780,FURIA,G2 Esports,-0.4,-4.0,-1813.683,-41.633,0
2025-08-10,Bind,509824_g224783,100 Thieves,LOUD,-0.0,0.4,174.064,15.21,1
2025-08-13,Icebox,511575_g226496,"Movistar KOI						
							(KOI)",Natus Vincere,0.071,-2.6,-406.245,-46.088,0
2025-08-13,Corrode,511575_g226497,Natus Vincere,"Movistar KOI						
							(KOI)",,0.6,397.433,57.551,0
2025-08-13,Ascent,511575_g226498,"Movistar KOI						
							(KOI)",Natus Vincere,-0.167,3.0,-419.205,-19.761,0
2025-08-13,Bind,511576_g226499,FNATIC,Apeks,,-0.8,2996.27,11.601,1
2025-08-13,Lotus,511576_g226500,Apeks,FNATIC,-0.314,-3.2,-3155.965,13.686,0
2025-08-13,Corrode,530354_g231306,TALON,Nongshim RedForce,0.0,-1.0,-284.561,-13.168,1
2025-08-13,Lotus,530354_g231305,Nongshim RedForce,TALON,-0.0,2.6,420.049,0.802,0
2025-08-13,Haven,530355_g231309,T1,Rex Regum Qeon,0.2,-1.8,173.404,-6.28,0
2025-08-13,Sunset,530355_g231310,Rex Regum Qeon,T1,0.3,4.0,-44.718,21.476,0
2025-08-13,Bind,530355_g231308,T1,Rex Regum Qeon,0.3,-5.0,121.743,-49.856,1
2025-08-14,Bind,530357_g231315,Paper Rex,T1,0.3,2.2,1797.282,-12.799,1
2025-08-14,Sunset,530357_g231314,Paper Rex,T1,0.244,2.8,1699.093,30.84,1
2025-08-14,Lotus,530356_g231313,DRX,TALON,0.0,2.6,1019.849,52.867,0
2025-08-14,Haven,530356_g231312,DRX,TALON,0.1,-0.2,1079.27,15.397,0
2025-08-14,Bind,530356_g231311,TALON,DRX,0.25,2.2,-1054.976,-20.033,0
2025-08-14,Haven,511577_g226503,GIANTX,Team Heretics,-0.7,-4.0,-1496.921,-85.802,0
2025-08-14,Ascent,511577_g226502,GIANTX,Team Heretics,0.425,-4.8,-1398.893,-69.417,0
2025-08-14,Lotus,511579_g226506,Team Vitality,Gentle Mates,0.7,-1.4,817.539,-23.865,0
2025-08-14,Ascent,511579_g226507,Team Vitality,Gentle Mates,-0.35,-1.0,673.202,11.17,1
2025-08-14,Corrode,511579_g226505,Gentle Mates,Team Vitality,,-1.0,-703.459,11.419,0
2025-08-15,Haven,530359_g231320,Gen.G,Rex Regum Qeon,0.2,1.8,1079.032,17.172,1
2025-08-15,Sunset,511581_g226513,Team Liquid,Karmine Corp,0.2,2.0,1318.72,6.19,0
2025-08-15,Bind,511581_g226512,Karmine Corp,Team Liquid,-0.256,-1.4,-1279.17,-74.24,1
2025-08-15,Lotus,511581_g226511,Karmine Corp,Team Liquid,-0.0,-4.2,-1260.85,-121.76,0
2025-08-15,Lotus,530358_g231317,DetonatioN FocusMe,Nongshim RedForce,-0.4,0.6,-274.915,17.595,0
2025-08-15,Ascent,530358_g231318,Nongshim RedForce,DetonatioN FocusMe,0.1,-0.4,347.028,-27.862,1
2025-08-15,Ascent,511580_g226509,FUT Esports,BBL Esports,0.2,-1.8,250.162,31.775,0
2025-08-15,Sunset,530359_g231321,Rex Regum Qeon,Gen.G,0.267,-1.6,-1034.274,-0.209,1
2025-08-15,Sunset,511580_g226508,FUT Esports,BBL Esports,-0.1,-5.0,315.024,-1.909,0
2025-08-15,Sunset,509825_g224785,"VISA KRÜ						
							(KRÜ Esports)",NRG,,-2.2,-269.923,-21.127,1
2025-08-15,Lotus,509825_g224786,NRG,"VISA KRÜ						
							(KRÜ Esports)",0.25,3.8,207.891,44.687,1
2025-08-15,Haven,509825_g224787,"VISA KRÜ						
							(KRÜ Esports)",NRG,0.25,-2.4,-264.398,-45.637,0
2025-08-15,Haven,509826_g224788,100 Thieves,LEVIATÁN,0.1,-0.6,58.921,18.325,1
2025-08-15,Sunset,509826_g224789,LEVIATÁN,100 Thieves,0.4,0.6,-110.3,2.017,1
2025-08-15,Lotus,509826_g224790,100 Thieves,LEVIATÁN,-0.025,-1.2,-111.532,-16.784,0
2025-08-15,Corrode,530359_g231322,Gen.G,Rex Regum Qeon,1.0,4.4,987.89,-21.718,0
2025-08-16,Corrode,509827_g224791,FURIA,Evil Geniuses,0.0,0.4,-146.803,-0.211,0
2025-08-16,Ascent,530360_g231324,T1,Nongshim RedForce,0.1,0.0,436.879,-2.925,1
2025-08-16,Haven,509829_g224796,2Game Esports,Sentinels,-0.7,-2.8,-2331.534,-48.143,0
2025-08-16,Lotus,509829_g224795,2Game Esports,Sentinels,-0.55,-2.4,-2210.232,-44.051,0
2025-08-16,Sunset,509829_g224794,Sentinels,2Game Esports,-0.3,9.2,2296.208,34.377,0
2025-08-16,Corrode,530361_g231327,DRX,Rex Regum Qeon,0.167,2.2,63.454,5.798,0
2025-08-16,Icebox,530361_g231326,Rex Regum Qeon,DRX,0.2,0.6,-188.379,61.246,1
2025-08-16,Lotus,530360_g231894,T1,Nongshim RedForce,-0.371,1.6,455.646,2.455,1
2025-08-16,Ascent,509827_g224792,FURIA,Evil Geniuses,-0.4,-3.0,-253.066,-0.91,0
2025-08-17,Ascent,509830_g224797,Cloud9,G2 Esports,-0.5,1.6,-543.351,-34.392,0
2025-08-17,Lotus,509830_g224798,G2 Esports,Cloud9,0.1,-0.6,579.389,36.8,1
2025-08-17,Icebox,509831_g224800,LOUD,MIBR,-0.2,0.8,190.895,39.36,0
2025-08-17,Haven,530363_g231334,Rex Regum Qeon,T1,-0.1,-0.6,68.668,53.677,1
2025-08-17,Sunset,509831_g224801,LOUD,MIBR,0.5,-0.0,199.278,20.858,0
2025-08-17,Haven,530362_g231329,Paper Rex,TALON,-0.0,1.4,2414.566,-5.088,1
2025-08-17,Bind,530362_g231330,TALON,Paper Rex,-0.033,-3.8,-2447.444,1.046,0
2025-08-17,Sunset,530363_g231333,T1,Rex Regum Qeon,-0.214,-3.2,-92.477,-32.069,1
2025-08-17,Ascent,530363_g232077,T1,Rex Regum Qeon,0.4,-6.2,-119.364,-20.847,0
2025-08-21,Corrode,530902_g231348,Cloud9,LEVIATÁN,,-1.6,-475.175,-42.121,1
2025-08-21,Haven,530902_g231349,Cloud9,LEVIATÁN,-0.2,-1.4,-421.765,-67.676,0
2025-08-21,Lotus,530902_g231350,LEVIATÁN,Cloud9,0.1,3.6,525.107,38.928,0
2025-08-21,Sunset,530903_g231351,100 Thieves,G2 Esports,0.333,-2.4,-478.287,-50.214,0
2025-08-21,Ascent,530924_g231389,FNATIC,BBL Esports,0.2,-5.6,2360.053,-54.872,0
2025-08-21,Corrode,530924_g231388,BBL Esports,FNATIC,,6.8,-2266.914,24.991,0
2025-08-21,Haven,530925_g231392,GIANTX,Natus Vincere,-0.433,-3.0,-523.332,-4.42,1
2025-08-21,Bind,530925_g231391,Natus Vincere,GIANTX,-0.1,2.0,333.425,59.39,1
2025-08-21,Haven,530924_g231390,BBL Esports,FNATIC,-0.144,2.4,-2195.053,-1.137,1
2025-08-21,Haven,530903_g231352,G2 Esports,100 Thieves,0.1,6.6,616.158,73.086,1
2025-08-21,Ascent,530925_g231393,GIANTX,Natus Vincere,0.167,-2.2,-465.237,-59.069,1
2025-08-22,Ascent,530928_g231401,Team Heretics,BBL Esports,-0.056,1.0,1310.56,-1.979,0
2025-08-22,Icebox,530906_g231361,Sentinels,Cloud9,-0.1,7.0,1651.519,32.307,0
2025-08-22,Ascent,530929_g231405,Team Liquid,GIANTX,-0.114,6.0,1769.522,83.358,1
2025-08-22,Corrode,530906_g231360,Cloud9,Sentinels,-0.0,-4.6,-1624.604,-50.721,0
2025-08-22,Sunset,530929_g231403,GIANTX,Team Liquid,0.143,-2.0,-1781.963,-55.124,0
2025-08-22,Icebox,530928_g231400,BBL Esports,Team Heretics,-0.0,-4.2,-1370.56,16.115,1
2025-08-22,Corrode,530929_g231404,Team Liquid,GIANTX,0.0,-0.4,1889.886,3.702,0
2025-08-22,Bind,530907_g231365,G2 Esports,NRG,0.4,5.6,279.506,35.694,1
2025-08-22,Sunset,530907_g231364,G2 Esports,NRG,0.25,6.2,245.59,28.914,1
2025-08-22,Corrode,530907_g231363,NRG,G2 Esports,0.667,-6.8,-307.893,-18.047,1
2025-08-22,Lotus,530906_g231362,Cloud9,Sentinels,-0.3,-2.8,-1575.874,-22.372,0
2025-08-23,Sunset,530904_g231355,"VISA KRÜ						
							(KRÜ Esports)",LEVIATÁN,0.2,-5.8,-337.479,-72.42,1
2025-08-23,Bind,530927_g231398,Natus Vincere,Team Vitality,0.1,-0.6,-73.133,62.568,1
2025-08-23,Haven,530927_g231397,Natus Vincere,Team Vitality,0.3,-1.0,-216.312,54.544,1
2025-08-23,Bind,530926_g232628,FNATIC,Karmine Corp,0.2,0.8,2090.478,103.235,1
2025-08-23,Corrode,530926_g231395,FNATIC,Karmine Corp,1.0,0.4,2065.808,53.305,1
2025-08-23,Haven,530926_g231394,Karmine Corp,FNATIC,-0.171,-1.2,-2031.874,10.772,1
2025-08-23,Corrode,530905_g231358,Evil Geniuses,100 Thieves,-0.333,4.4,-1243.097,39.943,0
2025-08-23,Haven,530904_g231356,"VISA KRÜ						
							(KRÜ Esports)",LEVIATÁN,-0.0,-4.6,-307.158,-45.064,0
2025-08-23,Lotus,530904_g231354,LEVIATÁN,"VISA KRÜ						
							(KRÜ Esports)",0.3,3.4,320.714,10.202,1
2025-08-23,Bind,530905_g231357,100 Thieves,Evil Geniuses,-0.1,-2.0,1122.424,-56.894,1
2025-08-24,Sunset,530930_g231407,FNATIC,GIANTX,-0.167,1.8,2438.485,10.858,0
2025-08-24,Icebox,530931_g231409,Natus Vincere,Team Heretics,-0.0,-2.0,-1163.201,-26.905,1
2025-08-24,Haven,530931_g231410,Team Heretics,Natus Vincere,0.429,2.0,1025.908,-1.054,0
2025-08-24,Lotus,530930_g231406,FNATIC,GIANTX,0.156,-5.4,2508.138,-11.058,0
2025-08-24,Icebox,530908_g231367,LEVIATÁN,NRG,-0.0,1.6,-115.775,-31.431,0
2025-08-24,Haven,530909_g231369,Cloud9,100 Thieves,-0.2,0.8,-134.414,59.566,1
2025-08-24,Icebox,530909_g231370,Cloud9,100 Thieves,-0.044,0.0,-102.468,22.145,1
2025-08-24,Ascent,530908_g231366,LEVIATÁN,NRG,0.2,-2.2,23.234,-31.111,0
2025-08-29,Haven,530933_g231417,GIANTX,Natus Vincere,-0.339,2.0,-574.283,-37.388,1
2025-08-29,Sunset,530933_g231416,GIANTX,Natus Vincere,0.181,5.0,-637.142,-15.49,1
2025-08-29,Icebox,530933_g231415,GIANTX,Natus Vincere,-0.222,6.4,-575.555,-28.497,0
2025-08-29,Bind,530932_g231414,BBL Esports,Team Liquid,-0.171,-0.8,-1532.95,16.874,0
2025-08-29,Sunset,530932_g231413,Team Liquid,BBL Esports,-0.056,0.8,1457.95,16.105,0
2025-08-29,Ascent,530932_g231412,Team Liquid,BBL Esports,-0.0,-0.0,1401.86,13.815,1
2025-08-29,Haven,530911_g233203,NRG,Cloud9,0.1,3.4,893.613,-6.726,0
2025-08-29,Lotus,530911_g231377,Cloud9,NRG,-0.1,-3.0,-853.796,-77.753,0
2025-08-29,Corrode,530911_g231376,Cloud9,NRG,-0.5,-4.8,-655.239,-114.084,0
2025-08-29,Sunset,530910_g231373,G2 Esports,Sentinels,-0.033,3.4,-203.683,4.686,1
2025-08-29,Bind,530910_g231372,Sentinels,G2 Esports,-0.1,-1.0,295.321,-126.572,0
2025-08-30,Corrode,530364_g231337,TALON,Rex Regum Qeon,0.5,-5.6,-506.756,7.766,0
2025-08-30,Sunset,530912_g231380,NRG,Sentinels,-0.378,2.8,-834.219,51.257,0
2025-08-30,Haven,530364_g231336,Rex Regum Qeon,TALON,0.2,5.6,662.453,-62.974,0
2025-08-30,Bind,530364_g231335,TALON,Rex Regum Qeon,0.6,-2.0,-870.385,66.929,1
2025-08-30,Corrode,530514_g231345,Team World,Glory Once Again,,,180.306,0.0,1
2025-08-30,Corrode,530912_g231381,Sentinels,NRG,0.0,-0.2,872.191,-49.604,0
2025-08-30,Icebox,530364_g231338,Rex Regum Qeon,TALON,0.2,-1.6,559.77,6.441,1
2025-08-30,Icebox,530912_g231379,NRG,Sentinels,0.171,1.8,-858.559,-8.409,1
2025-08-30,Sunset,530364_g231339,TALON,Rex Regum Qeon,-0.482,1.2,-607.047,11.729,0
2025-08-30,Sunset,530934_g231419,BBL Esports,GIANTX,0.0,-7.2,-89.025,-26.188,0
2025-08-30,Ascent,530934_g231418,GIANTX,BBL Esports,0.025,6.2,-108.024,80.426,1
2025-08-30,Lotus,530912_g231378,NRG,Sentinels,-0.3,4.2,-929.509,12.836,1
2025-08-30,Corrode,536985_g232626,Team Alpha,Team Omega,,,-13.221,0.0,1
2025-08-30,Bind,530934_g233349,GIANTX,BBL Esports,-0.042,8.6,172.161,52.991,1
2025-08-31,Sunset,530935_g231425,GIANTX,Team Liquid,0.256,5.6,-1558.364,57.952,0
2025-08-31,Bind,530365_g233353,Paper Rex,Rex Regum Qeon,0.7,4.2,1787.354,28.471,1
2025-08-31,Ascent,530365_g231341,Rex Regum Qeon,Paper Rex,-0.0,-7.2,-1670.775,-49.814,0
2025-08-31,Lotus,530365_g231342,Paper Rex,Rex Regum Qeon,0.5,6.6,1719.207,48.254,0
2025-08-31,Haven,530365_g231343,Rex Regum Qeon,Paper Rex,0.029,-5.4,-1697.785,-5.163,0
2025-08-31,Lotus,530935_g231424,GIANTX,Team Liquid,-0.1,5.2,-1456.091,40.937,0
2025-08-31,Ascent,530913_g231385,NRG,G2 Esports,-0.4,4.0,-415.881,-162.144,0
2025-08-31,Lotus,530913_g231384,NRG,G2 Esports,0.1,1.0,-365.097,-159.277,0
2025-08-31,Bind,530913_g231383,G2 Esports,NRG,0.6,-1.2,467.17,58.101,1
2025-08-31,Corrode,538583_g232785,Team EMEA,Team France,,,-29.854,-0.0,1
2025-08-31,Bind,530935_g231423,GIANTX,Team Liquid,-0.171,3.4,-1406.889,22.328,0
2025-09-12,Corrode,542196_g233400,GIANTX,Sentinels,-0.083,4.0,-1730.895,58.222,0
2025-09-12,Sunset,542195_g233398,Xi Lai Gaming,Paper Rex,-0.8,-4.05,-2089.418,-35.4,0
2025-09-12,Bind,542195_g233397,Xi Lai Gaming,Paper Rex,,-4.2,-1984.151,12.458,0
2025-09-12,Sunset,542196_g233401,GIANTX,Sentinels,0.1,1.6,-1913.534,33.453,1
2025-09-12,Haven,542196_g233402,Sentinels,GIANTX,0.325,-1.6,1778.534,16.431,0
2025-09-13,Bind,542205_g233428,DRX,Team Liquid,-0.1,-4.4,-663.395,-56.114,1
2025-09-13,Abyss,542205_g233427,Team Liquid,DRX,0.143,1.0,770.692,-16.053,0
2025-09-13,Corrode,542207_g233431,EDward Gaming,NRG,,-2.2,323.127,-82.164,0
2025-09-13,Abyss,542207_g233430,NRG,EDward Gaming,,-1.4,-374.379,45.418,1
2025-09-14,Corrode,542211_g233442,G2 Esports,Team Heretics,-0.75,-2.4,297.928,-31.249,0
2025-09-14,Sunset,542212_g233446,Dragon Ranger Gaming,T1,,1.2,-217.681,-20.352,0
2025-09-14,Lotus,542212_g233445,T1,Dragon Ranger Gaming,-0.2,-2.4,261.485,-130.013,1
2025-09-14,Lotus,542211_g233443,Team Heretics,G2 Esports,-0.0,3.2,-171.219,-24.966,1
2025-09-15,Abyss,542201_g233416,Rex Regum Qeon,FNATIC,,-2.2,-1556.723,4.132,0
2025-09-15,Haven,542200_g233412,"Guangzhou Huadu Bilibili Gaming						
							(Bilibili Gaming)",MIBR,-0.429,-5.6,706.847,-3.922,0
2025-09-15,Corrode,542200_g233413,MIBR,"Guangzhou Huadu Bilibili Gaming						
							(Bilibili Gaming)",,7.4,-550.679,-92.025,1
2025-09-15,Ascent,542201_g233415,Rex Regum Qeon,FNATIC,-0.2,-5.6,-1616.799,17.19,0
2025-09-17,Lotus,542208_g233435,NRG,DRX,-0.0,-2.8,121.687,-78.684,1
2025-09-17,Haven,542208_g233433,NRG,DRX,-0.0,1.0,240.149,-130.292,0
2025-09-17,Corrode,542208_g233434,NRG,DRX,0.667,-0.4,180.149,-74.864,1
2025-09-17,Lotus,542197_g233404,GIANTX,Paper Rex,-0.4,-2.4,-2263.61,-66.62,0
2025-09-17,Ascent,542197_g233403,Paper Rex,GIANTX,-0.167,-1.6,2340.537,45.283,0
2025-09-17,Sunset,542197_g233405,GIANTX,Paper Rex,-0.1,0.8,-2206.526,-26.526,0
2025-09-18,Haven,542202_g233420,FNATIC,MIBR,-0.0,-2.8,1772.565,-59.903,1
2025-09-18,Abyss,542202_g233419,FNATIC,MIBR,,-3.2,1750.879,-92.256,1
2025-09-18,Bind,542202_g233418,MIBR,FNATIC,-0.467,-1.4,-1870.536,90.484,1
2025-09-18,Sunset,542213_g233449,T1,Team Heretics,-0.1,-6.2,-1198.05,-15.941,0
2025-09-18,Lotus,542213_g233448,Team Heretics,T1,0.4,2.4,1090.628,54.167,1
2025-09-19,Haven,542198_g233408,Xi Lai Gaming,Sentinels,-0.6,-0.6,-1468.771,94.871,1
2025-09-19,Lotus,542198_g233407,Xi Lai Gaming,Sentinels,-0.9,2.8,-1609.623,120.51,1
2025-09-19,Abyss,542198_g233406,Sentinels,Xi Lai Gaming,,-3.2,1494.63,-52.682,1
2025-09-19,Abyss,542209_g233437,EDward Gaming,Team Liquid,0.167,-0.6,81.366,12.653,0
2025-09-19,Sunset,542209_g233436,EDward Gaming,Team Liquid,0.167,-2.6,-51.098,32.901,1
2025-09-19,Bind,542209_g233438,EDward Gaming,Team Liquid,-0.0,-0.6,-105.681,16.94,0
2025-09-20,Sunset,542203_g233421,"Guangzhou Huadu Bilibili Gaming						
							(Bilibili Gaming)",Rex Regum Qeon,-0.167,-1.0,249.998,171.629,1
2025-09-20,Lotus,542203_g233422,Rex Regum Qeon,"Guangzhou Huadu Bilibili Gaming						
							(Bilibili Gaming)",0.5,-0.2,-369.998,-165.719,1
2025-09-20,Abyss,542203_g233423,"Guangzhou Huadu Bilibili Gaming						
							(Bilibili Gaming)",Rex Regum Qeon,,-0.2,318.734,126.017,0
2025-09-20,Lotus,542214_g233451,Dragon Ranger Gaming,G2 Esports,-0.167,-0.2,-1394.998,172.704,0
2025-09-20,Abyss,542214_g233452,Dragon Ranger Gaming,G2 Esports,,2.6,-1412.496,189.78,0
2025-09-21,Bind,542199_g233409,Xi Lai Gaming,GIANTX,-0.375,-0.2,269.745,-50.142,0
2025-09-21,Corrode,542210_g233439,Team Liquid,DRX,0.083,-3.2,616.777,-29.854,0
2025-09-21,Abyss,542210_g233440,DRX,Team Liquid,0.208,4.0,-496.219,17.121,1
2025-09-21,Ascent,542199_g233410,GIANTX,Xi Lai Gaming,,0.4,-300.731,10.082,1
2025-09-22,Lotus,542215_g233454,G2 Esports,T1,0.2,-1.8,1219.43,-8.945,1
2025-09-22,Abyss,542204_g233425,MIBR,Rex Regum Qeon,-0.5,1.4,-60.159,47.762,1
2025-09-22,Corrode,542204_g233424,MIBR,Rex Regum Qeon,0.4,-0.2,-238.869,31.831,1
2025-09-22,Corrode,542215_g233455,T1,G2 Esports,0.467,3.0,-1246.069,12.569,0
2025-09-25,Ascent,542264_g233458,DRX,FNATIC,0.1,0.4,-930.179,6.467,1
2025-09-25,Ascent,542265_g233462,Paper Rex,G2 Esports,-0.4,0.4,638.572,-0.895,1
2025-09-25,Corrode,542265_g233461,Paper Rex,G2 Esports,,-1.8,685.652,-33.968,0
2025-09-25,Lotus,542265_g233460,G2 Esports,Paper Rex,-0.2,5.0,-727.171,51.335,0
2025-09-25,Haven,542264_g233457,DRX,FNATIC,-0.0,4.2,-909.771,35.578,0
2025-09-25,Lotus,542264_g233459,FNATIC,DRX,0.0,-3.4,877.749,-34.99,1
2025-09-26,Corrode,542266_g233463,Team Heretics,MIBR,0.0,0.6,1068.369,40.903,0
2025-09-26,Sunset,542266_g233464,Team Heretics,MIBR,0.575,1.6,1013.654,7.288,0
2025-09-26,Haven,542267_g233466,NRG,GIANTX,-0.044,-2.8,1074.333,1.103,1
2025-09-26,Lotus,542267_g233467,NRG,GIANTX,0.4,-0.2,1203.973,6.812,1
2025-09-27,Lotus,542274_g233487,GIANTX,Team Heretics,-0.5,-0.0,-1441.344,-28.992,1
2025-09-27,Ascent,542274_g233486,GIANTX,Team Heretics,0.4,3.6,-1349.553,-13.23,0
2025-09-27,Lotus,542273_g233483,G2 Esports,DRX,0.1,3.0,607.998,4.311,1
2025-09-27,Abyss,542273_g233484,DRX,G2 Esports,0.089,-7.6,-724.416,-11.809,1
2025-09-27,Bind,542273_g233485,G2 Esports,DRX,0.2,4.2,679.416,24.599,0
2025-09-27,Bind,542274_g233488,Team Heretics,GIANTX,0.356,0.0,1225.587,8.966,1
2025-09-28,Bind,542268_g233469,Paper Rex,FNATIC,-0.0,-2.2,1538.162,5.148,1
2025-09-28,Haven,542268_g233470,Paper Rex,FNATIC,0.125,-3.6,1568.162,252.606,0
2025-09-28,Lotus,542268_g233471,FNATIC,Paper Rex,-0.3,6.2,-1367.554,-367.098,1
2025-09-28,Abyss,542269_g233472,NRG,MIBR,0.5,-3.8,789.283,-29.983,1
2025-09-28,Haven,542269_g233473,MIBR,NRG,0.044,5.8,-656.159,17.187,1
2025-09-28,Corrode,542269_g233474,NRG,MIBR,-0.0,-10.0,497.139,-50.859,1
2025-09-29,Ascent,542277_g233492,Paper Rex,Team Heretics,0.0,-1.2,1136.385,41.108,1
2025-09-29,Lotus,542277_g233494,Paper Rex,Team Heretics,0.1,1.6,1145.577,37.583,1
2025-09-29,Sunset,542276_g233489,DRX,MIBR,0.063,-5.6,407.698,-101.116,0
2025-09-29,Ascent,542276_g233490,MIBR,DRX,-0.7,10.0,-262.636,83.464,0
2025-09-29,Bind,542276_g233491,DRX,MIBR,0.171,-8.2,286.639,-68.062,1
2025-09-29,Bind,542277_g233493,Paper Rex,Team Heretics,0.0,-1.4,1175.577,24.309,0
2025-10-03,Abyss,542270_g233476,NRG,FNATIC,0.5,-5.0,-947.902,324.308,1
2025-10-03,Ascent,542278_g233495,Paper Rex,DRX,-0.2,-1.2,1383.563,-11.969,0
2025-10-03,Lotus,542278_g233496,Paper Rex,DRX,0.4,-0.0,1337.671,20.829,0
2025-10-03,Ascent,542270_g233475,FNATIC,NRG,0.1,6.6,994.421,58.796,0
2025-10-04,Sunset,542279_g233498,FNATIC,DRX,0.05,4.8,925.425,389.327,0
2025-10-04,Corrode,542279_g233499,FNATIC,DRX,0.6,1.2,841.315,335.903,1
2025-10-04,Haven,542279_g233500,FNATIC,DRX,0.0,2.2,1035.201,165.27,1
2025-10-04,Bind,542279_g233501,DRX,FNATIC,-0.0,-1.4,-1052.002,41.29,0
2025-10-05,Ascent,542272_g233481,FNATIC,NRG,-0.0,8.4,757.608,37.12,1
2025-10-05,Abyss,542272_g233480,FNATIC,NRG,-0.6,7.8,799.458,-9.424,1
2025-10-05,Sunset,542272_g233482,FNATIC,NRG,0.1,7.4,727.938,-42.47,0
2025-10-05,Corrode,542272_g233478,FNATIC,NRG,-0.0,3.4,1023.185,-72.193,0
2025-10-05,Lotus,542272_g233479,FNATIC,NRG,-0.1,1.4,819.791,-4.895,0
2026-01-15,Abyss,596399_g244778,ENVY,Evil Geniuses,,,456.129,-2.167,0
2026-01-15,Bind,596399_g244780,Evil Geniuses,ENVY,,-1.2,-358.082,114.162,0
2026-01-15,Haven,596398_g244775,Cloud9,LOUD,-0.1,-2.2,-14.029,-12.497,1
2026-01-15,Abyss,596398_g244776,Cloud9,LOUD,,0.4,23.451,20.974,1
2026-01-15,Corrode,596399_g244779,ENVY,Evil Geniuses,,5.4,397.551,-221.817,1
2026-01-16,Pearl,596400_g244781,KRÜ Esports,FURIA,0.036,5.8,-776.516,71.413,1
2026-01-16,Breeze,596400_g244782,KRÜ Esports,FURIA,0.75,2.6,-821.875,-346.912,0
2026-01-16,Abyss,596400_g244783,FURIA,KRÜ Esports,,1.4,868.859,568.922,1
2026-01-16,Bind,596401_g244784,LEVIATÁN,100 Thieves,-0.0,-4.6,-318.3,5.957,0
2026-01-16,Pearl,596401_g244785,100 Thieves,LEVIATÁN,-0.489,8.8,427.6,131.435,0
2026-01-16,Split,596401_g244786,LEVIATÁN,100 Thieves,-0.156,-7.0,-360.712,-227.847,0
2026-01-17,Abyss,596403_g244790,MIBR,ENVY,0.333,6.067,1807.401,62.637,1
2026-01-17,Corrode,596403_g244791,MIBR,ENVY,-0.2,5.35,1902.893,216.019,1
2026-01-17,Breeze,596402_g244788,NRG,Cloud9,,1.0,1205.914,-92.174,1
2026-01-17,Pearl,596402_g244787,Cloud9,NRG,0.1,-1.4,-1109.468,57.225,0
2026-01-18,Split,596404_g244793,FURIA,Sentinels,-0.325,3.2,-1132.523,295.042,1
2026-01-18,Breeze,596404_g244794,Sentinels,FURIA,-0.333,-6.8,925.353,-386.257,0
2026-01-18,Bind,596405_g244796,100 Thieves,G2 Esports,-0.1,0.8,-1317.888,67.196,0
2026-01-18,Corrode,596405_g244797,G2 Esports,100 Thieves,-0.571,-2.0,1270.069,-23.57,0
2026-01-18,Split,596405_g244798,100 Thieves,G2 Esports,0.1,5.6,-1130.63,-23.894,0
2026-01-20,Split,594740_g244304,Karmine Corp,Natus Vincere,-0.278,-0.4,-638.571,-39.799,0
2026-01-20,Haven,594740_g244305,Karmine Corp,Natus Vincere,-0.056,0.8,-643.961,-83.387,0
2026-01-20,Abyss,594741_g244307,FUT Esports,Gentle Mates,,1.8,191.288,48.12,0
2026-01-20,Split,594741_g244308,Gentle Mates,FUT Esports,0.029,-0.0,-78.51,68.322,1
2026-01-21,Breeze,594743_g244313,Team Vitality,ULF Esports,,,1443.902,-2.523,1
2026-01-21,Pearl,594742_g244312,PCIFIC Esports,BBL Esports,,,255.47,40.489,0
2026-01-21,Abyss,594742_g244311,BBL Esports,PCIFIC Esports,,-7.2,-164.863,-103.586,0
2026-01-21,Corrode,594743_g244314,ULF Esports,Team Vitality,,-8.4,-1547.729,-152.138,0
2026-01-21,Breeze,594742_g244310,BBL Esports,PCIFIC Esports,,-7.5,-220.328,-58.624,1
2026-01-22,Corrode,595631_g244563,ZETA DIVISION,FULL SENSE,,,-512.396,20.599,0
2026-01-22,Split,595631_g244564,FULL SENSE,ZETA DIVISION,,-6.2,586.016,-7.965,1
2026-01-22,Split,595630_g244561,Team Secret,Nongshim RedForce,-0.35,-0.8,-586.743,-10.133,0
2026-01-22,Bind,594744_g244316,Team Heretics,Natus Vincere,0.3,2.2,262.396,-150.353,0
2026-01-22,Haven,595630_g244560,Nongshim RedForce,Team Secret,-0.067,3.0,500.733,79.545,1
2026-01-22,Split,594744_g244318,Team Heretics,Natus Vincere,-0.1,-1.8,259.246,-186.696,0
2026-01-22,Pearl,594745_g244319,GIANTX,Gentle Mates,0.0,1.4,365.329,-70.923,0
2026-01-22,Bind,594745_g244320,GIANTX,Gentle Mates,-0.1,2.2,371.886,-38.702,0
2026-01-22,Haven,594744_g244317,Natus Vincere,Team Heretics,-0.3,5.2,-132.847,166.921,0
2026-01-23,Breeze,596409_g244810,LOUD,100 Thieves,-0.333,-6.2,-495.625,-11.139,1
2026-01-23,Abyss,595633_g244569,DetonatioN FocusMe,Gen.G,,-0.8,-1209.73,53.008,1
2026-01-23,Split,595632_g248947,Global Esports,VARREL,,,555.43,-22.608,1
2026-01-23,Abyss,595632_g244567,VARREL,Global Esports,,3.4,-465.759,-124.021,0
2026-01-23,Bind,596409_g244812,100 Thieves,LOUD,0.1,8.0,554.666,30.616,1
2026-01-23,Pearl,596409_g249108,100 Thieves,LOUD,0.033,4.4,592.89,54.543,1
2026-01-23,Abyss,596410_g244813,Sentinels,Evil Geniuses,-0.667,-0.4,1280.752,-434.916,1
2026-01-23,Pearl,596410_g244814,Sentinels,Evil Geniuses,0.1,2.2,1316.969,-391.858,1
2026-01-23,Corrode,594747_g244327,Team Vitality,Team Liquid,0.75,3.8,1037.048,200.749,1
2026-01-23,Pearl,594747_g244326,Team Liquid,Team Vitality,,-2.6,-1094.902,-542.604,1
2026-01-23,Breeze,594747_g244325,Team Liquid,Team Vitality,,-1.4,-970.73,-650.253,0
2026-01-23,Haven,594746_g244323,FNATIC,BBL Esports,-0.1,4.4,1623.659,119.642,0
2026-01-23,Breeze,594746_g244322,BBL Esports,FNATIC,0.286,0.4,-1619.488,168.367,1
2026-01-23,Pearl,595633_g244570,DetonatioN FocusMe,Gen.G,-0.429,0.6,-1152.596,142.108,1
2026-01-24,Breeze,595635_g244575,FULL SENSE,DRX,,-1.8,-394.468,20.231,0
2026-01-24,Split,595634_g249401,Nongshim RedForce,T1,0.4,1.8,-569.301,-33.226,0
2026-01-24,Pearl,595635_g244576,FULL SENSE,DRX,,-2.133,-420.37,200.432,1
2026-01-24,Split,595635_g244577,FULL SENSE,DRX,0.5,-1.4,-315.37,238.171,1
2026-01-24,Corrode,595634_g244574,T1,Nongshim RedForce,-0.167,1.6,550.304,33.731,0
2026-01-24,Split,596412_g244820,Cloud9,LEVIATÁN,0.267,2.2,334.381,174.569,1
2026-01-24,Pearl,596412_g244819,Cloud9,LEVIATÁN,-0.3,3.8,200.421,151.371,1
2026-01-24,Breeze,596411_g244818,KRÜ Esports,ENVY,,-1.0,-1071.031,-314.294,0
2026-01-24,Haven,595634_g244573,T1,Nongshim RedForce,0.1,2.0,681.232,10.181,0
2026-01-24,Pearl,596411_g244817,ENVY,KRÜ Esports,,1.8,951.908,229.512,1
2026-01-24,Abyss,596411_g244816,ENVY,KRÜ Esports,-0.25,2.2,1115.694,-20.671,0
2026-01-25,Split,596414_g244827,Cloud9,ENVY,,2.4,437.354,48.69,1
2026-01-25,Pearl,596414_g244825,Cloud9,ENVY,-0.4,-0.8,560.004,8.925,1
2026-01-25,Split,596413_g244823,Sentinels,100 Thieves,-0.0,-4.2,-72.85,-250.592,0
2026-01-25,Corrode,596413_g244822,Sentinels,100 Thieves,-0.2,-3.2,-95.889,-67.067,0
2026-01-25,Breeze,595636_g244578,Paper Rex,Global Esports,,-0.4,2750.781,-180.122,1
2026-01-25,Split,595636_g244579,Paper Rex,Global Esports,0.45,-2.2,2752.372,-142.823,0
2026-01-25,Breeze,596414_g244826,ENVY,Cloud9,1.0,0.8,-577.683,-2.057,1
2026-01-25,Bind,595636_g244580,Global Esports,Paper Rex,-0.8,1.0,-2597.007,41.857,0
2026-01-25,Corrode,595637_g244582,DetonatioN FocusMe,Rex Regum Qeon,-0.0,1.8,-793.176,-27.898,0
2026-01-25,Haven,595637_g244581,DetonatioN FocusMe,Rex Regum Qeon,-0.375,1.2,-821.617,-1.848,0
2026-01-27,Abyss,594751_g244339,Karmine Corp,Team Liquid,,-0.8,-252.567,470.442,1
2026-01-27,Split,594751_g244340,Team Liquid,Karmine Corp,0.3,-1.2,107.793,-262.997,1
2026-01-27,Breeze,594751_g244341,Team Liquid,Karmine Corp,-0.333,0.4,156.483,33.293,1
2026-01-27,Abyss,594752_g244342,FNATIC,FUT Esports,0.5,-0.4,1360.531,-260.982,1
2026-01-27,Corrode,594752_g244343,FNATIC,FUT Esports,,4.6,1557.19,-259.106,0
2026-01-27,Split,594752_g244344,FUT Esports,FNATIC,-0.5,-3.8,-1548.551,106.829,0
2026-01-28,Abyss,594753_g244345,GIANTX,PCIFIC Esports,,1.133,418.256,66.159,1
2026-01-28,Bind,594753_g244346,PCIFIC Esports,GIANTX,,-2.35,-451.255,-39.606,1
2026-01-28,Split,594753_g244347,PCIFIC Esports,GIANTX,,-4.0,-363.934,-17.9,0
2026-01-28,Haven,594754_g244348,ULF Esports,Team Heretics,,-5.4,-1566.22,34.956,0
2026-01-28,Bind,594754_g244349,Team Heretics,ULF Esports,,6.667,1678.212,-3.105,1
2026-01-29,Bind,594748_g244329,Gentle Mates,Natus Vincere,0.167,-4.0,-882.764,39.587,1
2026-01-29,Abyss,594748_g244328,Gentle Mates,Natus Vincere,,-3.4,-1044.079,38.898,1
2026-01-29,Split,595641_g244595,DetonatioN FocusMe,Team Secret,0.1,4.4,334.843,128.396,1
2026-01-29,Haven,594749_g244331,Team Vitality,BBL Esports,-0.5,1.4,1568.359,38.43,0
2026-01-29,Abyss,594749_g244332,Team Vitality,BBL Esports,-0.0,-2.8,1475.73,11.326,0
2026-01-29,Abyss,595642_g244599,ZETA DIVISION,Global Esports,,0.0,-819.513,-81.131,0
2026-01-29,Haven,595642_g244598,ZETA DIVISION,Global Esports,0.05,-0.2,-771.623,-122.189,0
2026-01-29,Bind,595641_g251314,Team Secret,DetonatioN FocusMe,0.333,-6.6,-449.266,-133.565,0
2026-01-30,Haven,595644_g244606,Gen.G,T1,0.3,0.8,170.123,-237.627,0
2026-01-30,Bind,595644_g244605,Gen.G,T1,0.1,0.6,206.077,-219.901,0
2026-01-30,Breeze,595644_g244604,Gen.G,T1,-0.333,-5.6,91.007,-124.311,1
2026-01-30,Bind,595643_g244603,VARREL,DRX,,0.7,-1094.338,222.407,0
2026-01-30,Split,595643_g244602,DRX,VARREL,0.4,1.533,1065.299,-124.136,1
2026-01-30,Corrode,595643_g244601,VARREL,DRX,,-3.4,-1131.482,14.776,1
2026-01-30,Split,596406_g244800,NRG,MIBR,0.2,-1.0,-268.298,-306.574,0
2026-01-30,Abyss,594756_g244354,GIANTX,Team Heretics,0.5,2.2,-906.204,2.423,1
2026-01-30,Split,594755_g244352,FNATIC,Team Liquid,0.3,-0.4,916.811,-31.629,1
2026-01-30,Corrode,594755_g244351,Team Liquid,FNATIC,-0.4,-1.4,-883.895,2.944,0
2026-01-30,Haven,594756_g244355,GIANTX,Team Heretics,-0.5,-1.4,-946.129,-14.931,1
2026-01-30,Split,596407_g244804,G2 Esports,FURIA,0.156,-8.4,1922.877,-33.2,0
2026-01-30,Bind,596407_g244803,FURIA,G2 Esports,-0.478,7.6,-1827.211,53.067,0
2026-01-30,Breeze,596406_g244801,NRG,MIBR,1.0,-2.4,-312.348,-252.965,0
2026-01-30,Abyss,596406_g244799,NRG,MIBR,0.25,-6.4,-329.457,-185.678,1
2026-01-30,Abyss,596407_g244802,FURIA,G2 Esports,0.333,6.6,-1903.859,86.725,1
2026-01-31,Split,595638_g244584,Nongshim RedForce,FULL SENSE,-0.333,2.6,-436.729,-24.508,1
2026-01-31,Haven,596419_g244842,LOUD,Evil Geniuses,0.2,-2.4,635.691,-12.152,0
2026-01-31,Bind,596420_g244845,LEVIATÁN,KRÜ Esports,-0.1,-1.8,1290.248,2.158,1
2026-01-31,Split,596420_g244846,LEVIATÁN,KRÜ Esports,-0.3,2.0,1469.844,-0.758,1
2026-01-31,Pearl,595639_g244588,Rex Regum Qeon,Paper Rex,-0.371,-0.2,-2245.095,-117.857,1
2026-01-31,Bind,595639_g244587,Paper Rex,Rex Regum Qeon,0.9,0.8,2386.542,46.909,0
2026-01-31,Bind,595638_g244585,FULL SENSE,Nongshim RedForce,,1.8,526.729,24.782,0
2026-01-31,Abyss,596419_g244843,LOUD,Evil Geniuses,-0.5,-3.2,510.604,-15.921,0
2026-02-01,Split,595646_g244610,DRX,T1,0.0,-0.4,-4.73,-39.201,0
2026-02-01,Breeze,595645_g244607,Global Esports,DetonatioN FocusMe,-1.0,1.2,698.413,24.281,1
2026-02-01,Pearl,595645_g244608,DetonatioN FocusMe,Global Esports,-0.357,-2.8,-803.413,-27.826,1
2026-02-01,Split,595645_g244609,DetonatioN FocusMe,Global Esports,0.267,-4.0,-730.211,-26.087,1
2026-02-01,Bind,595646_g244611,T1,DRX,-0.2,-0.6,31.109,19.936,1
2026-02-01,Bind,596416_g244832,Cloud9,G2 Esports,-0.271,2.0,-1566.02,38.52,0
2026-02-01,Corrode,596416_g244831,G2 Esports,Cloud9,0.042,1.4,1458.961,20.662,1
2026-02-01,Corrode,596415_g244829,100 Thieves,NRG,-0.0,2.2,-681.633,38.401,0
2026-02-01,Haven,596415_g244828,100 Thieves,NRG,0.2,-3.4,-644.033,22.033,0
2026-02-03,Pearl,594761_g244373,Karmine Corp,FUT Esports,-0.225,0.8,357.843,60.646,1
2026-02-03,Split,594762_g244374,PCIFIC Esports,ULF Esports,,4.55,452.275,66.252,0
2026-02-03,Abyss,594762_g244375,PCIFIC Esports,ULF Esports,,1.2,305.697,61.216,0
2026-02-03,Haven,594761_g244371,Karmine Corp,FUT Esports,0.144,0.0,392.311,26.658,1
2026-02-03,Split,594761_g244372,Karmine Corp,FUT Esports,-0.3,2.2,432.843,2.939,0
2026-02-04,Bind,594757_g244359,FNATIC,Natus Vincere,0.2,0.8,378.368,-0.681,1
2026-02-04,Split,594757_g244357,FNATIC,Natus Vincere,0.3,1.8,458.053,-18.197,1
2026-02-04,Breeze,594758_g244361,GIANTX,Team Vitality,-0.5,3.0,-1096.389,8.855,0
2026-02-04,Abyss,594758_g244360,Team Vitality,GIANTX,-1.0,0.0,936.543,18.674,1
2026-02-04,Breeze,594757_g244358,FNATIC,Natus Vincere,0.625,4.8,438.368,4.277,0
2026-02-05,Bind,595651_g244627,ZETA DIVISION,Team Secret,0.25,1.0,261.033,33.307,0
2026-02-05,Split,594764_g244380,ULF Esports,Team Liquid,0.4,-2.8,-968.009,-57.547,1
2026-02-05,Abyss,594763_g252723,Team Heretics,Karmine Corp,-0.556,5.0,982.431,45.154,0
2026-02-05,Corrode,594763_g244379,Karmine Corp,Team Heretics,-0.667,-2.0,-922.431,-36.309,0
2026-02-05,Haven,594763_g244378,Team Heretics,Karmine Corp,0.3,2.6,890.383,2.01,1
2026-02-05,Breeze,594764_g252724,Team Liquid,ULF Esports,0.5,1.8,988.441,28.641,1
2026-02-05,Split,595651_g244628,Team Secret,ZETA DIVISION,0.0,-1.8,-204.492,18.416,0
2026-02-05,Pearl,594764_g244382,ULF Esports,Team Liquid,,-1.2,-866.177,3.79,0
2026-02-05,Breeze,595652_g244630,Gen.G,VARREL,,-3.2,1266.767,16.173,1
2026-02-05,Pearl,595652_g244631,VARREL,Gen.G,,1.4,-1305.714,-22.077,1
2026-02-05,Haven,595652_g244632,VARREL,Gen.G,,-1.4,-1330.406,-12.647,0
2026-02-05,Abyss,595651_g244629,Team Secret,ZETA DIVISION,0.0,-1.0,-271.461,13.975,0
2026-02-06,Pearl,596421_g244848,ENVY,Evil Geniuses,0.0,-0.2,863.951,17.707,0
2026-02-06,Corrode,596421_g244849,ENVY,Evil Geniuses,0.1,-2.4,737.218,73.126,0
2026-02-06,Corrode,596422_g244851,Sentinels,LEVIATÁN,0.667,-0.4,580.526,10.192,0
2026-02-06,Bind,596422_g244852,LEVIATÁN,Sentinels,-0.0,-0.4,-550.526,14.459,1
2026-02-06,Pearl,595647_g244613,FULL SENSE,DetonatioN FocusMe,0.75,0.6,712.958,30.545,1
2026-02-06,Haven,594765_g244383,Natus Vincere,Team Heretics,-0.2,-4.2,-127.579,0.463,0
2026-02-06,Haven,595647_g244615,FULL SENSE,DetonatioN FocusMe,,6.2,750.179,23.322,0
2026-02-06,Pearl,595648_g244616,T1,Paper Rex,-0.3,4.4,-2017.031,38.511,0
2026-02-06,Breeze,595648_g244617,T1,Paper Rex,-0.333,2.6,-2047.031,69.017,1
2026-02-06,Bind,595648_g244618,T1,Paper Rex,-0.2,1.6,-2009.337,55.764,1
2026-02-06,Breeze,594765_g244384,Natus Vincere,Team Heretics,0.167,-8.0,-247.558,9.705,0
2026-02-06,Split,595647_g244614,DetonatioN FocusMe,FULL SENSE,-0.0,-4.2,-819.964,0.173,1
2026-02-06,Pearl,594766_g244387,GIANTX,Team Liquid,-0.667,-3.2,-428.353,20.772,1
2026-02-06,Bind,594766_g244388,Team Liquid,GIANTX,0.4,0.6,308.262,30.106,1
2026-02-06,Breeze,594766_g244386,Team Liquid,GIANTX,0.267,-0.8,314.05,31.34,1
2026-02-07,Haven,595653_g244633,ZETA DIVISION,DRX,-0.2,0.6,-1011.71,-11.62,0
2026-02-07,Bind,595653_g244634,ZETA DIVISION,DRX,-0.2,-0.6,-1114.25,15.881,1
2026-02-07,Split,595653_g244635,ZETA DIVISION,DRX,-0.0,3.2,-1048.407,26.303,0
2026-02-07,Breeze,595654_g244636,Global Esports,Gen.G,-0.417,5.4,-399.121,15.098,0
2026-02-07,Haven,596423_g244854,Evil Geniuses,100 Thieves,-0.1,4.6,-1216.363,13.391,0
2026-02-07,Bind,596423_g244855,100 Thieves,Evil Geniuses,0.0,-7.6,1149.021,-50.592,1
2026-02-07,Bind,596424_g244857,LEVIATÁN,Cloud9,0.125,5.6,114.774,92.988,0
2026-02-07,Breeze,596424_g244858,Cloud9,LEVIATÁN,-0.333,-3.2,-50.059,-128.567,1
2026-02-07,Pearl,596417_g244834,NRG,G2 Esports,0.029,0.6,-292.892,-10.492,0
2026-02-07,Split,596417_g244835,NRG,G2 Esports,0.0,-1.0,-412.892,-18.98,0
2026-02-07,Abyss,595654_g244637,Global Esports,Gen.G,0.5,3.2,-433.25,6.41,1
2026-02-07,Haven,595654_g244638,Global Esports,Gen.G,-0.467,0.0,-313.841,-0.221,1
2026-02-08,Breeze,595656_g244643,Global Esports,Paper Rex,-0.25,3.2,-2189.339,41.426,1
2026-02-08,Abyss,595655_g244640,FULL SENSE,DRX,,2.4,-397.12,18.338,0
2026-02-08,Corrode,595655_g244639,FULL SENSE,DRX,0.714,-2.2,-266.488,-28.219,0
2026-02-08,Corrode,595656_g244642,Global Esports,Paper Rex,0.5,4.0,-2240.45,70.713,0
2026-02-08,Split,595656_g244644,Paper Rex,Global Esports,0.3,-1.2,2050.119,-41.161,1
2026-02-12,Abyss,594767_g244389,Team Liquid,Team Heretics,-0.0,-2.2,-717.612,30.862,1
2026-02-12,Bind,594767_g244390,Team Liquid,Team Heretics,0.1,-6.0,-682.64,-3.365,1
2026-02-12,Breeze,595657_g244647,Paper Rex,DRX,-0.417,-4.4,1927.942,-27.793,1
2026-02-12,Corrode,595657_g244646,Paper Rex,DRX,0.125,-0.4,1998.741,-51.205,0
2026-02-12,Haven,595657_g244645,DRX,Paper Rex,-0.056,-0.2,-1950.986,48.279,0
2026-02-13,Pearl,594750_g244336,BBL Esports,Gentle Mates,0.1,3.0,-261.804,-14.863,1
2026-02-13,Haven,594750_g244334,Gentle Mates,BBL Esports,-0.45,-5.0,310.452,-4.566,1
2026-02-13,Split,594750_g244337,Gentle Mates,BBL Esports,-0.071,-2.6,216.073,-6.934,1
2026-02-13,Bind,594759_g244364,Team Vitality,FNATIC,-0.4,0.2,-252.142,3.713,0
2026-02-13,Abyss,594759_g244363,FNATIC,Team Vitality,0.238,1.4,125.339,27.663,1
2026-02-13,Haven,595640_g244592,Rex Regum Qeon,Nongshim RedForce,-0.0,0.8,790.608,22.445,0
2026-02-13,Abyss,595640_g244593,Rex Regum Qeon,Nongshim RedForce,,0.8,712.706,74.902,1
2026-02-13,Abyss,594750_g244335,BBL Esports,Gentle Mates,-0.5,0.4,-285.818,24.261,1
2026-02-13,Corrode,594750_g244338,BBL Esports,Gentle Mates,-0.333,-2.2,-353.982,-4.673,1
2026-02-13,Split,595649_g244620,DetonatioN FocusMe,T1,0.114,-4.0,-1201.655,-33.872,0
2026-02-13,Bind,595640_g244591,Nongshim RedForce,Rex Regum Qeon,0.857,1.2,-841.552,-47.734,1
2026-02-13,Corrode,595640_g244590,Rex Regum Qeon,Nongshim RedForce,-0.179,-0.4,747.019,45.613,1
2026-02-13,Pearl,595649_g244619,DetonatioN FocusMe,T1,-0.178,-5.8,-1178.0,-41.997,0
2026-02-13,Pearl,596425_g244860,Cloud9,100 Thieves,0.171,2.2,-534.996,-18.83,0
2026-02-13,Abyss,596425_g244862,Cloud9,100 Thieves,0.5,1.6,-502.493,22.709,0
2026-02-13,Bind,596408_g244805,FURIA,MIBR,-0.175,-0.2,-2022.505,8.213,0
2026-02-13,Abyss,596408_g244806,MIBR,FURIA,-0.6,3.8,2057.411,12.919,0
2026-02-13,Haven,596408_g244807,MIBR,FURIA,0.056,1.8,1948.226,25.304,0
2026-02-13,Breeze,596408_g244808,MIBR,FURIA,0.0,0.2,1889.941,7.623,1
2026-02-13,Split,596408_g244809,MIBR,FURIA,-0.1,1.8,2052.891,-23.202,0
2026-02-13,Breeze,595640_g244594,Rex Regum Qeon,Nongshim RedForce,,-1.6,649.278,31.281,0
2026-02-13,Split,596425_g244861,100 Thieves,Cloud9,0.0,0.8,566.919,-20.98,0
2026-02-14,Split,595658_g244649,DetonatioN FocusMe,Paper Rex,-0.075,-7.0,-3213.601,13.032,0
2026-02-14,Corrode,594768_g244392,Team Vitality,Team Liquid,0.833,1.6,525.155,3.36,1
2026-02-14,Breeze,594768_g244394,Team Liquid,Team Vitality,-0.25,-1.6,-455.678,44.186,1
2026-02-14,Haven,594760_g244370,FNATIC,Gentle Mates,0.1,2.6,1381.64,8.959,0
2026-02-14,Bind,594760_g244369,Gentle Mates,FNATIC,0.05,2.2,-1426.735,-0.942,1
2026-02-14,Split,594760_g244368,Gentle Mates,FNATIC,-0.444,3.2,-1404.915,5.277,1
2026-02-14,Corrode,594760_g244367,Gentle Mates,FNATIC,-0.417,0.4,-1444.402,8.299,0
2026-02-14,Bind,594768_g244393,Team Vitality,Team Liquid,-0.5,2.4,576.318,-55.073,0
2026-02-14,Breeze,595650_g244623,T1,Rex Regum Qeon,0.417,3.2,238.409,33.714,1
2026-02-14,Abyss,595650_g244624,T1,Rex Regum Qeon,-0.5,5.0,366.329,55.867,1
2026-02-14,Corrode,596418_g244839,MIBR,G2 Esports,0.389,-1.8,-164.441,-27.878,0
2026-02-14,Haven,596418_g244838,MIBR,G2 Esports,-0.2,-5.6,-100.173,-72.852,0
2026-02-14,Breeze,596418_g244837,G2 Esports,MIBR,-0.333,5.8,36.037,71.826,1
2026-02-14,Abyss,596426_g244864,NRG,100 Thieves,0.3,0.6,662.01,-16.764,1
2026-02-14,Pearl,596426_g244863,100 Thieves,NRG,-0.1,-0.8,-526.241,21.09,0
2026-02-14,Abyss,594760_g244366,Gentle Mates,FNATIC,0.042,0.2,-1495.617,-19.452,0
2026-02-14,Pearl,595650_g244622,Rex Regum Qeon,T1,0.0,-3.4,-164.111,-88.348,0
2026-02-14,Haven,595658_g244648,DetonatioN FocusMe,Paper Rex,-0.4,-8.4,-3130.984,-20.484,0
2026-02-15,Haven,595659_g244651,Paper Rex,Rex Regum Qeon,0.1,8.0,2307.495,43.948,1
2026-02-15,Corrode,595659_g244652,Paper Rex,Rex Regum Qeon,-0.292,8.2,2317.01,61.433,0
2026-02-15,Breeze,595659_g244653,Rex Regum Qeon,Paper Rex,-0.25,-6.8,-2266.016,-62.424,0
2026-02-15,Pearl,595659_g244654,Rex Regum Qeon,Paper Rex,-0.256,-6.6,-2371.473,-31.537,0
2026-02-15,Bind,594769_g244396,FNATIC,Team Liquid,-0.2,0.0,647.555,-32.696,0
2026-02-15,Bind,596427_g244866,MIBR,NRG,0.344,-0.8,276.76,22.129,1
2026-02-15,Corrode,594769_g244395,FNATIC,Team Liquid,0.571,1.4,758.569,-51.246,0
2026-02-15,Haven,596427_g244870,MIBR,NRG,0.1,-1.4,335.741,-21.781,0
2026-02-15,Abyss,594769_g244397,Team Liquid,FNATIC,-0.167,-1.4,-592.507,23.715,1
2026-02-15,Split,596427_g244868,MIBR,NRG,-0.1,-4.0,505.684,-30.327,0
2026-02-15,Abyss,596427_g244869,MIBR,NRG,-0.5,-7.0,417.584,6.823,0
2026-02-15,Corrode,596427_g244867,NRG,MIBR,0.286,7.0,-408.542,-7.794,0
2026-03-01,Breeze,625789_g254146,T1,Team Liquid,0.0,2.4,75.557,-3.404,0
2026-03-01,Split,625789_g254147,Team Liquid,T1,-0.1,1.4,-42.425,13.549,1
2026-03-01,Split,625790_g254149,G2 Esports,Paper Rex,-0.1,3.4,-740.607,1.573,0
2026-03-01,Corrode,625790_g254150,Paper Rex,G2 Esports,-0.25,-2.2,703.148,-18.06,1
2026-03-02,Split,626529_g254342,NRG,Paper Rex,-0.2,3.0,-1161.232,-21.324,0
2026-03-02,Haven,626529_g254344,NRG,Paper Rex,-0.2,3.2,-1143.23,9.497,0
2026-03-02,Pearl,626530_g254345,Team Liquid,Gentle Mates,0.167,-0.6,740.486,46.259,0
2026-03-02,Bind,626530_g254346,Gentle Mates,Team Liquid,0.0,-2.0,-690.514,-32.936,1
2026-03-02,Pearl,626529_g254343,NRG,Paper Rex,-0.1,6.2,-1209.563,45.842,1
2026-03-04,Breeze,626535_g254357,NRG,Team Liquid,-0.033,-0.6,971.925,14.999,1
2026-03-04,Abyss,626535_g254358,NRG,Team Liquid,0.286,1.6,1029.024,21.77,1
2026-03-04,Breeze,626534_g254354,G2 Esports,T1,-0.167,4.8,1381.353,13.347,1
2026-03-04,Haven,626534_g254355,T1,G2 Esports,-0.2,-3.8,-1404.299,-46.025,0
2026-03-06,Haven,626537_g254360,Nongshim RedForce,Gentle Mates,0.167,3.8,-211.147,-13.664,1
2026-03-06,Corrode,626537_g254361,Gentle Mates,Nongshim RedForce,-0.4,-4.0,161.592,30.443,0
2026-03-06,Breeze,626539_g254367,Paper Rex,FURIA,0.2,0.2,2792.965,7.54,1
2026-03-06,Haven,626539_g254366,Paper Rex,FURIA,0.3,0.4,2936.441,-22.879,0
2026-03-06,Split,626539_g254368,Paper Rex,FURIA,0.2,1.8,2971.088,-5.077,1
2026-03-07,Pearl,626540_g254369,BBL Esports,NRG,0.067,-4.2,-2195.878,-19.662,0
2026-03-07,Abyss,626540_g254370,BBL Esports,NRG,-0.208,-8.2,-2300.67,-36.184,1
2026-03-07,Split,626540_g254371,BBL Esports,NRG,0.1,-4.6,-2236.095,-69.997,0
2026-03-08,Haven,626546_g254389,FURIA,BBL Esports,-0.1,-0.8,342.48,0.739,0
2026-03-08,Breeze,626546_g254390,FURIA,BBL Esports,-0.667,2.6,328.088,5.027,1
2026-03-08,Abyss,626546_g254391,FURIA,BBL Esports,0.25,1.8,358.088,-12.325,0
2026-03-09,Abyss,626541_g256753,Nongshim RedForce,G2 Esports,-0.571,5.0,-1810.143,19.409,0
2026-03-10,Breeze,626548_g256892,BBL Esports,G2 Esports,0.15,0.4,-2472.378,6.52,0
2026-03-10,Haven,626548_g254395,BBL Esports,G2 Esports,-0.1,-1.4,-2443.817,13.112,0
2026-03-13,Bind,626543_g254378,Nongshim RedForce,NRG,0.9,-0.4,-1761.935,33.316,1
2026-03-13,Abyss,626543_g254379,NRG,Nongshim RedForce,0.778,-3.6,1698.969,-32.717,0
2026-03-13,Haven,626549_g254398,Paper Rex,G2 Esports,0.0,-0.8,919.795,29.33,0
2026-03-13,Breeze,626549_g254399,Paper Rex,G2 Esports,0.0,2.6,958.442,38.734,1
2026-03-13,Corrode,626549_g254400,G2 Esports,Paper Rex,0.1,-0.0,-1003.95,-38.908,0
2026-03-14,Pearl,626550_g254401,NRG,Paper Rex,0.1,-2.2,-1283.664,-26.598,1
2026-03-14,Split,626550_g254402,NRG,Paper Rex,-0.3,-2.0,-1217.307,-54.798,0
2026-03-14,Corrode,626550_g254403,Paper Rex,NRG,-0.4,1.8,1351.076,41.892,1
2026-03-14,Breeze,626550_g254404,Paper Rex,NRG,-0.119,2.6,1368.084,57.785,1
2026-03-15,Split,626544_g254382,Paper Rex,Nongshim RedForce,0.086,-1.8,2944.823,-11.098,0
2026-03-15,Corrode,626544_g254381,Paper Rex,Nongshim RedForce,-0.095,-6.6,3009.026,-21.512,0
2026-03-15,Abyss,626544_g254383,Paper Rex,Nongshim RedForce,0.667,-3.4,2779.075,9.306,0
